step,phase,t_s,x_m,y_m,z_m,vx_ms,vy_ms,vz_ms,fwd_progress_m,lat_offset_m,speed_ms,front_d_m,min_depth_m,prox_alarm,depth_top,depth_mid,depth_bot,tgt_x,tgt_y,tgt_z,collision,near_miss,armed,mode
0,OUTBOUND,0.0,-0.0,-0.15,1.576,-2.909,1.238,-0.88,-0.0,-0.0,2.909,6.023,3.511,0,4.6,10.0,3.988,0.225,-0.136,1.489,0,0,0,OFFBOARD
1,OUTBOUND,0.11,-0.0,-0.15,1.569,-2.909,1.238,-0.88,-0.0,-0.0,2.909,6.018,3.512,0,4.65,10.0,3.944,0.529,-0.146,1.484,0,0,0,OFFBOARD
2,OUTBOUND,0.21,0.001,-0.15,1.561,-2.909,1.238,-0.88,0.001,0.0,2.909,5.71,3.576,0,4.732,10.0,3.8,0.884,-0.174,1.485,0,0,0,OFFBOARD
3,OUTBOUND,0.31,0.004,-0.15,1.554,-2.909,1.238,-0.88,0.004,0.0,2.909,4.906,4.106,0,5.353,10.0,3.419,1.272,-0.221,1.49,0,0,0,OFFBOARD
4,OUTBOUND,0.41,0.015,-0.15,1.547,-2.909,1.238,-0.88,0.015,0.0,2.909,4.213,4.123,0,5.786,6.638,3.068,1.682,-0.28,1.498,0,0,0,OFFBOARD
5,OUTBOUND,0.52,0.037,-0.15,1.54,-2.909,1.238,-0.88,0.037,0.0,2.909,3.601,3.578,0,10.0,5.235,2.735,2.102,-0.339,1.509,0,0,0,OFFBOARD
6,OUTBOUND,0.62,0.081,-0.151,1.534,-2.909,1.238,-0.88,0.081,-0.001,2.909,3.189,3.151,0,10.0,4.408,2.496,2.524,-0.385,1.51,0,0,0,OFFBOARD
7,OUTBOUND,0.72,0.149,-0.154,1.529,-2.909,1.238,-0.88,0.148,-0.004,2.909,2.993,2.939,0,10.0,4.051,2.381,2.934,-0.412,1.505,0,0,0,OFFBOARD
8,OUTBOUND,0.82,0.245,-0.159,1.525,-2.909,1.238,-0.88,0.245,-0.009,2.909,2.993,2.92,0,10.0,4.068,2.383,3.332,-0.42,1.496,0,0,0,OFFBOARD
9,OUTBOUND,0.92,0.366,-0.169,1.521,-2.909,1.238,-0.88,0.366,-0.019,2.909,3.17,3.076,0,10.0,4.423,2.492,3.725,-0.412,1.485,0,0,0,OFFBOARD
10,OUTBOUND,1.02,0.513,-0.183,1.518,-2.909,1.238,-0.88,0.513,-0.033,2.909,3.521,3.406,0,10.0,5.163,2.698,4.123,-0.397,1.471,0,0,0,OFFBOARD
11,OUTBOUND,1.12,0.675,-0.2,1.514,-2.909,1.238,-0.88,0.675,-0.05,2.909,4.031,3.647,0,6.321,6.347,2.977,4.532,-0.385,1.456,0,0,0,OFFBOARD
12,OUTBOUND,1.23,0.849,-0.222,1.51,-2.909,1.238,-0.88,0.849,-0.071,2.909,4.657,3.438,0,5.107,10.0,3.291,4.942,-0.382,1.45,0,0,0,OFFBOARD
13,OUTBOUND,1.33,1.031,-0.245,1.506,-2.909,1.238,-0.88,1.031,-0.095,2.909,5.273,3.226,0,4.967,10.0,3.571,5.365,-0.388,1.451,0,0,0,OFFBOARD
14,OUTBOUND,1.43,1.213,-0.269,1.501,-2.909,1.238,-0.88,1.213,-0.119,2.909,5.709,3.024,0,4.798,10.0,3.76,5.798,-0.408,1.459,0,0,0,OFFBOARD
15,OUTBOUND,1.53,1.397,-0.292,1.496,-2.909,1.238,-0.88,1.397,-0.142,2.909,5.776,2.85,0,4.671,10.0,3.824,6.237,-0.433,1.471,0,0,0,OFFBOARD
16,OUTBOUND,1.63,1.579,-0.313,1.492,-2.909,1.238,-0.88,1.579,-0.163,2.909,5.697,2.704,0,4.491,10.0,3.783,6.68,-0.458,1.485,0,0,0,OFFBOARD
17,OUTBOUND,1.73,1.764,-0.333,1.488,-2.909,1.238,-0.88,1.764,-0.183,2.909,5.538,2.602,0,4.454,10.0,3.692,7.125,-0.484,1.502,0,0,0,OFFBOARD
18,OUTBOUND,1.83,1.948,-0.35,1.486,-2.909,1.238,-0.88,1.948,-0.199,2.909,5.344,2.544,0,4.942,10.0,3.597,7.572,-0.506,1.521,0,0,0,OFFBOARD
19,OUTBOUND,1.94,2.134,-0.365,1.485,-2.909,1.238,-0.88,2.134,-0.215,2.909,5.214,2.417,0,4.957,10.0,3.531,8.02,-0.524,1.541,0,0,0,OFFBOARD
20,OUTBOUND,2.04,2.326,-0.379,1.486,-2.909,1.238,-0.88,2.326,-0.229,2.909,5.171,3.722,0,4.863,10.0,3.505,8.468,-0.587,1.561,0,0,0,OFFBOARD
21,OUTBOUND,2.14,2.517,-0.393,1.488,-2.909,1.238,-0.88,2.516,-0.243,2.909,5.202,3.54,0,4.764,10.0,3.522,8.917,-0.647,1.581,0,0,0,OFFBOARD
22,OUTBOUND,2.24,2.714,-0.408,1.492,-2.909,1.238,-0.88,2.714,-0.258,2.909,5.294,3.357,0,4.585,10.0,3.572,9.366,-0.705,1.601,0,0,0,OFFBOARD
23,OUTBOUND,2.34,2.912,-0.425,1.498,-2.909,1.238,-0.88,2.912,-0.275,2.909,5.428,3.29,0,4.405,10.0,3.644,9.816,-0.763,1.621,0,0,0,OFFBOARD
24,OUTBOUND,2.45,3.113,-0.444,1.505,-2.909,1.238,-0.88,3.113,-0.294,2.909,5.485,3.483,0,4.223,10.0,3.724,10.265,-0.827,1.64,0,0,0,OFFBOARD
25,OUTBOUND,2.55,3.315,-0.466,1.514,-2.909,1.238,-0.88,3.315,-0.316,2.909,5.515,3.448,0,4.079,10.0,3.799,10.715,-0.894,1.657,0,0,0,OFFBOARD
26,OUTBOUND,2.65,3.517,-0.491,1.525,-2.909,1.238,-0.88,3.517,-0.341,2.909,5.703,3.402,0,3.978,10.0,3.876,11.165,-0.963,1.673,0,0,0,OFFBOARD
27,OUTBOUND,2.75,3.718,-0.52,1.536,-2.909,1.238,-0.88,3.718,-0.37,2.909,5.755,3.364,0,4.319,10.0,3.914,11.615,-1.03,1.687,0,0,0,OFFBOARD
28,OUTBOUND,2.85,3.92,-0.554,1.548,-2.909,1.238,-0.88,3.92,-0.404,2.909,5.746,3.329,0,4.384,10.0,3.939,12.065,-1.098,1.7,0,0,0,OFFBOARD
29,OUTBOUND,2.95,4.12,-0.592,1.561,-2.909,1.238,-0.88,4.12,-0.442,2.909,5.696,3.182,0,4.383,10.0,3.956,12.515,-1.16,1.711,0,0,0,OFFBOARD
30,OUTBOUND,3.05,4.322,-0.635,1.575,-2.909,1.238,-0.88,4.322,-0.485,2.909,5.496,2.983,0,4.239,10.0,3.971,12.965,-1.213,1.719,0,0,0,OFFBOARD
31,OUTBOUND,3.16,4.522,-0.682,1.589,-2.909,1.238,-0.88,4.522,-0.532,2.909,5.323,2.805,0,4.037,10.0,3.99,13.414,-1.253,1.726,0,0,0,OFFBOARD
32,OUTBOUND,3.26,4.723,-0.733,1.602,-2.909,1.238,-0.88,4.723,-0.582,2.909,5.207,2.722,0,3.84,10.0,4.014,13.864,-1.282,1.731,0,0,0,OFFBOARD
33,OUTBOUND,3.36,4.924,-0.787,1.615,-2.909,1.238,-0.88,4.924,-0.637,2.909,5.072,2.87,0,3.665,10.0,4.045,14.314,-1.313,1.733,0,0,0,OFFBOARD
34,OUTBOUND,3.46,5.127,-0.845,1.628,-2.909,1.238,-0.88,5.127,-0.695,2.909,4.926,2.799,0,3.566,10.0,4.08,14.764,-1.338,1.734,0,0,0,OFFBOARD
35,OUTBOUND,3.56,5.329,-0.904,1.641,-2.909,1.238,-0.88,5.329,-0.754,2.909,5.258,2.721,0,3.466,10.0,4.117,15.214,-1.355,1.733,0,0,0,OFFBOARD
36,OUTBOUND,3.66,5.53,-0.964,1.652,-2.909,1.238,-0.88,5.53,-0.814,2.909,5.142,2.629,0,3.863,6.923,4.148,15.664,-1.363,1.73,0,0,0,OFFBOARD
37,OUTBOUND,3.77,5.734,-1.025,1.663,-2.909,1.238,-0.88,5.734,-0.875,2.909,5.038,2.539,0,3.795,6.618,4.188,16.104,-1.361,1.725,0,0,0,OFFBOARD
38,OUTBOUND,3.87,5.938,-1.084,1.672,-2.909,1.238,-0.88,5.938,-0.934,2.909,4.964,2.456,0,3.699,6.418,4.218,16.524,-1.35,1.718,0,0,0,OFFBOARD
39,OUTBOUND,3.97,6.14,-1.14,1.68,-2.909,1.238,-0.88,6.14,-0.99,2.909,4.893,2.379,0,3.611,6.215,4.242,16.913,-1.329,1.71,0,0,0,OFFBOARD
40,OUTBOUND,4.07,6.344,-1.194,1.687,-2.909,1.238,-0.88,6.344,-1.044,2.909,4.763,2.25,0,3.506,6.019,4.26,17.297,-1.297,1.7,0,0,0,OFFBOARD
41,OUTBOUND,4.17,6.546,-1.243,1.692,-2.909,1.238,-0.88,6.546,-1.093,2.909,4.563,2.05,0,3.306,5.819,4.274,17.664,-1.261,1.689,0,0,0,OFFBOARD
42,OUTBOUND,4.27,6.748,-1.286,1.696,-2.909,1.238,-0.88,6.748,-1.136,2.909,4.363,1.85,1,3.106,5.619,4.284,18.035,-1.211,1.677,0,0,0,OFFBOARD
43,OUTBOUND,4.37,6.95,-1.323,1.698,-2.909,1.238,-0.88,6.95,-1.173,2.909,4.163,1.765,1,2.906,5.419,4.289,18.344,-1.139,1.664,0,0,0,OFFBOARD
44,OUTBOUND,4.47,7.153,-1.354,1.699,-2.909,1.238,-0.88,7.153,-1.204,2.909,3.961,2.054,0,2.737,5.217,4.292,18.618,-1.067,1.653,0,0,0,OFFBOARD
45,OUTBOUND,4.58,7.355,-1.377,1.699,-2.909,1.238,-0.88,7.355,-1.227,2.909,3.763,2.061,0,2.705,5.02,4.291,18.948,-0.998,1.642,0,0,0,OFFBOARD
46,OUTBOUND,4.68,7.559,-1.391,1.697,-2.909,1.238,-0.88,7.559,-1.241,2.909,3.62,2.019,0,3.166,4.882,4.283,19.311,-0.933,1.631,0,0,0,OFFBOARD
47,OUTBOUND,4.78,7.763,-1.396,1.694,-2.909,1.238,-0.88,7.763,-1.246,2.909,4.196,2.004,0,3.202,4.852,4.279,19.552,-0.866,1.62,0,0,0,OFFBOARD
48,OUTBOUND,4.88,7.965,-1.391,1.689,-2.909,1.238,-0.88,7.965,-1.241,2.909,4.302,1.905,1,3.161,5.673,4.273,19.717,-0.793,1.605,0,0,0,OFFBOARD
49,OUTBOUND,4.98,8.169,-1.377,1.684,-2.909,1.238,-0.88,8.169,-1.227,2.909,4.151,1.684,1,2.895,5.408,4.259,19.888,-0.71,1.593,0,0,0,OFFBOARD
50,OUTBOUND,5.08,8.373,-1.352,1.678,-2.909,1.238,-0.88,8.373,-1.202,2.909,3.951,1.96,1,2.785,5.208,4.246,20.061,-0.636,1.584,0,0,0,OFFBOARD
51,OUTBOUND,5.19,8.575,-1.319,1.671,-2.909,1.238,-0.88,8.575,-1.169,2.909,3.837,2.024,0,3.315,5.216,4.231,20.268,-0.571,1.576,0,0,0,OFFBOARD
52,OUTBOUND,5.29,8.779,-1.276,1.663,-2.909,1.238,-0.88,8.779,-1.126,2.909,4.568,2.096,0,3.402,6.064,4.213,20.443,-0.513,1.568,0,0,0,OFFBOARD
53,OUTBOUND,5.39,8.981,-1.225,1.655,-2.909,1.238,-0.88,8.981,-1.075,2.909,4.607,2.095,0,3.351,5.864,4.194,20.678,-0.471,1.559,0,0,0,OFFBOARD
54,OUTBOUND,5.49,9.183,-1.167,1.647,-2.909,1.238,-0.88,9.183,-1.017,2.909,4.407,2.004,0,3.151,6.422,4.172,20.946,-0.429,1.548,0,0,0,OFFBOARD
55,OUTBOUND,5.59,9.387,-1.102,1.638,-2.909,1.238,-0.88,9.387,-0.952,2.909,4.348,2.351,0,3.56,6.72,4.149,21.256,-0.415,1.54,0,0,0,OFFBOARD
56,OUTBOUND,5.69,9.589,-1.033,1.629,-2.909,1.238,-0.88,9.589,-0.883,2.909,5.178,2.497,0,3.811,6.52,4.125,21.606,-0.406,1.535,0,0,0,OFFBOARD
57,OUTBOUND,5.79,9.791,-0.96,1.62,-2.909,1.238,-0.88,9.791,-0.81,2.909,5.063,2.551,0,3.807,10.0,4.102,21.943,-0.409,1.53,0,0,0,OFFBOARD
58,OUTBOUND,5.9,9.995,-0.885,1.611,-2.909,1.238,-0.88,9.995,-0.735,2.909,4.864,2.433,0,3.607,10.0,4.08,22.32,-0.41,1.528,0,0,0,OFFBOARD
59,OUTBOUND,6.0,10.197,-0.81,1.602,-2.909,1.238,-0.88,10.197,-0.66,2.909,5.461,2.823,0,3.601,10.0,4.059,22.722,-0.434,1.529,0,0,0,OFFBOARD
60,OUTBOUND,6.1,10.399,-0.737,1.594,-2.909,1.238,-0.88,10.399,-0.587,2.909,5.635,2.971,0,4.154,10.0,4.04,23.141,-0.461,1.533,0,0,0,OFFBOARD
61,OUTBOUND,6.2,10.601,-0.668,1.586,-2.909,1.238,-0.88,10.601,-0.518,2.909,5.52,3.007,0,4.224,6.857,4.024,23.571,-0.499,1.538,0,0,0,OFFBOARD
62,OUTBOUND,6.3,10.803,-0.603,1.579,-2.909,1.238,-0.88,10.803,-0.453,2.909,5.364,2.885,0,4.064,6.657,4.01,24.005,-0.535,1.544,0,0,0,OFFBOARD
63,OUTBOUND,6.4,11.005,-0.546,1.573,-2.909,1.238,-0.88,11.005,-0.395,2.909,5.49,3.345,0,3.945,6.457,3.997,24.443,-0.57,1.55,0,0,0,OFFBOARD
64,OUTBOUND,6.5,11.209,-0.495,1.568,-2.909,1.238,-0.88,11.209,-0.345,2.909,5.687,3.408,0,4.316,6.257,3.985,24.879,-0.578,1.556,0,0,0,OFFBOARD
65,OUTBOUND,6.6,11.411,-0.453,1.564,-2.909,1.238,-0.88,11.411,-0.303,2.909,5.728,3.464,0,4.408,6.057,3.974,25.29,-0.581,1.561,0,0,0,OFFBOARD
66,OUTBOUND,6.71,11.613,-0.421,1.561,-2.909,1.238,-0.88,11.613,-0.271,2.909,5.739,3.264,0,4.452,5.857,3.966,25.696,-0.561,1.566,0,0,0,OFFBOARD
67,OUTBOUND,6.81,11.815,-0.398,1.559,-2.909,1.238,-0.88,11.815,-0.248,2.909,5.574,3.227,0,4.318,5.655,3.96,26.108,-0.545,1.57,0,0,0,OFFBOARD
68,OUTBOUND,6.91,12.017,-0.383,1.557,-2.909,1.238,-0.88,12.017,-0.233,2.909,5.455,3.563,0,4.136,5.455,3.957,26.457,-0.527,1.574,0,0,0,OFFBOARD
69,OUTBOUND,7.01,12.219,-0.376,1.557,-2.909,1.238,-0.88,12.219,-0.226,2.909,5.257,3.562,0,4.149,5.257,3.954,26.707,-0.486,1.576,0,0,0,OFFBOARD
70,OUTBOUND,7.11,12.421,-0.375,1.557,-2.909,1.238,-0.88,12.421,-0.225,2.909,5.057,3.539,0,4.505,5.057,3.95,26.886,-0.425,1.579,0,0,0,OFFBOARD
71,OUTBOUND,7.21,12.623,-0.378,1.558,-2.909,1.238,-0.88,12.623,-0.228,2.909,4.857,3.52,0,4.536,4.857,3.949,27.05,-0.357,1.583,0,0,0,OFFBOARD
72,OUTBOUND,7.31,12.829,-0.384,1.559,-2.909,1.238,-0.88,12.829,-0.234,2.909,4.655,3.318,0,4.406,4.655,3.95,27.237,-0.28,1.586,0,0,0,OFFBOARD
73,OUTBOUND,7.42,13.031,-0.391,1.561,-2.909,1.238,-0.88,13.031,-0.241,2.909,4.391,3.182,0,4.253,4.391,3.954,27.464,-0.194,1.59,0,0,0,OFFBOARD
74,OUTBOUND,7.52,13.235,-0.396,1.563,-2.909,1.238,-0.88,13.235,-0.246,2.909,4.191,3.442,0,4.11,4.191,3.96,27.733,-0.107,1.594,0,0,0,OFFBOARD
75,OUTBOUND,7.62,13.441,-0.398,1.565,-2.909,1.238,-0.88,13.441,-0.248,2.909,3.991,3.446,0,3.989,3.991,3.968,28.03,-0.008,1.599,0,0,0,OFFBOARD
76,OUTBOUND,7.72,13.643,-0.395,1.567,-2.909,1.238,-0.88,13.643,-0.245,2.909,3.791,3.439,0,4.329,3.791,3.791,28.332,0.098,1.604,0,0,0,OFFBOARD
77,OUTBOUND,7.82,13.845,-0.387,1.57,-2.909,1.238,-0.88,13.845,-0.237,2.909,3.723,3.436,0,4.405,3.723,3.723,28.637,0.206,1.609,0,0,0,OFFBOARD
78,OUTBOUND,7.92,14.047,-0.371,1.573,-2.909,1.238,-0.88,14.047,-0.221,2.909,3.391,3.31,0,4.56,3.391,3.391,28.942,0.319,1.613,0,0,0,OFFBOARD
79,OUTBOUND,8.02,14.251,-0.346,1.576,-2.909,1.238,-0.88,14.251,-0.196,2.909,3.191,3.178,0,4.366,3.191,3.191,29.264,0.438,1.618,0,0,0,OFFBOARD
80,OUTBOUND,8.13,14.453,-0.313,1.58,-2.909,1.238,-0.88,14.453,-0.163,2.909,2.991,2.991,0,4.19,2.991,2.991,29.608,0.554,1.623,0,0,0,OFFBOARD
81,OUTBOUND,8.23,14.655,-0.271,1.583,-2.909,1.238,-0.88,14.655,-0.121,2.909,2.789,2.789,0,4.199,2.789,2.789,29.965,0.698,1.627,0,0,0,OFFBOARD
82,OUTBOUND,8.33,14.859,-0.218,1.587,-2.909,1.238,-0.88,14.859,-0.068,2.909,2.589,2.589,0,4.575,2.589,2.589,30.303,0.856,1.631,0,0,0,OFFBOARD
83,OUTBOUND,8.43,15.061,-0.156,1.591,-2.909,1.238,-0.88,15.061,-0.006,2.909,2.391,2.391,0,4.587,2.391,2.391,30.603,1.027,1.633,0,0,0,OFFBOARD
84,OUTBOUND,8.53,15.263,-0.085,1.595,-2.909,1.238,-0.88,15.263,0.065,2.909,2.191,2.191,0,4.579,2.229,2.191,30.878,1.256,1.634,0,0,0,OFFBOARD
85,OUTBOUND,8.63,15.467,-0.003,1.599,-2.909,1.238,-0.88,15.467,0.147,2.909,1.991,1.991,1,4.423,2.53,1.991,31.092,1.481,1.628,0,0,0,OFFBOARD
86,OUTBOUND,8.73,15.669,0.089,1.603,-2.909,1.238,-0.88,15.669,0.239,2.909,1.959,1.791,1,4.223,10.0,1.791,31.372,1.712,1.624,0,0,0,OFFBOARD
87,OUTBOUND,8.84,15.873,0.193,1.606,-2.909,1.238,-0.88,15.873,0.343,2.909,2.447,1.591,1,4.122,10.0,1.979,31.711,1.958,1.622,0,0,0,OFFBOARD
88,OUTBOUND,8.94,16.075,0.308,1.609,-2.909,1.238,-0.88,16.075,0.458,2.909,5.845,1.391,1,4.423,10.0,3.829,32.088,2.207,1.621,0,0,0,OFFBOARD
89,OUTBOUND,9.04,16.277,0.435,1.611,-2.909,1.238,-0.88,16.277,0.585,2.909,5.768,1.287,1,4.351,10.0,4.078,32.458,2.394,1.622,0,0,0,OFFBOARD
90,OUTBOUND,9.14,16.479,0.576,1.614,-2.909,1.238,-0.88,16.479,0.726,2.909,5.742,1.355,1,4.319,10.0,4.08,32.855,2.5,1.623,0,0,0,OFFBOARD
91,OUTBOUND,9.25,16.699,0.744,1.615,-2.909,1.238,-0.88,16.699,0.894,2.909,5.634,1.746,1,4.137,10.0,4.09,33.27,2.5,1.624,0,0,0,OFFBOARD
92,OUTBOUND,9.35,16.903,0.911,1.617,-2.909,1.238,-0.88,16.903,1.061,2.909,5.369,2.752,0,3.899,10.0,4.098,33.698,2.465,1.625,0,0,0,OFFBOARD
93,OUTBOUND,9.45,17.105,1.085,1.618,-2.909,1.238,-0.88,17.105,1.236,2.909,5.032,2.494,0,3.626,6.51,4.099,34.133,2.378,1.615,0,0,0,OFFBOARD
94,OUTBOUND,9.55,17.309,1.268,1.619,-2.909,1.238,-0.88,17.309,1.418,2.909,4.616,2.23,0,3.385,6.225,4.095,34.574,2.27,1.609,0,0,0,OFFBOARD
95,OUTBOUND,9.66,17.513,1.452,1.619,-2.909,1.238,-0.88,17.513,1.602,2.909,3.601,1.966,1,3.156,4.913,4.095,35.017,2.126,1.605,0,0,0,OFFBOARD
96,OUTBOUND,9.76,17.715,1.631,1.619,-2.909,1.238,-0.88,17.715,1.781,2.909,3.464,1.879,1,3.077,4.699,4.095,35.434,1.952,1.602,0,0,0,OFFBOARD
97,OUTBOUND,9.86,17.919,1.803,1.619,-2.909,1.238,-0.88,17.919,1.953,2.909,3.111,1.47,1,2.624,4.086,3.735,35.751,1.701,1.598,0,0,0,OFFBOARD
98,OUTBOUND,9.96,18.121,1.957,1.618,-2.909,1.238,-0.88,18.121,2.107,2.909,2.913,1.24,1,1.888,2.913,2.913,36.113,1.411,1.586,0,0,0,OFFBOARD
99,OUTBOUND,10.06,18.323,2.09,1.617,-2.909,1.238,-0.88,18.323,2.24,2.909,2.713,1.014,1,1.631,2.713,2.642,36.502,1.086,1.586,0,0,0,OFFBOARD
100,OUTBOUND,10.16,18.527,2.196,1.615,-2.909,1.238,-0.88,18.527,2.346,2.909,2.513,0.836,1,1.385,2.513,2.213,36.905,0.736,1.575,0,0,0,OFFBOARD
101,OUTBOUND,10.26,18.729,2.268,1.612,-2.909,1.238,-0.88,18.729,2.418,2.909,2.179,0.719,1,1.188,2.086,1.223,37.318,0.386,1.557,0,1,0,OFFBOARD
102,OUTBOUND,10.36,18.907,2.276,1.606,-2.909,1.238,-0.88,18.907,2.426,2.909,1.072,0.643,1,0.985,1.022,0.984,37.743,0.036,1.534,0,1,0,OFFBOARD
103,OUTBOUND,10.47,19.08,2.236,1.6,-2.909,1.238,-0.88,19.08,2.386,2.909,0.927,0.626,1,0.873,0.892,0.832,38.177,-0.314,1.507,0,1,0,OFFBOARD
104,OUTBOUND,10.57,19.255,2.156,1.592,-2.909,1.238,-0.88,19.255,2.306,2.909,1.412,0.669,1,1.329,1.39,1.253,38.616,-0.664,1.478,0,1,0,OFFBOARD
105,OUTBOUND,10.67,19.434,2.044,1.584,-2.909,1.238,-0.88,19.434,2.194,2.909,1.506,0.565,1,1.346,1.484,1.448,39.057,-1.014,1.454,0,1,0,OFFBOARD
106,OUTBOUND,10.77,19.621,1.908,1.575,-2.909,1.238,-0.88,19.621,2.058,2.909,1.486,0.902,1,1.442,1.524,1.569,39.498,-1.354,1.43,0,0,0,OFFBOARD
107,OUTBOUND,10.87,19.815,1.762,1.565,-2.909,1.238,-0.88,19.815,1.912,2.909,1.523,1.038,1,1.319,1.96,2.062,39.94,-1.692,1.41,0,0,0,OFFBOARD
108,OUTBOUND,10.97,20.017,1.615,1.553,-2.909,1.238,-0.88,20.017,1.765,2.909,2.282,1.194,1,1.825,2.406,2.399,40.379,-2.004,1.394,0,0,0,OFFBOARD
109,OUTBOUND,11.08,20.227,1.472,1.541,-2.909,1.238,-0.88,20.227,1.622,2.909,2.213,1.213,1,2.128,2.395,2.606,40.802,-2.298,1.382,0,0,0,OFFBOARD
110,OUTBOUND,11.18,20.448,1.333,1.527,-2.909,1.238,-0.88,20.448,1.484,2.909,2.844,1.546,1,2.056,3.153,2.893,41.23,-2.5,1.373,0,0,0,OFFBOARD
111,OUTBOUND,11.28,20.673,1.203,1.513,-2.909,1.238,-0.88,20.673,1.353,2.909,3.038,1.837,1,2.803,3.325,3.308,41.603,-2.5,1.37,0,0,0,OFFBOARD
112,OUTBOUND,11.38,20.901,1.076,1.499,-2.909,1.238,-0.88,20.901,1.226,2.909,3.864,1.812,1,2.79,4.129,3.508,41.972,-2.5,1.374,0,0,0,OFFBOARD
113,OUTBOUND,11.48,21.136,0.947,1.486,-2.909,1.238,-0.88,21.136,1.097,2.909,3.832,2.268,0,3.47,5.063,3.718,42.253,-2.5,1.383,0,0,0,OFFBOARD
114,OUTBOUND,11.58,21.367,0.816,1.473,-2.909,1.238,-0.88,21.367,0.966,2.909,4.814,2.37,0,3.567,5.877,3.916,42.589,-2.5,1.394,0,0,0,OFFBOARD
115,OUTBOUND,11.68,21.598,0.677,1.461,-2.909,1.238,-0.88,21.598,0.827,2.909,4.64,2.817,0,3.572,6.111,4.058,42.966,-2.5,1.408,0,0,0,OFFBOARD
116,OUTBOUND,11.79,21.828,0.527,1.451,-2.909,1.238,-0.88,21.828,0.677,2.909,5.549,3.022,0,4.287,10.0,4.134,43.368,-2.5,1.419,0,0,0,OFFBOARD
117,OUTBOUND,11.89,22.057,0.366,1.443,-2.909,1.238,-0.88,22.057,0.516,2.909,5.512,3.476,0,4.085,10.0,4.119,43.787,-2.5,1.424,0,0,0,OFFBOARD
118,OUTBOUND,11.99,22.27,0.204,1.437,-2.909,1.238,-0.88,22.27,0.354,2.909,6.123,3.748,0,4.475,10.0,4.07,44.216,-2.5,1.426,0,0,0,OFFBOARD
119,OUTBOUND,12.09,22.496,0.02,1.431,-2.909,1.238,-0.88,22.495,0.17,2.909,5.991,2.657,0,4.527,10.0,4.011,44.653,-2.5,1.426,0,0,0,OFFBOARD
120,OUTBOUND,12.19,22.707,-0.163,1.428,-2.909,1.238,-0.88,22.707,-0.013,2.909,5.819,2.361,0,4.422,10.0,3.953,45.037,-2.5,1.424,0,0,0,OFFBOARD
121,OUTBOUND,12.29,22.914,-0.349,1.425,-2.909,1.238,-0.88,22.914,-0.199,2.909,5.724,2.1,0,4.234,10.0,3.9,45.316,-2.499,1.421,0,0,0,OFFBOARD
122,OUTBOUND,12.4,23.121,-0.536,1.423,-2.909,1.238,-0.88,23.121,-0.386,2.909,5.615,1.936,1,4.145,6.927,3.89,45.644,-2.481,1.427,0,0,0,OFFBOARD
123,OUTBOUND,12.5,23.324,-0.712,1.422,-2.909,1.238,-0.88,23.324,-0.562,2.909,5.328,1.618,1,4.064,6.628,3.85,46.011,-2.401,1.441,0,0,0,OFFBOARD
124,OUTBOUND,12.6,23.528,-0.874,1.421,-2.909,1.238,-0.88,23.528,-0.724,2.909,5.118,1.409,1,3.862,6.306,3.804,46.407,-2.303,1.461,0,0,0,OFFBOARD
125,OUTBOUND,12.7,23.732,-1.011,1.421,-2.909,1.238,-0.88,23.732,-0.861,2.909,4.915,1.219,1,3.66,5.901,3.759,46.821,-2.188,1.484,0,0,0,OFFBOARD
126,OUTBOUND,12.8,23.934,-1.12,1.423,-2.909,1.238,-0.88,23.934,-0.969,2.909,4.707,1.022,1,3.554,5.677,3.716,47.248,-2.053,1.509,0,0,0,OFFBOARD
127,OUTBOUND,12.9,24.138,-1.199,1.426,-2.909,1.238,-0.88,24.138,-1.049,2.909,4.496,0.836,1,3.881,5.658,3.676,47.683,-1.894,1.536,0,0,0,OFFBOARD
128,OUTBOUND,13.0,24.342,-1.249,1.432,-2.909,1.238,-0.88,24.342,-1.099,2.909,4.411,0.671,1,3.882,5.552,3.648,48.121,-1.791,1.563,0,1,0,OFFBOARD
129,OUTBOUND,13.11,24.546,-1.276,1.439,-2.909,1.238,-0.88,24.546,-1.126,2.909,4.809,2.167,0,3.819,5.343,3.648,48.561,-1.774,1.59,0,0,0,OFFBOARD
130,OUTBOUND,13.21,24.751,-1.283,1.448,-2.909,1.238,-0.88,24.751,-1.133,2.909,5.101,2.158,0,3.764,5.211,3.666,49.005,-1.748,1.609,0,0,0,OFFBOARD
131,OUTBOUND,13.31,24.958,-1.279,1.459,-2.909,1.238,-0.88,24.958,-1.129,2.909,4.901,2.219,0,3.642,6.166,3.698,49.45,-1.716,1.622,0,0,0,OFFBOARD
132,OUTBOUND,13.41,25.164,-1.269,1.471,-2.909,1.238,-0.88,25.164,-1.119,2.909,4.697,2.187,0,3.44,5.957,3.731,49.892,-1.69,1.632,0,0,0,OFFBOARD
133,OUTBOUND,13.51,25.369,-1.26,1.484,-2.909,1.238,-0.88,25.369,-1.11,2.909,4.491,2.02,0,3.235,6.245,3.788,50.329,-1.654,1.639,0,0,0,OFFBOARD
134,OUTBOUND,13.61,25.576,-1.258,1.498,-2.909,1.238,-0.88,25.576,-1.108,2.909,4.286,2.3,0,3.1,6.785,3.845,50.77,-1.632,1.646,0,0,0,OFFBOARD
135,OUTBOUND,13.71,25.781,-1.268,1.512,-2.909,1.238,-0.88,25.781,-1.118,2.909,4.201,2.343,0,3.059,6.579,3.889,51.214,-1.618,1.655,0,0,0,OFFBOARD
136,OUTBOUND,13.82,25.985,-1.292,1.526,-2.909,1.238,-0.88,25.985,-1.142,2.909,4.716,2.354,0,3.496,6.379,3.923,51.658,-1.599,1.664,0,0,0,OFFBOARD
137,OUTBOUND,13.92,26.189,-1.332,1.54,-2.909,1.238,-0.88,26.189,-1.181,2.909,4.725,2.32,0,3.472,6.239,3.95,52.1,-1.572,1.667,0,0,0,OFFBOARD
138,OUTBOUND,14.02,26.393,-1.385,1.553,-2.909,1.238,-0.88,26.393,-1.235,2.909,4.641,2.191,0,3.434,6.035,3.972,52.541,-1.535,1.668,0,0,0,OFFBOARD
139,OUTBOUND,14.12,26.599,-1.451,1.566,-2.909,1.238,-0.88,26.599,-1.301,2.909,4.441,1.922,1,3.188,5.695,3.993,52.983,-1.475,1.667,0,0,0,OFFBOARD
140,OUTBOUND,14.22,26.805,-1.527,1.579,-2.909,1.238,-0.88,26.805,-1.377,2.909,4.244,1.727,1,2.992,5.495,4.001,53.375,-1.403,1.668,0,0,0,OFFBOARD
141,OUTBOUND,14.32,27.011,-1.607,1.59,-2.909,1.238,-0.88,27.011,-1.457,2.909,4.044,1.53,1,2.792,5.293,4.011,53.698,-1.309,1.669,0,0,0,OFFBOARD
142,OUTBOUND,14.42,27.217,-1.688,1.6,-2.909,1.238,-0.88,27.217,-1.538,2.909,3.845,1.349,1,2.593,5.094,4.021,53.988,-1.193,1.67,0,0,0,OFFBOARD
143,OUTBOUND,14.53,27.421,-1.765,1.61,-2.909,1.238,-0.88,27.421,-1.615,2.909,3.644,1.222,1,2.392,3.777,3.963,54.227,-1.057,1.671,0,0,0,OFFBOARD
144,OUTBOUND,14.63,27.625,-1.833,1.618,-2.909,1.238,-0.88,27.625,-1.683,2.909,3.448,1.112,1,2.195,3.447,3.599,54.499,-0.905,1.671,0,0,0,OFFBOARD
145,OUTBOUND,14.73,27.831,-1.888,1.626,-2.909,1.238,-0.88,27.831,-1.738,2.909,3.249,1.311,1,1.996,3.247,3.244,54.797,-0.756,1.671,0,0,0,OFFBOARD
146,OUTBOUND,14.83,28.035,-1.925,1.632,-2.909,1.238,-0.88,28.035,-1.775,2.909,3.05,1.253,1,1.922,3.048,3.044,55.113,-0.595,1.671,0,0,0,OFFBOARD
147,OUTBOUND,14.93,28.238,-1.94,1.638,-2.909,1.238,-0.88,28.238,-1.79,2.909,2.851,1.216,1,2.441,2.849,2.845,55.437,-0.426,1.669,0,0,0,OFFBOARD
148,OUTBOUND,15.03,28.443,-1.931,1.643,-2.909,1.238,-0.88,28.443,-1.78,2.909,2.65,1.213,1,2.47,2.649,2.645,55.74,-0.25,1.667,0,0,0,OFFBOARD
149,OUTBOUND,15.13,28.646,-1.894,1.648,-2.909,1.238,-0.88,28.646,-1.744,2.909,2.568,1.191,1,2.45,3.345,2.681,56.037,-0.08,1.665,0,0,0,OFFBOARD
150,OUTBOUND,15.24,28.848,-1.83,1.652,-2.909,1.238,-0.88,28.848,-1.68,2.909,3.459,1.051,1,2.252,3.508,3.258,56.298,0.076,1.662,0,0,0,OFFBOARD
151,OUTBOUND,15.34,29.052,-1.738,1.655,-2.909,1.238,-0.88,29.052,-1.587,2.909,3.308,1.413,1,2.248,3.309,3.309,56.608,0.209,1.658,0,0,0,OFFBOARD
152,OUTBOUND,15.44,29.254,-1.622,1.657,-2.909,1.238,-0.88,29.254,-1.472,2.909,3.155,1.556,1,2.908,4.366,3.837,56.956,0.322,1.655,0,0,0,OFFBOARD
153,OUTBOUND,15.54,29.458,-1.485,1.658,-2.909,1.238,-0.88,29.458,-1.335,2.909,4.113,1.654,1,2.905,4.224,4.103,57.289,0.42,1.651,0,0,0,OFFBOARD
154,OUTBOUND,15.64,29.661,-1.333,1.659,-2.909,1.238,-0.88,29.661,-1.183,2.909,3.962,1.687,1,2.78,4.558,4.174,57.658,0.498,1.647,0,0,0,OFFBOARD
155,OUTBOUND,15.74,29.865,-1.17,1.66,-2.909,1.238,-0.88,29.865,-1.02,2.909,4.359,2.171,0,3.471,4.36,4.18,58.046,0.537,1.643,0,0,0,OFFBOARD
156,OUTBOUND,15.84,30.068,-1.001,1.66,-2.909,1.238,-0.88,30.068,-0.851,2.909,4.157,2.308,0,3.556,4.158,4.158,58.442,0.598,1.629,0,0,0,OFFBOARD
157,OUTBOUND,15.95,30.272,-0.828,1.659,-2.909,1.238,-0.88,30.272,-0.677,2.909,3.96,2.649,0,3.421,3.96,3.961,58.843,0.664,1.61,0,0,0,OFFBOARD
158,OUTBOUND,16.05,30.477,-0.65,1.657,-2.909,1.238,-0.88,30.477,-0.5,2.909,3.758,2.896,0,4.09,3.759,3.759,59.249,0.747,1.592,0,0,0,OFFBOARD
159,OUTBOUND,16.15,30.681,-0.473,1.654,-2.909,1.238,-0.88,30.681,-0.322,2.909,3.557,2.963,0,4.206,3.558,3.558,59.66,0.839,1.569,0,0,0,OFFBOARD
160,OUTBOUND,16.25,30.882,-0.296,1.65,-2.909,1.238,-0.88,30.882,-0.146,2.909,4.019,3.355,0,4.013,3.83,3.458,60.077,0.932,1.542,0,0,0,OFFBOARD
161,OUTBOUND,16.35,31.088,-0.115,1.645,-2.909,1.238,-0.88,31.088,0.035,2.909,6.089,3.153,0,4.034,10.0,4.117,60.503,1.039,1.513,0,0,0,OFFBOARD
162,OUTBOUND,16.45,31.289,0.06,1.637,-2.909,1.238,-0.88,31.289,0.211,2.909,5.972,2.949,0,4.428,10.0,4.163,60.938,1.109,1.493,0,0,0,OFFBOARD
163,OUTBOUND,16.55,31.496,0.238,1.628,-2.909,1.238,-0.88,31.496,0.388,2.909,5.855,2.681,0,4.482,10.0,4.143,61.377,1.139,1.48,0,0,0,OFFBOARD
164,OUTBOUND,16.65,31.699,0.405,1.617,-2.909,1.238,-0.88,31.699,0.555,2.909,5.654,2.664,0,4.397,10.0,4.122,61.717,1.131,1.472,0,0,0,OFFBOARD
165,OUTBOUND,16.76,31.904,0.567,1.605,-2.909,1.238,-0.88,31.904,0.717,2.909,5.454,2.941,0,4.197,10.0,4.093,61.969,1.076,1.464,0,0,0,OFFBOARD
166,OUTBOUND,16.86,32.107,0.715,1.593,-2.909,1.238,-0.88,32.106,0.865,2.909,5.266,2.739,0,3.994,10.0,4.057,62.276,0.989,1.451,0,0,0,OFFBOARD
167,OUTBOUND,16.96,32.311,0.852,1.58,-2.909,1.238,-0.88,32.311,1.003,2.909,5.103,2.54,0,3.796,10.0,4.02,62.629,0.86,1.435,0,0,0,OFFBOARD
168,OUTBOUND,17.06,32.513,0.973,1.567,-2.909,1.238,-0.88,32.513,1.123,2.909,4.957,2.362,0,3.672,10.0,3.981,63.016,0.713,1.416,0,0,0,OFFBOARD
169,OUTBOUND,17.16,32.718,1.075,1.554,-2.909,1.238,-0.88,32.718,1.225,2.909,4.871,2.278,0,3.621,10.0,3.955,63.425,0.557,1.395,0,0,0,OFFBOARD
170,OUTBOUND,17.26,32.92,1.156,1.54,-2.909,1.238,-0.88,32.92,1.306,2.909,5.371,2.145,0,4.002,6.871,3.901,63.848,0.395,1.375,0,0,0,OFFBOARD
171,OUTBOUND,17.36,33.122,1.214,1.526,-2.909,1.238,-0.88,33.122,1.364,2.909,5.387,2.387,0,4.031,6.622,3.862,64.281,0.274,1.355,0,0,0,OFFBOARD
172,OUTBOUND,17.47,33.326,1.247,1.511,-2.909,1.238,-0.88,33.326,1.397,2.909,5.304,2.362,0,4.047,6.545,3.824,64.72,0.15,1.337,0,0,0,OFFBOARD
173,OUTBOUND,17.57,33.528,1.253,1.495,-2.909,1.238,-0.88,33.528,1.403,2.909,5.101,2.371,0,3.844,6.358,3.786,65.162,0.018,1.319,0,0,0,OFFBOARD
174,OUTBOUND,17.67,33.733,1.234,1.479,-2.909,1.238,-0.88,33.733,1.384,2.909,4.904,2.392,0,3.648,6.162,3.75,65.607,-0.114,1.304,0,0,0,OFFBOARD
175,OUTBOUND,17.77,33.935,1.189,1.463,-2.909,1.238,-0.88,33.935,1.339,2.909,4.87,2.192,0,3.647,6.002,3.715,66.054,-0.248,1.29,0,0,0,OFFBOARD
176,OUTBOUND,17.87,34.137,1.122,1.447,-2.909,1.238,-0.88,34.137,1.272,2.909,5.271,2.504,0,4.295,6.916,3.681,66.485,-0.326,1.279,0,0,0,OFFBOARD
177,OUTBOUND,17.97,34.34,1.034,1.431,-2.909,1.238,-0.88,34.34,1.184,2.909,5.265,2.583,0,4.331,6.848,3.671,66.923,-0.374,1.27,0,0,0,OFFBOARD
178,OUTBOUND,18.07,34.542,0.929,1.415,-2.909,1.238,-0.88,34.542,1.079,2.909,5.249,2.841,0,4.102,10.0,3.619,67.365,-0.392,1.263,0,0,0,OFFBOARD
179,OUTBOUND,18.17,34.746,0.809,1.399,-2.909,1.238,-0.88,34.746,0.959,2.909,5.258,2.684,0,4.101,10.0,3.588,67.81,-0.444,1.259,0,0,0,OFFBOARD
180,OUTBOUND,18.28,34.949,0.68,1.383,-2.909,1.238,-0.88,34.949,0.831,2.909,5.28,3.177,0,4.7,10.0,3.554,68.257,-0.505,1.257,0,0,0,OFFBOARD
181,OUTBOUND,18.38,35.153,0.544,1.369,-2.909,1.238,-0.88,35.153,0.694,2.909,5.308,3.41,0,4.757,10.0,3.514,68.704,-0.571,1.257,0,0,0,OFFBOARD
182,OUTBOUND,18.48,35.357,0.406,1.355,-2.909,1.238,-0.88,35.357,0.556,2.909,5.329,3.3,0,4.557,6.874,3.475,69.153,-0.647,1.259,0,0,0,OFFBOARD
183,OUTBOUND,18.58,35.561,0.268,1.343,-2.909,1.238,-0.88,35.561,0.418,2.909,5.238,3.85,0,5.031,10.0,3.45,69.562,-0.67,1.265,0,0,0,OFFBOARD
184,OUTBOUND,18.68,35.763,0.135,1.331,-2.909,1.238,-0.88,35.763,0.285,2.909,5.152,4.063,0,5.123,10.0,3.423,69.985,-0.704,1.282,0,0,0,OFFBOARD
185,OUTBOUND,18.78,35.967,0.005,1.322,-2.909,1.238,-0.88,35.967,0.156,2.909,5.088,3.955,0,5.112,10.0,3.401,70.418,-0.749,1.308,0,0,0,OFFBOARD
186,OUTBOUND,18.89,36.169,-0.117,1.314,-2.909,1.238,-0.88,36.169,0.033,2.909,5.025,3.77,0,4.846,10.0,3.376,70.857,-0.789,1.341,0,0,0,OFFBOARD
187,OUTBOUND,18.99,36.373,-0.233,1.309,-2.909,1.238,-0.88,36.373,-0.083,2.909,4.997,3.546,0,4.805,10.0,3.363,71.3,-0.827,1.379,0,0,0,OFFBOARD
188,OUTBOUND,19.09,36.579,-0.343,1.306,-2.909,1.238,-0.88,36.579,-0.193,2.909,4.983,3.324,0,5.111,10.0,3.356,71.745,-0.861,1.42,0,0,0,OFFBOARD
189,OUTBOUND,19.19,36.777,-0.442,1.308,-2.909,1.238,-0.88,36.777,-0.292,2.909,4.983,3.081,0,5.097,10.0,3.357,72.191,-0.886,1.464,0,0,0,OFFBOARD
190,OUTBOUND,19.29,36.983,-0.536,1.312,-2.909,1.238,-0.88,36.983,-0.386,2.909,4.998,2.822,0,5.034,10.0,3.367,72.637,-0.899,1.508,0,0,0,OFFBOARD
191,OUTBOUND,19.39,37.187,-0.623,1.321,-2.909,1.238,-0.88,37.187,-0.473,2.909,5.025,2.555,0,4.885,10.0,3.385,73.03,-0.896,1.552,0,0,0,OFFBOARD
192,OUTBOUND,19.5,37.389,-0.7,1.333,-2.909,1.238,-0.88,37.389,-0.55,2.909,5.065,2.289,0,4.733,10.0,3.412,73.312,-0.878,1.595,0,0,0,OFFBOARD
193,OUTBOUND,19.6,37.591,-0.771,1.348,-2.909,1.238,-0.88,37.591,-0.621,2.909,5.114,2.075,0,4.615,10.0,3.447,73.497,-0.874,1.635,0,0,0,OFFBOARD
194,OUTBOUND,19.7,37.793,-0.833,1.367,-2.909,1.238,-0.88,37.793,-0.683,2.909,5.172,1.883,1,4.501,10.0,3.491,73.634,-0.862,1.663,0,0,0,OFFBOARD
195,OUTBOUND,19.8,37.997,-0.888,1.389,-2.909,1.238,-0.88,37.997,-0.738,2.909,5.24,1.672,1,4.301,10.0,3.541,73.881,-0.84,1.691,0,0,0,OFFBOARD
196,OUTBOUND,19.9,38.199,-0.935,1.413,-2.909,1.238,-0.88,38.199,-0.785,2.909,5.316,1.484,1,4.101,10.0,3.596,74.199,-0.805,1.719,0,0,0,OFFBOARD
197,OUTBOUND,20.0,38.403,-0.973,1.438,-2.909,1.238,-0.88,38.403,-0.823,2.909,5.237,2.645,0,3.901,10.0,3.655,74.563,-0.822,1.744,0,0,0,OFFBOARD
198,OUTBOUND,20.1,38.605,-1.002,1.465,-2.909,1.238,-0.88,38.605,-0.852,2.909,5.128,2.444,0,3.764,10.0,3.718,74.956,-0.828,1.757,0,0,0,OFFBOARD
199,OUTBOUND,20.21,38.807,-1.023,1.492,-2.909,1.238,-0.88,38.807,-0.873,2.909,5.379,2.372,0,3.675,10.0,3.782,75.327,-0.833,1.761,0,0,0,OFFBOARD
200,OUTBOUND,20.31,39.009,-1.036,1.519,-2.909,1.238,-0.88,39.009,-0.886,2.909,5.463,2.569,0,4.011,10.0,3.847,75.658,-0.845,1.756,0,0,0,OFFBOARD
201,OUTBOUND,20.41,39.209,-1.042,1.545,-2.909,1.238,-0.88,39.209,-0.892,2.909,5.435,2.531,0,4.018,6.869,3.908,75.985,-0.851,1.745,0,0,0,OFFBOARD
202,OUTBOUND,20.51,39.413,-1.042,1.57,-2.909,1.238,-0.88,39.413,-0.892,2.909,5.409,2.528,0,3.969,6.679,3.965,76.355,-0.83,1.726,0,0,0,OFFBOARD
203,OUTBOUND,20.61,39.615,-1.037,1.592,-2.909,1.238,-0.88,39.615,-0.887,2.909,5.213,2.542,0,3.926,6.647,4.017,76.752,-0.793,1.701,0,0,0,OFFBOARD
204,OUTBOUND,20.71,39.819,-1.028,1.612,-2.909,1.238,-0.88,39.819,-0.878,2.909,5.011,2.499,0,3.755,10.0,4.065,77.169,-0.756,1.67,0,0,0,OFFBOARD
205,OUTBOUND,20.81,40.021,-1.017,1.628,-2.909,1.238,-0.88,40.021,-0.867,2.909,4.813,2.301,0,3.557,10.0,4.104,77.594,-0.721,1.644,0,0,0,OFFBOARD
206,OUTBOUND,20.92,40.223,-1.003,1.64,-2.909,1.238,-0.88,40.223,-0.853,2.909,4.614,2.256,0,3.357,10.0,4.136,78.025,-0.69,1.62,0,0,0,OFFBOARD
207,OUTBOUND,21.02,40.425,-0.987,1.649,-2.909,1.238,-0.88,40.425,-0.837,2.909,4.549,2.538,0,3.324,6.924,4.16,78.455,-0.683,1.599,0,0,0,OFFBOARD
208,OUTBOUND,21.12,40.627,-0.969,1.653,-2.909,1.238,-0.88,40.627,-0.819,2.909,5.112,2.588,0,3.861,6.756,4.174,78.892,-0.676,1.571,0,0,0,OFFBOARD
209,OUTBOUND,21.22,40.829,-0.948,1.655,-2.909,1.238,-0.88,40.829,-0.798,2.909,5.268,2.626,0,3.87,10.0,4.181,79.333,-0.65,1.538,0,0,0,OFFBOARD
210,OUTBOUND,21.32,41.035,-0.924,1.653,-2.909,1.238,-0.88,41.035,-0.774,2.909,5.004,2.491,0,3.748,10.0,4.177,79.773,-0.634,1.511,0,0,0,OFFBOARD
211,OUTBOUND,21.42,41.237,-0.898,1.648,-2.909,1.238,-0.88,41.237,-0.748,2.909,4.804,2.393,0,3.548,10.0,4.166,80.215,-0.622,1.49,0,0,0,OFFBOARD
212,OUTBOUND,21.52,41.441,-0.87,1.64,-2.909,1.238,-0.88,41.441,-0.72,2.909,4.788,2.798,0,3.486,10.0,4.147,80.659,-0.635,1.473,0,0,0,OFFBOARD
213,OUTBOUND,21.63,41.643,-0.84,1.63,-2.909,1.238,-0.88,41.643,-0.69,2.909,5.544,2.847,0,4.003,10.0,4.123,81.104,-0.648,1.461,0,0,0,OFFBOARD
214,OUTBOUND,21.73,41.845,-0.81,1.618,-2.909,1.238,-0.88,41.845,-0.66,2.909,5.46,2.896,0,4.107,10.0,4.089,81.551,-0.663,1.451,0,0,0,OFFBOARD
215,OUTBOUND,21.83,42.049,-0.779,1.605,-2.909,1.238,-0.88,42.049,-0.629,2.909,5.26,2.748,0,4.004,10.0,4.064,81.999,-0.683,1.445,0,0,0,OFFBOARD
216,OUTBOUND,21.93,42.253,-0.749,1.591,-2.909,1.238,-0.88,42.253,-0.599,2.909,5.114,2.664,0,3.804,10.0,4.032,82.438,-0.701,1.44,0,0,0,OFFBOARD
217,OUTBOUND,22.03,42.455,-0.722,1.576,-2.909,1.238,-0.88,42.455,-0.572,2.909,5.566,3.006,0,3.765,10.0,4.0,82.879,-0.735,1.439,0,0,0,OFFBOARD
218,OUTBOUND,22.13,42.657,-0.698,1.562,-2.909,1.238,-0.88,42.657,-0.547,2.909,5.646,3.05,0,4.23,10.0,3.967,83.322,-0.769,1.441,0,0,0,OFFBOARD
219,OUTBOUND,22.23,42.861,-0.677,1.549,-2.909,1.238,-0.88,42.861,-0.527,2.909,5.66,3.099,0,4.241,10.0,3.935,83.768,-0.805,1.448,0,0,0,OFFBOARD
220,OUTBOUND,22.34,43.063,-0.661,1.536,-2.909,1.238,-0.88,43.063,-0.51,2.909,5.514,3.002,0,4.125,10.0,3.906,84.215,-0.844,1.457,0,0,0,OFFBOARD
221,OUTBOUND,22.44,43.265,-0.649,1.524,-2.909,1.238,-0.88,43.265,-0.499,2.909,5.354,2.883,0,4.058,10.0,3.879,84.664,-0.88,1.468,0,0,0,OFFBOARD
222,OUTBOUND,22.54,43.467,-0.643,1.514,-2.909,1.238,-0.88,43.467,-0.493,2.909,5.358,3.149,0,3.866,10.0,3.855,85.11,-0.924,1.477,0,0,0,OFFBOARD
223,OUTBOUND,22.64,43.671,-0.643,1.506,-2.909,1.238,-0.88,43.671,-0.493,2.909,5.524,3.156,0,3.885,10.0,3.834,85.557,-0.966,1.489,0,0,0,OFFBOARD
224,OUTBOUND,22.74,43.873,-0.648,1.499,-2.909,1.238,-0.88,43.873,-0.498,2.909,5.588,3.174,0,4.361,10.0,3.818,86.006,-1.008,1.503,0,0,0,OFFBOARD
225,OUTBOUND,22.84,44.075,-0.658,1.495,-2.909,1.238,-0.88,44.075,-0.508,2.909,5.604,3.186,0,4.433,10.0,3.805,86.455,-1.056,1.518,0,0,0,OFFBOARD
226,OUTBOUND,22.94,44.279,-0.675,1.492,-2.909,1.238,-0.88,44.279,-0.525,2.909,5.573,3.06,0,4.316,10.0,3.796,86.904,-1.1,1.531,0,0,0,OFFBOARD
227,OUTBOUND,23.05,44.481,-0.696,1.491,-2.909,1.238,-0.88,44.481,-0.546,2.909,5.373,2.86,0,4.116,10.0,3.792,87.353,-1.134,1.542,0,0,0,OFFBOARD
228,OUTBOUND,23.15,44.685,-0.722,1.491,-2.909,1.238,-0.88,44.685,-0.572,2.909,5.293,2.822,0,3.949,10.0,3.791,87.803,-1.168,1.553,0,0,0,OFFBOARD
229,OUTBOUND,23.25,44.889,-0.753,1.493,-2.909,1.238,-0.88,44.889,-0.603,2.909,5.333,3.031,0,3.912,10.0,3.794,88.252,-1.206,1.562,0,0,0,OFFBOARD
230,OUTBOUND,23.35,45.091,-0.788,1.496,-2.909,1.238,-0.88,45.091,-0.638,2.909,5.464,2.983,0,4.35,10.0,3.8,88.701,-1.241,1.571,0,0,0,OFFBOARD
231,OUTBOUND,23.45,45.291,-0.826,1.501,-2.909,1.238,-0.88,45.291,-0.676,2.909,5.494,2.921,0,4.311,10.0,3.813,89.151,-1.267,1.579,0,0,0,OFFBOARD
232,OUTBOUND,23.56,45.497,-0.868,1.506,-2.909,1.238,-0.88,45.497,-0.718,2.909,5.5,2.873,0,4.288,6.823,3.824,89.601,-1.288,1.583,0,0,0,OFFBOARD
233,OUTBOUND,23.66,45.707,-0.913,1.512,-2.909,1.238,-0.88,45.707,-0.763,2.909,5.361,2.823,0,4.105,6.623,3.838,90.05,-1.274,1.585,0,0,0,OFFBOARD
234,OUTBOUND,23.76,45.911,-0.958,1.519,-2.909,1.238,-0.88,45.911,-0.808,2.909,5.163,2.65,0,3.907,6.425,3.852,90.5,-1.233,1.58,0,0,0,OFFBOARD
235,OUTBOUND,23.86,46.113,-1.004,1.525,-2.909,1.238,-0.88,46.113,-0.854,2.909,4.963,2.45,0,3.707,6.225,3.863,90.949,-1.169,1.571,0,0,0,OFFBOARD
236,OUTBOUND,23.96,46.317,-1.05,1.531,-2.909,1.238,-0.88,46.317,-0.9,2.909,4.763,2.297,0,3.507,6.025,3.882,91.399,-1.09,1.558,0,0,0,OFFBOARD
237,OUTBOUND,24.06,46.519,-1.093,1.536,-2.909,1.238,-0.88,46.519,-0.943,2.909,4.655,2.229,0,3.419,5.823,3.896,91.849,-0.997,1.54,0,0,0,OFFBOARD
238,OUTBOUND,24.17,46.721,-1.133,1.54,-2.909,1.238,-0.88,46.721,-0.983,2.909,4.581,2.505,0,3.743,5.623,3.91,92.299,-0.91,1.52,0,0,0,OFFBOARD
239,OUTBOUND,24.27,46.925,-1.168,1.543,-2.909,1.238,-0.88,46.925,-1.018,2.909,5.163,2.476,0,3.777,5.425,3.92,92.749,-0.806,1.498,0,0,0,OFFBOARD
240,OUTBOUND,24.37,47.127,-1.195,1.544,-2.909,1.238,-0.88,47.127,-1.045,2.909,5.165,2.421,0,3.797,5.225,3.924,93.199,-0.678,1.475,0,0,0,OFFBOARD
241,OUTBOUND,24.47,47.331,-1.212,1.543,-2.909,1.238,-0.88,47.331,-1.062,2.909,5.015,2.393,0,3.759,5.021,3.92,93.649,-0.533,1.451,0,0,0,OFFBOARD
242,OUTBOUND,24.57,47.533,-1.217,1.54,-2.909,1.238,-0.88,47.533,-1.067,2.909,4.819,2.307,0,3.563,4.825,3.912,94.099,-0.375,1.427,0,0,0,OFFBOARD
243,OUTBOUND,24.67,47.737,-1.21,1.535,-2.909,1.238,-0.88,47.737,-1.06,2.909,4.619,2.107,0,3.363,4.625,3.898,94.549,-0.215,1.404,0,0,0,OFFBOARD
244,OUTBOUND,24.77,47.939,-1.189,1.528,-2.909,1.238,-0.88,47.939,-1.038,2.909,4.423,2.086,0,3.793,4.423,3.881,94.999,-0.054,1.381,0,0,0,OFFBOARD
245,OUTBOUND,24.88,48.141,-1.152,1.519,-2.909,1.238,-0.88,48.141,-1.002,2.909,4.225,2.423,0,3.994,4.225,3.859,95.448,0.083,1.359,0,0,0,OFFBOARD
246,OUTBOUND,24.98,48.345,-1.1,1.508,-2.909,1.238,-0.88,48.345,-0.95,2.909,4.025,2.495,0,4.019,4.025,3.835,95.898,0.227,1.339,0,0,0,OFFBOARD
247,OUTBOUND,25.08,48.547,-1.033,1.496,-2.909,1.238,-0.88,48.547,-0.883,2.909,3.825,2.563,0,3.819,3.825,3.807,96.348,0.365,1.32,0,0,0,OFFBOARD
248,OUTBOUND,25.18,48.749,-0.95,1.482,-2.909,1.238,-0.88,48.749,-0.8,2.909,3.625,2.429,0,3.807,3.625,3.625,96.798,0.512,1.304,0,0,0,OFFBOARD
249,OUTBOUND,25.28,48.953,-0.851,1.468,-2.909,1.238,-0.88,48.953,-0.701,2.909,3.425,2.834,0,4.393,3.425,3.425,97.248,0.646,1.29,0,0,0,OFFBOARD
250,OUTBOUND,25.38,49.155,-0.74,1.452,-2.909,1.238,-0.88,49.155,-0.59,2.909,3.225,3.032,0,4.475,3.225,3.225,97.698,0.774,1.278,0,0,0,OFFBOARD
251,OUTBOUND,25.48,49.359,-0.616,1.436,-2.909,1.238,-0.88,49.359,-0.466,2.909,3.344,3.017,0,4.273,3.607,3.023,98.147,0.897,1.268,0,0,0,OFFBOARD
252,OUTBOUND,25.59,49.563,-0.482,1.42,-2.909,1.238,-0.88,49.563,-0.332,2.909,5.259,2.825,0,4.752,10.0,3.318,98.597,1.018,1.262,0,0,0,OFFBOARD
253,OUTBOUND,25.69,49.767,-0.339,1.404,-2.909,1.238,-0.88,49.767,-0.189,2.909,5.341,2.557,0,4.951,10.0,3.591,99.046,1.117,1.261,0,0,0,OFFBOARD
254,OUTBOUND,25.79,49.971,-0.189,1.389,-2.909,1.238,-0.88,49.971,-0.039,2.909,5.329,2.357,0,4.864,10.0,3.551,99.401,1.194,1.269,0,0,0,OFFBOARD
255,OUTBOUND,25.89,50.173,-0.036,1.374,-2.909,1.238,-0.88,50.173,0.114,2.909,5.317,2.202,0,4.669,10.0,3.514,99.671,1.24,1.284,0,0,0,OFFBOARD
256,OUTBOUND,25.99,50.377,0.122,1.361,-2.909,1.238,-0.88,50.377,0.272,2.909,5.314,2.48,0,4.689,10.0,3.481,99.874,1.232,1.308,0,0,0,OFFBOARD
257,OUTBOUND,26.09,50.579,0.278,1.349,-2.909,1.238,-0.88,50.579,0.428,2.909,5.269,2.762,0,5.079,10.0,3.454,100.0,1.2,1.327,0,0,0,OFFBOARD
258,OUTBOUND,26.2,50.783,0.435,1.34,-2.909,1.238,-0.88,50.783,0.585,2.909,5.176,3.712,0,5.073,10.0,3.434,100.0,1.116,1.343,0,0,0,OFFBOARD
259,OUTBOUND,26.3,50.985,0.586,1.334,-2.909,1.238,-0.88,50.985,0.736,2.909,5.09,3.499,0,4.988,10.0,3.422,100.0,1.021,1.357,0,0,0,OFFBOARD
260,OUTBOUND,26.4,51.189,0.73,1.33,-2.909,1.238,-0.88,51.189,0.88,2.909,5.009,3.276,0,4.918,10.0,3.411,100.0,0.917,1.369,0,0,0,OFFBOARD
261,OUTBOUND,26.5,51.391,0.862,1.328,-2.909,1.238,-0.88,51.391,1.012,2.909,4.943,3.08,0,4.72,10.0,3.401,100.0,0.806,1.379,0,0,0,OFFBOARD
262,OUTBOUND,26.6,51.593,0.979,1.328,-2.909,1.238,-0.88,51.593,1.129,2.909,4.892,2.93,0,4.52,10.0,3.393,100.0,0.688,1.388,0,0,0,OFFBOARD
263,OUTBOUND,26.7,51.795,1.078,1.329,-2.909,1.238,-0.88,51.795,1.228,2.909,4.859,2.78,0,4.32,6.882,3.389,100.0,0.563,1.395,0,0,0,OFFBOARD
264,OUTBOUND,26.8,51.999,1.156,1.332,-2.909,1.238,-0.88,51.999,1.306,2.909,4.844,2.642,0,4.12,6.632,3.391,100.0,0.477,1.402,0,0,0,OFFBOARD
265,OUTBOUND,26.9,52.201,1.211,1.336,-2.909,1.238,-0.88,52.201,1.361,2.909,4.843,2.554,0,3.945,6.432,3.398,100.0,0.414,1.408,0,0,0,OFFBOARD
266,OUTBOUND,27.01,52.403,1.242,1.341,-2.909,1.238,-0.88,52.403,1.392,2.909,4.858,2.464,0,3.882,6.232,3.409,100.0,0.369,1.414,0,0,0,OFFBOARD
267,OUTBOUND,27.11,52.605,1.249,1.346,-2.909,1.238,-0.88,52.605,1.399,2.909,4.888,2.264,0,4.333,6.054,3.423,100.0,0.325,1.419,0,0,0,OFFBOARD
268,OUTBOUND,27.21,52.809,1.234,1.352,-2.909,1.238,-0.88,52.809,1.385,2.909,4.933,2.18,0,4.373,6.677,3.441,100.0,0.279,1.426,0,0,0,OFFBOARD
269,OUTBOUND,27.31,53.011,1.2,1.358,-2.909,1.238,-0.88,53.011,1.35,2.909,4.992,2.556,0,4.362,6.889,3.462,100.0,0.257,1.432,0,0,0,OFFBOARD
270,OUTBOUND,27.41,53.213,1.15,1.365,-2.909,1.238,-0.88,53.213,1.3,2.909,5.063,2.584,0,4.176,6.689,3.484,100.0,0.225,1.437,0,0,0,OFFBOARD
271,OUTBOUND,27.51,53.415,1.086,1.372,-2.909,1.238,-0.88,53.415,1.236,2.909,5.141,2.668,0,3.976,10.0,3.505,100.0,0.186,1.439,0,0,0,OFFBOARD
272,OUTBOUND,27.61,53.619,1.012,1.378,-2.909,1.238,-0.88,53.619,1.162,2.909,5.123,2.518,0,3.861,10.0,3.522,100.0,0.116,1.44,0,0,0,OFFBOARD
273,OUTBOUND,27.72,53.823,0.931,1.385,-2.909,1.238,-0.88,53.823,1.081,2.909,5.218,2.537,0,4.415,10.0,3.533,100.0,0.032,1.439,0,0,0,OFFBOARD
274,OUTBOUND,27.82,54.025,0.847,1.391,-2.909,1.238,-0.88,54.025,0.997,2.909,5.369,2.927,0,4.553,10.0,3.546,100.0,-0.053,1.441,0,0,0,OFFBOARD
275,OUTBOUND,27.92,54.229,0.759,1.397,-2.909,1.238,-0.88,54.229,0.909,2.909,5.421,3.104,0,4.432,10.0,3.559,100.0,-0.139,1.44,0,0,0,OFFBOARD
276,OUTBOUND,28.02,54.433,0.67,1.402,-2.909,1.238,-0.88,54.433,0.82,2.909,5.423,2.937,0,4.219,10.0,3.576,100.0,-0.219,1.438,0,0,0,OFFBOARD
277,OUTBOUND,28.12,54.637,0.58,1.407,-2.909,1.238,-0.88,54.637,0.73,2.909,5.425,3.36,0,4.699,10.0,3.588,100.0,-0.271,1.445,0,0,0,OFFBOARD
278,OUTBOUND,28.23,54.841,0.488,1.412,-2.909,1.238,-0.88,54.841,0.638,2.909,5.489,3.296,0,4.775,6.959,3.599,100.0,-0.318,1.46,0,0,0,OFFBOARD
279,OUTBOUND,28.33,55.043,0.396,1.416,-2.909,1.238,-0.88,55.043,0.546,2.909,5.507,3.057,0,4.823,6.761,3.609,100.0,-0.305,1.476,0,0,0,OFFBOARD
280,OUTBOUND,28.43,55.247,0.302,1.421,-2.909,1.238,-0.88,55.247,0.452,2.909,5.533,2.823,0,4.623,6.579,3.62,100.0,-0.251,1.496,0,0,0,OFFBOARD
281,OUTBOUND,28.53,55.449,0.209,1.426,-2.909,1.238,-0.88,55.449,0.359,2.909,5.549,2.588,0,4.528,6.393,3.632,100.0,-0.152,1.518,0,0,0,OFFBOARD
282,OUTBOUND,28.63,55.653,0.116,1.432,-2.909,1.238,-0.88,55.653,0.266,2.909,5.52,2.347,0,4.907,6.193,3.647,100.0,-0.019,1.54,0,0,0,OFFBOARD
283,OUTBOUND,28.73,55.855,0.027,1.439,-2.909,1.238,-0.88,55.855,0.177,2.909,5.473,2.103,0,4.912,5.969,3.668,100.0,0.143,1.561,0,0,0,OFFBOARD
284,OUTBOUND,28.83,56.057,-0.055,1.448,-2.909,1.238,-0.88,56.057,0.095,2.909,5.425,1.885,1,4.912,5.741,3.689,100.0,0.334,1.581,0,0,0,OFFBOARD
285,OUTBOUND,28.94,56.259,-0.127,1.457,-2.909,1.238,-0.88,56.259,0.023,2.909,5.337,1.648,1,4.775,5.505,3.706,100.0,0.543,1.592,0,0,0,OFFBOARD
286,OUTBOUND,29.04,56.461,-0.184,1.468,-2.909,1.238,-0.88,56.461,-0.034,2.909,5.143,1.423,1,4.579,5.28,3.721,100.0,0.759,1.597,0,0,0,OFFBOARD
287,OUTBOUND,29.14,56.665,-0.222,1.479,-2.909,1.238,-0.88,56.665,-0.072,2.909,4.944,1.213,1,4.489,5.055,3.739,100.0,0.981,1.598,0,0,0,OFFBOARD
288,OUTBOUND,29.24,56.867,-0.238,1.49,-2.909,1.238,-0.88,56.867,-0.088,2.909,4.759,1.028,1,4.68,4.849,3.76,100.0,1.11,1.592,0,0,0,OFFBOARD
289,OUTBOUND,29.34,57.071,-0.229,1.502,-2.909,1.238,-0.88,57.071,-0.078,2.909,4.578,3.478,0,4.8,4.704,3.784,100.0,1.126,1.585,0,0,0,OFFBOARD
290,OUTBOUND,29.44,57.273,-0.193,1.512,-2.909,1.238,-0.88,57.273,-0.043,2.909,4.383,3.686,0,4.772,4.606,3.808,100.0,1.157,1.573,0,0,0,OFFBOARD
291,OUTBOUND,29.54,57.467,-0.135,1.521,-2.909,1.238,-0.88,57.467,0.015,2.909,4.167,3.579,0,4.64,4.632,3.835,100.0,1.205,1.559,0,0,0,OFFBOARD
292,OUTBOUND,29.65,57.679,-0.047,1.529,-2.909,1.238,-0.88,57.679,0.104,2.909,3.945,3.5,0,4.515,10.0,3.863,100.0,1.264,1.544,0,0,0,OFFBOARD
293,OUTBOUND,29.75,57.883,0.058,1.536,-2.909,1.238,-0.88,57.883,0.208,2.909,3.745,3.745,0,4.397,10.0,3.744,100.0,1.282,1.537,0,0,0,OFFBOARD
294,OUTBOUND,29.85,58.085,0.175,1.541,-2.909,1.238,-0.88,58.085,0.325,2.909,3.546,3.546,0,4.235,10.0,3.545,100.0,1.266,1.536,0,0,0,OFFBOARD
295,OUTBOUND,29.95,58.287,0.301,1.544,-2.909,1.238,-0.88,58.287,0.451,2.909,3.344,3.344,0,4.077,10.0,3.343,100.0,1.231,1.538,0,0,0,OFFBOARD
296,OUTBOUND,30.05,58.491,0.432,1.546,-2.909,1.238,-0.88,58.491,0.582,2.909,3.147,3.147,0,4.016,10.0,3.145,100.0,1.163,1.544,0,0,0,OFFBOARD
297,OUTBOUND,30.15,58.695,0.562,1.547,-2.909,1.238,-0.88,58.695,0.712,2.909,2.947,2.947,0,4.398,10.0,2.945,100.0,1.1,1.551,0,0,0,OFFBOARD
298,OUTBOUND,30.26,58.897,0.686,1.548,-2.909,1.238,-0.88,58.897,0.836,2.909,2.767,2.767,0,4.429,10.0,2.745,100.0,1.018,1.549,0,0,0,OFFBOARD
299,OUTBOUND,30.36,59.099,0.801,1.549,-2.909,1.238,-0.88,59.099,0.951,2.909,2.482,2.482,0,4.332,10.0,2.475,100.0,0.939,1.54,0,0,0,OFFBOARD
300,OUTBOUND,30.46,59.305,0.908,1.549,-2.909,1.238,-0.88,59.305,1.058,2.909,2.354,2.303,0,4.225,10.0,2.28,100.0,0.851,1.526,0,0,0,OFFBOARD
301,OUTBOUND,30.56,59.509,0.999,1.549,-2.909,1.238,-0.88,59.509,1.149,2.909,2.32,2.102,0,4.021,10.0,2.129,100.0,0.801,1.508,0,0,0,OFFBOARD
302,OUTBOUND,30.66,59.713,1.075,1.548,-2.909,1.238,-0.88,59.713,1.225,2.909,5.082,1.943,1,3.825,6.511,2.04,100.0,0.737,1.49,0,0,0,OFFBOARD
303,OUTBOUND,30.77,59.915,1.133,1.546,-2.909,1.238,-0.88,59.915,1.283,2.909,4.882,1.853,1,3.625,6.261,2.124,100.0,0.748,1.477,0,0,0,OFFBOARD
304,OUTBOUND,30.87,60.119,1.175,1.543,-2.909,1.238,-0.88,60.119,1.325,2.909,4.682,1.791,1,3.452,6.085,3.886,100.0,0.746,1.462,0,0,0,OFFBOARD
305,OUTBOUND,30.97,60.321,1.199,1.538,-2.909,1.238,-0.88,60.321,1.349,2.909,4.574,1.805,1,3.406,6.682,3.901,100.0,0.709,1.455,0,0,0,OFFBOARD
306,OUTBOUND,31.07,60.525,1.208,1.533,-2.909,1.238,-0.88,60.525,1.358,2.909,5.045,2.349,0,3.81,6.79,3.892,100.0,0.553,1.447,0,0,0,OFFBOARD
307,OUTBOUND,31.17,60.727,1.203,1.526,-2.909,1.238,-0.88,60.727,1.353,2.909,5.157,2.335,0,3.845,6.594,3.881,100.0,0.415,1.446,0,0,0,OFFBOARD
308,OUTBOUND,31.27,60.931,1.185,1.519,-2.909,1.238,-0.88,60.931,1.336,2.909,5.136,2.371,0,3.88,6.392,3.867,100.0,0.281,1.451,0,0,0,OFFBOARD
309,OUTBOUND,31.37,61.133,1.158,1.513,-2.909,1.238,-0.88,61.133,1.308,2.909,4.938,2.425,0,3.682,6.21,3.852,100.0,0.148,1.459,0,0,0,OFFBOARD
310,OUTBOUND,31.48,61.335,1.119,1.506,-2.909,1.238,-0.88,61.335,1.269,2.909,4.738,2.225,0,3.497,6.651,3.836,100.0,0.015,1.47,0,0,0,OFFBOARD
311,OUTBOUND,31.58,61.539,1.07,1.5,-2.909,1.238,-0.88,61.539,1.22,2.909,5.449,2.532,0,4.065,6.517,3.82,100.0,-0.088,1.484,0,0,0,OFFBOARD
312,OUTBOUND,31.68,61.741,1.009,1.495,-2.909,1.238,-0.88,61.741,1.159,2.909,5.566,2.673,0,4.191,6.379,3.808,100.0,-0.184,1.499,0,0,0,OFFBOARD
313,OUTBOUND,31.78,61.947,0.935,1.492,-2.909,1.238,-0.88,61.947,1.085,2.909,5.394,2.776,0,4.138,6.241,3.798,100.0,-0.283,1.513,0,0,0,OFFBOARD
314,OUTBOUND,31.88,62.149,0.85,1.489,-2.909,1.238,-0.88,62.149,1.0,2.909,5.283,2.682,0,3.938,6.098,3.792,100.0,-0.379,1.528,0,0,0,OFFBOARD
315,OUTBOUND,31.98,62.351,0.754,1.489,-2.909,1.238,-0.88,62.351,0.904,2.909,5.564,2.688,0,4.376,5.961,3.791,100.0,-0.458,1.543,0,0,0,OFFBOARD
316,OUTBOUND,32.09,62.555,0.646,1.49,-2.909,1.238,-0.88,62.555,0.796,2.909,5.597,3.142,0,4.551,5.866,3.793,100.0,-0.498,1.558,0,0,0,OFFBOARD
317,OUTBOUND,32.19,62.757,0.531,1.492,-2.909,1.238,-0.88,62.757,0.681,2.909,5.648,3.299,0,4.446,10.0,3.797,100.0,-0.522,1.574,0,0,0,OFFBOARD
318,OUTBOUND,32.29,62.961,0.409,1.496,-2.909,1.238,-0.88,62.961,0.559,2.909,5.65,3.147,0,4.383,10.0,3.8,100.0,-0.571,1.581,0,0,0,OFFBOARD
319,OUTBOUND,32.39,63.161,0.287,1.501,-2.909,1.238,-0.88,63.161,0.437,2.909,5.662,3.651,0,4.194,10.0,3.808,100.0,-0.623,1.591,0,0,0,OFFBOARD
320,OUTBOUND,32.49,63.363,0.162,1.507,-2.909,1.238,-0.88,63.363,0.312,2.909,5.795,3.817,0,4.202,10.0,3.821,100.0,-0.682,1.601,0,0,0,OFFBOARD
321,OUTBOUND,32.59,63.567,0.038,1.514,-2.909,1.238,-0.88,63.567,0.188,2.909,5.801,3.794,0,4.651,10.0,3.839,100.0,-0.743,1.61,0,0,0,OFFBOARD
322,OUTBOUND,32.69,63.771,-0.082,1.522,-2.909,1.238,-0.88,63.771,0.068,2.909,5.788,3.619,0,4.747,10.0,3.865,100.0,-0.797,1.619,0,0,0,OFFBOARD
323,OUTBOUND,32.8,63.975,-0.197,1.53,-2.909,1.238,-0.88,63.975,-0.047,2.909,5.797,3.459,0,4.582,10.0,3.886,100.0,-0.844,1.627,0,0,0,OFFBOARD
324,OUTBOUND,32.9,64.181,-0.306,1.539,-2.909,1.238,-0.88,64.181,-0.156,2.909,5.784,3.309,0,4.382,10.0,3.907,100.0,-0.889,1.632,0,0,0,OFFBOARD
325,OUTBOUND,33.0,64.383,-0.407,1.547,-2.909,1.238,-0.88,64.383,-0.256,2.909,5.771,3.417,0,4.208,10.0,3.927,100.0,-0.939,1.634,0,0,0,OFFBOARD
326,OUTBOUND,33.1,64.587,-0.502,1.556,-2.909,1.238,-0.88,64.587,-0.352,2.909,5.846,3.318,0,4.11,10.0,3.947,100.0,-0.986,1.632,0,0,0,OFFBOARD
327,OUTBOUND,33.2,64.789,-0.59,1.564,-2.909,1.238,-0.88,64.789,-0.44,2.909,5.847,3.192,0,4.009,10.0,3.966,100.0,-1.029,1.625,0,0,0,OFFBOARD
328,OUTBOUND,33.3,64.993,-0.674,1.572,-2.909,1.238,-0.88,64.993,-0.524,2.909,5.837,3.068,0,4.361,10.0,3.985,100.0,-1.062,1.615,0,0,0,OFFBOARD
329,OUTBOUND,33.41,65.195,-0.751,1.579,-2.909,1.238,-0.88,65.195,-0.601,2.909,5.812,2.964,0,4.296,10.0,4.001,100.0,-1.085,1.601,0,0,0,OFFBOARD
330,OUTBOUND,33.51,65.397,-0.823,1.585,-2.909,1.238,-0.88,65.397,-0.673,2.909,5.693,2.872,0,4.18,6.805,4.015,100.0,-1.099,1.585,0,0,0,OFFBOARD
331,OUTBOUND,33.61,65.599,-0.89,1.589,-2.909,1.238,-0.88,65.599,-0.74,2.909,5.495,2.789,0,4.091,6.607,4.026,100.0,-1.06,1.565,0,0,0,OFFBOARD
332,OUTBOUND,33.71,65.803,-0.952,1.592,-2.909,1.238,-0.88,65.803,-0.802,2.909,5.295,2.709,0,4.039,6.407,4.034,100.0,-0.986,1.542,0,0,0,OFFBOARD
333,OUTBOUND,33.81,66.005,-1.008,1.593,-2.909,1.238,-0.88,66.005,-0.858,2.909,5.093,2.58,0,3.837,6.205,4.039,100.0,-0.889,1.516,0,0,0,OFFBOARD
334,OUTBOUND,33.91,66.207,-1.057,1.592,-2.909,1.238,-0.88,66.207,-0.907,2.909,4.893,2.38,0,3.637,6.005,4.039,100.0,-0.767,1.489,0,0,0,OFFBOARD
335,OUTBOUND,34.01,66.409,-1.099,1.588,-2.909,1.238,-0.88,66.409,-0.949,2.909,4.691,2.178,0,3.435,5.803,4.032,100.0,-0.627,1.461,0,0,0,OFFBOARD
336,OUTBOUND,34.12,66.613,-1.133,1.582,-2.909,1.238,-0.88,66.613,-0.982,2.909,4.549,2.135,0,3.352,5.607,4.019,100.0,-0.48,1.434,0,0,0,OFFBOARD
337,OUTBOUND,34.22,66.815,-1.154,1.574,-2.909,1.238,-0.88,66.815,-1.004,2.909,5.056,2.457,0,3.749,5.407,3.998,100.0,-0.357,1.407,0,0,0,OFFBOARD
338,OUTBOUND,34.32,67.019,-1.162,1.564,-2.909,1.238,-0.88,67.019,-1.012,2.909,5.207,2.452,0,3.856,5.207,3.971,100.0,-0.221,1.381,0,0,0,OFFBOARD
339,OUTBOUND,34.42,67.221,-1.154,1.552,-2.909,1.238,-0.88,67.221,-1.004,2.909,5.003,2.46,0,3.891,5.003,3.939,100.0,-0.073,1.358,0,0,0,OFFBOARD
340,OUTBOUND,34.52,67.423,-1.13,1.538,-2.909,1.238,-0.88,67.423,-0.98,2.909,4.807,2.439,0,3.695,4.807,3.907,100.0,0.077,1.338,0,0,0,OFFBOARD
341,OUTBOUND,34.62,67.627,-1.088,1.522,-2.909,1.238,-0.88,67.627,-0.938,2.909,4.607,2.239,0,3.583,4.607,3.871,100.0,0.225,1.321,0,0,0,OFFBOARD
342,OUTBOUND,34.72,67.823,-1.031,1.506,-2.909,1.238,-0.88,67.823,-0.881,2.909,4.341,2.662,0,4.213,4.341,3.821,100.0,0.342,1.309,0,0,0,OFFBOARD
343,OUTBOUND,34.83,68.029,-0.953,1.489,-2.909,1.238,-0.88,68.029,-0.803,2.909,4.139,2.756,0,4.263,4.139,3.782,100.0,0.458,1.303,0,0,0,OFFBOARD
344,OUTBOUND,34.93,68.241,-0.857,1.47,-2.909,1.238,-0.88,68.241,-0.706,2.909,3.941,2.829,0,4.085,3.941,3.745,100.0,0.563,1.299,0,0,0,OFFBOARD
345,OUTBOUND,35.03,68.445,-0.749,1.453,-2.909,1.238,-0.88,68.445,-0.599,2.909,3.741,2.753,0,4.081,3.741,3.707,100.0,0.675,1.297,0,0,0,OFFBOARD
346,OUTBOUND,35.13,68.649,-0.629,1.436,-2.909,1.238,-0.88,68.649,-0.479,2.909,3.541,3.214,0,4.7,3.541,3.541,100.0,0.784,1.296,0,0,0,OFFBOARD
347,OUTBOUND,35.24,68.851,-0.501,1.42,-2.909,1.238,-0.88,68.851,-0.35,2.909,3.341,3.341,0,4.741,3.341,3.341,100.0,0.897,1.295,0,0,0,OFFBOARD
348,OUTBOUND,35.34,69.053,-0.365,1.405,-2.909,1.238,-0.88,69.053,-0.215,2.909,3.843,3.139,0,4.539,3.555,3.216,100.0,1.02,1.298,0,0,0,OFFBOARD
349,OUTBOUND,35.44,69.257,-0.222,1.391,-2.909,1.238,-0.88,69.257,-0.072,2.909,5.363,2.939,0,4.817,4.261,3.549,100.0,1.153,1.31,0,0,0,OFFBOARD
350,OUTBOUND,35.54,69.459,-0.078,1.378,-2.909,1.238,-0.88,69.459,0.072,2.909,5.354,2.737,0,5.051,10.0,3.525,100.0,1.283,1.33,0,0,0,OFFBOARD
351,OUTBOUND,35.64,69.661,0.069,1.368,-2.909,1.238,-0.88,69.661,0.219,2.909,5.337,2.541,0,5.076,10.0,3.499,100.0,1.376,1.347,0,0,0,OFFBOARD
352,OUTBOUND,35.74,69.865,0.218,1.359,-2.909,1.238,-0.88,69.865,0.368,2.909,5.316,2.341,0,4.998,10.0,3.478,100.0,1.438,1.369,0,0,0,OFFBOARD
353,OUTBOUND,35.84,70.067,0.366,1.353,-2.909,1.238,-0.88,70.067,0.516,2.909,5.302,2.515,0,4.798,10.0,3.456,100.0,1.467,1.389,0,0,0,OFFBOARD
354,OUTBOUND,35.94,70.271,0.516,1.35,-2.909,1.238,-0.88,70.271,0.666,2.909,5.272,2.778,0,4.598,10.0,3.453,100.0,1.447,1.406,0,0,0,OFFBOARD
355,OUTBOUND,36.05,70.473,0.662,1.349,-2.909,1.238,-0.88,70.473,0.812,2.909,5.236,3.04,0,4.4,10.0,3.449,100.0,1.396,1.425,0,0,0,OFFBOARD
356,OUTBOUND,36.15,70.677,0.807,1.35,-2.909,1.238,-0.88,70.677,0.957,2.909,5.19,2.941,0,4.246,10.0,3.453,100.0,1.297,1.443,0,0,0,OFFBOARD
357,OUTBOUND,36.25,70.881,0.947,1.353,-2.909,1.238,-0.88,70.881,1.097,2.909,5.141,2.741,0,4.09,10.0,3.464,100.0,1.195,1.467,0,0,0,OFFBOARD
358,OUTBOUND,36.35,71.083,1.076,1.358,-2.909,1.238,-0.88,71.083,1.226,2.909,5.094,2.541,0,3.942,10.0,3.474,100.0,1.075,1.493,0,0,0,OFFBOARD
359,OUTBOUND,36.45,71.287,1.194,1.366,-2.909,1.238,-0.88,71.287,1.344,2.909,5.056,2.341,0,3.805,10.0,3.484,100.0,0.937,1.519,0,0,0,OFFBOARD
360,OUTBOUND,36.55,71.489,1.295,1.375,-2.909,1.238,-0.88,71.489,1.445,2.909,5.035,2.141,0,4.113,5.972,3.497,100.0,0.785,1.544,0,0,0,OFFBOARD
361,OUTBOUND,36.65,71.691,1.377,1.386,-2.909,1.238,-0.88,71.691,1.527,2.909,5.032,1.995,1,4.019,5.71,3.515,100.0,0.619,1.571,0,0,0,OFFBOARD
362,OUTBOUND,36.76,71.891,1.436,1.399,-2.909,1.238,-0.88,71.891,1.586,2.909,4.991,1.893,1,3.935,5.51,3.539,100.0,0.441,1.598,0,0,0,OFFBOARD
363,OUTBOUND,36.86,72.095,1.471,1.413,-2.909,1.238,-0.88,72.095,1.622,2.909,5.023,2.107,0,3.89,5.308,3.54,100.0,0.271,1.626,0,0,0,OFFBOARD
364,OUTBOUND,36.96,72.293,1.481,1.429,-2.909,1.238,-0.88,72.293,1.631,2.909,5.071,2.064,0,3.854,5.11,3.577,100.0,0.097,1.653,0,0,0,OFFBOARD
365,OUTBOUND,37.06,72.495,1.465,1.447,-2.909,1.238,-0.88,72.495,1.615,2.909,4.844,2.064,0,3.588,4.976,3.643,100.0,-0.089,1.678,0,0,0,OFFBOARD
366,OUTBOUND,37.16,72.707,1.421,1.466,-2.909,1.238,-0.88,72.707,1.571,2.909,4.644,2.094,0,3.388,5.9,3.704,100.0,-0.276,1.701,0,0,0,OFFBOARD
367,OUTBOUND,37.26,72.909,1.354,1.486,-2.909,1.238,-0.88,72.909,1.504,2.909,4.459,1.93,1,3.363,5.698,3.754,100.0,-0.441,1.721,0,0,0,OFFBOARD
368,OUTBOUND,37.37,73.111,1.265,1.507,-2.909,1.238,-0.88,73.111,1.415,2.909,5.213,2.314,0,3.997,5.681,3.806,100.0,-0.588,1.736,0,0,0,OFFBOARD
369,OUTBOUND,37.47,73.313,1.154,1.528,-2.909,1.238,-0.88,73.313,1.304,2.909,5.3,2.478,0,4.044,6.557,3.861,100.0,-0.728,1.748,0,0,0,OFFBOARD
370,OUTBOUND,37.57,73.517,1.024,1.549,-2.909,1.238,-0.88,73.517,1.174,2.909,5.1,2.588,0,3.844,10.0,3.918,100.0,-0.858,1.758,0,0,0,OFFBOARD
371,OUTBOUND,37.67,73.719,0.88,1.57,-2.909,1.238,-0.88,73.719,1.03,2.909,4.97,2.454,0,3.71,10.0,3.956,100.0,-0.99,1.761,0,0,0,OFFBOARD
372,OUTBOUND,37.77,73.923,0.723,1.591,-2.909,1.238,-0.88,73.923,0.873,2.909,5.861,2.938,0,4.181,10.0,4.028,100.0,-1.103,1.763,0,0,0,OFFBOARD
373,OUTBOUND,37.87,74.125,0.558,1.61,-2.909,1.238,-0.88,74.125,0.709,2.909,5.757,3.157,0,4.356,10.0,4.074,100.0,-1.21,1.757,0,0,0,OFFBOARD
374,OUTBOUND,37.97,74.327,0.387,1.629,-2.909,1.238,-0.88,74.327,0.537,2.909,5.563,3.046,0,4.298,10.0,4.114,100.0,-1.308,1.745,0,0,0,OFFBOARD
375,OUTBOUND,38.08,74.529,0.211,1.645,-2.909,1.238,-0.88,74.529,0.361,2.909,6.068,3.62,0,4.1,10.0,4.151,100.0,-1.373,1.732,0,0,0,OFFBOARD
376,OUTBOUND,38.18,74.733,0.03,1.66,-2.909,1.238,-0.88,74.733,0.18,2.909,6.192,3.836,0,4.041,10.0,4.185,100.0,-1.391,1.711,0,0,0,OFFBOARD
377,OUTBOUND,38.28,74.935,-0.151,1.672,-2.909,1.238,-0.88,74.935,-0.001,2.909,6.113,3.7,0,4.347,10.0,4.214,100.0,-1.377,1.682,0,0,0,OFFBOARD
378,OUTBOUND,38.38,75.139,-0.334,1.681,-2.909,1.238,-0.88,75.139,-0.184,2.909,5.913,3.5,0,4.313,10.0,4.238,100.0,-1.326,1.647,0,0,0,OFFBOARD
379,OUTBOUND,38.48,75.341,-0.514,1.688,-2.909,1.238,-0.88,75.341,-0.364,2.909,5.713,3.273,0,4.238,10.0,4.258,100.0,-1.244,1.614,0,0,0,OFFBOARD
380,OUTBOUND,38.58,75.545,-0.689,1.69,-2.909,1.238,-0.88,75.545,-0.539,2.909,5.513,3.005,0,4.15,6.793,4.274,100.0,-1.138,1.586,0,0,0,OFFBOARD
381,OUTBOUND,38.68,75.747,-0.854,1.69,-2.909,1.238,-0.88,75.747,-0.704,2.909,5.311,2.749,0,4.061,6.567,4.27,100.0,-1.007,1.557,0,0,0,OFFBOARD
382,OUTBOUND,38.79,75.951,-1.008,1.686,-2.909,1.238,-0.88,75.951,-0.857,2.909,5.113,2.531,0,3.932,6.339,4.253,100.0,-0.856,1.527,0,0,0,OFFBOARD
383,OUTBOUND,38.89,76.153,-1.141,1.679,-2.909,1.238,-0.88,76.153,-0.991,2.909,4.913,2.348,0,3.757,6.141,4.228,100.0,-0.689,1.499,0,0,0,OFFBOARD
384,OUTBOUND,38.99,76.355,-1.253,1.669,-2.909,1.238,-0.88,76.355,-1.103,2.909,4.713,2.195,0,3.557,5.969,4.195,100.0,-0.507,1.473,0,0,0,OFFBOARD
385,OUTBOUND,39.09,76.559,-1.34,1.657,-2.909,1.238,-0.88,76.559,-1.19,2.909,4.513,2.075,0,3.357,5.769,4.126,100.0,-0.313,1.45,0,0,0,OFFBOARD
386,OUTBOUND,39.19,76.761,-1.398,1.643,-2.909,1.238,-0.88,76.761,-1.248,2.909,4.313,1.9,1,3.157,5.569,4.063,100.0,-0.118,1.431,0,0,0,OFFBOARD
387,OUTBOUND,39.29,76.963,-1.426,1.627,-2.909,1.238,-0.88,76.963,-1.276,2.909,4.113,1.71,1,3.086,5.369,4.025,100.0,0.092,1.419,0,0,0,OFFBOARD
388,OUTBOUND,39.39,77.167,-1.423,1.609,-2.909,1.238,-0.88,77.167,-1.273,2.909,4.121,1.713,1,3.589,5.169,3.942,100.0,0.303,1.412,0,0,0,OFFBOARD
389,OUTBOUND,39.5,77.371,-1.389,1.591,-2.909,1.238,-0.88,77.371,-1.239,2.909,4.888,2.091,0,3.645,5.004,3.958,100.0,0.486,1.41,0,0,0,OFFBOARD
390,OUTBOUND,39.6,77.573,-1.326,1.573,-2.909,1.238,-0.88,77.573,-1.176,2.909,4.701,2.195,0,3.445,5.957,3.957,100.0,0.653,1.411,0,0,0,OFFBOARD
391,OUTBOUND,39.7,77.777,-1.235,1.556,-2.909,1.238,-0.88,77.777,-1.085,2.909,4.567,2.089,0,3.404,5.757,3.928,100.0,0.791,1.412,0,0,0,OFFBOARD
392,OUTBOUND,39.8,77.979,-1.121,1.539,-2.909,1.238,-0.88,77.979,-0.971,2.909,5.506,2.489,0,4.071,6.814,3.897,100.0,0.886,1.409,0,0,0,OFFBOARD
393,OUTBOUND,39.9,78.181,-0.988,1.523,-2.909,1.238,-0.88,78.181,-0.838,2.909,5.355,2.646,0,4.099,6.612,3.87,100.0,0.983,1.402,0,0,0,OFFBOARD
394,OUTBOUND,40.0,78.385,-0.839,1.509,-2.909,1.238,-0.88,78.385,-0.689,2.909,5.263,2.645,0,3.901,3.513,3.628,100.0,1.084,1.394,0,0,0,OFFBOARD
395,OUTBOUND,40.11,78.589,-0.679,1.495,-2.909,1.238,-0.88,78.589,-0.529,2.909,3.188,3.056,0,4.331,3.178,3.16,100.0,1.16,1.393,0,0,0,OFFBOARD
396,OUTBOUND,40.21,78.789,-0.515,1.483,-2.909,1.238,-0.88,78.789,-0.364,2.909,2.923,2.892,0,4.656,2.927,2.915,100.0,1.228,1.398,0,0,0,OFFBOARD
397,OUTBOUND,40.31,78.993,-0.342,1.471,-2.909,1.238,-0.88,78.993,-0.192,2.909,2.624,2.624,0,4.557,2.689,2.675,100.0,1.307,1.41,0,0,0,OFFBOARD
398,OUTBOUND,40.41,79.195,-0.168,1.461,-2.909,1.238,-0.88,79.195,-0.018,2.909,2.376,2.376,0,4.463,2.456,2.433,100.0,1.369,1.427,0,0,0,OFFBOARD
399,OUTBOUND,40.51,79.399,0.011,1.452,-2.909,1.238,-0.88,79.399,0.161,2.909,2.135,2.135,0,4.85,2.221,2.174,100.0,1.447,1.448,0,0,0,OFFBOARD
400,OUTBOUND,40.61,79.601,0.19,1.446,-2.909,1.238,-0.88,79.601,0.34,2.909,1.966,1.966,1,4.857,1.986,1.893,100.0,1.551,1.472,0,0,0,OFFBOARD
401,OUTBOUND,40.71,79.803,0.369,1.442,-2.909,1.238,-0.88,79.803,0.519,2.909,1.709,1.709,1,4.806,1.754,1.705,100.0,1.724,1.487,0,0,0,OFFBOARD
402,OUTBOUND,40.81,80.007,0.548,1.44,-2.909,1.238,-0.88,80.007,0.698,2.909,3.457,1.484,1,4.745,3.457,3.457,100.0,1.981,1.496,0,0,0,OFFBOARD
403,OUTBOUND,40.92,80.209,0.722,1.44,-2.909,1.238,-0.88,80.209,0.873,2.909,3.257,1.234,1,4.614,3.257,3.257,100.0,2.066,1.51,0,0,0,OFFBOARD
404,OUTBOUND,41.02,80.413,0.894,1.442,-2.909,1.238,-0.88,80.413,1.044,2.909,3.057,2.951,0,4.414,3.057,3.057,100.0,2.037,1.525,0,0,0,OFFBOARD
405,OUTBOUND,41.12,80.615,1.06,1.445,-2.909,1.238,-0.88,80.615,1.21,2.909,2.857,2.677,0,4.208,2.857,2.857,100.0,2.012,1.543,0,0,0,OFFBOARD
406,OUTBOUND,41.22,80.817,1.222,1.45,-2.909,1.238,-0.88,80.817,1.372,2.909,2.655,2.431,0,4.002,2.655,2.655,100.0,1.982,1.564,0,0,0,OFFBOARD
407,OUTBOUND,41.32,81.021,1.38,1.457,-2.909,1.238,-0.88,81.021,1.53,2.909,2.457,2.222,0,3.798,2.457,2.457,100.0,2.003,1.584,0,0,0,OFFBOARD
408,OUTBOUND,41.42,81.225,1.531,1.465,-2.909,1.238,-0.88,81.225,1.681,2.909,2.257,2.016,0,3.52,2.257,2.257,100.0,2.008,1.606,0,0,0,OFFBOARD
409,OUTBOUND,41.53,81.427,1.671,1.475,-2.909,1.238,-0.88,81.427,1.821,2.909,2.057,1.813,1,3.286,2.057,2.057,100.0,2.058,1.627,0,0,0,OFFBOARD
410,OUTBOUND,41.63,81.629,1.798,1.486,-2.909,1.238,-0.88,81.629,1.948,2.909,1.857,1.62,1,3.043,1.857,1.857,100.0,2.091,1.639,0,0,0,OFFBOARD
411,OUTBOUND,41.73,81.833,1.913,1.498,-2.909,1.238,-0.88,81.833,2.063,2.909,2.321,1.422,1,2.746,2.139,2.184,100.0,2.127,1.65,0,0,0,OFFBOARD
412,OUTBOUND,41.83,82.037,2.013,1.511,-2.909,1.238,-0.88,82.037,2.163,2.909,2.746,1.173,1,2.364,2.746,2.746,100.0,2.14,1.676,0,0,0,OFFBOARD
413,OUTBOUND,41.93,82.239,2.097,1.524,-2.909,1.238,-0.88,82.239,2.247,2.909,2.612,1.062,1,2.167,2.612,2.612,100.0,2.104,1.699,0,0,0,OFFBOARD
414,OUTBOUND,42.03,82.443,2.167,1.539,-2.909,1.238,-0.88,82.443,2.317,2.909,2.348,0.88,1,1.286,2.348,2.348,100.0,1.969,1.72,0,0,0,OFFBOARD
415,OUTBOUND,42.14,82.647,2.224,1.554,-2.909,1.238,-0.88,82.647,2.374,2.909,2.148,0.777,1,1.084,2.148,2.148,100.0,1.782,1.746,0,1,0,OFFBOARD
416,OUTBOUND,42.24,82.849,2.268,1.57,-2.909,1.238,-0.88,82.849,2.418,2.909,1.946,0.689,1,1.409,1.946,1.946,100.0,1.489,1.774,0,1,0,OFFBOARD
417,OUTBOUND,42.34,83.051,2.3,1.587,-2.909,1.238,-0.88,83.051,2.45,2.909,1.882,0.625,1,1.437,1.882,1.882,100.0,1.176,1.805,0,1,0,OFFBOARD
418,OUTBOUND,42.44,83.255,2.319,1.605,-2.909,1.238,-0.88,83.255,2.469,2.909,1.546,0.349,1,1.368,1.546,1.546,100.0,0.826,1.837,1,0,0,OFFBOARD
419,OUTBOUND,42.54,83.397,2.308,1.614,-2.909,1.238,-0.88,83.397,2.458,2.909,1.38,0.333,1,1.285,1.381,1.382,100.0,0.476,1.853,1,0,0,OFFBOARD
420,OUTBOUND,42.64,83.428,2.253,1.612,-2.909,1.238,-0.88,83.428,2.403,2.909,1.027,0.325,1,0.942,1.113,1.118,100.0,0.126,1.857,1,0,0,OFFBOARD
421,OUTBOUND,42.74,83.467,2.176,1.618,-2.909,1.238,-0.88,83.467,2.326,2.909,0.928,0.529,1,0.831,1.057,1.003,100.0,-0.224,1.865,0,1,0,OFFBOARD
422,OUTBOUND,42.84,83.522,2.083,1.629,-2.909,1.238,-0.88,83.522,2.233,2.909,0.998,0.586,1,0.857,1.009,1.085,100.0,-0.57,1.881,0,1,0,OFFBOARD
423,OUTBOUND,42.95,83.605,1.979,1.644,-2.909,1.238,-0.88,83.605,2.129,2.909,1.11,0.714,1,0.95,1.066,1.184,100.0,-0.873,1.901,0,1,0,OFFBOARD
424,OUTBOUND,43.05,83.719,1.874,1.661,-2.909,1.238,-0.88,83.719,2.024,2.909,1.196,0.795,1,1.095,1.196,1.307,100.0,-1.162,1.889,0,1,0,OFFBOARD
425,OUTBOUND,43.15,83.87,1.771,1.681,-2.909,1.238,-0.88,83.87,1.921,2.909,1.122,0.889,1,1.072,1.221,1.366,100.0,-1.448,1.875,0,0,0,OFFBOARD
426,OUTBOUND,43.25,84.05,1.678,1.7,-2.909,1.238,-0.88,84.05,1.828,2.909,1.185,0.996,1,1.066,1.273,1.424,100.0,-1.756,1.858,0,0,0,OFFBOARD
427,OUTBOUND,43.35,84.259,1.593,1.719,-2.909,1.238,-0.88,84.259,1.743,2.909,1.595,0.862,1,1.514,1.728,1.736,100.0,-2.082,1.839,0,0,0,OFFBOARD
428,OUTBOUND,43.45,84.484,1.517,1.736,-2.909,1.238,-0.88,84.484,1.667,2.909,1.79,1.139,1,1.566,1.863,2.002,100.0,-2.403,1.818,0,0,0,OFFBOARD
429,OUTBOUND,43.56,84.724,1.446,1.751,-2.909,1.238,-0.88,84.724,1.596,2.909,1.636,1.284,1,1.537,1.827,2.364,100.0,-2.5,1.795,0,0,0,OFFBOARD
430,OUTBOUND,43.66,84.967,1.378,1.764,-2.909,1.238,-0.88,84.967,1.528,2.909,2.21,1.313,1,1.87,2.496,2.673,100.0,-2.5,1.77,0,0,0,OFFBOARD
431,OUTBOUND,43.76,85.213,1.306,1.773,-2.909,1.238,-0.88,85.213,1.456,2.909,2.295,1.243,1,2.135,2.441,3.25,100.0,-2.5,1.743,0,0,0,OFFBOARD
432,OUTBOUND,43.86,85.449,1.229,1.779,-2.909,1.238,-0.88,85.449,1.379,2.909,2.971,1.645,1,2.045,3.31,3.75,100.0,-2.5,1.713,0,0,0,OFFBOARD
433,OUTBOUND,43.96,85.686,1.141,1.782,-2.909,1.238,-0.88,85.686,1.291,2.909,3.028,1.704,1,2.861,4.21,4.379,100.0,-2.5,1.677,0,0,0,OFFBOARD
434,OUTBOUND,44.06,85.928,1.033,1.781,-2.909,1.238,-0.88,85.928,1.183,2.909,3.959,2.23,0,2.74,5.174,4.211,100.0,-2.5,1.633,0,0,0,OFFBOARD
435,OUTBOUND,44.17,86.147,0.918,1.777,-2.909,1.238,-0.88,86.147,1.068,2.909,3.993,2.394,0,3.542,6.175,4.02,100.0,-2.5,1.588,0,0,0,OFFBOARD
436,OUTBOUND,44.27,86.378,0.776,1.77,-2.909,1.238,-0.88,86.378,0.926,2.909,3.807,2.857,0,3.498,10.0,3.813,100.0,-2.496,1.548,0,0,0,OFFBOARD
437,OUTBOUND,44.37,86.594,0.624,1.758,-2.909,1.238,-0.88,86.594,0.774,2.909,3.701,3.098,0,3.631,10.0,3.615,100.0,-2.5,1.504,0,0,0,OFFBOARD
438,OUTBOUND,44.47,86.806,0.457,1.743,-2.909,1.238,-0.88,86.806,0.607,2.909,5.389,3.384,0,3.905,6.905,4.488,100.0,-2.488,1.461,0,0,0,OFFBOARD
439,OUTBOUND,44.57,87.011,0.28,1.725,-2.909,1.238,-0.88,87.011,0.43,2.909,5.217,3.103,0,3.871,5.711,4.752,100.0,-2.448,1.422,0,0,0,OFFBOARD
440,OUTBOUND,44.68,87.212,0.097,1.704,-2.909,1.238,-0.88,87.212,0.247,2.909,5.003,2.867,0,3.835,5.448,4.734,100.0,-2.41,1.391,0,0,0,OFFBOARD
441,OUTBOUND,44.78,87.409,-0.084,1.68,-2.909,1.238,-0.88,87.409,0.066,2.909,4.839,2.761,0,3.765,5.214,4.716,100.0,-2.335,1.37,0,0,0,OFFBOARD
442,OUTBOUND,44.88,87.606,-0.257,1.655,-2.909,1.238,-0.88,87.606,-0.107,2.909,4.711,2.62,0,3.634,4.985,4.596,100.0,-2.204,1.356,0,0,0,OFFBOARD
443,OUTBOUND,44.98,87.799,-0.413,1.628,-2.909,1.238,-0.88,87.799,-0.263,2.909,4.501,2.758,0,3.445,4.721,4.41,100.0,-2.072,1.349,0,0,0,OFFBOARD
444,OUTBOUND,45.08,87.995,-0.549,1.601,-2.909,1.238,-0.88,87.994,-0.399,2.909,4.251,2.707,0,3.818,4.357,4.2,100.0,-1.946,1.347,0,0,0,OFFBOARD
445,OUTBOUND,45.18,88.188,-0.662,1.574,-2.909,1.238,-0.88,88.188,-0.512,2.909,3.996,2.676,0,3.949,4.064,3.986,100.0,-1.816,1.351,0,0,0,OFFBOARD
446,OUTBOUND,45.28,88.385,-0.754,1.549,-2.909,1.238,-0.88,88.385,-0.604,2.909,3.74,2.682,0,3.998,3.784,3.754,100.0,-1.679,1.359,0,0,0,OFFBOARD
447,OUTBOUND,45.39,88.582,-0.827,1.525,-2.909,1.238,-0.88,88.582,-0.677,2.909,3.516,2.601,0,3.808,3.544,3.521,100.0,-1.546,1.372,0,0,0,OFFBOARD
448,OUTBOUND,45.49,88.782,-0.888,1.503,-2.909,1.238,-0.88,88.782,-0.738,2.909,3.857,2.439,0,3.721,4.118,3.354,100.0,-1.408,1.389,0,0,0,OFFBOARD
449,OUTBOUND,45.59,88.982,-0.939,1.484,-2.909,1.238,-0.88,88.982,-0.789,2.909,3.658,2.684,0,4.236,6.715,3.432,100.0,-1.264,1.409,0,0,0,OFFBOARD
450,OUTBOUND,45.69,89.186,-0.986,1.468,-2.909,1.238,-0.88,89.186,-0.835,2.909,3.456,2.682,0,4.277,6.955,3.455,100.0,-1.104,1.431,0,0,0,OFFBOARD
451,OUTBOUND,45.79,89.388,-1.03,1.455,-2.909,1.238,-0.88,89.388,-0.88,2.909,3.253,2.361,0,4.224,10.0,3.254,100.0,-0.965,1.446,0,0,0,OFFBOARD
452,OUTBOUND,45.89,89.593,-1.076,1.446,-2.909,1.238,-0.88,89.593,-0.926,2.909,3.048,2.177,0,4.02,10.0,3.048,100.0,-0.858,1.455,0,0,0,OFFBOARD
453,OUTBOUND,46.0,89.794,-1.12,1.439,-2.909,1.238,-0.88,89.794,-0.97,2.909,2.78,1.832,1,3.764,10.0,2.779,100.0,-0.743,1.463,0,0,0,OFFBOARD
454,OUTBOUND,46.1,90.002,-1.164,1.435,-2.909,1.238,-0.88,90.002,-1.014,2.909,2.649,1.688,1,3.752,10.0,2.647,100.0,-0.635,1.466,0,0,0,OFFBOARD
455,OUTBOUND,46.2,90.209,-1.204,1.433,-2.909,1.238,-0.88,90.209,-1.054,2.909,2.385,1.398,1,4.306,10.0,2.382,100.0,-0.581,1.466,0,0,0,OFFBOARD
456,OUTBOUND,46.3,90.411,-1.238,1.432,-2.909,1.238,-0.88,90.411,-1.087,2.909,2.204,2.204,0,4.335,10.0,2.185,100.0,-0.587,1.462,0,0,0,OFFBOARD
457,OUTBOUND,46.4,90.615,-1.262,1.433,-2.909,1.238,-0.88,90.614,-1.112,2.909,1.999,1.999,1,4.197,10.0,1.987,100.0,-0.589,1.469,0,0,0,OFFBOARD
458,OUTBOUND,46.5,90.816,-1.277,1.434,-2.909,1.238,-0.88,90.816,-1.127,2.909,1.839,1.839,1,4.004,10.0,1.789,100.0,-0.609,1.476,0,0,0,OFFBOARD
459,OUTBOUND,46.61,91.017,-1.281,1.436,-2.909,1.238,-0.88,91.017,-1.131,2.909,1.842,1.817,1,3.875,10.0,1.656,100.0,-0.641,1.485,0,0,0,OFFBOARD
460,OUTBOUND,46.71,91.212,-1.275,1.439,-2.909,1.238,-0.88,91.212,-1.125,2.909,1.864,1.79,1,3.62,10.0,1.394,100.0,-0.681,1.494,0,0,0,OFFBOARD
461,OUTBOUND,46.81,91.415,-1.26,1.442,-2.909,1.238,-0.88,91.415,-1.11,2.909,5.168,2.147,0,3.561,10.0,1.296,100.0,-0.655,1.498,0,0,0,OFFBOARD
462,OUTBOUND,46.91,91.615,-1.238,1.446,-2.909,1.238,-0.88,91.615,-1.088,2.909,5.305,2.148,0,3.93,6.974,1.297,100.0,-0.637,1.498,0,0,0,OFFBOARD
463,OUTBOUND,47.01,91.818,-1.21,1.451,-2.909,1.238,-0.88,91.818,-1.06,2.909,5.321,2.474,0,3.978,6.784,1.313,100.0,-0.585,1.502,0,0,0,OFFBOARD
464,OUTBOUND,47.11,92.019,-1.178,1.455,-2.909,1.238,-0.88,92.019,-1.028,2.909,5.32,2.487,0,4.005,6.596,3.7,100.0,-0.497,1.512,0,0,0,OFFBOARD
465,OUTBOUND,47.22,92.221,-1.142,1.46,-2.909,1.238,-0.88,92.221,-0.991,2.909,5.148,2.508,0,3.892,6.531,3.71,100.0,-0.384,1.526,0,0,0,OFFBOARD
466,OUTBOUND,47.32,92.422,-1.102,1.465,-2.909,1.238,-0.88,92.422,-0.952,2.909,4.953,2.442,0,3.696,10.0,3.719,100.0,-0.262,1.543,0,0,0,OFFBOARD
467,OUTBOUND,47.42,92.623,-1.058,1.471,-2.909,1.238,-0.88,92.623,-0.908,2.909,4.85,2.29,0,3.581,10.0,3.731,100.0,-0.171,1.549,0,0,0,OFFBOARD
468,OUTBOUND,47.52,92.824,-1.007,1.477,-2.909,1.238,-0.88,92.824,-0.857,2.909,5.404,2.588,0,4.087,10.0,3.744,100.0,-0.124,1.548,0,0,0,OFFBOARD
469,OUTBOUND,47.62,93.025,-0.949,1.483,-2.909,1.238,-0.88,93.025,-0.799,2.909,5.525,2.675,0,4.184,6.843,3.756,100.0,-0.091,1.542,0,0,0,OFFBOARD
470,OUTBOUND,47.72,93.229,-0.881,1.49,-2.909,1.238,-0.88,93.229,-0.731,2.909,5.418,2.759,0,4.155,6.643,3.769,100.0,-0.025,1.544,0,0,0,OFFBOARD
471,OUTBOUND,47.82,93.431,-0.805,1.496,-2.909,1.238,-0.88,93.431,-0.655,2.909,5.236,2.719,0,3.962,6.442,3.783,100.0,0.058,1.55,0,0,0,OFFBOARD
472,OUTBOUND,47.92,93.633,-0.72,1.502,-2.909,1.238,-0.88,93.633,-0.57,2.909,5.506,2.688,0,3.916,6.243,3.798,100.0,0.153,1.559,0,0,0,OFFBOARD
473,OUTBOUND,48.03,93.838,-0.627,1.508,-2.909,1.238,-0.88,93.838,-0.477,2.909,5.686,3.084,0,4.414,6.043,3.81,100.0,0.247,1.571,0,0,0,OFFBOARD
474,OUTBOUND,48.13,94.041,-0.53,1.513,-2.909,1.238,-0.88,94.041,-0.38,2.909,5.758,3.244,0,4.54,5.844,3.824,100.0,0.344,1.583,0,0,0,OFFBOARD
475,OUTBOUND,48.23,94.246,-0.43,1.519,-2.909,1.238,-0.88,94.246,-0.28,2.909,5.645,3.174,0,4.413,5.645,3.84,100.0,0.44,1.597,0,0,0,OFFBOARD
476,OUTBOUND,48.33,94.449,-0.329,1.526,-2.909,1.238,-0.88,94.449,-0.179,2.909,5.448,3.469,0,4.23,5.447,3.86,100.0,0.529,1.61,0,0,0,OFFBOARD
477,OUTBOUND,48.43,94.655,-0.227,1.532,-2.909,1.238,-0.88,94.654,-0.077,2.909,5.249,3.658,0,4.452,5.248,3.878,100.0,0.616,1.624,0,0,0,OFFBOARD
478,OUTBOUND,48.54,94.862,-0.124,1.54,-2.909,1.238,-0.88,94.862,0.026,2.909,4.984,3.752,0,4.68,4.983,3.909,100.0,0.696,1.636,0,0,0,OFFBOARD
479,RETURN,48.64,95.065,-0.024,1.547,-2.909,1.238,-0.88,95.065,0.126,2.909,4.784,3.668,0,4.675,4.784,3.931,95.065,-0.024,1.547,0,0,0,OFFBOARD
480,RETURN,50.75,95.255,-0.071,1.551,0.059,0.035,-0.0,-95.255,0.079,0.059,2.458,1.892,1,2.259,2.609,2.684,94.615,0.132,1.559,0,0,0,OFFBOARD
481,RETURN,50.85,95.212,-0.087,1.551,0.059,0.035,-0.0,-95.211,0.063,0.059,2.434,2.106,0,2.311,2.606,2.756,94.165,0.262,1.57,0,0,0,OFFBOARD
482,RETURN,50.95,95.168,-0.097,1.551,0.059,0.035,-0.0,-95.168,0.053,0.059,2.887,2.21,0,2.628,2.997,2.781,93.871,0.378,1.581,0,0,0,OFFBOARD
483,RETURN,51.05,95.122,-0.1,1.552,0.059,0.035,-0.0,-95.122,0.05,0.059,2.157,2.072,0,2.947,2.953,1.872,93.68,0.492,1.593,0,0,0,OFFBOARD
484,RETURN,51.15,95.068,-0.095,1.553,0.059,0.035,-0.0,-95.068,0.055,0.059,1.923,1.923,1,3.598,2.82,1.873,93.556,0.574,1.604,0,0,0,OFFBOARD
485,RETURN,51.25,95.001,-0.08,1.556,0.059,0.035,-0.0,-95.001,0.07,0.059,1.823,1.823,1,4.573,5.285,1.824,93.411,0.701,1.615,0,0,0,OFFBOARD
486,RETURN,51.35,94.918,-0.052,1.559,0.059,0.035,-0.0,-94.918,0.098,0.059,1.867,1.742,1,5.857,5.664,1.782,93.16,0.881,1.625,0,0,0,OFFBOARD
487,RETURN,51.46,94.816,-0.009,1.563,0.059,0.035,-0.0,-94.816,0.141,0.059,3.523,1.67,1,6.743,5.232,2.764,92.91,1.072,1.635,0,0,0,OFFBOARD
488,RETURN,51.56,94.696,0.047,1.568,0.059,0.035,-0.0,-94.696,0.197,0.059,3.49,1.647,1,6.577,5.132,2.736,92.599,1.18,1.642,0,0,0,OFFBOARD
489,RETURN,51.66,94.556,0.118,1.573,0.059,0.035,-0.0,-94.556,0.268,0.059,3.628,3.359,0,5.506,5.401,2.809,92.301,1.219,1.648,0,0,0,OFFBOARD
490,RETURN,51.76,94.403,0.199,1.579,0.059,0.035,-0.0,-94.403,0.349,0.059,3.956,3.106,0,4.372,5.67,2.984,91.951,1.205,1.649,0,0,0,OFFBOARD
491,RETURN,51.86,94.237,0.289,1.586,0.059,0.035,-0.0,-94.236,0.439,0.059,4.363,2.782,0,3.857,4.751,3.25,91.57,1.137,1.64,0,0,0,OFFBOARD
492,RETURN,51.96,94.063,0.384,1.592,0.059,0.035,-0.0,-94.063,0.534,0.059,4.152,2.5,0,3.121,4.404,3.575,91.269,1.017,1.626,0,0,0,OFFBOARD
493,RETURN,52.07,93.885,0.478,1.598,0.059,0.035,-0.0,-93.885,0.628,0.059,3.758,2.347,0,2.867,4.164,3.848,90.979,0.867,1.609,0,0,0,OFFBOARD
494,RETURN,52.17,93.711,0.566,1.602,0.059,0.035,-0.0,-93.711,0.716,0.059,3.586,2.227,0,2.708,3.905,3.84,90.719,0.691,1.593,0,0,0,OFFBOARD
495,RETURN,52.27,93.522,0.649,1.605,0.059,0.035,-0.0,-93.522,0.799,0.059,3.578,2.185,0,2.991,3.722,3.762,90.495,0.505,1.579,0,0,0,OFFBOARD
496,RETURN,52.37,93.342,0.714,1.607,0.059,0.035,-0.0,-93.342,0.864,0.059,3.409,2.179,0,3.134,3.635,3.68,90.23,0.315,1.568,0,0,0,OFFBOARD
497,RETURN,52.47,93.154,0.762,1.607,0.059,0.035,-0.0,-93.154,0.912,0.059,3.99,2.005,0,3.116,4.256,3.774,89.917,0.138,1.56,0,0,0,OFFBOARD
498,RETURN,52.57,92.962,0.788,1.606,0.059,0.035,-0.0,-92.962,0.938,0.059,4.157,2.311,0,3.494,4.297,3.761,89.575,-0.026,1.554,0,0,0,OFFBOARD
499,RETURN,52.68,92.764,0.792,1.604,0.059,0.035,-0.0,-92.763,0.942,0.059,4.711,2.431,0,3.829,5.206,3.75,89.219,-0.175,1.551,0,0,0,OFFBOARD
500,RETURN,52.78,92.556,0.772,1.601,0.059,0.035,-0.0,-92.556,0.922,0.059,4.93,2.485,0,3.669,5.187,3.705,88.863,-0.311,1.549,0,0,0,OFFBOARD
501,RETURN,52.88,92.345,0.73,1.598,0.059,0.035,-0.0,-92.345,0.88,0.059,5.025,2.781,0,4.389,5.099,3.724,88.502,-0.43,1.548,0,0,0,OFFBOARD
502,RETURN,52.98,92.127,0.666,1.593,0.059,0.035,-0.0,-92.127,0.816,0.059,4.868,3.013,0,4.42,4.946,3.807,88.134,-0.551,1.548,0,0,0,OFFBOARD
503,RETURN,53.08,91.907,0.584,1.589,0.059,0.035,-0.0,-91.907,0.734,0.059,4.75,2.971,0,4.233,4.783,3.945,87.79,-0.665,1.549,0,0,0,OFFBOARD
504,RETURN,53.18,91.688,0.489,1.585,0.059,0.035,-0.0,-91.688,0.639,0.059,4.546,3.495,0,4.028,4.61,4.115,87.426,-0.761,1.551,0,0,0,OFFBOARD
505,RETURN,53.29,91.47,0.383,1.581,0.059,0.035,-0.0,-91.47,0.533,0.059,4.372,3.704,0,3.839,4.443,4.257,87.032,-0.816,1.553,0,0,0,OFFBOARD
506,RETURN,53.39,91.256,0.272,1.577,0.059,0.035,-0.0,-91.256,0.422,0.059,5.92,3.54,0,3.763,6.64,4.302,86.63,-0.865,1.554,0,0,0,OFFBOARD
507,RETURN,53.49,91.047,0.158,1.574,0.059,0.035,-0.0,-91.047,0.308,0.059,5.643,3.619,0,3.678,6.687,4.433,86.229,-0.906,1.545,0,0,0,OFFBOARD
508,RETURN,53.59,90.839,0.045,1.571,0.059,0.035,-0.0,-90.839,0.195,0.059,5.477,3.437,0,4.036,6.982,4.421,85.88,-0.955,1.53,0,0,0,OFFBOARD
509,RETURN,53.69,90.638,-0.064,1.568,0.059,0.035,-0.0,-90.638,0.086,0.059,5.453,3.234,0,4.132,6.963,4.351,85.54,-1.0,1.513,0,0,0,OFFBOARD
510,RETURN,53.79,90.438,-0.167,1.564,0.059,0.035,-0.0,-90.438,-0.017,0.059,5.432,3.016,0,4.124,6.77,4.246,85.292,-1.027,1.493,0,0,0,OFFBOARD
511,RETURN,53.89,90.239,-0.265,1.56,0.059,0.035,-0.0,-90.239,-0.115,0.059,5.235,2.921,0,3.97,6.702,4.131,85.013,-1.019,1.473,0,0,0,OFFBOARD
512,RETURN,53.99,90.042,-0.353,1.555,0.059,0.035,-0.0,-90.042,-0.203,0.059,5.13,3.138,0,3.882,10.0,4.026,84.701,-1.0,1.452,0,0,0,OFFBOARD
513,RETURN,54.1,89.845,-0.435,1.548,0.059,0.035,-0.0,-89.845,-0.285,0.059,5.712,3.117,0,4.3,10.0,3.941,84.478,-0.978,1.442,0,0,0,OFFBOARD
514,RETURN,54.2,89.645,-0.509,1.54,0.059,0.035,-0.0,-89.645,-0.359,0.059,5.711,3.031,0,4.362,10.0,3.88,84.24,-0.947,1.437,0,0,0,OFFBOARD
515,RETURN,54.3,89.446,-0.577,1.532,0.059,0.035,-0.0,-89.446,-0.427,0.059,5.611,2.908,0,4.335,10.0,3.841,83.993,-0.909,1.436,0,0,0,OFFBOARD
516,RETURN,54.4,89.245,-0.638,1.523,0.059,0.035,-0.0,-89.245,-0.488,0.059,5.415,2.792,0,4.146,10.0,3.818,83.754,-0.865,1.441,0,0,0,OFFBOARD
517,RETURN,54.5,89.042,-0.693,1.515,0.059,0.035,-0.0,-89.042,-0.543,0.059,5.443,2.725,0,3.988,10.0,3.805,83.519,-0.82,1.45,0,0,0,OFFBOARD
518,RETURN,54.6,88.841,-0.742,1.507,0.059,0.035,-0.0,-88.841,-0.592,0.059,5.652,3.063,0,4.461,10.0,3.8,83.342,-0.757,1.463,0,0,0,OFFBOARD
519,RETURN,54.71,88.642,-0.785,1.499,0.059,0.035,-0.0,-88.642,-0.635,0.059,5.661,3.063,0,4.492,10.0,3.796,83.226,-0.685,1.478,0,0,0,OFFBOARD
520,RETURN,54.81,88.435,-0.823,1.493,0.059,0.035,-0.0,-88.435,-0.673,0.059,5.643,3.025,0,4.501,10.0,3.789,83.126,-0.606,1.495,0,0,0,OFFBOARD
521,RETURN,54.91,88.237,-0.854,1.489,0.059,0.035,-0.0,-88.237,-0.704,0.059,5.569,3.032,0,4.314,10.0,3.781,83.026,-0.533,1.514,0,0,0,OFFBOARD
522,RETURN,55.01,88.032,-0.879,1.486,0.059,0.035,-0.0,-88.032,-0.729,0.059,5.469,2.829,0,4.116,10.0,3.774,82.926,-0.455,1.534,0,0,0,OFFBOARD
523,RETURN,55.11,87.829,-0.897,1.485,0.059,0.035,-0.0,-87.829,-0.747,0.059,5.547,2.678,0,4.016,10.0,3.769,82.826,-0.385,1.555,0,0,0,OFFBOARD
524,RETURN,55.21,87.625,-0.906,1.486,0.059,0.035,-0.0,-87.625,-0.756,0.059,5.561,2.665,0,4.422,10.0,3.769,82.726,-0.349,1.575,0,0,0,OFFBOARD
525,RETURN,55.32,87.424,-0.907,1.489,0.059,0.035,-0.0,-87.424,-0.757,0.059,5.558,2.92,0,4.466,10.0,3.775,82.626,-0.346,1.596,0,0,0,OFFBOARD
526,RETURN,55.42,87.223,-0.899,1.494,0.059,0.035,-0.0,-87.223,-0.749,0.059,5.576,2.716,0,4.403,10.0,3.787,82.526,-0.335,1.616,0,0,0,OFFBOARD
527,RETURN,55.52,87.023,-0.882,1.501,0.059,0.035,-0.0,-87.022,-0.732,0.059,5.616,2.514,0,4.287,10.0,3.806,82.426,-0.322,1.636,0,0,0,OFFBOARD
528,RETURN,55.62,86.82,-0.856,1.51,0.059,0.035,-0.0,-86.82,-0.706,0.059,5.458,2.348,0,4.176,6.843,3.829,82.326,-0.31,1.654,0,0,0,OFFBOARD
529,RETURN,55.72,86.619,-0.823,1.52,0.059,0.035,-0.0,-86.619,-0.673,0.059,5.437,2.308,0,3.985,6.589,3.853,82.226,-0.291,1.66,0,0,0,OFFBOARD
530,RETURN,55.82,86.419,-0.784,1.531,0.059,0.035,-0.0,-86.419,-0.634,0.059,5.604,2.256,0,3.871,6.328,3.877,82.126,-0.243,1.661,0,0,0,OFFBOARD
531,RETURN,55.92,86.216,-0.741,1.542,0.059,0.035,-0.0,-86.216,-0.591,0.059,5.703,2.199,0,3.899,6.07,3.902,82.026,-0.24,1.653,0,0,0,OFFBOARD
532,RETURN,56.02,86.016,-0.695,1.554,0.059,0.035,-0.0,-86.015,-0.545,0.059,5.689,2.135,0,4.3,5.8,3.926,81.926,-0.254,1.638,0,0,0,OFFBOARD
533,RETURN,56.13,85.815,-0.648,1.565,0.059,0.035,-0.0,-85.815,-0.498,0.059,5.484,2.066,0,4.339,5.53,3.948,81.826,-0.291,1.617,0,0,0,OFFBOARD
534,RETURN,56.23,85.612,-0.599,1.575,0.059,0.035,-0.0,-85.612,-0.449,0.059,5.235,1.994,1,4.257,5.268,3.966,81.726,-0.347,1.592,0,0,0,OFFBOARD
535,RETURN,56.33,85.411,-0.551,1.582,0.059,0.035,-0.0,-85.411,-0.401,0.059,4.983,2.921,0,4.06,5.004,3.983,81.563,-0.3,1.575,0,0,0,OFFBOARD
536,RETURN,56.43,85.208,-0.503,1.588,0.059,0.035,-0.0,-85.208,-0.353,0.059,4.706,3.263,0,3.974,4.74,3.995,81.433,-0.252,1.553,0,0,0,OFFBOARD
537,RETURN,56.53,85.005,-0.457,1.591,0.059,0.035,-0.0,-85.005,-0.307,0.059,4.43,3.296,0,4.324,4.476,4.005,81.333,-0.196,1.531,0,0,0,OFFBOARD
538,RETURN,56.63,84.803,-0.415,1.592,0.059,0.035,-0.0,-84.803,-0.265,0.059,4.159,3.389,0,4.357,4.211,4.001,81.233,-0.149,1.516,0,0,0,OFFBOARD
539,RETURN,56.74,84.6,-0.376,1.591,0.059,0.035,-0.0,-84.6,-0.226,0.059,3.891,3.28,0,4.422,3.944,3.928,81.133,-0.118,1.507,0,0,0,OFFBOARD
540,RETURN,56.84,84.402,-0.34,1.587,0.059,0.035,-0.0,-84.402,-0.19,0.059,3.609,3.183,0,4.316,3.671,3.689,81.033,-0.11,1.498,0,0,0,OFFBOARD
541,RETURN,56.94,84.196,-0.306,1.582,0.059,0.035,-0.0,-84.196,-0.156,0.059,3.242,3.242,0,4.139,3.317,3.322,80.933,-0.127,1.488,0,0,0,OFFBOARD
542,RETURN,57.04,83.994,-0.273,1.576,0.059,0.035,-0.0,-83.994,-0.123,0.059,2.961,2.961,0,4.529,3.051,3.052,80.833,-0.149,1.475,0,0,0,OFFBOARD
543,RETURN,57.14,83.792,-0.242,1.569,0.059,0.035,-0.0,-83.792,-0.092,0.059,2.673,2.673,0,4.572,2.785,2.782,80.733,-0.183,1.462,0,0,0,OFFBOARD
544,RETURN,57.24,83.588,-0.211,1.561,0.059,0.035,-0.0,-83.588,-0.061,0.059,2.416,2.416,0,4.602,2.521,2.455,80.633,-0.218,1.451,0,0,0,OFFBOARD
545,RETURN,57.34,83.384,-0.182,1.553,0.059,0.035,-0.0,-83.384,-0.032,0.059,2.24,2.208,0,4.41,2.256,2.16,80.471,-0.231,1.446,0,0,0,OFFBOARD
546,RETURN,57.44,83.182,-0.155,1.543,0.059,0.035,-0.0,-83.182,-0.005,0.059,2.009,1.92,1,4.267,2.019,1.877,80.351,-0.239,1.446,0,0,0,OFFBOARD
547,RETURN,57.55,82.98,-0.133,1.534,0.059,0.035,-0.0,-82.98,0.017,0.059,1.766,1.66,1,4.582,1.787,1.744,80.251,-0.239,1.44,0,0,0,OFFBOARD
548,RETURN,57.65,82.776,-0.115,1.525,0.059,0.035,-0.0,-82.776,0.035,0.059,1.687,1.579,1,4.639,1.705,1.668,80.151,-0.225,1.429,0,0,0,OFFBOARD
549,RETURN,57.75,82.572,-0.103,1.515,0.059,0.035,-0.0,-82.572,0.047,0.059,1.282,1.169,1,4.436,1.283,1.269,80.051,-0.08,1.417,0,0,0,OFFBOARD
550,RETURN,57.85,82.37,-0.097,1.506,0.059,0.035,-0.0,-82.37,0.053,0.059,1.047,0.924,1,1.057,1.055,1.037,79.866,0.218,1.415,0,0,0,OFFBOARD
551,RETURN,57.95,82.166,-0.095,1.497,0.059,0.035,-0.0,-82.166,0.055,0.059,0.827,0.688,1,0.812,0.869,0.8,79.68,0.568,1.416,0,1,0,OFFBOARD
552,RETURN,58.05,81.964,-0.096,1.488,0.059,0.035,-0.0,-81.964,0.054,0.059,0.615,0.488,1,4.268,0.681,0.577,79.496,0.918,1.422,0,1,0,OFFBOARD
553,RETURN,58.16,81.762,-0.094,1.48,0.059,0.035,-0.0,-81.762,0.056,0.059,0.418,0.277,1,4.293,0.468,0.373,79.223,1.268,1.434,1,0,0,OFFBOARD
554,RETURN,58.26,81.767,-0.04,1.483,0.059,0.035,-0.0,-81.767,0.11,0.059,0.351,0.233,1,3.909,6.769,0.316,78.897,1.618,1.449,1,0,0,OFFBOARD
555,RETURN,58.36,81.779,0.019,1.493,0.059,0.035,-0.0,-81.779,0.169,0.059,0.352,0.224,1,3.198,4.542,0.307,78.545,1.968,1.464,1,0,0,OFFBOARD
556,RETURN,58.46,81.776,0.109,1.49,0.059,0.035,-0.0,-81.776,0.259,0.059,0.315,0.254,1,3.273,4.383,0.286,78.164,2.318,1.482,1,0,0,OFFBOARD
557,RETURN,58.56,81.756,0.228,1.482,0.059,0.035,-0.0,-81.756,0.378,0.059,0.305,0.264,1,3.851,0.341,0.293,77.789,2.5,1.501,1,0,0,OFFBOARD
558,RETURN,58.66,81.714,0.363,1.476,0.059,0.035,-0.0,-81.714,0.513,0.059,3.042,0.287,1,4.21,4.18,2.442,77.389,2.5,1.523,1,0,0,OFFBOARD
559,RETURN,58.76,81.637,0.498,1.473,0.059,0.035,-0.0,-81.637,0.648,0.059,2.465,2.268,0,4.466,3.215,2.062,76.986,2.5,1.545,0,0,0,OFFBOARD
560,RETURN,58.86,81.517,0.624,1.473,0.059,0.035,-0.0,-81.517,0.774,0.059,2.271,2.176,0,4.587,2.857,1.918,76.57,2.5,1.561,0,0,0,OFFBOARD
561,RETURN,58.97,81.353,0.732,1.475,0.059,0.035,-0.0,-81.353,0.882,0.059,2.328,2.304,0,4.839,2.913,1.939,76.155,2.5,1.575,0,0,0,OFFBOARD
562,RETURN,59.07,81.153,0.819,1.479,0.059,0.035,-0.0,-81.153,0.97,0.059,2.597,2.555,0,5.298,3.375,2.116,75.756,2.5,1.589,0,0,0,OFFBOARD
563,RETURN,59.17,80.922,0.892,1.484,0.059,0.035,-0.0,-80.922,1.042,0.059,3.168,3.07,0,5.307,4.471,2.477,75.474,2.5,1.603,0,0,0,OFFBOARD
564,RETURN,59.27,80.681,0.953,1.492,0.059,0.035,-0.0,-80.68,1.103,0.059,4.729,3.857,0,5.152,10.0,3.307,75.176,2.5,1.617,0,0,0,OFFBOARD
565,RETURN,59.37,80.431,1.012,1.5,0.059,0.035,-0.0,-80.431,1.162,0.059,5.638,3.65,0,4.143,6.973,4.162,74.974,2.5,1.632,0,0,0,OFFBOARD
566,RETURN,59.48,80.185,1.075,1.51,0.059,0.035,-0.0,-80.185,1.225,0.059,5.05,2.987,0,3.755,10.0,4.963,74.696,2.469,1.635,0,0,0,OFFBOARD
567,RETURN,59.58,79.948,1.149,1.521,0.059,0.035,-0.0,-79.948,1.299,0.059,4.364,2.231,0,3.336,6.193,5.305,74.418,2.415,1.641,0,0,0,OFFBOARD
568,RETURN,59.68,79.722,1.238,1.532,0.059,0.035,-0.0,-79.722,1.388,0.059,3.381,2.05,0,2.994,5.742,5.138,74.081,2.309,1.637,0,0,0,OFFBOARD
569,RETURN,59.78,79.504,1.346,1.543,0.059,0.035,-0.0,-79.504,1.497,0.059,3.153,1.869,1,2.746,4.388,4.751,73.705,2.18,1.63,0,0,0,OFFBOARD
570,RETURN,59.88,79.296,1.469,1.553,0.059,0.035,-0.0,-79.296,1.62,0.059,2.926,1.679,1,2.495,3.951,4.213,73.302,2.033,1.617,0,0,0,OFFBOARD
571,RETURN,59.98,79.092,1.602,1.563,0.059,0.035,-0.0,-79.092,1.752,0.059,2.714,1.483,1,2.259,2.745,3.34,72.884,1.869,1.599,0,0,0,OFFBOARD
572,RETURN,60.08,78.89,1.733,1.571,0.059,0.035,-0.0,-78.89,1.883,0.059,2.501,1.277,1,2.12,2.537,2.555,72.595,1.681,1.576,0,0,0,OFFBOARD
573,RETURN,60.18,78.684,1.853,1.577,0.059,0.035,-0.0,-78.684,2.003,0.059,2.283,1.068,1,1.976,2.316,2.299,72.261,1.473,1.551,0,0,0,OFFBOARD
574,RETURN,60.29,78.477,1.947,1.581,0.059,0.035,-0.0,-78.477,2.097,0.059,2.064,0.851,1,1.869,2.092,1.934,71.886,1.25,1.523,0,0,0,OFFBOARD
575,RETURN,60.39,78.262,2.006,1.583,0.059,0.035,-0.0,-78.262,2.156,0.059,1.861,0.713,1,1.827,1.879,1.697,71.485,1.018,1.49,0,1,0,OFFBOARD
576,RETURN,60.49,78.044,2.023,1.582,0.059,0.035,-0.0,-78.044,2.173,0.059,1.651,0.892,1,1.642,1.67,1.643,71.066,0.808,1.455,0,0,0,OFFBOARD
577,RETURN,60.59,77.821,1.997,1.578,0.059,0.035,-0.0,-77.821,2.147,0.059,1.54,0.919,1,1.433,1.48,1.461,70.637,0.603,1.419,0,0,0,OFFBOARD
578,RETURN,60.69,77.592,1.933,1.571,0.059,0.035,-0.0,-77.592,2.083,0.059,2.281,1.028,1,1.997,2.282,2.093,70.201,0.41,1.389,0,0,0,OFFBOARD
579,RETURN,60.79,77.363,1.838,1.562,0.059,0.035,-0.0,-77.363,1.988,0.059,2.24,0.998,1,2.175,2.256,2.261,69.76,0.222,1.361,0,0,0,OFFBOARD
580,RETURN,60.89,77.131,1.721,1.55,0.059,0.035,-0.0,-77.131,1.871,0.059,2.973,1.357,1,2.012,3.266,3.023,69.316,0.087,1.335,0,0,0,OFFBOARD
581,RETURN,61.0,76.902,1.591,1.535,0.059,0.035,-0.0,-76.902,1.741,0.059,3.041,1.562,1,2.677,3.195,3.263,68.872,-0.025,1.311,0,0,0,OFFBOARD
582,RETURN,61.1,76.672,1.451,1.519,0.059,0.035,-0.0,-76.672,1.602,0.059,2.964,1.635,1,2.776,3.169,3.182,68.53,-0.133,1.29,0,0,0,OFFBOARD
583,RETURN,61.2,76.446,1.308,1.501,0.059,0.035,-0.0,-76.446,1.458,0.059,2.707,2.078,0,2.818,2.762,2.746,68.304,-0.192,1.271,0,0,0,OFFBOARD
584,RETURN,61.3,76.223,1.162,1.481,0.059,0.035,-0.0,-76.223,1.312,0.059,4.826,2.325,0,3.611,6.113,4.072,68.14,-0.265,1.266,0,0,0,OFFBOARD
585,RETURN,61.4,76.002,1.011,1.462,0.059,0.035,-0.0,-76.002,1.161,0.059,4.665,2.154,0,3.434,10.0,4.07,67.996,-0.311,1.27,0,0,0,OFFBOARD
586,RETURN,61.5,75.783,0.856,1.442,0.059,0.035,-0.0,-75.783,1.006,0.059,5.679,1.906,1,4.143,10.0,4.035,67.749,-0.323,1.282,0,0,0,OFFBOARD
587,RETURN,61.61,75.566,0.698,1.422,0.059,0.035,-0.0,-75.566,0.848,0.059,5.529,2.964,0,4.158,10.0,3.954,67.491,-0.283,1.295,0,0,0,OFFBOARD
588,RETURN,61.71,75.356,0.545,1.405,0.059,0.035,-0.0,-75.356,0.695,0.059,5.882,2.686,0,4.299,10.0,3.881,67.201,-0.207,1.316,0,0,0,OFFBOARD
589,RETURN,61.81,75.149,0.398,1.39,0.059,0.035,-0.0,-75.149,0.548,0.059,5.776,2.425,0,4.698,10.0,3.8,66.906,-0.107,1.34,0,0,0,OFFBOARD
590,RETURN,61.91,74.944,0.26,1.377,0.059,0.035,-0.0,-74.944,0.41,0.059,5.516,2.192,0,4.744,10.0,3.709,66.58,0.018,1.368,0,0,0,OFFBOARD
591,RETURN,62.01,74.738,0.137,1.367,0.059,0.035,-0.0,-74.738,0.287,0.059,5.301,1.993,1,4.617,10.0,3.624,66.22,0.139,1.4,0,0,0,OFFBOARD
592,RETURN,62.11,74.533,0.034,1.361,0.059,0.035,-0.0,-74.533,0.184,0.059,5.136,1.834,1,4.748,10.0,3.555,65.828,0.249,1.425,0,0,0,OFFBOARD
593,RETURN,62.21,74.329,-0.045,1.358,0.059,0.035,-0.0,-74.329,0.106,0.059,5.023,1.716,1,5.026,10.0,3.506,65.416,0.345,1.447,0,0,0,OFFBOARD
594,RETURN,62.32,74.124,-0.098,1.358,0.059,0.035,-0.0,-74.124,0.052,0.059,4.957,1.639,1,5.089,10.0,3.475,64.992,0.441,1.474,0,0,0,OFFBOARD
595,RETURN,62.42,73.919,-0.126,1.361,0.059,0.035,-0.0,-73.919,0.024,0.059,4.939,1.606,1,4.983,10.0,3.465,64.578,0.533,1.505,0,0,0,OFFBOARD
596,RETURN,62.52,73.712,-0.13,1.367,0.059,0.035,-0.0,-73.712,0.02,0.059,4.964,3.591,0,4.816,10.0,3.473,64.192,0.532,1.537,0,0,0,OFFBOARD
597,RETURN,62.62,73.507,-0.111,1.375,0.059,0.035,-0.0,-73.507,0.039,0.059,5.031,3.581,0,4.712,10.0,3.498,63.936,0.541,1.565,0,0,0,OFFBOARD
598,RETURN,62.72,73.301,-0.075,1.386,0.059,0.035,-0.0,-73.301,0.075,0.059,5.141,3.958,0,4.854,10.0,3.539,63.762,0.554,1.593,0,0,0,OFFBOARD
599,RETURN,62.82,73.095,-0.025,1.4,0.059,0.035,-0.0,-73.095,0.125,0.059,5.29,4.08,0,4.977,10.0,3.589,63.639,0.543,1.611,0,0,0,OFFBOARD
600,RETURN,62.92,72.889,0.034,1.415,0.059,0.035,-0.0,-72.889,0.184,0.059,5.466,3.989,0,4.915,10.0,3.636,63.509,0.512,1.619,0,0,0,OFFBOARD
601,RETURN,63.03,72.682,0.098,1.432,0.059,0.035,-0.0,-72.682,0.248,0.059,5.653,3.809,0,4.829,10.0,3.683,63.32,0.479,1.62,0,0,0,OFFBOARD
602,RETURN,63.13,72.476,0.163,1.45,0.059,0.035,-0.0,-72.476,0.313,0.059,5.71,3.614,0,4.686,10.0,3.733,63.043,0.433,1.616,0,0,0,OFFBOARD
603,RETURN,63.23,72.272,0.223,1.467,0.059,0.035,-0.0,-72.272,0.373,0.059,5.704,3.423,0,4.544,10.0,3.781,62.706,0.409,1.608,0,0,0,OFFBOARD
604,RETURN,63.33,72.066,0.278,1.484,0.059,0.035,-0.0,-72.066,0.428,0.059,5.705,3.314,0,4.428,10.0,3.822,62.337,0.407,1.599,0,0,0,OFFBOARD
605,RETURN,63.43,71.861,0.325,1.499,0.059,0.035,-0.0,-71.861,0.475,0.059,5.711,3.229,0,4.254,10.0,3.852,61.945,0.421,1.59,0,0,0,OFFBOARD
606,RETURN,63.53,71.658,0.363,1.513,0.059,0.035,-0.0,-71.658,0.513,0.059,5.727,3.49,0,4.094,10.0,3.875,61.542,0.449,1.581,0,0,0,OFFBOARD
607,RETURN,63.64,71.456,0.391,1.525,0.059,0.035,-0.0,-71.456,0.541,0.059,5.753,3.441,0,4.064,10.0,3.893,61.158,0.482,1.574,0,0,0,OFFBOARD
608,RETURN,63.74,71.249,0.411,1.535,0.059,0.035,-0.0,-71.249,0.561,0.059,5.812,3.403,0,4.534,10.0,3.912,60.79,0.518,1.57,0,0,0,OFFBOARD
609,RETURN,63.84,71.047,0.424,1.543,0.059,0.035,-0.0,-71.047,0.574,0.059,5.87,3.385,0,4.563,10.0,3.921,60.425,0.563,1.566,0,0,0,OFFBOARD
610,RETURN,63.94,70.846,0.431,1.549,0.059,0.035,-0.0,-70.846,0.581,0.059,5.689,3.185,0,4.423,10.0,3.93,60.082,0.607,1.567,0,0,0,OFFBOARD
611,RETURN,64.04,70.64,0.435,1.555,0.059,0.035,-0.0,-70.64,0.585,0.059,5.587,3.093,0,4.229,10.0,3.939,59.731,0.652,1.569,0,0,0,OFFBOARD
612,RETURN,64.14,70.435,0.439,1.559,0.059,0.035,-0.0,-70.435,0.589,0.059,5.622,3.407,0,4.093,10.0,3.951,59.417,0.704,1.573,0,0,0,OFFBOARD
613,RETURN,64.25,70.233,0.443,1.562,0.059,0.035,-0.0,-70.233,0.593,0.059,5.771,3.439,0,4.281,10.0,3.962,59.136,0.755,1.577,0,0,0,OFFBOARD
614,RETURN,64.35,70.03,0.45,1.565,0.059,0.035,-0.0,-70.03,0.6,0.059,5.801,3.456,0,4.477,10.0,3.973,58.858,0.806,1.578,0,0,0,OFFBOARD
615,RETURN,64.45,69.826,0.462,1.567,0.059,0.035,-0.0,-69.826,0.612,0.059,5.804,3.421,0,4.448,10.0,3.982,58.582,0.861,1.578,0,0,0,OFFBOARD
616,RETURN,64.55,69.624,0.478,1.569,0.059,0.035,-0.0,-69.624,0.628,0.059,5.732,3.218,0,4.456,10.0,3.988,58.335,0.912,1.581,0,0,0,OFFBOARD
617,RETURN,64.65,69.42,0.5,1.571,0.059,0.035,-0.0,-69.42,0.65,0.059,5.53,3.079,0,4.273,10.0,3.991,58.063,0.962,1.585,0,0,0,OFFBOARD
618,RETURN,64.75,69.217,0.527,1.572,0.059,0.035,-0.0,-69.217,0.677,0.059,5.495,3.046,0,4.075,10.0,3.993,57.797,1.01,1.588,0,0,0,OFFBOARD
619,RETURN,64.85,69.013,0.56,1.574,0.059,0.035,-0.0,-69.013,0.71,0.059,5.585,3.366,0,3.979,10.0,3.994,57.523,1.061,1.591,0,0,0,OFFBOARD
620,RETURN,64.95,68.811,0.598,1.575,0.059,0.035,-0.0,-68.811,0.748,0.059,5.707,3.308,0,4.243,10.0,3.994,57.244,1.108,1.593,0,0,0,OFFBOARD
621,RETURN,65.06,68.609,0.641,1.577,0.059,0.035,-0.0,-68.609,0.791,0.059,5.734,3.235,0,4.3,10.0,3.995,56.946,1.15,1.596,0,0,0,OFFBOARD
622,RETURN,65.16,68.407,0.688,1.579,0.059,0.035,-0.0,-68.407,0.839,0.059,5.734,3.164,0,4.296,10.0,3.996,56.703,1.188,1.596,0,0,0,OFFBOARD
623,RETURN,65.26,68.205,0.739,1.58,0.059,0.035,-0.0,-68.205,0.889,0.059,5.583,3.067,0,4.278,10.0,3.999,56.484,1.228,1.593,0,0,0,OFFBOARD
624,RETURN,65.36,68.002,0.793,1.582,0.059,0.035,-0.0,-68.002,0.943,0.059,5.384,2.868,0,4.127,10.0,4.003,56.258,1.258,1.587,0,0,0,OFFBOARD
625,RETURN,65.46,67.798,0.849,1.583,0.059,0.035,-0.0,-67.798,0.999,0.059,5.185,2.669,0,3.928,10.0,4.007,56.015,1.278,1.582,0,0,0,OFFBOARD
626,RETURN,65.56,67.596,0.906,1.584,0.059,0.035,-0.0,-67.596,1.056,0.059,4.983,2.488,0,3.727,10.0,4.01,55.772,1.287,1.579,0,0,0,OFFBOARD
627,RETURN,65.66,67.393,0.964,1.585,0.059,0.035,-0.0,-67.393,1.114,0.059,4.811,2.402,0,3.53,10.0,4.011,55.553,1.29,1.575,0,0,0,OFFBOARD
628,RETURN,65.77,67.189,1.021,1.585,0.059,0.035,-0.0,-67.189,1.171,0.059,4.695,2.582,0,3.428,10.0,4.016,55.356,1.302,1.566,0,0,0,OFFBOARD
629,RETURN,65.87,66.987,1.076,1.585,0.059,0.035,-0.0,-66.987,1.226,0.059,4.585,2.513,0,3.357,6.897,4.017,55.196,1.307,1.557,0,0,0,OFFBOARD
630,RETURN,65.97,66.781,1.129,1.584,0.059,0.035,-0.0,-66.781,1.28,0.059,4.42,2.43,0,3.758,6.696,4.017,54.935,1.304,1.541,0,0,0,OFFBOARD
631,RETURN,66.07,66.578,1.178,1.582,0.059,0.035,-0.0,-66.578,1.328,0.059,4.155,2.336,0,3.697,6.433,4.014,54.608,1.292,1.525,0,0,0,OFFBOARD
632,RETURN,66.17,66.372,1.224,1.58,0.059,0.035,-0.0,-66.372,1.374,0.059,3.967,2.275,0,3.64,6.231,3.949,54.24,1.273,1.516,0,0,0,OFFBOARD
633,RETURN,66.28,66.168,1.263,1.576,0.059,0.035,-0.0,-66.168,1.413,0.059,3.801,2.226,0,3.518,6.031,3.752,53.846,1.247,1.512,0,0,0,OFFBOARD
634,RETURN,66.38,65.966,1.297,1.572,0.059,0.035,-0.0,-65.966,1.447,0.059,3.653,2.065,0,3.32,5.834,3.573,53.438,1.221,1.51,0,0,0,OFFBOARD
635,RETURN,66.48,65.762,1.325,1.567,0.059,0.035,-0.0,-65.762,1.475,0.059,3.525,1.861,1,3.116,5.63,3.402,53.018,1.186,1.509,0,0,0,OFFBOARD
636,RETURN,66.58,65.56,1.347,1.562,0.059,0.035,-0.0,-65.56,1.497,0.059,3.436,1.824,1,2.98,5.434,3.251,52.588,1.169,1.513,0,0,0,OFFBOARD
637,RETURN,66.68,65.356,1.362,1.557,0.059,0.035,-0.0,-65.356,1.512,0.059,3.982,2.048,0,3.393,5.28,3.109,52.15,1.17,1.518,0,0,0,OFFBOARD
638,RETURN,66.78,65.154,1.371,1.552,0.059,0.035,-0.0,-65.154,1.521,0.059,3.969,2.032,0,3.485,6.035,2.98,51.709,1.185,1.526,0,0,0,OFFBOARD
639,RETURN,66.88,64.95,1.373,1.547,0.059,0.035,-0.0,-64.95,1.523,0.059,4.64,2.047,0,3.478,5.989,2.881,51.265,1.207,1.535,0,0,0,OFFBOARD
640,RETURN,66.99,64.748,1.369,1.544,0.059,0.035,-0.0,-64.748,1.519,0.059,4.63,2.071,0,3.374,5.787,3.794,50.819,1.229,1.546,0,0,0,OFFBOARD
641,RETURN,67.09,64.546,1.361,1.541,0.059,0.035,-0.0,-64.546,1.511,0.059,4.432,1.92,1,3.176,5.589,3.851,50.372,1.309,1.556,0,0,0,OFFBOARD
642,RETURN,67.19,64.342,1.348,1.54,0.059,0.035,-0.0,-64.342,1.499,0.059,4.23,1.831,1,2.974,5.387,3.879,49.924,1.389,1.556,0,0,0,OFFBOARD
643,RETURN,67.29,64.14,1.334,1.539,0.059,0.035,-0.0,-64.14,1.485,0.059,4.032,2.093,0,2.965,6.223,3.903,49.475,1.395,1.548,0,0,0,OFFBOARD
644,RETURN,67.39,63.938,1.321,1.539,0.059,0.035,-0.0,-63.938,1.471,0.059,4.62,2.109,0,3.474,6.244,3.903,49.026,1.362,1.538,0,0,0,OFFBOARD
645,RETURN,67.49,63.735,1.309,1.539,0.059,0.035,-0.0,-63.735,1.459,0.059,4.707,2.146,0,3.519,6.044,3.905,48.584,1.327,1.526,0,0,0,OFFBOARD
646,RETURN,67.59,63.531,1.3,1.539,0.059,0.035,-0.0,-63.531,1.45,0.059,4.588,2.175,0,3.431,5.844,3.906,48.146,1.29,1.514,0,0,0,OFFBOARD
647,RETURN,67.7,63.329,1.296,1.538,0.059,0.035,-0.0,-63.329,1.446,0.059,4.387,1.975,1,3.231,5.679,3.905,47.718,1.254,1.505,0,0,0,OFFBOARD
648,RETURN,67.8,63.125,1.294,1.537,0.059,0.035,-0.0,-63.125,1.445,0.059,4.187,1.92,1,3.031,6.243,3.901,47.284,1.211,1.502,0,0,0,OFFBOARD
649,RETURN,67.9,62.921,1.296,1.535,0.059,0.035,-0.0,-62.921,1.446,0.059,4.103,2.218,0,3.491,6.499,3.896,46.845,1.189,1.505,0,0,0,OFFBOARD
650,RETURN,68.0,62.721,1.298,1.533,0.059,0.035,-0.0,-62.721,1.448,0.059,4.788,2.214,0,3.59,6.297,3.89,46.409,1.165,1.502,0,0,0,OFFBOARD
651,RETURN,68.1,62.519,1.299,1.53,0.059,0.035,-0.0,-62.519,1.449,0.059,4.841,2.206,0,3.585,6.097,3.885,45.976,1.135,1.497,0,0,0,OFFBOARD
652,RETURN,68.2,62.315,1.298,1.528,0.059,0.035,-0.0,-62.315,1.448,0.059,4.643,2.202,0,3.387,5.899,3.88,45.545,1.11,1.49,0,0,0,OFFBOARD
653,RETURN,68.31,62.113,1.293,1.525,0.059,0.035,-0.0,-62.113,1.443,0.059,4.443,2.031,0,3.187,5.699,3.874,45.117,1.076,1.486,0,0,0,OFFBOARD
654,RETURN,68.41,61.913,1.285,1.522,0.059,0.035,-0.0,-61.913,1.436,0.059,4.232,2.248,0,3.134,6.312,3.864,44.697,1.05,1.485,0,0,0,OFFBOARD
655,RETURN,68.51,61.703,1.273,1.518,0.059,0.035,-0.0,-61.703,1.423,0.059,4.919,2.288,0,3.693,6.488,3.856,44.289,1.033,1.482,0,0,0,OFFBOARD
656,RETURN,68.61,61.499,1.258,1.515,0.059,0.035,-0.0,-61.499,1.408,0.059,5.032,2.321,0,3.71,6.288,3.848,43.875,1.012,1.478,0,0,0,OFFBOARD
657,RETURN,68.71,61.295,1.24,1.511,0.059,0.035,-0.0,-61.295,1.39,0.059,4.832,2.319,0,3.575,6.088,3.839,43.452,0.989,1.473,0,0,0,OFFBOARD
658,RETURN,68.81,61.093,1.22,1.508,0.059,0.035,-0.0,-61.093,1.37,0.059,4.632,2.119,0,3.376,6.038,3.83,43.029,0.965,1.47,0,0,0,OFFBOARD
659,RETURN,68.92,60.889,1.198,1.504,0.059,0.035,-0.0,-60.889,1.348,0.059,4.44,2.083,0,3.276,6.918,3.822,42.602,0.94,1.468,0,0,0,OFFBOARD
660,RETURN,69.02,60.687,1.175,1.501,0.059,0.035,-0.0,-60.687,1.325,0.059,5.03,2.377,0,3.777,6.744,3.813,42.204,0.935,1.462,0,0,0,OFFBOARD
661,RETURN,69.12,60.485,1.151,1.497,0.059,0.035,-0.0,-60.485,1.301,0.059,5.173,2.384,0,3.826,6.678,3.811,41.793,0.929,1.457,0,0,0,OFFBOARD
662,RETURN,69.22,60.283,1.127,1.494,0.059,0.035,-0.0,-60.283,1.277,0.059,5.086,2.471,0,3.83,6.467,3.797,41.374,0.921,1.452,0,0,0,OFFBOARD
663,RETURN,69.32,60.081,1.102,1.49,0.059,0.035,-0.0,-60.081,1.252,0.059,4.888,2.376,0,3.632,10.0,3.785,40.947,0.918,1.45,0,0,0,OFFBOARD
664,RETURN,69.42,59.879,1.077,1.486,0.059,0.035,-0.0,-59.879,1.227,0.059,4.743,2.274,0,3.486,10.0,3.772,40.632,0.911,1.453,0,0,0,OFFBOARD
665,RETURN,69.52,59.675,1.051,1.482,0.059,0.035,-0.0,-59.675,1.201,0.059,5.275,2.573,0,3.935,10.0,3.77,40.374,0.922,1.461,0,0,0,OFFBOARD
666,RETURN,69.62,59.473,1.027,1.479,0.059,0.035,-0.0,-59.473,1.177,0.059,5.375,2.619,0,4.062,6.927,3.762,40.163,0.932,1.469,0,0,0,OFFBOARD
667,RETURN,69.73,59.271,1.003,1.476,0.059,0.035,-0.0,-59.271,1.153,0.059,5.345,2.686,0,4.088,10.0,3.755,39.876,0.94,1.475,0,0,0,OFFBOARD
668,RETURN,69.83,59.067,0.981,1.474,0.059,0.035,-0.0,-59.067,1.131,0.059,5.145,2.632,0,3.888,10.0,3.749,39.619,0.955,1.484,0,0,0,OFFBOARD
669,RETURN,69.93,58.865,0.961,1.473,0.059,0.035,-0.0,-58.865,1.111,0.059,5.013,2.458,0,3.684,10.0,3.746,39.355,0.963,1.492,0,0,0,OFFBOARD
670,RETURN,70.03,58.663,0.943,1.472,0.059,0.035,-0.0,-58.663,1.093,0.059,5.184,2.78,0,3.686,10.0,3.745,39.058,0.988,1.498,0,0,0,OFFBOARD
671,RETURN,70.13,58.459,0.928,1.473,0.059,0.035,-0.0,-58.459,1.078,0.059,5.368,2.833,0,4.149,10.0,3.745,38.782,1.012,1.505,0,0,0,OFFBOARD
672,RETURN,70.23,58.257,0.916,1.474,0.059,0.035,-0.0,-58.257,1.066,0.059,5.409,2.832,0,4.21,10.0,3.748,38.46,1.032,1.515,0,0,0,OFFBOARD
673,RETURN,70.33,58.053,0.907,1.475,0.059,0.035,-0.0,-58.053,1.057,0.059,5.401,2.845,0,4.145,10.0,3.751,38.109,1.054,1.526,0,0,0,OFFBOARD
674,RETURN,70.44,57.851,0.902,1.478,0.059,0.035,-0.0,-57.851,1.052,0.059,5.199,2.686,0,3.943,10.0,3.757,37.739,1.078,1.54,0,0,0,OFFBOARD
675,RETURN,70.54,57.647,0.901,1.482,0.059,0.035,-0.0,-57.647,1.051,0.059,5.112,2.55,0,3.745,10.0,3.765,37.346,1.1,1.55,0,0,0,OFFBOARD
676,RETURN,70.64,57.449,0.904,1.486,0.059,0.035,-0.0,-57.449,1.054,0.059,5.268,2.842,0,3.842,10.0,3.778,36.937,1.138,1.559,0,0,0,OFFBOARD
677,RETURN,70.74,57.237,0.91,1.491,0.059,0.035,-0.0,-57.237,1.06,0.059,5.396,2.851,0,4.2,10.0,3.789,36.531,1.172,1.563,0,0,0,OFFBOARD
678,RETURN,70.84,57.039,0.919,1.497,0.059,0.035,-0.0,-57.039,1.069,0.059,5.433,2.835,0,4.142,10.0,3.803,36.16,1.2,1.56,0,0,0,OFFBOARD
679,RETURN,70.95,56.835,0.932,1.502,0.059,0.035,-0.0,-56.835,1.082,0.059,5.391,2.815,0,4.078,10.0,3.816,35.82,1.225,1.551,0,0,0,OFFBOARD
680,RETURN,71.05,56.631,0.949,1.508,0.059,0.035,-0.0,-56.631,1.099,0.059,5.191,2.678,0,3.935,10.0,3.83,35.474,1.25,1.54,0,0,0,OFFBOARD
681,RETURN,71.15,56.427,0.968,1.514,0.059,0.035,-0.0,-56.427,1.118,0.059,4.989,2.476,0,3.733,10.0,3.842,35.147,1.257,1.525,0,0,0,OFFBOARD
682,RETURN,71.25,56.223,0.991,1.518,0.059,0.035,-0.0,-56.223,1.141,0.059,4.85,2.392,0,3.544,10.0,3.852,34.834,1.259,1.508,0,0,0,OFFBOARD
683,RETURN,71.35,56.021,1.015,1.521,0.059,0.035,-0.0,-56.021,1.165,0.059,4.794,2.609,0,3.506,10.0,3.859,34.554,1.274,1.49,0,0,0,OFFBOARD
684,RETURN,71.45,55.817,1.042,1.522,0.059,0.035,-0.0,-55.817,1.192,0.059,5.314,2.562,0,3.943,6.903,3.863,34.319,1.282,1.472,0,0,0,OFFBOARD
685,RETURN,71.56,55.615,1.07,1.522,0.059,0.035,-0.0,-55.615,1.221,0.059,5.341,2.522,0,3.939,6.706,3.863,34.01,1.284,1.456,0,0,0,OFFBOARD
686,RETURN,71.66,55.411,1.1,1.52,0.059,0.035,-0.0,-55.411,1.25,0.059,5.245,2.488,0,3.908,6.58,3.854,33.652,1.279,1.442,0,0,0,OFFBOARD
687,RETURN,71.76,55.209,1.128,1.517,0.059,0.035,-0.0,-55.209,1.278,0.059,5.047,2.458,0,3.791,6.46,3.853,33.262,1.27,1.428,0,0,0,OFFBOARD
688,RETURN,71.86,55.007,1.156,1.512,0.059,0.035,-0.0,-55.007,1.306,0.059,4.847,2.335,0,3.591,6.485,3.842,32.852,1.262,1.417,0,0,0,OFFBOARD
689,RETURN,71.96,54.803,1.183,1.506,0.059,0.035,-0.0,-54.803,1.333,0.059,4.645,2.133,0,3.389,6.729,3.829,32.433,1.242,1.409,0,0,0,OFFBOARD
690,RETURN,72.06,54.601,1.208,1.499,0.059,0.035,-0.0,-54.601,1.358,0.059,4.463,2.085,0,3.295,6.597,3.813,32.025,1.218,1.401,0,0,0,OFFBOARD
691,RETURN,72.16,54.399,1.23,1.491,0.059,0.035,-0.0,-54.399,1.38,0.059,4.435,2.311,0,3.687,6.456,3.796,31.626,1.209,1.392,0,0,0,OFFBOARD
692,RETURN,72.26,54.195,1.25,1.483,0.059,0.035,-0.0,-54.195,1.4,0.059,5.085,2.279,0,3.765,6.313,3.777,31.221,1.194,1.386,0,0,0,OFFBOARD
693,RETURN,72.37,53.993,1.265,1.475,0.059,0.035,-0.0,-53.993,1.415,0.059,5.097,2.272,0,3.784,6.165,3.758,30.805,1.174,1.385,0,0,0,OFFBOARD
694,RETURN,72.47,53.791,1.277,1.466,0.059,0.035,-0.0,-53.791,1.427,0.059,4.903,2.267,0,3.647,6.015,3.737,30.381,1.149,1.388,0,0,0,OFFBOARD
695,RETURN,72.57,53.587,1.285,1.457,0.059,0.035,-0.0,-53.587,1.435,0.059,4.703,2.191,0,3.447,5.861,3.717,29.959,1.129,1.395,0,0,0,OFFBOARD
696,RETURN,72.67,53.385,1.29,1.449,0.059,0.035,-0.0,-53.385,1.44,0.059,4.503,1.997,1,3.26,5.699,3.697,29.554,1.098,1.406,0,0,0,OFFBOARD
697,RETURN,72.77,53.185,1.29,1.442,0.059,0.035,-0.0,-53.185,1.44,0.059,4.408,2.0,0,3.27,5.528,3.68,29.135,1.066,1.423,0,0,0,OFFBOARD
698,RETURN,72.87,52.981,1.286,1.436,0.059,0.035,-0.0,-52.981,1.436,0.059,5.023,2.321,0,3.826,5.355,3.665,28.771,1.055,1.443,0,0,0,OFFBOARD
699,RETURN,72.97,52.781,1.279,1.432,0.059,0.035,-0.0,-52.781,1.429,0.059,4.936,2.329,0,3.86,5.16,3.653,28.454,1.038,1.465,0,0,0,OFFBOARD
700,RETURN,73.08,52.577,1.268,1.43,0.059,0.035,-0.0,-52.577,1.418,0.059,4.834,2.335,0,3.703,4.978,3.645,28.199,1.018,1.488,0,0,0,OFFBOARD
701,RETURN,73.18,52.373,1.254,1.429,0.059,0.035,-0.0,-52.373,1.404,0.059,4.661,2.181,0,3.437,4.741,3.642,28.008,0.998,1.511,0,0,0,OFFBOARD
702,RETURN,73.28,52.171,1.237,1.431,0.059,0.035,-0.0,-52.171,1.387,0.059,4.489,2.087,0,3.367,4.535,3.645,27.875,0.972,1.536,0,0,0,OFFBOARD
703,RETURN,73.38,51.975,1.218,1.435,0.059,0.035,-0.0,-51.975,1.368,0.059,4.294,2.406,0,3.914,4.37,3.654,27.775,0.966,1.56,0,0,0,OFFBOARD
704,RETURN,73.48,51.761,1.195,1.441,0.059,0.035,-0.0,-51.761,1.345,0.059,4.126,2.464,0,3.93,4.239,3.668,27.675,0.95,1.584,0,0,0,OFFBOARD
705,RETURN,73.58,51.559,1.172,1.449,0.059,0.035,-0.0,-51.559,1.322,0.059,3.991,2.514,0,3.894,4.01,3.686,27.575,0.929,1.608,0,0,0,OFFBOARD
706,RETURN,73.69,51.355,1.147,1.46,0.059,0.035,-0.0,-51.355,1.297,0.059,4.107,2.435,0,3.692,3.872,3.709,27.475,0.911,1.631,0,0,0,OFFBOARD
707,RETURN,73.79,51.153,1.122,1.471,0.059,0.035,-0.0,-51.153,1.272,0.059,4.748,2.235,0,3.492,6.004,3.579,27.375,0.878,1.652,0,0,0,OFFBOARD
708,RETURN,73.89,50.951,1.096,1.485,0.059,0.035,-0.0,-50.951,1.246,0.059,4.717,2.25,0,3.469,10.0,3.423,27.218,0.85,1.667,0,0,0,OFFBOARD
709,RETURN,73.99,50.747,1.07,1.499,0.059,0.035,-0.0,-50.747,1.22,0.059,5.299,2.526,0,3.972,6.862,3.682,27.058,0.834,1.679,0,0,0,OFFBOARD
710,RETURN,74.09,50.545,1.044,1.515,0.059,0.035,-0.0,-50.545,1.194,0.059,5.381,2.559,0,4.011,6.749,3.781,26.899,0.814,1.686,0,0,0,OFFBOARD
711,RETURN,74.19,50.341,1.017,1.531,0.059,0.035,-0.0,-50.341,1.167,0.059,5.206,2.606,0,3.95,6.549,3.867,26.706,0.806,1.69,0,0,0,OFFBOARD
712,RETURN,74.29,50.139,0.991,1.547,0.059,0.035,-0.0,-50.139,1.141,0.059,5.006,2.415,0,3.75,6.349,3.904,26.423,0.784,1.688,0,0,0,OFFBOARD
713,RETURN,74.4,49.935,0.965,1.562,0.059,0.035,-0.0,-49.935,1.115,0.059,4.806,2.246,0,3.55,6.149,3.943,26.082,0.752,1.677,0,0,0,OFFBOARD
714,RETURN,74.5,49.733,0.939,1.577,0.059,0.035,-0.0,-49.733,1.089,0.059,4.814,1.975,1,3.512,5.949,3.98,25.703,0.703,1.659,0,0,0,OFFBOARD
715,RETURN,74.6,49.531,0.913,1.59,0.059,0.035,-0.0,-49.531,1.063,0.059,5.463,1.78,1,4.041,5.749,4.013,25.302,0.666,1.648,0,0,0,OFFBOARD
716,RETURN,74.7,49.327,0.888,1.601,0.059,0.035,-0.0,-49.327,1.038,0.059,5.46,1.658,1,4.04,5.673,4.039,24.889,0.613,1.64,0,0,0,OFFBOARD
717,RETURN,74.8,49.125,0.862,1.61,0.059,0.035,-0.0,-49.125,1.012,0.059,5.262,2.75,0,4.006,5.988,4.059,24.472,0.612,1.634,0,0,0,OFFBOARD
718,RETURN,74.9,48.923,0.837,1.617,0.059,0.035,-0.0,-48.923,0.987,0.059,5.062,2.55,0,3.806,6.131,4.085,24.044,0.597,1.624,0,0,0,OFFBOARD
719,RETURN,75.0,48.719,0.811,1.623,0.059,0.035,-0.0,-48.719,0.961,0.059,4.935,2.537,0,3.606,6.119,4.099,23.608,0.594,1.608,0,0,0,OFFBOARD
720,RETURN,75.11,48.517,0.784,1.626,0.059,0.035,-0.0,-48.517,0.934,0.059,4.747,2.93,0,3.611,6.113,4.109,23.167,0.609,1.589,0,0,0,OFFBOARD
721,RETURN,75.21,48.315,0.757,1.628,0.059,0.035,-0.0,-48.315,0.907,0.059,4.664,2.952,0,4.118,6.975,4.115,22.723,0.618,1.574,0,0,0,OFFBOARD
722,RETURN,75.31,48.115,0.73,1.628,0.059,0.035,-0.0,-48.115,0.88,0.059,5.015,2.938,0,4.162,6.818,4.117,22.277,0.638,1.553,0,0,0,OFFBOARD
723,RETURN,75.41,47.907,0.702,1.626,0.059,0.035,-0.0,-47.907,0.852,0.059,5.123,2.806,0,4.062,10.0,4.114,21.83,0.651,1.53,0,0,0,OFFBOARD
724,RETURN,75.51,47.703,0.677,1.623,0.059,0.035,-0.0,-47.703,0.827,0.059,5.051,2.742,0,3.794,10.0,4.099,21.384,0.667,1.51,0,0,0,OFFBOARD
725,RETURN,75.61,47.499,0.653,1.617,0.059,0.035,-0.0,-47.499,0.803,0.059,5.606,3.132,0,3.768,10.0,4.092,20.939,0.693,1.492,0,0,0,OFFBOARD
726,RETURN,75.72,47.297,0.633,1.609,0.059,0.035,-0.0,-47.297,0.783,0.059,5.737,3.149,0,4.174,10.0,4.076,20.494,0.718,1.475,0,0,0,OFFBOARD
727,RETURN,75.82,47.093,0.617,1.6,0.059,0.035,-0.0,-47.093,0.767,0.059,5.705,3.192,0,4.217,10.0,4.056,20.052,0.743,1.464,0,0,0,OFFBOARD
728,RETURN,75.92,46.891,0.605,1.59,0.059,0.035,-0.0,-46.891,0.755,0.059,5.505,2.992,0,4.096,10.0,4.033,19.609,0.76,1.458,0,0,0,OFFBOARD
729,RETURN,76.02,46.687,0.598,1.579,0.059,0.035,-0.0,-46.687,0.748,0.059,5.405,2.881,0,4.043,10.0,4.007,19.164,0.767,1.456,0,0,0,OFFBOARD
730,RETURN,76.12,46.485,0.595,1.568,0.059,0.035,-0.0,-46.485,0.745,0.059,5.504,2.681,0,3.851,10.0,3.98,18.718,0.761,1.457,0,0,0,OFFBOARD
731,RETURN,76.22,46.281,0.597,1.556,0.059,0.035,-0.0,-46.281,0.747,0.059,5.686,2.481,0,3.821,10.0,3.953,18.271,0.743,1.461,0,0,0,OFFBOARD
732,RETURN,76.32,46.079,0.603,1.545,0.059,0.035,-0.0,-46.079,0.753,0.059,5.715,2.281,0,4.324,10.0,3.926,17.828,0.714,1.466,0,0,0,OFFBOARD
733,RETURN,76.43,45.877,0.612,1.535,0.059,0.035,-0.0,-45.877,0.762,0.059,5.715,2.079,0,4.439,10.0,3.9,17.39,0.676,1.469,0,0,0,OFFBOARD
734,RETURN,76.53,45.673,0.624,1.526,0.059,0.035,-0.0,-45.673,0.774,0.059,5.563,1.881,1,4.307,10.0,3.877,16.953,0.626,1.471,0,0,0,OFFBOARD
735,RETURN,76.63,45.471,0.636,1.518,0.059,0.035,-0.0,-45.471,0.786,0.059,5.441,1.838,1,4.107,10.0,3.85,16.512,0.58,1.478,0,0,0,OFFBOARD
736,RETURN,76.73,45.271,0.648,1.511,0.059,0.035,-0.0,-45.271,0.798,0.059,5.588,1.818,1,4.024,10.0,3.84,16.068,0.534,1.489,0,0,0,OFFBOARD
737,RETURN,76.83,45.067,0.659,1.505,0.059,0.035,-0.0,-45.067,0.809,0.059,5.708,1.804,1,4.47,10.0,3.826,15.624,0.487,1.504,0,0,0,OFFBOARD
738,RETURN,76.93,44.863,0.666,1.501,0.059,0.035,-0.0,-44.863,0.816,0.059,5.752,1.796,1,4.496,10.0,3.816,15.18,0.439,1.52,0,0,0,OFFBOARD
739,RETURN,77.03,44.661,0.669,1.498,0.059,0.035,-0.0,-44.661,0.819,0.059,5.719,1.792,1,4.526,10.0,3.81,14.735,0.389,1.538,0,0,0,OFFBOARD
740,RETURN,77.14,44.459,0.668,1.497,0.059,0.035,-0.0,-44.459,0.818,0.059,5.519,1.796,1,4.363,10.0,3.807,14.29,0.367,1.556,0,0,0,OFFBOARD
741,RETURN,77.24,44.255,0.661,1.497,0.059,0.035,-0.0,-44.255,0.811,0.059,5.492,1.805,1,4.163,10.0,3.808,13.843,0.357,1.572,0,0,0,OFFBOARD
742,RETURN,77.34,44.053,0.648,1.5,0.059,0.035,-0.0,-44.053,0.798,0.059,5.634,2.731,0,4.069,10.0,3.812,13.395,0.388,1.579,0,0,0,OFFBOARD
743,RETURN,77.44,43.851,0.63,1.504,0.059,0.035,-0.0,-43.851,0.781,0.059,5.737,3.24,0,4.495,10.0,3.819,12.966,0.433,1.587,0,0,0,OFFBOARD
744,RETURN,77.54,43.647,0.608,1.509,0.059,0.035,-0.0,-43.647,0.758,0.059,5.767,3.267,0,4.522,10.0,3.828,12.548,0.477,1.597,0,0,0,OFFBOARD
745,RETURN,77.64,43.447,0.584,1.515,0.059,0.035,-0.0,-43.447,0.734,0.059,5.696,3.296,0,4.519,10.0,3.84,12.129,0.53,1.607,0,0,0,OFFBOARD
746,RETURN,77.74,43.241,0.557,1.522,0.059,0.035,-0.0,-43.241,0.707,0.059,5.576,3.163,0,4.319,10.0,3.849,11.723,0.58,1.618,0,0,0,OFFBOARD
747,RETURN,77.85,43.041,0.533,1.529,0.059,0.035,-0.0,-43.041,0.683,0.059,5.485,3.306,0,4.086,10.0,3.88,11.305,0.637,1.629,0,0,0,OFFBOARD
748,RETURN,77.95,42.833,0.51,1.538,0.059,0.035,-0.0,-42.833,0.66,0.059,5.61,3.407,0,4.085,10.0,3.901,10.895,0.693,1.639,0,0,0,OFFBOARD
749,RETURN,78.05,42.631,0.492,1.546,0.059,0.035,-0.0,-42.631,0.642,0.059,5.72,3.414,0,4.427,10.0,3.924,10.517,0.745,1.647,0,0,0,OFFBOARD
750,RETURN,78.15,42.427,0.481,1.555,0.059,0.035,-0.0,-42.427,0.631,0.059,5.748,3.453,0,4.444,10.0,3.947,10.158,0.802,1.652,0,0,0,OFFBOARD
751,RETURN,78.25,42.229,0.477,1.564,0.059,0.035,-0.0,-42.229,0.627,0.059,5.766,3.253,0,4.319,10.0,3.969,9.853,0.855,1.657,0,0,0,OFFBOARD
752,RETURN,78.35,42.025,0.479,1.573,0.059,0.035,-0.0,-42.025,0.63,0.059,5.63,3.117,0,4.227,10.0,3.984,9.587,0.905,1.661,0,0,0,OFFBOARD
753,RETURN,78.45,41.821,0.49,1.582,0.059,0.035,-0.0,-41.821,0.64,0.059,5.486,3.077,0,4.094,10.0,4.012,9.303,0.956,1.665,0,0,0,OFFBOARD
754,RETURN,78.56,41.617,0.508,1.591,0.059,0.035,-0.0,-41.617,0.658,0.059,5.559,3.34,0,3.908,10.0,4.032,9.017,1.008,1.665,0,0,0,OFFBOARD
755,RETURN,78.66,41.415,0.533,1.599,0.059,0.035,-0.0,-41.415,0.683,0.059,5.732,3.315,0,3.766,10.0,4.051,8.691,1.056,1.66,0,0,0,OFFBOARD
756,RETURN,78.76,41.213,0.563,1.607,0.059,0.035,-0.0,-41.213,0.713,0.059,5.768,3.278,0,3.732,10.0,4.068,8.339,1.098,1.652,0,0,0,OFFBOARD
757,RETURN,78.86,41.011,0.599,1.614,0.059,0.035,-0.0,-41.011,0.749,0.059,5.77,3.237,0,4.168,10.0,4.084,7.961,1.138,1.643,0,0,0,OFFBOARD
758,RETURN,78.96,40.809,0.64,1.62,0.059,0.035,-0.0,-40.809,0.79,0.059,5.622,3.11,0,4.207,10.0,4.097,7.562,1.18,1.635,0,0,0,OFFBOARD
759,RETURN,79.06,40.607,0.685,1.625,0.059,0.035,-0.0,-40.607,0.835,0.059,5.422,2.91,0,4.166,10.0,4.108,7.145,1.214,1.627,0,0,0,OFFBOARD
760,RETURN,79.16,40.403,0.734,1.628,0.059,0.035,-0.0,-40.403,0.884,0.059,5.222,2.71,0,3.966,10.0,4.116,6.717,1.238,1.618,0,0,0,OFFBOARD
761,RETURN,79.26,40.201,0.785,1.631,0.059,0.035,-0.0,-40.201,0.935,0.059,5.022,2.606,0,3.766,10.0,4.122,6.281,1.259,1.608,0,0,0,OFFBOARD
762,RETURN,79.37,39.997,0.838,1.632,0.059,0.035,-0.0,-39.997,0.988,0.059,4.882,2.528,0,3.564,10.0,4.125,5.84,1.28,1.594,0,0,0,OFFBOARD
763,RETURN,79.47,39.795,0.892,1.632,0.059,0.035,-0.0,-39.795,1.043,0.059,4.788,2.75,0,3.483,10.0,4.125,5.396,1.31,1.575,0,0,0,OFFBOARD
764,RETURN,79.57,39.593,0.947,1.631,0.059,0.035,-0.0,-39.593,1.097,0.059,5.217,2.694,0,3.845,10.0,4.12,4.951,1.336,1.555,0,0,0,OFFBOARD
765,RETURN,79.67,39.389,1.001,1.628,0.059,0.035,-0.0,-39.389,1.151,0.059,5.211,2.627,0,3.887,6.791,4.117,4.503,1.356,1.53,0,0,0,OFFBOARD
766,RETURN,79.77,39.187,1.054,1.623,0.059,0.035,-0.0,-39.187,1.204,0.059,5.229,2.568,0,3.829,6.574,4.108,4.057,1.365,1.505,0,0,0,OFFBOARD
767,RETURN,79.87,38.985,1.105,1.617,0.059,0.035,-0.0,-38.985,1.255,0.059,5.078,2.518,0,3.78,6.368,4.095,3.614,1.363,1.482,0,0,0,OFFBOARD
768,RETURN,79.97,38.783,1.154,1.609,0.059,0.035,-0.0,-38.783,1.304,0.059,4.878,2.366,0,3.622,6.174,4.078,3.17,1.342,1.461,0,0,0,OFFBOARD
769,RETURN,80.08,38.579,1.2,1.599,0.059,0.035,-0.0,-38.579,1.35,0.059,4.678,2.166,0,3.422,5.99,4.057,2.726,1.312,1.445,0,0,0,OFFBOARD
770,RETURN,80.18,38.375,1.244,1.588,0.059,0.035,-0.0,-38.375,1.394,0.059,4.478,1.976,1,3.222,5.826,4.032,2.281,1.264,1.428,0,0,0,OFFBOARD
771,RETURN,80.28,38.171,1.283,1.575,0.059,0.035,-0.0,-38.171,1.433,0.059,4.212,1.912,1,3.05,5.632,3.996,1.835,1.213,1.419,0,0,0,OFFBOARD
772,RETURN,80.38,37.969,1.317,1.562,0.059,0.035,-0.0,-37.969,1.467,0.059,4.084,2.184,0,3.476,6.242,3.967,1.387,1.18,1.418,0,0,0,OFFBOARD
773,RETURN,80.48,37.767,1.346,1.548,0.059,0.035,-0.0,-37.767,1.496,0.059,4.675,2.151,0,3.575,6.214,3.937,0.942,1.146,1.416,0,0,0,OFFBOARD
774,RETURN,80.58,37.563,1.368,1.535,0.059,0.035,-0.0,-37.563,1.518,0.059,4.745,2.108,0,3.583,6.125,3.906,0.498,1.104,1.413,0,0,0,OFFBOARD
775,RETURN,80.69,37.361,1.383,1.522,0.059,0.035,-0.0,-37.361,1.533,0.059,4.669,2.089,0,3.412,5.925,3.875,0.057,1.058,1.411,0,0,0,OFFBOARD
776,RETURN,80.79,37.157,1.389,1.509,0.059,0.035,-0.0,-37.157,1.54,0.059,4.469,1.956,1,3.212,5.725,3.845,-0.38,1.014,1.411,0,0,0,OFFBOARD
777,RETURN,80.89,36.955,1.388,1.497,0.059,0.035,-0.0,-36.955,1.538,0.059,4.269,1.814,1,3.048,5.525,3.817,-0.822,0.961,1.418,0,0,0,OFFBOARD
778,RETURN,80.99,36.753,1.379,1.487,0.059,0.035,-0.0,-36.753,1.53,0.059,4.129,2.131,0,3.571,5.344,3.791,-1.266,0.923,1.43,0,0,0,OFFBOARD
779,RETURN,81.09,36.549,1.363,1.477,0.059,0.035,-0.0,-36.549,1.513,0.059,4.865,2.186,0,3.662,6.031,3.767,-1.664,0.896,1.445,0,0,0,OFFBOARD
780,RETURN,81.19,36.347,1.34,1.469,0.059,0.035,-0.0,-36.347,1.49,0.059,4.923,2.24,0,3.667,6.179,3.746,-2.072,0.867,1.461,0,0,0,OFFBOARD
781,RETURN,81.3,36.141,1.31,1.463,0.059,0.035,-0.0,-36.141,1.46,0.059,4.725,2.212,0,3.469,5.981,3.729,-2.487,0.835,1.476,0,0,0,OFFBOARD
782,RETURN,81.4,35.937,1.275,1.459,0.059,0.035,-0.0,-35.937,1.425,0.059,4.525,2.012,0,3.269,5.824,3.717,-2.888,0.803,1.492,0,0,0,OFFBOARD
783,RETURN,81.5,35.733,1.236,1.456,0.059,0.035,-0.0,-35.733,1.386,0.059,4.48,2.303,0,3.74,6.748,3.709,-3.0,0.786,1.509,0,0,0,OFFBOARD
784,RETURN,81.6,35.531,1.193,1.456,0.059,0.035,-0.0,-35.531,1.343,0.059,5.234,2.39,0,3.874,6.637,3.706,-3.0,0.78,1.525,0,0,0,OFFBOARD
785,RETURN,81.7,35.329,1.149,1.458,0.059,0.035,-0.0,-35.329,1.299,0.059,5.181,2.467,0,3.925,6.437,3.708,-3.0,0.772,1.539,0,0,0,OFFBOARD
786,RETURN,81.8,35.125,1.103,1.461,0.059,0.035,-0.0,-35.125,1.253,0.059,4.979,2.467,0,3.723,6.751,3.714,-3.0,0.773,1.554,0,0,0,OFFBOARD
787,RETURN,81.9,34.923,1.056,1.466,0.059,0.035,-0.0,-34.923,1.206,0.059,4.824,2.308,0,3.545,6.593,3.72,-3.0,0.769,1.565,0,0,0,OFFBOARD
788,RETURN,82.0,34.721,1.01,1.472,0.059,0.035,-0.0,-34.721,1.16,0.059,5.226,2.635,0,3.994,6.457,3.738,-3.0,0.785,1.57,0,0,0,OFFBOARD
789,RETURN,82.11,34.519,0.966,1.479,0.059,0.035,-0.0,-34.519,1.116,0.059,5.374,2.702,0,4.142,6.356,3.755,-3.0,0.8,1.573,0,0,0,OFFBOARD
790,RETURN,82.21,34.317,0.924,1.487,0.059,0.035,-0.0,-34.317,1.074,0.059,5.427,2.797,0,4.181,6.299,3.773,-3.0,0.816,1.577,0,0,0,OFFBOARD
791,RETURN,82.31,34.115,0.884,1.495,0.059,0.035,-0.0,-34.115,1.034,0.059,5.237,2.725,0,3.981,6.338,3.793,-3.0,0.838,1.581,0,0,0,OFFBOARD
792,RETURN,82.41,33.913,0.849,1.503,0.059,0.035,-0.0,-33.913,0.999,0.059,5.14,2.594,0,3.781,6.294,3.813,-3.0,0.855,1.582,0,0,0,OFFBOARD
793,RETURN,82.51,33.709,0.818,1.511,0.059,0.035,-0.0,-33.709,0.968,0.059,5.295,2.954,0,3.761,6.174,3.833,-3.0,0.889,1.578,0,0,0,OFFBOARD
794,RETURN,82.61,33.509,0.793,1.519,0.059,0.035,-0.0,-33.509,0.943,0.059,5.117,3.014,0,4.252,10.0,3.859,-3.0,0.92,1.569,0,0,0,OFFBOARD
795,RETURN,82.72,33.299,0.771,1.526,0.059,0.035,-0.0,-33.299,0.922,0.059,4.966,3.034,0,4.295,10.0,3.877,-3.0,0.95,1.557,0,0,0,OFFBOARD
796,RETURN,82.82,33.097,0.757,1.532,0.059,0.035,-0.0,-33.097,0.907,0.059,4.82,2.913,0,4.169,10.0,3.892,-3.0,0.982,1.549,0,0,0,OFFBOARD
797,RETURN,82.92,32.893,0.748,1.537,0.059,0.035,-0.0,-32.893,0.898,0.059,4.678,2.734,0,3.969,10.0,3.904,-3.0,1.008,1.539,0,0,0,OFFBOARD
798,RETURN,83.02,32.691,0.745,1.541,0.059,0.035,-0.0,-32.691,0.896,0.059,4.549,2.736,0,3.799,10.0,3.913,-3.0,1.036,1.531,0,0,0,OFFBOARD
799,RETURN,83.12,32.489,0.748,1.544,0.059,0.035,-0.0,-32.489,0.899,0.059,4.586,3.025,0,3.792,10.0,3.919,-3.0,1.069,1.523,0,0,0,OFFBOARD
800,RETURN,83.22,32.287,0.757,1.545,0.059,0.035,-0.0,-32.287,0.907,0.059,4.758,3.014,0,4.247,10.0,3.922,-3.0,1.097,1.516,0,0,0,OFFBOARD
801,RETURN,83.32,32.085,0.771,1.545,0.059,0.035,-0.0,-32.085,0.921,0.059,5.394,2.996,0,4.205,6.938,3.812,-3.0,1.122,1.514,0,0,0,OFFBOARD
802,RETURN,83.42,31.883,0.789,1.544,0.059,0.035,-0.0,-31.883,0.939,0.059,5.461,2.969,0,4.092,6.738,3.661,-3.0,1.146,1.509,0,0,0,OFFBOARD
803,RETURN,83.52,31.681,0.812,1.543,0.059,0.035,-0.0,-31.681,0.962,0.059,5.282,2.769,0,4.026,6.538,3.482,-3.0,1.157,1.506,0,0,0,OFFBOARD
804,RETURN,83.63,31.479,0.838,1.541,0.059,0.035,-0.0,-31.479,0.988,0.059,5.08,2.601,0,3.824,6.336,3.297,-3.0,1.154,1.501,0,0,0,OFFBOARD
805,RETURN,83.73,31.277,0.868,1.538,0.059,0.035,-0.0,-31.277,1.018,0.059,4.972,2.56,0,3.671,6.138,3.117,-3.0,1.143,1.495,0,0,0,OFFBOARD
806,RETURN,83.83,31.073,0.899,1.535,0.059,0.035,-0.0,-31.073,1.05,0.059,5.367,2.691,0,3.647,5.928,2.928,-3.0,1.13,1.484,0,0,0,OFFBOARD
807,RETURN,83.93,30.871,0.932,1.532,0.059,0.035,-0.0,-30.871,1.082,0.059,5.409,2.497,0,4.123,5.719,2.738,-3.0,1.106,1.473,0,0,0,OFFBOARD
808,RETURN,84.03,30.669,0.966,1.528,0.059,0.035,-0.0,-30.669,1.116,0.059,5.341,2.33,0,4.13,5.508,2.551,-3.0,1.071,1.465,0,0,0,OFFBOARD
809,RETURN,84.13,30.469,0.998,1.523,0.059,0.035,-0.0,-30.469,1.148,0.059,5.21,2.328,0,4.082,5.299,2.372,-3.0,1.031,1.461,0,0,0,OFFBOARD
810,RETURN,84.23,30.265,1.028,1.518,0.059,0.035,-0.0,-30.265,1.178,0.059,5.043,2.317,0,3.882,5.092,2.21,-3.0,0.991,1.458,0,0,0,OFFBOARD
811,RETURN,84.34,30.061,1.055,1.513,0.059,0.035,-0.0,-30.061,1.206,0.059,4.851,2.355,0,3.68,4.883,2.109,-3.0,0.952,1.457,0,0,0,OFFBOARD
812,RETURN,84.44,29.859,1.078,1.508,0.059,0.035,-0.0,-29.859,1.228,0.059,4.654,2.272,0,3.513,4.681,3.699,-3.0,0.934,1.456,0,0,0,OFFBOARD
813,RETURN,84.54,29.657,1.096,1.502,0.059,0.035,-0.0,-29.657,1.246,0.059,4.523,2.256,0,3.506,4.548,3.739,-3.0,0.91,1.461,0,0,0,OFFBOARD
814,RETURN,84.64,29.453,1.107,1.497,0.059,0.035,-0.0,-29.453,1.257,0.059,4.257,2.518,0,3.998,4.279,3.799,-3.0,0.896,1.47,0,0,0,OFFBOARD
815,RETURN,84.74,29.249,1.113,1.493,0.059,0.035,-0.0,-29.249,1.263,0.059,4.064,2.53,0,4.026,4.081,3.802,-3.0,0.874,1.481,0,0,0,OFFBOARD
816,RETURN,84.84,29.047,1.112,1.489,0.059,0.035,-0.0,-29.047,1.262,0.059,3.871,2.555,0,3.936,3.878,3.762,-3.0,0.837,1.495,0,0,0,OFFBOARD
817,RETURN,84.95,28.843,1.105,1.486,0.059,0.035,-0.0,-28.843,1.255,0.059,3.69,2.482,0,3.738,3.68,3.613,-3.0,0.792,1.511,0,0,0,OFFBOARD
818,RETURN,85.05,28.643,1.094,1.485,0.059,0.035,-0.0,-28.643,1.244,0.059,3.455,2.258,0,3.519,3.433,3.414,-3.0,0.728,1.529,0,0,0,OFFBOARD
819,RETURN,85.15,28.435,1.078,1.485,0.059,0.035,-0.0,-28.435,1.228,0.059,3.295,2.581,0,3.927,3.277,3.288,-3.0,0.668,1.547,0,0,0,OFFBOARD
820,RETURN,85.25,28.239,1.059,1.486,-0.176,-0.017,0.001,-28.239,1.209,0.176,3.147,2.646,0,4.024,3.148,3.118,-3.0,0.582,1.563,0,0,0,OFFBOARD
821,RETURN,85.35,28.025,1.034,1.49,-0.176,-0.017,0.001,-28.025,1.184,0.176,3.016,2.664,0,4.111,5.564,2.962,-3.0,0.475,1.574,0,0,0,OFFBOARD
822,RETURN,85.46,27.823,1.007,1.494,-0.176,-0.017,0.001,-27.823,1.157,0.176,5.185,2.584,0,3.928,6.441,3.695,-3.0,0.392,1.586,0,0,0,OFFBOARD
823,RETURN,85.56,27.619,0.974,1.5,-0.176,-0.017,0.001,-27.619,1.124,0.176,5.001,2.375,0,3.726,10.0,3.724,-3.0,0.31,1.599,0,0,0,OFFBOARD
824,RETURN,85.66,27.417,0.937,1.507,-0.176,-0.017,0.001,-27.417,1.087,0.176,5.463,2.177,0,3.706,10.0,3.766,-3.0,0.221,1.613,0,0,0,OFFBOARD
825,RETURN,85.76,27.215,0.894,1.514,-0.176,-0.017,0.001,-27.215,1.044,0.176,5.65,1.965,1,4.255,10.0,3.847,-3.0,0.12,1.625,0,0,0,OFFBOARD
826,RETURN,85.86,27.011,0.844,1.523,-0.176,-0.017,0.001,-27.011,0.994,0.176,5.639,1.765,1,4.209,10.0,3.868,-3.0,0.036,1.637,0,0,0,OFFBOARD
827,RETURN,85.96,26.809,0.788,1.532,-0.176,-0.017,0.001,-26.809,0.938,0.176,5.441,1.592,1,4.174,10.0,3.889,-3.0,-0.054,1.65,0,0,0,OFFBOARD
828,RETURN,86.06,26.607,0.725,1.542,-0.176,-0.017,0.001,-26.607,0.875,0.176,5.358,1.482,1,3.983,10.0,3.912,-3.0,-0.097,1.661,0,0,0,OFFBOARD
829,RETURN,86.16,26.405,0.656,1.552,-0.176,-0.017,0.001,-26.405,0.806,0.176,5.749,1.517,1,3.876,10.0,3.935,-3.0,-0.13,1.669,0,0,0,OFFBOARD
830,RETURN,86.27,26.201,0.58,1.563,-0.176,-0.017,0.001,-26.201,0.73,0.176,5.866,3.211,0,4.315,10.0,3.958,-3.0,-0.092,1.67,0,0,0,OFFBOARD
831,RETURN,86.37,25.999,0.5,1.573,-0.176,-0.017,0.001,-25.999,0.65,0.176,5.897,3.325,0,4.457,10.0,3.981,-3.0,-0.049,1.672,0,0,0,OFFBOARD
832,RETURN,86.47,25.797,0.417,1.584,-0.176,-0.017,0.001,-25.797,0.567,0.176,5.695,3.183,0,4.439,10.0,4.004,-3.0,-0.0,1.674,0,0,0,OFFBOARD
833,RETURN,86.57,25.595,0.333,1.594,-0.176,-0.017,0.001,-25.595,0.484,0.176,5.675,3.208,0,4.241,10.0,4.027,-3.0,0.053,1.674,0,0,0,OFFBOARD
834,RETURN,86.67,25.393,0.252,1.603,-0.176,-0.017,0.001,-25.393,0.402,0.176,5.906,3.666,0,4.114,6.865,4.053,-3.0,0.118,1.665,0,0,0,OFFBOARD
835,RETURN,86.77,25.189,0.175,1.612,-0.176,-0.017,0.001,-25.189,0.325,0.176,5.975,3.807,0,4.318,6.665,4.08,-3.0,0.16,1.651,0,0,0,OFFBOARD
836,RETURN,86.87,24.987,0.106,1.62,-0.176,-0.017,0.001,-24.987,0.256,0.176,5.988,3.641,0,4.475,6.465,4.099,-3.0,0.168,1.63,0,0,0,OFFBOARD
837,RETURN,86.98,24.785,0.048,1.625,-0.176,-0.017,0.001,-24.785,0.198,0.176,5.853,3.6,0,4.479,6.265,4.112,-3.0,0.152,1.604,0,0,0,OFFBOARD
838,RETURN,87.08,24.581,0.0,1.63,-0.176,-0.017,0.001,-24.581,0.15,0.176,5.79,3.833,0,4.489,6.063,4.122,-3.0,0.121,1.575,0,0,0,OFFBOARD
839,RETURN,87.18,24.381,-0.034,1.631,-0.176,-0.017,0.001,-24.381,0.116,0.176,5.799,3.802,0,4.231,5.799,4.13,-3.0,0.083,1.545,0,0,0,OFFBOARD
840,RETURN,87.28,24.175,-0.058,1.63,-0.176,-0.017,0.001,-24.175,0.092,0.176,5.665,3.804,0,4.112,5.665,4.131,-3.0,0.037,1.514,0,0,0,OFFBOARD
841,RETURN,87.38,23.967,-0.071,1.627,-0.176,-0.017,0.001,-23.967,0.079,0.176,5.399,3.82,0,4.469,5.399,4.124,-3.0,-0.022,1.481,0,0,0,OFFBOARD
842,RETURN,87.48,23.765,-0.076,1.62,-0.176,-0.017,0.001,-23.765,0.074,0.176,5.199,3.631,0,4.512,5.199,4.105,-3.0,-0.079,1.448,0,0,0,OFFBOARD
843,RETURN,87.59,23.563,-0.077,1.611,-0.176,-0.017,0.001,-23.563,0.073,0.176,4.999,3.523,0,4.554,4.999,4.081,-3.0,-0.136,1.416,0,0,0,OFFBOARD
844,RETURN,87.69,23.359,-0.074,1.6,-0.176,-0.017,0.001,-23.359,0.076,0.176,4.797,3.877,0,4.385,4.797,4.05,-3.0,-0.204,1.387,0,0,0,OFFBOARD
845,RETURN,87.79,23.157,-0.072,1.586,-0.176,-0.017,0.001,-23.157,0.078,0.176,4.599,3.935,0,4.19,4.599,4.021,-3.0,-0.272,1.36,0,0,0,OFFBOARD
846,RETURN,87.89,22.953,-0.072,1.569,-0.176,-0.017,0.001,-22.953,0.078,0.176,4.399,3.974,0,4.224,4.399,3.985,-3.0,-0.345,1.335,0,0,0,OFFBOARD
847,RETURN,87.99,22.751,-0.076,1.552,-0.176,-0.017,0.001,-22.751,0.074,0.176,4.199,3.787,0,4.624,4.199,3.945,-3.0,-0.417,1.312,0,0,0,OFFBOARD
848,RETURN,88.09,22.547,-0.084,1.532,-0.176,-0.017,0.001,-22.547,0.066,0.176,3.999,3.673,0,4.625,3.999,3.901,-3.0,-0.485,1.29,0,0,0,OFFBOARD
849,RETURN,88.2,22.345,-0.097,1.511,-0.176,-0.017,0.001,-22.345,0.053,0.176,3.799,3.799,0,4.526,3.799,3.799,-3.0,-0.55,1.275,0,0,0,OFFBOARD
850,RETURN,88.3,22.141,-0.116,1.49,-0.176,-0.017,0.001,-22.141,0.034,0.176,3.597,3.597,0,4.442,3.597,3.597,-3.0,-0.6,1.27,0,0,0,OFFBOARD
851,RETURN,88.4,21.939,-0.141,1.469,-0.176,-0.017,0.001,-21.939,0.009,0.176,3.399,3.399,0,4.287,3.399,3.399,-3.0,-0.628,1.272,0,0,0,OFFBOARD
852,RETURN,88.5,21.735,-0.172,1.447,-0.176,-0.017,0.001,-21.735,-0.022,0.176,3.199,3.199,0,4.675,3.199,3.199,-3.0,-0.609,1.281,0,0,0,OFFBOARD
853,RETURN,88.6,21.533,-0.209,1.427,-0.176,-0.017,0.001,-21.533,-0.058,0.176,2.997,2.997,0,4.864,2.997,2.997,-3.0,-0.548,1.298,0,0,0,OFFBOARD
854,RETURN,88.7,21.329,-0.25,1.409,-0.176,-0.017,0.001,-21.329,-0.099,0.176,2.799,2.799,0,4.9,2.799,2.799,-3.0,-0.447,1.322,0,0,0,OFFBOARD
855,RETURN,88.8,21.127,-0.293,1.393,-0.176,-0.017,0.001,-21.127,-0.143,0.176,2.597,2.597,0,4.698,2.597,2.597,-3.0,-0.316,1.351,0,0,0,OFFBOARD
856,RETURN,88.9,20.925,-0.338,1.38,-0.176,-0.017,0.001,-20.925,-0.187,0.176,2.399,2.399,0,4.586,2.399,2.399,-3.0,-0.162,1.385,0,0,0,OFFBOARD
857,RETURN,89.01,20.723,-0.38,1.371,-0.176,-0.017,0.001,-20.723,-0.23,0.176,2.199,2.199,0,4.917,2.199,2.199,-3.0,0.007,1.421,0,0,0,OFFBOARD
858,RETURN,89.11,20.521,-0.416,1.365,-0.176,-0.017,0.001,-20.521,-0.266,0.176,1.999,1.999,1,4.99,1.999,1.999,-3.0,0.196,1.458,0,0,0,OFFBOARD
859,RETURN,89.21,20.317,-0.444,1.363,-0.176,-0.017,0.001,-20.317,-0.294,0.176,1.799,1.799,1,5.009,1.799,1.799,-3.0,0.448,1.495,0,0,0,OFFBOARD
860,RETURN,89.31,20.113,-0.457,1.365,-0.176,-0.017,0.001,-20.113,-0.307,0.176,1.599,1.599,1,4.956,1.599,1.599,-3.0,0.675,1.533,0,0,0,OFFBOARD
861,RETURN,89.41,19.913,-0.455,1.37,-0.176,-0.017,0.001,-19.913,-0.304,0.176,1.395,1.395,1,4.752,1.395,1.395,-3.0,0.893,1.571,0,0,0,OFFBOARD
862,RETURN,89.51,19.711,-0.432,1.38,-0.176,-0.017,0.001,-19.711,-0.282,0.176,1.199,1.199,1,4.625,1.199,1.199,-3.0,1.114,1.608,0,0,0,OFFBOARD
863,RETURN,89.61,19.509,-0.388,1.392,-0.176,-0.017,0.001,-19.509,-0.238,0.176,0.997,0.997,1,4.872,0.997,0.997,-3.0,1.349,1.643,0,0,0,OFFBOARD
864,RETURN,89.72,19.307,-0.321,1.408,-0.176,-0.017,0.001,-19.307,-0.171,0.176,0.797,0.797,1,5.0,0.797,0.797,-3.0,1.608,1.676,0,1,0,OFFBOARD
865,RETURN,89.82,19.101,-0.228,1.426,-0.176,-0.017,0.001,-19.101,-0.078,0.176,0.531,0.531,1,4.975,0.531,0.531,-3.0,1.958,1.704,0,1,0,OFFBOARD
866,RETURN,89.92,18.899,-0.115,1.447,-0.176,-0.017,0.001,-18.899,0.035,0.176,0.906,0.334,1,4.939,1.187,0.73,-3.0,2.308,1.729,1,0,0,OFFBOARD
867,RETURN,90.02,18.695,0.019,1.47,-0.176,-0.017,0.001,-18.695,0.169,0.176,5.388,0.552,1,4.744,10.0,3.694,-3.0,2.5,1.752,0,1,0,OFFBOARD
868,RETURN,90.12,18.491,0.169,1.494,-0.176,-0.017,0.001,-18.491,0.319,0.176,5.481,0.712,1,4.612,10.0,3.77,-3.0,2.5,1.761,0,1,0,OFFBOARD
869,RETURN,90.23,18.283,0.334,1.519,-0.176,-0.017,0.001,-18.283,0.484,0.176,5.601,2.749,0,4.344,10.0,3.854,-3.0,2.5,1.759,0,0,0,OFFBOARD
870,RETURN,90.33,18.079,0.506,1.544,-0.176,-0.017,0.001,-18.079,0.656,0.176,5.502,2.481,0,4.144,10.0,3.91,-3.0,2.5,1.758,0,0,0,OFFBOARD
871,RETURN,90.43,17.877,0.681,1.568,-0.176,-0.017,0.001,-17.877,0.831,0.176,5.38,2.222,0,3.944,10.0,3.962,-3.0,2.498,1.758,0,0,0,OFFBOARD
872,RETURN,90.53,17.675,0.859,1.59,-0.176,-0.017,0.001,-17.675,1.009,0.176,5.009,1.968,1,3.742,10.0,4.015,-3.0,2.476,1.752,0,0,0,OFFBOARD
873,RETURN,90.63,17.471,1.042,1.611,-0.176,-0.017,0.001,-17.471,1.192,0.176,4.799,1.715,1,3.542,10.0,4.064,-3.0,2.393,1.747,0,0,0,OFFBOARD
874,RETURN,90.73,17.269,1.224,1.63,-0.176,-0.017,0.001,-17.269,1.374,0.176,4.601,1.465,1,3.344,5.989,4.109,-3.0,2.243,1.741,0,0,0,OFFBOARD
875,RETURN,90.84,17.065,1.409,1.647,-0.176,-0.017,0.001,-17.065,1.559,0.176,4.401,1.223,1,3.144,5.657,4.15,-3.0,2.038,1.735,0,0,0,OFFBOARD
876,RETURN,90.94,16.863,1.589,1.661,-0.176,-0.017,0.001,-16.863,1.739,0.176,3.018,0.983,1,2.944,4.343,1.094,-3.0,1.8,1.727,0,0,0,OFFBOARD
877,RETURN,91.04,16.659,1.763,1.674,-0.176,-0.017,0.001,-16.659,1.913,0.176,0.867,0.729,1,2.72,4.001,0.805,-3.0,1.547,1.715,0,1,0,OFFBOARD
878,RETURN,91.14,16.457,1.921,1.684,-0.176,-0.017,0.001,-16.457,2.071,0.176,0.477,0.477,1,2.45,0.484,0.48,-3.0,1.259,1.692,0,1,0,OFFBOARD
879,RETURN,91.24,16.283,2.051,1.694,-0.176,-0.017,0.001,-16.283,2.201,0.176,0.229,0.219,1,0.231,0.23,0.228,-3.0,1.254,1.701,1,0,0,OFFBOARD
880,RETURN,91.34,16.271,2.099,1.707,-0.176,-0.017,0.001,-16.271,2.249,0.176,0.152,0.152,1,0.159,0.156,0.152,-3.0,1.424,1.704,1,0,0,OFFBOARD
881,RETURN,91.44,16.252,2.123,1.715,-0.176,-0.017,0.001,-16.252,2.273,0.176,0.103,0.095,1,0.102,0.105,0.102,-3.0,1.545,1.693,1,0,0,OFFBOARD
882,RETURN,91.55,16.252,2.138,1.742,-0.176,-0.017,0.001,-16.252,2.288,0.176,0.065,0.058,1,0.071,0.065,0.066,-3.0,1.527,1.674,1,0,0,OFFBOARD
883,RETURN,91.65,16.247,2.156,1.766,-0.176,-0.017,0.001,-16.247,2.306,0.176,0.065,0.053,1,0.09,0.066,0.062,-3.0,1.877,1.649,1,0,0,OFFBOARD
884,RETURN,91.75,16.22,2.169,1.787,-0.176,-0.017,0.001,-16.22,2.319,0.176,3.365,0.086,1,6.219,4.608,2.764,-3.0,1.946,1.619,1,0,0,OFFBOARD
885,RETURN,91.85,16.175,2.172,1.797,-0.176,-0.017,0.001,-16.175,2.322,0.176,3.174,2.625,0,6.735,4.206,2.65,-3.0,1.845,1.586,0,0,0,OFFBOARD
886,RETURN,91.95,16.098,2.175,1.8,-0.176,-0.017,0.001,-16.098,2.325,0.176,3.095,2.534,0,10.0,4.043,2.601,-3.0,1.734,1.563,0,0,0,OFFBOARD
887,RETURN,92.05,15.983,2.186,1.797,-0.176,-0.017,0.001,-15.983,2.336,0.176,3.109,2.561,0,10.0,4.078,2.608,-3.0,1.652,1.541,0,0,0,OFFBOARD
888,RETURN,92.16,15.825,2.217,1.788,-0.176,-0.017,0.001,-15.825,2.367,0.176,3.269,1.651,1,10.0,4.41,2.705,-3.0,1.552,1.522,0,0,0,OFFBOARD
889,RETURN,92.26,15.635,2.266,1.775,-0.176,-0.017,0.001,-15.635,2.417,0.176,3.649,1.228,1,2.724,5.202,2.934,-3.0,1.392,1.497,0,0,0,OFFBOARD
890,RETURN,92.36,15.421,2.331,1.758,-0.176,-0.017,0.001,-15.421,2.481,0.176,1.419,0.304,1,1.393,2.693,3.249,-3.0,1.042,1.476,1,0,0,OFFBOARD
891,RETURN,92.46,15.376,2.316,1.737,-0.176,-0.017,0.001,-15.376,2.466,0.176,1.268,0.239,1,1.023,1.39,1.471,-3.0,0.692,1.458,1,0,0,OFFBOARD
892,RETURN,92.56,15.36,2.295,1.718,-0.176,-0.017,0.001,-15.36,2.445,0.176,0.984,0.25,1,0.846,1.264,1.44,-3.0,0.342,1.442,1,0,0,OFFBOARD
893,RETURN,92.66,15.339,2.271,1.701,-0.176,-0.017,0.001,-15.339,2.421,0.176,0.903,0.267,1,0.794,1.058,1.019,-3.0,-0.0,1.419,1,0,0,OFFBOARD
894,RETURN,92.76,15.308,2.238,1.686,-0.176,-0.017,0.001,-15.308,2.389,0.176,0.845,0.284,1,0.76,0.93,0.832,-3.0,-0.265,1.39,1,0,0,OFFBOARD
895,RETURN,92.87,15.249,2.181,1.666,-0.176,-0.017,0.001,-15.249,2.331,0.176,0.846,0.322,1,0.773,0.861,0.813,-3.0,-0.493,1.359,1,0,0,OFFBOARD
896,RETURN,92.97,15.154,2.1,1.645,-0.176,-0.017,0.001,-15.154,2.25,0.176,0.924,0.557,1,0.847,0.898,0.932,-3.0,-0.693,1.325,0,1,0,OFFBOARD
897,RETURN,93.07,15.022,2.001,1.62,-0.176,-0.017,0.001,-15.022,2.151,0.176,1.075,0.665,1,0.983,1.024,1.094,-3.0,-0.903,1.289,0,1,0,OFFBOARD
898,RETURN,93.17,14.852,1.892,1.594,-0.176,-0.017,0.001,-14.852,2.042,0.176,1.051,0.777,1,1.007,1.131,1.24,-3.0,-1.1,1.256,0,1,0,OFFBOARD
899,RETURN,93.27,14.654,1.785,1.566,-0.176,-0.017,0.001,-14.653,1.935,0.176,1.091,0.914,1,0.984,1.153,1.258,-3.0,-1.303,1.227,0,0,0,OFFBOARD
900,RETURN,93.37,14.431,1.683,1.536,-0.176,-0.017,0.001,-14.431,1.833,0.176,1.629,0.819,1,1.376,1.671,1.662,-3.0,-1.51,1.203,0,0,0,OFFBOARD
901,RETURN,93.47,14.197,1.592,1.506,-0.176,-0.017,0.001,-14.197,1.742,0.176,1.726,1.176,1,1.645,1.812,1.894,-3.0,-1.698,1.182,0,0,0,OFFBOARD
902,RETURN,93.58,13.952,1.509,1.475,-0.176,-0.017,0.001,-13.952,1.659,0.176,2.122,1.262,1,1.535,2.301,2.317,-3.0,-1.879,1.166,0,0,0,OFFBOARD
903,RETURN,93.68,13.708,1.434,1.445,-0.176,-0.017,0.001,-13.708,1.584,0.176,2.411,1.308,1,2.105,2.54,2.574,-3.0,-2.039,1.155,0,0,0,OFFBOARD
904,RETURN,93.78,13.464,1.359,1.415,-0.176,-0.017,0.001,-13.464,1.509,0.176,2.897,1.659,1,2.245,3.238,3.092,-3.0,-2.151,1.148,0,0,0,OFFBOARD
905,RETURN,93.88,13.227,1.28,1.386,-0.176,-0.017,0.001,-13.227,1.43,0.176,3.22,1.906,1,3.049,4.299,3.927,-3.0,-2.228,1.145,0,0,0,OFFBOARD
906,RETURN,93.98,12.984,1.186,1.357,-0.176,-0.017,0.001,-12.984,1.336,0.176,4.169,2.288,0,3.105,5.372,4.143,-3.0,-2.256,1.146,0,0,0,OFFBOARD
907,RETURN,94.08,12.756,1.079,1.332,-0.176,-0.017,0.001,-12.756,1.23,0.176,4.041,2.585,0,3.919,6.404,3.959,-3.0,-2.259,1.164,0,0,0,OFFBOARD
908,RETURN,94.19,12.532,0.954,1.308,-0.176,-0.017,0.001,-12.532,1.104,0.176,3.807,3.068,0,4.573,10.0,3.748,-3.0,-2.226,1.193,0,0,0,OFFBOARD
909,RETURN,94.29,12.316,0.811,1.287,-0.176,-0.017,0.001,-12.316,0.961,0.176,3.596,3.291,0,4.662,10.0,3.547,-3.0,-2.182,1.231,0,0,0,OFFBOARD
910,RETURN,94.39,12.104,0.651,1.271,-0.176,-0.017,0.001,-12.104,0.801,0.176,5.221,3.352,0,4.509,10.0,3.347,-3.0,-2.132,1.275,0,0,0,OFFBOARD
911,RETURN,94.49,11.897,0.478,1.258,-0.176,-0.017,0.001,-11.897,0.628,0.176,5.283,3.101,0,4.526,10.0,3.459,-3.0,-2.102,1.325,0,0,0,OFFBOARD
912,RETURN,94.59,11.693,0.299,1.25,-0.176,-0.017,0.001,-11.693,0.449,0.176,5.489,2.836,0,4.45,6.42,3.46,-3.0,-2.071,1.378,0,0,0,OFFBOARD
913,RETURN,94.69,11.492,0.123,1.248,-0.176,-0.017,0.001,-11.492,0.273,0.176,5.328,2.641,0,4.788,6.215,3.497,-3.0,-2.027,1.428,0,0,0,OFFBOARD
914,RETURN,94.79,11.291,-0.04,1.25,-0.176,-0.017,0.001,-11.291,0.11,0.176,5.221,2.968,0,4.756,6.047,3.501,-3.0,-1.958,1.47,0,0,0,OFFBOARD
915,RETURN,94.89,11.091,-0.179,1.258,-0.176,-0.017,0.001,-11.091,-0.029,0.176,5.13,3.324,0,4.759,5.875,3.486,-3.0,-1.879,1.505,0,0,0,OFFBOARD
916,RETURN,95.0,10.889,-0.291,1.27,-0.176,-0.017,0.001,-10.889,-0.141,0.176,5.029,3.269,0,4.605,5.691,3.453,-3.0,-1.827,1.535,0,0,0,OFFBOARD
917,RETURN,95.1,10.688,-0.372,1.286,-0.176,-0.017,0.001,-10.688,-0.222,0.176,4.939,3.226,0,4.416,5.503,3.412,-3.0,-1.806,1.559,0,0,0,OFFBOARD
918,RETURN,95.2,10.483,-0.43,1.305,-0.176,-0.017,0.001,-10.483,-0.28,0.176,4.899,3.007,0,4.36,5.32,3.386,-3.0,-1.796,1.582,0,0,0,OFFBOARD
919,RETURN,95.3,10.28,-0.469,1.326,-0.176,-0.017,0.001,-10.28,-0.319,0.176,4.953,2.981,0,4.753,5.158,3.387,-3.0,-1.797,1.599,0,0,0,OFFBOARD
920,RETURN,95.4,10.073,-0.498,1.348,-0.176,-0.017,0.001,-10.073,-0.348,0.176,5.12,3.247,0,4.759,10.0,3.403,-3.0,-1.812,1.609,0,0,0,OFFBOARD
921,RETURN,95.5,9.869,-0.526,1.372,-0.176,-0.017,0.001,-9.869,-0.376,0.176,5.155,3.321,0,4.712,10.0,3.459,-3.0,-1.832,1.616,0,0,0,OFFBOARD
922,RETURN,95.6,9.662,-0.562,1.396,-0.176,-0.017,0.001,-9.662,-0.412,0.176,5.166,3.315,0,4.547,10.0,3.54,-3.0,-1.851,1.617,0,0,0,OFFBOARD
923,RETURN,95.71,9.457,-0.61,1.419,-0.176,-0.017,0.001,-9.457,-0.46,0.176,5.238,3.107,0,4.342,10.0,3.621,-3.0,-1.845,1.615,0,0,0,OFFBOARD
924,RETURN,95.81,9.25,-0.677,1.442,-0.176,-0.017,0.001,-9.25,-0.527,0.176,5.333,3.074,0,4.138,10.0,3.699,-3.0,-1.831,1.615,0,0,0,OFFBOARD
925,RETURN,95.91,9.044,-0.764,1.463,-0.176,-0.017,0.001,-9.044,-0.614,0.176,5.236,3.268,0,4.002,10.0,3.765,-3.0,-1.825,1.619,0,0,0,OFFBOARD
926,RETURN,96.01,8.84,-0.869,1.482,-0.176,-0.017,0.001,-8.84,-0.719,0.176,5.239,3.146,0,3.895,10.0,3.809,-3.0,-1.803,1.618,0,0,0,OFFBOARD
927,RETURN,96.11,8.636,-0.991,1.5,-0.176,-0.017,0.001,-8.636,-0.841,0.176,5.331,2.976,0,4.187,10.0,3.833,-3.0,-1.754,1.611,0,0,0,OFFBOARD
928,RETURN,96.22,8.428,-1.128,1.516,-0.176,-0.017,0.001,-8.428,-0.978,0.176,5.36,2.701,0,4.042,10.0,3.837,-3.0,-1.664,1.6,0,0,0,OFFBOARD
929,RETURN,96.32,8.227,-1.268,1.53,-0.176,-0.017,0.001,-8.227,-1.118,0.176,5.168,2.476,0,3.868,6.757,3.786,-3.0,-1.541,1.593,0,0,0,OFFBOARD
930,RETURN,96.42,8.017,-1.416,1.542,-0.176,-0.017,0.001,-8.017,-1.266,0.176,3.213,2.234,0,3.679,3.212,3.176,-3.0,-1.38,1.579,0,0,0,OFFBOARD
931,RETURN,96.52,7.811,-1.558,1.552,-0.176,-0.017,0.001,-7.811,-1.408,0.176,3.013,1.984,1,3.494,3.04,3.011,-3.0,-1.214,1.564,0,0,0,OFFBOARD
932,RETURN,96.62,7.604,-1.69,1.559,-0.176,-0.017,0.001,-7.604,-1.54,0.176,2.848,1.755,1,3.28,2.871,2.85,-3.0,-1.005,1.548,0,0,0,OFFBOARD
933,RETURN,96.72,7.395,-1.808,1.565,-0.176,-0.017,0.001,-7.395,-1.658,0.176,2.675,1.552,1,3.042,2.692,2.678,-3.0,-0.787,1.539,0,0,0,OFFBOARD
934,RETURN,96.82,7.188,-1.904,1.568,-0.176,-0.017,0.001,-7.188,-1.754,0.176,2.49,1.378,1,2.87,2.505,2.498,-3.0,-0.563,1.526,0,0,0,OFFBOARD
935,RETURN,96.92,6.983,-1.973,1.569,-0.176,-0.017,0.001,-6.983,-1.823,0.176,2.426,1.328,1,2.827,2.44,2.436,-3.0,-0.353,1.509,0,0,0,OFFBOARD
936,RETURN,97.03,6.776,-2.011,1.569,-0.176,-0.017,0.001,-6.776,-1.861,0.176,2.247,1.208,1,2.745,2.248,2.25,-3.0,-0.156,1.49,0,0,0,OFFBOARD
937,RETURN,97.13,6.572,-2.013,1.566,-0.176,-0.017,0.001,-6.572,-1.863,0.176,1.897,1.14,1,2.686,1.914,1.93,-3.0,-0.001,1.476,0,0,0,OFFBOARD
938,RETURN,97.23,6.37,-1.98,1.562,-0.176,-0.017,0.001,-6.37,-1.83,0.176,1.695,1.178,1,2.49,1.714,1.731,-3.0,0.135,1.467,0,0,0,OFFBOARD
939,RETURN,97.33,6.168,-1.912,1.557,-0.176,-0.017,0.001,-6.168,-1.762,0.176,1.493,1.028,1,2.287,1.52,1.498,-3.0,0.29,1.463,0,0,0,OFFBOARD
940,RETURN,97.43,5.965,-1.812,1.55,-0.176,-0.017,0.001,-5.965,-1.662,0.176,1.29,1.29,1,2.279,1.356,1.293,-3.0,0.453,1.453,0,0,0,OFFBOARD
941,RETURN,97.53,5.765,-1.688,1.543,-0.176,-0.017,0.001,-5.765,-1.538,0.176,1.089,1.089,1,2.944,1.23,1.09,-3.0,0.666,1.439,0,0,0,OFFBOARD
942,RETURN,97.63,5.564,-1.545,1.535,-0.176,-0.017,0.001,-5.564,-1.395,0.176,1.174,0.893,1,2.945,4.208,1.039,-3.0,0.954,1.422,0,0,0,OFFBOARD
943,RETURN,97.74,5.362,-1.39,1.526,-0.176,-0.017,0.001,-5.362,-1.24,0.176,4.004,0.79,1,2.863,5.269,3.842,-3.0,1.241,1.412,0,1,0,OFFBOARD
944,RETURN,97.84,5.158,-1.225,1.517,-0.176,-0.017,0.001,-5.158,-1.075,0.176,4.73,2.136,0,3.637,10.0,3.799,-3.0,1.391,1.4,0,0,0,OFFBOARD
945,RETURN,97.94,4.956,-1.058,1.507,-0.176,-0.017,0.001,-4.956,-0.908,0.176,4.86,2.359,0,3.599,10.0,3.769,-3.0,1.53,1.387,0,0,0,OFFBOARD
946,RETURN,98.04,4.752,-0.889,1.497,-0.176,-0.017,0.001,-4.752,-0.739,0.176,10.0,2.647,0,3.991,10.0,3.75,-3.0,1.653,1.372,0,0,0,OFFBOARD
947,RETURN,98.14,4.546,-0.716,1.486,-0.176,-0.017,0.001,-4.546,-0.566,0.176,10.0,2.923,0,4.378,10.0,3.74,-3.0,1.772,1.367,0,0,0,OFFBOARD
948,RETURN,98.24,4.341,-0.543,1.475,-0.176,-0.017,0.001,-4.341,-0.393,0.176,10.0,3.011,0,4.252,10.0,3.733,-3.0,1.88,1.37,0,0,0,OFFBOARD
949,RETURN,98.34,4.135,-0.365,1.464,-0.176,-0.017,0.001,-4.135,-0.215,0.176,10.0,3.485,0,10.0,10.0,3.726,-3.0,1.928,1.37,0,0,0,OFFBOARD
950,RETURN,98.45,3.93,-0.185,1.453,-0.176,-0.017,0.001,-3.93,-0.035,0.176,10.0,3.726,0,10.0,10.0,3.717,-3.0,1.982,1.379,0,0,0,OFFBOARD
951,RETURN,98.55,3.725,-0.001,1.443,-0.176,-0.017,0.001,-3.725,0.149,0.176,10.0,3.675,0,10.0,10.0,3.706,-3.0,2.049,1.382,0,0,0,OFFBOARD
952,RETURN,98.65,3.52,0.187,1.435,-0.176,-0.017,0.001,-3.52,0.337,0.176,10.0,10.0,0,10.0,10.0,10.0,-3.0,2.103,1.383,0,0,0,OFFBOARD
953,RETURN,98.75,3.312,0.382,1.427,-0.176,-0.017,0.001,-3.312,0.532,0.176,10.0,10.0,0,10.0,10.0,10.0,-3.0,2.159,1.394,0,0,0,OFFBOARD
954,RETURN,98.85,3.112,0.572,1.42,-0.176,-0.017,0.001,-3.112,0.722,0.176,10.0,3.087,0,10.0,10.0,10.0,-3.0,2.201,1.411,0,0,0,OFFBOARD
955,RETURN,98.95,2.901,0.775,1.415,-0.176,-0.017,0.001,-2.901,0.925,0.176,10.0,2.803,0,10.0,10.0,10.0,-3.0,2.235,1.433,0,0,0,OFFBOARD
956,RETURN,99.06,2.698,0.972,1.411,-0.176,-0.017,0.001,-2.698,1.122,0.176,10.0,2.573,0,10.0,10.0,10.0,-3.0,2.263,1.459,0,0,0,OFFBOARD
957,RETURN,99.16,2.493,1.169,1.41,-0.176,-0.017,0.001,-2.493,1.319,0.176,10.0,2.372,0,10.0,10.0,10.0,-3.0,2.284,1.485,0,0,0,OFFBOARD
958,RETURN,99.26,2.29,1.361,1.41,-0.176,-0.017,0.001,-2.29,1.511,0.176,10.0,2.171,0,10.0,10.0,10.0,-3.0,2.297,1.511,0,0,0,OFFBOARD
959,RETURN,99.36,2.086,1.548,1.414,-0.176,-0.017,0.001,-2.086,1.698,0.176,10.0,1.969,1,10.0,10.0,10.0,-3.0,2.301,1.535,0,0,0,OFFBOARD
