step,phase,t_s,x_m,y_m,z_m,vx_ms,vy_ms,vz_ms,fwd_progress_m,lat_offset_m,speed_ms,front_d_m,min_depth_m,prox_alarm,depth_top,depth_mid,depth_bot,tgt_x,tgt_y,tgt_z,collision,near_miss,armed,mode
0,OUTBOUND,0.0,-0.0,-0.4,1.576,-38.682,0.401,-0.678,-0.0,-0.0,38.682,5.921,3.47,0,4.507,10.0,3.986,0.225,-0.379,1.489,0,0,0,OFFBOARD
1,OUTBOUND,0.1,-0.0,-0.4,1.569,-38.682,0.401,-0.678,-0.0,-0.0,38.682,5.884,3.493,0,4.564,10.0,3.93,0.517,-0.334,1.484,0,0,0,OFFBOARD
2,OUTBOUND,0.2,0.001,-0.4,1.562,-38.682,0.401,-0.678,0.0,-0.0,38.682,5.615,3.488,0,4.722,10.0,3.761,0.851,-0.273,1.485,0,0,0,OFFBOARD
3,OUTBOUND,0.3,0.004,-0.4,1.554,-38.682,0.401,-0.678,0.004,0.0,38.682,4.995,3.459,0,4.754,10.0,3.473,1.199,-0.201,1.49,0,0,0,OFFBOARD
4,OUTBOUND,0.41,0.014,-0.398,1.547,-38.682,0.401,-0.678,0.014,0.002,38.682,4.31,3.541,0,5.778,6.906,3.128,1.509,-0.129,1.498,0,0,0,OFFBOARD
5,OUTBOUND,0.51,0.036,-0.395,1.54,-38.682,0.401,-0.678,0.036,0.005,38.682,3.714,3.632,0,6.853,5.519,2.809,1.722,-0.069,1.509,0,0,0,OFFBOARD
6,OUTBOUND,0.61,0.076,-0.39,1.535,-38.682,0.401,-0.678,0.076,0.011,38.682,3.29,3.196,0,10.0,4.646,2.568,1.861,-0.011,1.521,0,0,0,OFFBOARD
7,OUTBOUND,0.71,0.14,-0.379,1.53,-38.682,0.401,-0.678,0.14,0.021,38.682,3.059,2.955,0,10.0,4.206,2.432,1.961,0.042,1.535,0,0,0,OFFBOARD
8,OUTBOUND,0.81,0.231,-0.364,1.526,-38.682,0.401,-0.678,0.231,0.036,38.682,3.014,2.898,0,10.0,4.133,2.406,2.061,0.09,1.55,0,0,0,OFFBOARD
9,OUTBOUND,0.91,0.348,-0.343,1.524,-38.682,0.401,-0.678,0.348,0.057,38.682,3.143,3.012,0,10.0,4.396,2.487,2.161,0.134,1.566,0,0,0,OFFBOARD
10,OUTBOUND,1.01,0.49,-0.315,1.524,-38.682,0.401,-0.678,0.49,0.085,38.682,3.22,3.082,0,10.0,4.552,2.533,2.261,0.179,1.581,0,0,0,OFFBOARD
11,OUTBOUND,1.12,0.649,-0.282,1.525,-38.682,0.401,-0.678,0.649,0.118,38.682,3.895,3.717,0,6.361,6.039,2.92,2.361,0.235,1.597,0,0,0,OFFBOARD
12,OUTBOUND,1.22,0.822,-0.243,1.528,-38.682,0.401,-0.678,0.822,0.157,38.682,4.495,3.899,0,5.299,10.0,3.237,2.461,0.308,1.613,0,0,0,OFFBOARD
13,OUTBOUND,1.32,1.0,-0.201,1.532,-38.682,0.401,-0.678,1.0,0.199,38.682,5.164,3.767,0,5.0,10.0,3.566,2.561,0.393,1.628,0,0,0,OFFBOARD
14,OUTBOUND,1.42,1.182,-0.154,1.537,-38.682,0.401,-0.678,1.182,0.246,38.682,5.84,3.625,0,4.707,10.0,3.873,2.673,0.48,1.642,0,0,0,OFFBOARD
15,OUTBOUND,1.52,1.364,-0.104,1.544,-38.682,0.401,-0.678,1.364,0.296,38.682,5.934,3.506,0,4.462,10.0,4.123,2.886,0.569,1.655,0,0,0,OFFBOARD
16,OUTBOUND,1.62,1.543,-0.051,1.552,-38.682,0.401,-0.678,1.543,0.349,38.682,5.85,3.505,0,4.339,10.0,4.275,3.173,0.656,1.668,0,0,0,OFFBOARD
17,OUTBOUND,1.73,1.714,0.003,1.561,-38.682,0.401,-0.678,1.714,0.403,38.682,5.629,3.894,0,4.363,10.0,4.258,3.513,0.735,1.678,0,0,0,OFFBOARD
18,OUTBOUND,1.83,1.885,0.062,1.57,-38.682,0.401,-0.678,1.885,0.462,38.682,5.586,3.917,0,4.17,10.0,4.088,3.882,0.809,1.688,0,0,0,OFFBOARD
19,OUTBOUND,1.93,2.057,0.125,1.58,-38.682,0.401,-0.678,2.057,0.525,38.682,5.32,3.956,0,4.711,10.0,3.865,4.272,0.888,1.695,0,0,0,OFFBOARD
20,OUTBOUND,2.03,2.234,0.194,1.591,-38.682,0.401,-0.678,2.234,0.594,38.682,5.134,3.771,0,4.833,10.0,3.682,4.664,0.958,1.701,0,0,0,OFFBOARD
21,OUTBOUND,2.13,2.41,0.264,1.601,-38.682,0.401,-0.678,2.41,0.664,38.682,4.97,3.591,0,4.782,10.0,3.582,5.032,1.023,1.705,0,0,0,OFFBOARD
22,OUTBOUND,2.24,2.591,0.339,1.612,-38.682,0.401,-0.678,2.591,0.739,38.682,4.801,3.465,0,4.603,10.0,3.564,5.349,1.083,1.706,0,0,0,OFFBOARD
23,OUTBOUND,2.34,2.78,0.417,1.622,-38.682,0.401,-0.678,2.78,0.817,38.682,4.616,3.324,0,4.432,10.0,3.621,5.646,1.14,1.704,0,0,0,OFFBOARD
24,OUTBOUND,2.44,2.973,0.497,1.632,-38.682,0.401,-0.678,2.973,0.897,38.682,4.41,3.153,0,4.26,10.0,3.734,5.959,1.19,1.697,0,0,0,OFFBOARD
25,OUTBOUND,2.54,3.171,0.579,1.641,-38.682,0.401,-0.678,3.171,0.979,38.682,4.202,2.978,0,4.093,10.0,3.877,6.303,1.229,1.684,0,0,0,OFFBOARD
26,OUTBOUND,2.64,3.372,0.662,1.648,-38.682,0.401,-0.678,3.372,1.062,38.682,3.99,2.806,0,3.921,10.0,3.988,6.671,1.258,1.669,0,0,0,OFFBOARD
27,OUTBOUND,2.74,3.573,0.744,1.655,-38.682,0.401,-0.678,3.573,1.144,38.682,3.844,2.65,0,3.742,10.0,3.78,7.061,1.275,1.651,0,0,0,OFFBOARD
28,OUTBOUND,2.84,3.773,0.824,1.659,-38.682,0.401,-0.678,3.773,1.225,38.682,3.958,2.512,0,3.554,10.0,3.574,7.466,1.282,1.635,0,0,0,OFFBOARD
29,OUTBOUND,2.95,3.973,0.903,1.662,-38.682,0.401,-0.678,3.973,1.303,38.682,4.024,2.696,0,3.404,10.0,3.373,7.879,1.295,1.622,0,0,0,OFFBOARD
30,OUTBOUND,3.05,4.174,0.979,1.663,-38.682,0.401,-0.678,4.174,1.379,38.682,4.034,2.602,0,3.322,6.925,3.178,8.301,1.302,1.611,0,0,0,OFFBOARD
31,OUTBOUND,3.15,4.375,1.051,1.663,-38.682,0.401,-0.678,4.375,1.452,38.682,4.006,2.505,0,3.708,6.725,2.985,8.719,1.3,1.603,0,0,0,OFFBOARD
32,OUTBOUND,3.25,4.576,1.119,1.661,-38.682,0.401,-0.678,4.576,1.519,38.682,3.958,2.403,0,3.719,6.525,2.79,9.071,1.287,1.595,0,0,0,OFFBOARD
33,OUTBOUND,3.35,4.775,1.179,1.657,-38.682,0.401,-0.678,4.775,1.579,38.682,3.852,2.349,0,3.668,6.329,2.599,9.398,1.266,1.59,0,0,0,OFFBOARD
34,OUTBOUND,3.45,4.975,1.233,1.653,-38.682,0.401,-0.678,4.975,1.633,38.682,4.682,2.301,0,3.606,6.132,2.525,9.756,1.238,1.585,0,0,0,OFFBOARD
35,OUTBOUND,3.56,5.177,1.281,1.648,-38.682,0.401,-0.678,5.177,1.681,38.682,4.669,2.161,0,3.412,5.932,2.501,10.141,1.199,1.582,0,0,0,OFFBOARD
36,OUTBOUND,3.66,5.378,1.321,1.643,-38.682,0.401,-0.678,5.378,1.721,38.682,4.472,1.964,1,3.215,5.734,2.486,10.546,1.157,1.58,0,0,0,OFFBOARD
37,OUTBOUND,3.76,5.581,1.353,1.637,-38.682,0.401,-0.678,5.581,1.753,38.682,4.277,1.775,1,3.021,5.538,2.476,10.817,1.099,1.578,0,0,0,OFFBOARD
38,OUTBOUND,3.86,5.785,1.377,1.632,-38.682,0.401,-0.678,5.785,1.777,38.682,4.078,1.738,1,2.844,5.337,2.469,11.007,1.032,1.578,0,0,0,OFFBOARD
39,OUTBOUND,3.96,5.989,1.393,1.626,-38.682,0.401,-0.678,5.989,1.793,38.682,3.881,1.968,1,2.818,5.138,2.462,11.151,0.967,1.578,0,0,0,OFFBOARD
40,OUTBOUND,4.06,6.187,1.399,1.621,-38.682,0.401,-0.678,6.187,1.799,38.682,3.751,1.945,1,3.358,4.987,4.116,11.262,0.895,1.579,0,0,0,OFFBOARD
41,OUTBOUND,4.17,6.393,1.397,1.615,-38.682,0.401,-0.678,6.393,1.797,38.682,4.409,1.968,1,3.38,5.79,4.107,11.362,0.779,1.579,0,0,0,OFFBOARD
42,OUTBOUND,4.27,6.599,1.385,1.611,-38.682,0.401,-0.678,6.599,1.785,38.682,4.473,1.96,1,3.217,5.728,4.096,11.462,0.634,1.577,0,0,0,OFFBOARD
43,OUTBOUND,4.37,6.8,1.364,1.607,-38.682,0.401,-0.678,6.8,1.764,38.682,4.273,1.761,1,3.017,5.529,4.081,11.562,0.472,1.574,0,0,0,OFFBOARD
44,OUTBOUND,4.47,7.004,1.333,1.603,-38.682,0.401,-0.678,7.004,1.733,38.682,4.072,2.081,0,2.964,5.329,4.066,11.662,0.322,1.572,0,0,0,OFFBOARD
45,OUTBOUND,4.57,7.206,1.292,1.599,-38.682,0.401,-0.678,7.206,1.692,38.682,4.089,2.143,0,3.495,6.233,4.051,11.849,0.216,1.572,0,0,0,OFFBOARD
46,OUTBOUND,4.67,7.407,1.24,1.595,-38.682,0.401,-0.678,7.407,1.64,38.682,4.928,2.217,0,3.663,6.185,4.039,12.129,0.133,1.575,0,0,0,OFFBOARD
47,OUTBOUND,4.77,7.609,1.176,1.592,-38.682,0.401,-0.678,7.609,1.577,38.682,4.728,2.216,0,3.472,5.986,4.03,12.468,0.077,1.579,0,0,0,OFFBOARD
48,OUTBOUND,4.88,7.813,1.1,1.59,-38.682,0.401,-0.678,7.813,1.5,38.682,4.544,2.14,0,3.364,10.0,4.025,12.846,0.03,1.583,0,0,0,OFFBOARD
49,OUTBOUND,4.98,8.015,1.013,1.588,-38.682,0.401,-0.678,8.015,1.413,38.682,5.341,2.609,0,3.944,6.842,4.023,13.249,0.02,1.589,0,0,0,OFFBOARD
50,OUTBOUND,5.08,8.217,0.917,1.586,-38.682,0.401,-0.678,8.217,1.317,38.682,5.385,2.745,0,3.977,10.0,4.022,13.667,0.018,1.595,0,0,0,OFFBOARD
51,OUTBOUND,5.18,8.419,0.813,1.585,-38.682,0.401,-0.678,8.419,1.213,38.682,5.185,2.673,0,3.929,10.0,4.017,14.095,0.027,1.602,0,0,0,OFFBOARD
52,OUTBOUND,5.28,8.621,0.704,1.585,-38.682,0.401,-0.678,8.621,1.104,38.682,5.19,2.692,0,3.729,10.0,4.014,14.527,0.048,1.608,0,0,0,OFFBOARD
53,OUTBOUND,5.38,8.823,0.595,1.585,-38.682,0.401,-0.678,8.823,0.995,38.682,5.742,3.154,0,3.763,10.0,4.016,14.958,0.083,1.614,0,0,0,OFFBOARD
54,OUTBOUND,5.48,9.025,0.488,1.586,-38.682,0.401,-0.678,9.025,0.889,38.682,5.805,3.329,0,4.323,10.0,4.022,15.393,0.133,1.621,0,0,0,OFFBOARD
55,OUTBOUND,5.58,9.227,0.387,1.588,-38.682,0.401,-0.678,9.227,0.787,38.682,5.642,3.179,0,4.385,10.0,4.03,15.831,0.184,1.626,0,0,0,OFFBOARD
56,OUTBOUND,5.68,9.431,0.294,1.59,-38.682,0.401,-0.678,9.431,0.694,38.682,5.59,3.638,0,4.183,10.0,4.034,16.269,0.249,1.631,0,0,0,OFFBOARD
57,OUTBOUND,5.79,9.633,0.212,1.593,-38.682,0.401,-0.678,9.633,0.612,38.682,5.756,3.776,0,4.124,10.0,4.037,16.709,0.32,1.636,0,0,0,OFFBOARD
58,OUTBOUND,5.89,9.837,0.143,1.596,-38.682,0.401,-0.678,9.837,0.543,38.682,5.862,3.785,0,4.491,10.0,4.04,17.151,0.398,1.641,0,0,0,OFFBOARD
59,OUTBOUND,5.99,10.039,0.087,1.599,-38.682,0.401,-0.678,10.039,0.487,38.682,5.871,3.652,0,4.525,10.0,4.046,17.595,0.478,1.645,0,0,0,OFFBOARD
60,OUTBOUND,6.09,10.241,0.046,1.603,-38.682,0.401,-0.678,10.241,0.446,38.682,5.877,3.593,0,4.564,10.0,4.053,18.039,0.567,1.649,0,0,0,OFFBOARD
61,OUTBOUND,6.19,10.445,0.019,1.607,-38.682,0.401,-0.678,10.445,0.419,38.682,5.753,3.855,0,4.441,10.0,4.062,18.485,0.651,1.652,0,0,0,OFFBOARD
62,OUTBOUND,6.29,10.647,0.007,1.611,-38.682,0.401,-0.678,10.647,0.407,38.682,5.788,3.859,0,4.241,6.835,4.072,18.932,0.738,1.655,0,0,0,OFFBOARD
63,OUTBOUND,6.4,10.851,0.009,1.615,-38.682,0.401,-0.678,10.851,0.41,38.682,5.897,3.879,0,4.148,6.631,4.083,19.365,0.824,1.658,0,0,0,OFFBOARD
64,OUTBOUND,6.5,11.055,0.026,1.619,-38.682,0.401,-0.678,11.055,0.427,38.682,5.946,3.775,0,4.478,6.369,4.098,19.792,0.905,1.66,0,0,0,OFFBOARD
65,OUTBOUND,6.6,11.259,0.057,1.623,-38.682,0.401,-0.678,11.259,0.457,38.682,5.964,3.576,0,4.479,6.169,4.109,20.211,0.988,1.661,0,0,0,OFFBOARD
66,OUTBOUND,6.7,11.461,0.1,1.627,-38.682,0.401,-0.678,11.461,0.501,38.682,5.888,3.906,0,4.462,5.969,4.12,20.62,1.068,1.662,0,0,0,OFFBOARD
67,OUTBOUND,6.8,11.665,0.156,1.631,-38.682,0.401,-0.678,11.665,0.556,38.682,5.709,3.875,0,4.43,5.767,4.131,21.011,1.145,1.662,0,0,0,OFFBOARD
68,OUTBOUND,6.9,11.867,0.222,1.635,-38.682,0.401,-0.678,11.867,0.622,38.682,5.569,3.771,0,4.232,5.569,4.141,21.391,1.216,1.662,0,0,0,OFFBOARD
69,OUTBOUND,7.0,12.069,0.297,1.638,-38.682,0.401,-0.678,12.069,0.697,38.682,5.369,3.653,0,4.032,5.369,4.149,21.781,1.283,1.661,0,0,0,OFFBOARD
70,OUTBOUND,7.11,12.273,0.38,1.641,-38.682,0.401,-0.678,12.273,0.78,38.682,5.167,3.523,0,3.971,5.167,4.155,22.184,1.346,1.66,0,0,0,OFFBOARD
71,OUTBOUND,7.21,12.475,0.469,1.644,-38.682,0.401,-0.678,12.475,0.87,38.682,4.969,3.388,0,4.111,4.969,4.158,22.6,1.396,1.658,0,0,0,OFFBOARD
72,OUTBOUND,7.31,12.677,0.564,1.646,-38.682,0.401,-0.678,12.677,0.964,38.682,4.769,3.252,0,4.188,5.246,4.161,23.021,1.44,1.656,0,0,0,OFFBOARD
73,OUTBOUND,7.41,12.879,0.661,1.648,-38.682,0.401,-0.678,12.879,1.061,38.682,5.253,3.115,0,4.128,5.526,4.164,23.451,1.478,1.654,0,0,0,OFFBOARD
74,OUTBOUND,7.51,13.083,0.762,1.65,-38.682,0.401,-0.678,13.083,1.162,38.682,5.544,2.979,0,4.049,6.801,4.167,23.887,1.51,1.651,0,0,0,OFFBOARD
75,OUTBOUND,7.61,13.285,0.862,1.651,-38.682,0.401,-0.678,13.285,1.262,38.682,5.342,2.83,0,3.884,6.599,4.17,24.329,1.537,1.648,0,0,0,OFFBOARD
76,OUTBOUND,7.71,13.487,0.961,1.652,-38.682,0.401,-0.678,13.487,1.361,38.682,5.068,2.632,0,3.801,6.266,4.171,24.773,1.557,1.646,0,0,0,OFFBOARD
77,OUTBOUND,7.82,13.691,1.058,1.652,-38.682,0.401,-0.678,13.691,1.458,38.682,4.216,2.432,0,3.688,4.239,4.125,25.219,1.575,1.643,0,0,0,OFFBOARD
78,OUTBOUND,7.92,13.893,1.15,1.653,-38.682,0.401,-0.678,13.893,1.551,38.682,4.024,2.232,0,3.488,4.077,4.005,25.666,1.564,1.64,0,0,0,OFFBOARD
79,OUTBOUND,8.02,14.097,1.239,1.652,-38.682,0.401,-0.678,14.097,1.639,38.682,3.872,2.03,0,3.286,3.931,3.866,26.115,1.501,1.636,0,0,0,OFFBOARD
80,OUTBOUND,8.12,14.299,1.321,1.652,-38.682,0.401,-0.678,14.299,1.721,38.682,3.736,1.832,1,3.088,3.791,3.73,26.564,1.393,1.631,0,0,0,OFFBOARD
81,OUTBOUND,8.22,14.503,1.396,1.651,-38.682,0.401,-0.678,14.503,1.797,38.682,3.597,1.715,1,2.888,3.65,3.591,26.879,1.258,1.626,0,0,0,OFFBOARD
82,OUTBOUND,8.32,14.705,1.463,1.649,-38.682,0.401,-0.678,14.705,1.863,38.682,3.458,1.617,1,2.692,3.508,3.453,27.104,1.097,1.621,0,0,0,OFFBOARD
83,OUTBOUND,8.42,14.907,1.519,1.648,-38.682,0.401,-0.678,14.907,1.919,38.682,3.318,1.831,1,2.616,3.367,3.314,27.268,0.93,1.615,0,0,0,OFFBOARD
84,OUTBOUND,8.53,15.111,1.564,1.646,-38.682,0.401,-0.678,15.111,1.964,38.682,3.176,1.758,1,3.079,3.224,3.174,27.387,0.724,1.609,0,0,0,OFFBOARD
85,OUTBOUND,8.63,15.315,1.592,1.643,-38.682,0.401,-0.678,15.315,1.993,38.682,3.039,1.706,1,3.123,3.084,3.036,27.487,0.531,1.603,0,0,0,OFFBOARD
86,OUTBOUND,8.73,15.521,1.603,1.64,-38.682,0.401,-0.678,15.521,2.003,38.682,2.9,1.731,1,3.126,2.942,2.896,27.587,0.347,1.599,0,0,0,OFFBOARD
87,OUTBOUND,8.83,15.723,1.593,1.637,-38.682,0.401,-0.678,15.723,1.993,38.682,2.71,1.622,1,2.878,2.756,2.707,27.687,0.144,1.596,0,0,0,OFFBOARD
88,OUTBOUND,8.93,15.927,1.561,1.634,-38.682,0.401,-0.678,15.927,1.961,38.682,2.568,1.482,1,2.697,2.619,2.565,27.787,-0.056,1.595,0,0,0,OFFBOARD
89,OUTBOUND,9.04,16.131,1.504,1.63,-38.682,0.401,-0.678,16.131,1.904,38.682,2.425,1.852,1,3.326,2.484,2.422,27.887,-0.214,1.594,0,0,0,OFFBOARD
90,OUTBOUND,9.14,16.333,1.425,1.627,-38.682,0.401,-0.678,16.333,1.825,38.682,2.284,1.965,1,3.474,2.374,2.276,27.987,-0.398,1.594,0,0,0,OFFBOARD
91,OUTBOUND,9.24,16.535,1.324,1.623,-38.682,0.401,-0.678,16.535,1.724,38.682,2.2,2.078,0,3.334,5.747,2.145,28.087,-0.598,1.595,0,0,0,OFFBOARD
92,OUTBOUND,9.34,16.737,1.202,1.62,-38.682,0.401,-0.678,16.737,1.602,38.682,4.291,1.968,1,3.225,5.72,2.322,28.275,-0.81,1.596,0,0,0,OFFBOARD
93,OUTBOUND,9.44,16.939,1.063,1.617,-38.682,0.401,-0.678,16.939,1.463,38.682,5.342,1.842,1,3.888,6.601,4.091,28.488,-1.012,1.594,0,0,0,OFFBOARD
94,OUTBOUND,9.54,17.143,0.908,1.614,-38.682,0.401,-0.678,17.143,1.308,38.682,5.147,1.697,1,3.891,10.0,4.091,28.656,-1.226,1.591,0,0,0,OFFBOARD
95,OUTBOUND,9.64,17.345,0.745,1.611,-38.682,0.401,-0.678,17.345,1.145,38.682,5.083,2.534,0,3.715,10.0,4.086,28.8,-1.323,1.587,0,0,0,OFFBOARD
96,OUTBOUND,9.74,17.547,0.574,1.609,-38.682,0.401,-0.678,17.547,0.974,38.682,5.872,3.107,0,4.295,10.0,4.076,29.051,-1.365,1.584,0,0,0,OFFBOARD
97,OUTBOUND,9.84,17.749,0.398,1.606,-38.682,0.401,-0.678,17.749,0.798,38.682,5.803,3.291,0,4.33,10.0,4.067,29.371,-1.368,1.581,0,0,0,OFFBOARD
98,OUTBOUND,9.95,17.951,0.219,1.604,-38.682,0.401,-0.678,17.951,0.619,38.682,5.753,3.299,0,4.257,10.0,4.06,29.735,-1.349,1.58,0,0,0,OFFBOARD
99,OUTBOUND,10.05,18.155,0.035,1.601,-38.682,0.401,-0.678,18.155,0.435,38.682,6.07,3.896,0,4.147,10.0,4.054,30.129,-1.304,1.579,0,0,0,OFFBOARD
100,OUTBOUND,10.15,18.357,-0.148,1.599,-38.682,0.401,-0.678,18.357,0.252,38.682,6.098,3.866,0,4.01,10.0,4.048,30.542,-1.241,1.581,0,0,0,OFFBOARD
101,OUTBOUND,10.25,18.559,-0.331,1.597,-38.682,0.401,-0.678,18.559,0.069,38.682,6.051,3.581,0,3.958,10.0,4.043,30.967,-1.155,1.584,0,0,0,OFFBOARD
102,OUTBOUND,10.35,18.763,-0.513,1.595,-38.682,0.401,-0.678,18.763,-0.113,38.682,6.03,3.316,0,4.31,10.0,4.044,31.401,-1.052,1.588,0,0,0,OFFBOARD
103,OUTBOUND,10.45,18.965,-0.686,1.593,-38.682,0.401,-0.678,18.965,-0.286,38.682,5.86,3.062,0,4.364,10.0,4.042,31.84,-0.933,1.592,0,0,0,OFFBOARD
104,OUTBOUND,10.55,19.167,-0.847,1.592,-38.682,0.401,-0.678,19.167,-0.447,38.682,5.66,2.831,0,4.32,10.0,4.029,32.282,-0.798,1.598,0,0,0,OFFBOARD
105,OUTBOUND,10.65,19.371,-0.992,1.591,-38.682,0.401,-0.678,19.371,-0.592,38.682,5.46,2.63,0,4.203,6.87,4.015,32.726,-0.651,1.603,0,0,0,OFFBOARD
106,OUTBOUND,10.76,19.573,-1.114,1.591,-38.682,0.401,-0.678,19.573,-0.714,38.682,5.26,2.469,0,4.003,6.516,4.005,33.094,-0.491,1.609,0,0,0,OFFBOARD
107,OUTBOUND,10.86,19.775,-1.21,1.591,-38.682,0.401,-0.678,19.775,-0.81,38.682,5.058,2.34,0,3.801,6.314,4.0,33.397,-0.321,1.615,0,0,0,OFFBOARD
108,OUTBOUND,10.96,19.979,-1.278,1.592,-38.682,0.401,-0.678,19.979,-0.878,38.682,4.86,2.248,0,3.603,6.116,3.998,33.711,-0.142,1.621,0,0,0,OFFBOARD
109,OUTBOUND,11.06,20.181,-1.316,1.593,-38.682,0.401,-0.678,20.181,-0.916,38.682,4.66,2.147,0,3.403,5.916,3.975,34.056,0.046,1.627,0,0,0,OFFBOARD
110,OUTBOUND,11.16,20.387,-1.323,1.595,-38.682,0.401,-0.678,20.387,-0.923,38.682,4.46,1.947,1,3.3,5.716,3.958,34.42,0.237,1.633,0,0,0,OFFBOARD
111,OUTBOUND,11.26,20.589,-1.3,1.597,-38.682,0.401,-0.678,20.589,-0.9,38.682,4.408,1.896,1,3.852,5.448,4.006,34.659,0.427,1.638,0,0,0,OFFBOARD
112,OUTBOUND,11.37,20.791,-1.25,1.6,-38.682,0.401,-0.678,20.791,-0.85,38.682,5.132,2.211,0,3.871,6.301,4.024,34.815,0.584,1.643,0,0,0,OFFBOARD
113,OUTBOUND,11.47,20.997,-1.172,1.603,-38.682,0.401,-0.678,20.997,-0.772,38.682,5.048,2.303,0,3.792,6.304,4.035,35.015,0.742,1.647,0,0,0,OFFBOARD
114,OUTBOUND,11.57,21.199,-1.071,1.606,-38.682,0.401,-0.678,21.199,-0.671,38.682,4.846,2.333,0,3.59,6.293,4.05,35.284,0.874,1.651,0,0,0,OFFBOARD
115,OUTBOUND,11.67,21.403,-0.949,1.61,-38.682,0.401,-0.678,21.403,-0.549,38.682,4.873,2.317,0,3.585,10.0,4.066,35.617,0.989,1.654,0,0,0,OFFBOARD
116,OUTBOUND,11.77,21.605,-0.811,1.614,-38.682,0.401,-0.678,21.605,-0.411,38.682,5.704,2.781,0,4.149,10.0,4.084,35.99,1.076,1.656,0,0,0,OFFBOARD
117,OUTBOUND,11.87,21.809,-0.659,1.618,-38.682,0.401,-0.678,21.809,-0.259,38.682,5.504,2.864,0,4.248,10.0,4.099,36.391,1.153,1.657,0,0,0,OFFBOARD
118,OUTBOUND,11.98,22.011,-0.498,1.622,-38.682,0.401,-0.678,22.011,-0.098,38.682,5.459,2.662,0,4.046,10.0,4.074,36.809,1.218,1.658,0,0,0,OFFBOARD
119,OUTBOUND,12.08,22.213,-0.33,1.626,-38.682,0.401,-0.678,22.213,0.07,38.682,2.627,2.466,0,4.051,2.636,2.571,37.238,1.284,1.657,0,0,0,OFFBOARD
120,OUTBOUND,12.18,22.417,-0.156,1.629,-38.682,0.401,-0.678,22.417,0.244,38.682,2.258,2.258,0,4.445,2.392,2.261,37.517,1.358,1.656,0,0,0,OFFBOARD
121,OUTBOUND,12.28,22.619,0.02,1.633,-38.682,0.401,-0.678,22.619,0.42,38.682,2.062,2.062,0,4.472,2.219,2.055,37.699,1.399,1.654,0,0,0,OFFBOARD
122,OUTBOUND,12.38,22.819,0.196,1.636,-38.682,0.401,-0.678,22.819,0.596,38.682,1.865,1.865,1,4.331,2.022,1.852,37.841,1.456,1.652,0,0,0,OFFBOARD
123,OUTBOUND,12.48,23.023,0.375,1.639,-38.682,0.401,-0.678,23.023,0.775,38.682,5.635,1.67,1,4.168,10.0,1.827,37.951,1.586,1.651,0,0,0,OFFBOARD
124,OUTBOUND,12.58,23.227,0.551,1.641,-38.682,0.401,-0.678,23.227,0.951,38.682,5.358,1.469,1,4.011,10.0,4.149,38.051,1.776,1.648,0,0,0,OFFBOARD
125,OUTBOUND,12.69,23.429,0.721,1.643,-38.682,0.401,-0.678,23.429,1.121,38.682,4.463,2.686,0,3.904,10.0,4.157,38.151,1.784,1.646,0,0,0,OFFBOARD
126,OUTBOUND,12.79,23.631,0.884,1.644,-38.682,0.401,-0.678,23.631,1.285,38.682,4.094,2.465,0,3.704,10.0,3.99,38.352,1.78,1.639,0,0,0,OFFBOARD
127,OUTBOUND,12.89,23.833,1.041,1.645,-38.682,0.401,-0.678,23.833,1.441,38.682,3.823,2.252,0,3.504,10.0,3.79,38.639,1.76,1.633,0,0,0,OFFBOARD
128,OUTBOUND,12.99,24.037,1.191,1.646,-38.682,0.401,-0.678,24.037,1.591,38.682,3.596,2.048,0,3.304,6.022,3.59,38.983,1.722,1.628,0,0,0,OFFBOARD
129,OUTBOUND,13.09,24.239,1.331,1.646,-38.682,0.401,-0.678,24.239,1.731,38.682,3.398,1.848,1,3.104,5.617,3.39,39.365,1.664,1.624,0,0,0,OFFBOARD
130,OUTBOUND,13.19,24.441,1.461,1.645,-38.682,0.401,-0.678,24.441,1.861,38.682,3.206,1.659,1,2.904,5.417,3.19,39.615,1.571,1.618,0,0,0,OFFBOARD
131,OUTBOUND,13.29,24.643,1.578,1.644,-38.682,0.401,-0.678,24.643,1.978,38.682,3.037,1.486,1,2.704,5.169,2.99,39.78,1.441,1.609,0,0,0,OFFBOARD
132,OUTBOUND,13.39,24.847,1.682,1.642,-38.682,0.401,-0.678,24.847,2.082,38.682,2.823,1.333,1,2.504,3.885,2.79,39.889,1.283,1.597,0,0,0,OFFBOARD
133,OUTBOUND,13.5,25.049,1.769,1.64,-38.682,0.401,-0.678,25.049,2.169,38.682,2.737,1.204,1,2.304,3.56,2.59,39.989,1.103,1.615,0,0,0,OFFBOARD
134,OUTBOUND,13.6,25.249,1.836,1.637,-38.682,0.401,-0.678,25.249,2.236,38.682,2.548,1.348,1,2.125,3.358,2.388,40.089,0.914,1.637,0,0,0,OFFBOARD
135,OUTBOUND,13.7,25.451,1.882,1.635,-38.682,0.401,-0.678,25.451,2.282,38.682,2.468,1.248,1,2.023,3.094,2.125,40.189,0.704,1.658,0,0,0,OFFBOARD
136,OUTBOUND,13.8,25.659,1.904,1.634,-38.682,0.401,-0.678,25.659,2.304,38.682,2.455,1.22,1,2.586,2.894,1.929,40.289,0.489,1.676,0,0,0,OFFBOARD
137,OUTBOUND,13.9,25.861,1.899,1.634,-38.682,0.401,-0.678,25.861,2.299,38.682,2.694,1.238,1,2.62,2.791,1.746,40.389,0.23,1.698,0,0,0,OFFBOARD
138,OUTBOUND,14.0,26.065,1.868,1.635,-38.682,0.401,-0.678,26.065,2.268,38.682,2.699,1.236,1,2.492,3.719,1.729,40.489,-0.045,1.718,0,0,0,OFFBOARD
139,OUTBOUND,14.1,26.267,1.809,1.639,-38.682,0.401,-0.678,26.267,2.209,38.682,3.551,1.11,1,2.294,3.551,1.736,40.589,-0.315,1.734,0,0,0,OFFBOARD
140,OUTBOUND,14.21,26.469,1.724,1.643,-38.682,0.401,-0.678,26.469,2.124,38.682,3.351,1.459,1,2.815,3.48,1.767,40.689,-0.571,1.72,0,0,0,OFFBOARD
141,OUTBOUND,14.31,26.673,1.614,1.649,-38.682,0.401,-0.678,26.673,2.014,38.682,3.284,1.621,1,3.092,4.407,3.834,40.789,-0.811,1.704,0,0,0,OFFBOARD
142,OUTBOUND,14.41,26.875,1.484,1.655,-38.682,0.401,-0.678,26.875,1.884,38.682,4.207,1.694,1,2.951,5.165,4.114,40.889,-1.044,1.685,0,0,0,OFFBOARD
143,OUTBOUND,14.51,27.079,1.337,1.661,-38.682,0.401,-0.678,27.079,1.737,38.682,4.007,1.727,1,2.846,5.263,4.196,40.989,-1.26,1.665,0,0,0,OFFBOARD
144,OUTBOUND,14.61,27.281,1.179,1.665,-38.682,0.401,-0.678,27.281,1.579,38.682,4.696,2.259,0,3.499,6.319,4.212,41.089,-1.427,1.643,0,0,0,OFFBOARD
145,OUTBOUND,14.71,27.485,1.011,1.668,-38.682,0.401,-0.678,27.485,1.411,38.682,4.863,2.351,0,3.607,10.0,4.217,41.272,-1.535,1.627,0,0,0,OFFBOARD
146,OUTBOUND,14.81,27.687,0.839,1.669,-38.682,0.401,-0.678,27.687,1.239,38.682,4.706,2.682,0,3.442,10.0,4.216,41.548,-1.587,1.613,0,0,0,OFFBOARD
147,OUTBOUND,14.92,27.889,0.664,1.668,-38.682,0.401,-0.678,27.889,1.064,38.682,5.717,2.918,0,4.075,10.0,4.213,41.885,-1.609,1.601,0,0,0,OFFBOARD
148,OUTBOUND,15.02,28.093,0.483,1.666,-38.682,0.401,-0.678,28.093,0.883,38.682,5.519,3.007,0,4.08,10.0,4.208,42.262,-1.6,1.587,0,0,0,OFFBOARD
149,OUTBOUND,15.12,28.295,0.302,1.662,-38.682,0.401,-0.678,28.295,0.702,38.682,5.54,3.453,0,4.006,10.0,4.2,42.664,-1.562,1.569,0,0,0,OFFBOARD
150,OUTBOUND,15.22,28.499,0.117,1.657,-38.682,0.401,-0.678,28.499,0.517,38.682,6.147,3.686,0,3.863,6.794,4.189,43.083,-1.508,1.552,0,0,0,OFFBOARD
151,OUTBOUND,15.32,28.701,-0.069,1.65,-38.682,0.401,-0.678,28.701,0.331,38.682,5.972,3.663,0,3.892,5.799,4.175,43.512,-1.44,1.54,0,0,0,OFFBOARD
152,OUTBOUND,15.42,28.905,-0.26,1.643,-38.682,0.401,-0.678,28.905,0.14,38.682,5.319,3.463,0,4.324,5.319,4.157,43.947,-1.353,1.532,0,0,0,OFFBOARD
153,OUTBOUND,15.52,29.107,-0.449,1.634,-38.682,0.401,-0.678,29.107,-0.049,38.682,5.119,3.263,0,4.339,5.119,4.137,44.35,-1.252,1.527,0,0,0,OFFBOARD
154,OUTBOUND,15.63,29.309,-0.636,1.625,-38.682,0.401,-0.678,29.309,-0.236,38.682,4.919,3.063,0,4.319,4.919,4.121,44.701,-1.139,1.525,0,0,0,OFFBOARD
155,OUTBOUND,15.73,29.513,-0.818,1.616,-38.682,0.401,-0.678,29.513,-0.418,38.682,4.719,2.863,0,4.119,4.719,4.102,45.018,-1.009,1.525,0,0,0,OFFBOARD
156,OUTBOUND,15.83,29.715,-0.985,1.606,-38.682,0.401,-0.678,29.715,-0.585,38.682,4.519,2.656,0,3.919,4.519,4.069,45.25,-0.864,1.528,0,0,0,OFFBOARD
157,OUTBOUND,15.93,29.919,-1.134,1.597,-38.682,0.401,-0.678,29.919,-0.734,38.682,4.319,2.463,0,3.719,4.319,4.033,45.407,-0.705,1.532,0,0,0,OFFBOARD
158,OUTBOUND,16.03,30.123,-1.259,1.589,-38.682,0.401,-0.678,30.123,-0.859,38.682,4.053,2.197,0,3.453,4.053,3.994,45.511,-0.531,1.538,0,0,0,OFFBOARD
159,OUTBOUND,16.13,30.327,-1.355,1.581,-38.682,0.401,-0.678,30.327,-0.955,38.682,3.853,1.997,1,3.311,3.853,3.853,45.611,-0.344,1.545,0,0,0,OFFBOARD
160,OUTBOUND,16.24,30.529,-1.418,1.575,-38.682,0.401,-0.678,30.529,-1.018,38.682,3.653,1.797,1,3.24,3.653,3.653,45.711,-0.143,1.553,0,0,0,OFFBOARD
161,OUTBOUND,16.34,30.733,-1.449,1.569,-38.682,0.401,-0.678,30.733,-1.049,38.682,3.451,1.732,1,3.711,3.451,3.451,45.811,0.066,1.562,0,0,0,OFFBOARD
162,OUTBOUND,16.44,30.935,-1.448,1.565,-38.682,0.401,-0.678,30.935,-1.048,38.682,3.319,1.975,1,3.742,3.319,3.319,45.911,0.262,1.57,0,0,0,OFFBOARD
163,OUTBOUND,16.54,31.137,-1.415,1.562,-38.682,0.401,-0.678,31.137,-1.015,38.682,3.053,2.033,0,3.71,3.053,3.053,46.011,0.45,1.579,0,0,0,OFFBOARD
164,OUTBOUND,16.64,31.341,-1.353,1.56,-38.682,0.401,-0.678,31.341,-0.953,38.682,2.851,2.124,0,3.508,2.851,2.851,46.111,0.593,1.588,0,0,0,OFFBOARD
165,OUTBOUND,16.74,31.543,-1.265,1.559,-38.682,0.401,-0.678,31.543,-0.865,38.682,2.653,2.053,0,3.342,2.653,2.653,46.211,0.729,1.598,0,0,0,OFFBOARD
166,OUTBOUND,16.84,31.745,-1.153,1.56,-38.682,0.401,-0.678,31.745,-0.753,38.682,2.451,2.359,0,3.859,2.451,2.451,46.311,0.882,1.608,0,0,0,OFFBOARD
167,OUTBOUND,16.95,31.949,-1.021,1.562,-38.682,0.401,-0.678,31.949,-0.621,38.682,2.253,2.253,0,4.104,2.253,2.253,46.411,1.069,1.619,0,0,0,OFFBOARD
168,OUTBOUND,17.05,32.151,-0.876,1.564,-38.682,0.401,-0.678,32.151,-0.476,38.682,2.053,2.053,0,3.966,2.053,2.053,46.511,1.302,1.629,0,0,0,OFFBOARD
169,OUTBOUND,17.15,32.353,-0.72,1.568,-38.682,0.401,-0.678,32.353,-0.32,38.682,1.856,1.851,1,3.838,1.851,1.851,46.611,1.565,1.638,0,0,0,OFFBOARD
170,OUTBOUND,17.25,32.555,-0.556,1.572,-38.682,0.401,-0.678,32.555,-0.156,38.682,2.733,1.651,1,4.383,2.59,2.281,46.711,1.841,1.647,0,0,0,OFFBOARD
171,OUTBOUND,17.35,32.759,-0.384,1.578,-38.682,0.401,-0.678,32.759,0.016,38.682,5.878,1.453,1,4.417,10.0,3.905,46.811,2.113,1.655,0,0,0,OFFBOARD
172,OUTBOUND,17.45,32.959,-0.212,1.583,-38.682,0.401,-0.678,32.959,0.188,38.682,5.773,1.483,1,4.306,10.0,4.007,46.911,2.358,1.663,0,0,0,OFFBOARD
173,OUTBOUND,17.55,33.161,-0.035,1.59,-38.682,0.401,-0.678,33.161,0.365,38.682,6.005,1.791,1,4.222,10.0,4.022,47.011,2.5,1.669,0,0,0,OFFBOARD
174,OUTBOUND,17.65,33.365,0.147,1.597,-38.682,0.401,-0.678,33.365,0.547,38.682,6.019,2.11,0,4.02,10.0,4.038,47.111,2.5,1.674,0,0,0,OFFBOARD
175,OUTBOUND,17.76,33.567,0.331,1.603,-38.682,0.401,-0.678,33.567,0.731,38.682,5.946,3.626,0,3.937,10.0,4.054,47.276,2.5,1.678,0,0,0,OFFBOARD
176,OUTBOUND,17.86,33.769,0.517,1.611,-38.682,0.401,-0.678,33.769,0.917,38.682,5.849,3.373,0,3.813,10.0,4.07,47.54,2.5,1.68,0,0,0,OFFBOARD
177,OUTBOUND,17.96,33.973,0.709,1.618,-38.682,0.401,-0.678,33.973,1.109,38.682,5.737,3.098,0,3.695,10.0,4.087,47.869,2.5,1.679,0,0,0,OFFBOARD
178,OUTBOUND,18.06,34.175,0.901,1.624,-38.682,0.401,-0.678,34.175,1.301,38.682,5.447,2.818,0,3.967,10.0,4.102,48.241,2.5,1.678,0,0,0,OFFBOARD
179,OUTBOUND,18.16,34.379,1.097,1.631,-38.682,0.401,-0.678,34.379,1.497,38.682,4.462,2.543,0,3.676,6.689,4.117,48.64,2.499,1.676,0,0,0,OFFBOARD
180,OUTBOUND,18.26,34.581,1.292,1.637,-38.682,0.401,-0.678,34.581,1.692,38.682,4.078,2.24,0,2.981,6.491,4.128,49.056,2.469,1.674,0,0,0,OFFBOARD
181,OUTBOUND,18.36,34.785,1.489,1.642,-38.682,0.401,-0.678,34.785,1.889,38.682,3.878,1.927,1,2.672,5.135,4.145,49.485,2.408,1.671,0,0,0,OFFBOARD
182,OUTBOUND,18.47,34.983,1.676,1.647,-38.682,0.401,-0.678,34.983,2.076,38.682,3.678,1.377,1,2.422,4.908,4.12,49.766,2.254,1.661,0,0,0,OFFBOARD
183,OUTBOUND,18.57,35.187,1.861,1.651,-38.682,0.401,-0.678,35.187,2.262,38.682,3.306,1.107,1,2.222,3.478,3.612,49.952,2.03,1.674,0,0,0,OFFBOARD
184,OUTBOUND,18.67,35.389,2.032,1.654,-38.682,0.401,-0.678,35.389,2.432,38.682,2.164,0.856,1,2.022,3.278,3.188,50.074,1.737,1.685,0,0,0,OFFBOARD
185,OUTBOUND,18.77,35.593,2.187,1.657,-38.682,0.401,-0.678,35.593,2.587,38.682,1.754,0.558,1,1.754,1.754,1.754,50.174,1.387,1.693,0,1,0,OFFBOARD
186,OUTBOUND,18.87,35.795,2.315,1.66,-38.682,0.401,-0.678,35.795,2.715,38.682,1.554,0.368,1,1.545,1.554,1.554,50.274,1.037,1.706,0,1,0,OFFBOARD
187,OUTBOUND,18.97,35.871,2.348,1.641,-38.682,0.401,-0.678,35.871,2.748,38.682,1.453,0.309,1,1.468,1.459,1.447,50.374,0.687,1.719,1,0,0,OFFBOARD
188,OUTBOUND,19.07,35.874,2.31,1.621,-38.682,0.401,-0.678,35.874,2.71,38.682,1.458,0.357,1,1.456,1.461,1.456,50.474,0.337,1.733,0,1,0,OFFBOARD
189,OUTBOUND,19.17,35.879,2.231,1.608,-38.682,0.401,-0.678,35.879,2.632,38.682,1.428,0.711,1,1.408,1.454,1.492,50.574,-0.013,1.746,0,1,0,OFFBOARD
190,OUTBOUND,19.28,35.898,2.117,1.603,-38.682,0.401,-0.678,35.898,2.517,38.682,1.513,0.838,1,1.384,1.484,1.555,50.674,-0.316,1.76,0,0,0,OFFBOARD
191,OUTBOUND,19.38,35.942,1.98,1.604,-38.682,0.401,-0.678,35.942,2.38,38.682,2.006,1.009,1,2.138,2.276,1.677,50.774,-0.568,1.777,0,0,0,OFFBOARD
192,OUTBOUND,19.48,36.018,1.828,1.609,-38.682,0.401,-0.678,36.018,2.228,38.682,2.337,1.267,1,2.443,2.538,2.118,50.874,-0.786,1.798,0,0,0,OFFBOARD
193,OUTBOUND,19.58,36.131,1.672,1.617,-38.682,0.401,-0.678,36.131,2.072,38.682,2.791,1.27,1,2.431,2.709,2.339,50.974,-0.991,1.792,0,0,0,OFFBOARD
194,OUTBOUND,19.68,36.278,1.516,1.629,-38.682,0.401,-0.678,36.278,1.916,38.682,3.162,1.728,1,3.204,3.416,2.518,51.074,-1.16,1.787,0,0,0,OFFBOARD
195,OUTBOUND,19.78,36.45,1.365,1.641,-38.682,0.401,-0.678,36.45,1.765,38.682,3.527,1.866,1,3.298,3.992,2.816,51.174,-1.299,1.781,0,0,0,OFFBOARD
196,OUTBOUND,19.88,36.642,1.217,1.654,-38.682,0.401,-0.678,36.642,1.618,38.682,4.31,2.036,0,3.192,4.542,3.242,51.274,-1.423,1.775,0,0,0,OFFBOARD
197,OUTBOUND,19.98,36.843,1.073,1.667,-38.682,0.401,-0.678,36.843,1.473,38.682,4.212,1.941,1,3.052,5.426,3.752,51.438,-1.548,1.768,0,0,0,OFFBOARD
198,OUTBOUND,20.09,37.048,0.927,1.68,-38.682,0.401,-0.678,37.048,1.327,38.682,4.049,2.403,0,3.449,5.317,4.244,51.56,-1.621,1.758,0,0,0,OFFBOARD
199,OUTBOUND,20.19,37.254,0.775,1.691,-38.682,0.401,-0.678,37.254,1.175,38.682,4.718,2.605,0,3.613,6.369,4.59,51.796,-1.667,1.748,0,0,0,OFFBOARD
200,OUTBOUND,20.29,37.455,0.618,1.7,-38.682,0.401,-0.678,37.455,1.018,38.682,4.746,2.498,0,3.66,10.0,4.711,52.107,-1.691,1.737,0,0,0,OFFBOARD
201,OUTBOUND,20.39,37.653,0.453,1.709,-38.682,0.401,-0.678,37.653,0.853,38.682,4.791,3.068,0,3.538,10.0,4.562,52.467,-1.675,1.718,0,0,0,OFFBOARD
202,OUTBOUND,20.49,37.85,0.279,1.715,-38.682,0.401,-0.678,37.85,0.679,38.682,5.736,3.199,0,4.108,10.0,4.513,52.858,-1.637,1.696,0,0,0,OFFBOARD
203,OUTBOUND,20.59,38.045,0.096,1.719,-38.682,0.401,-0.678,38.045,0.497,38.682,5.673,3.745,0,4.111,10.0,4.363,53.27,-1.574,1.672,0,0,0,OFFBOARD
204,OUTBOUND,20.69,38.239,-0.09,1.721,-38.682,0.401,-0.678,38.239,0.31,38.682,5.844,3.708,0,3.98,10.0,4.253,53.695,-1.499,1.65,0,0,0,OFFBOARD
205,OUTBOUND,20.8,38.436,-0.28,1.721,-38.682,0.401,-0.678,38.436,0.12,38.682,5.864,3.407,0,3.888,10.0,4.2,54.129,-1.411,1.631,0,0,0,OFFBOARD
206,OUTBOUND,20.9,38.632,-0.466,1.718,-38.682,0.401,-0.678,38.632,-0.066,38.682,5.788,3.121,0,3.708,10.0,4.211,54.568,-1.306,1.613,0,0,0,OFFBOARD
207,OUTBOUND,21.0,38.828,-0.639,1.714,-38.682,0.401,-0.678,38.828,-0.239,38.682,4.947,2.851,0,3.612,10.0,4.236,55.008,-1.18,1.598,0,0,0,OFFBOARD
208,OUTBOUND,21.1,39.029,-0.798,1.707,-38.682,0.401,-0.678,39.029,-0.398,38.682,4.724,2.646,0,3.524,10.0,4.265,55.441,-1.037,1.585,0,0,0,OFFBOARD
209,OUTBOUND,21.2,39.231,-0.931,1.699,-38.682,0.401,-0.678,39.231,-0.531,38.682,4.507,2.482,0,3.838,5.716,4.297,55.852,-0.882,1.573,0,0,0,OFFBOARD
210,OUTBOUND,21.3,39.433,-1.033,1.69,-38.682,0.401,-0.678,39.433,-0.632,38.682,5.002,2.362,0,3.796,5.44,4.289,56.22,-0.718,1.564,0,0,0,OFFBOARD
211,OUTBOUND,21.4,39.634,-1.102,1.68,-38.682,0.401,-0.678,39.634,-0.701,38.682,5.021,2.273,0,3.781,5.313,4.262,56.608,-0.545,1.556,0,0,0,OFFBOARD
212,OUTBOUND,21.5,39.838,-1.138,1.67,-38.682,0.401,-0.678,39.838,-0.738,38.682,5.026,2.237,0,3.766,5.82,4.225,57.009,-0.365,1.55,0,0,0,OFFBOARD
213,OUTBOUND,21.61,40.04,-1.144,1.659,-38.682,0.401,-0.678,40.04,-0.744,38.682,4.761,2.244,0,3.504,6.027,4.172,57.408,-0.18,1.546,0,0,0,OFFBOARD
214,OUTBOUND,21.71,40.243,-1.124,1.648,-38.682,0.401,-0.678,40.243,-0.724,38.682,4.558,2.052,0,3.311,5.825,4.14,57.769,0.006,1.543,0,0,0,OFFBOARD
215,OUTBOUND,21.81,40.448,-1.08,1.637,-38.682,0.401,-0.678,40.448,-0.68,38.682,4.551,2.356,0,3.835,6.834,4.106,58.099,0.171,1.543,0,0,0,OFFBOARD
216,OUTBOUND,21.91,40.651,-1.017,1.626,-38.682,0.401,-0.678,40.651,-0.617,38.682,5.402,2.472,0,3.941,6.665,4.085,58.325,0.332,1.543,0,0,0,OFFBOARD
217,OUTBOUND,22.01,40.854,-0.938,1.617,-38.682,0.401,-0.678,40.854,-0.538,38.682,5.201,2.609,0,3.944,10.0,4.074,58.492,0.489,1.546,0,0,0,OFFBOARD
218,OUTBOUND,22.11,41.06,-0.846,1.607,-38.682,0.401,-0.678,41.06,-0.445,38.682,5.048,2.484,0,3.744,10.0,4.072,58.733,0.639,1.55,0,0,0,OFFBOARD
219,OUTBOUND,22.21,41.264,-0.742,1.599,-38.682,0.401,-0.678,41.264,-0.342,38.682,5.11,2.529,0,3.717,10.0,4.072,59.04,0.782,1.555,0,0,0,OFFBOARD
220,OUTBOUND,22.32,41.469,-0.628,1.592,-38.682,0.401,-0.678,41.469,-0.228,38.682,5.808,3.133,0,4.339,10.0,4.073,59.395,0.904,1.561,0,0,0,OFFBOARD
221,OUTBOUND,22.42,41.674,-0.506,1.586,-38.682,0.401,-0.678,41.674,-0.106,38.682,5.657,3.127,0,4.396,10.0,4.069,59.783,1.016,1.568,0,0,0,OFFBOARD
222,OUTBOUND,22.52,41.875,-0.381,1.581,-38.682,0.401,-0.678,41.875,0.019,38.682,5.806,3.145,0,4.202,10.0,4.06,60.191,1.123,1.576,0,0,0,OFFBOARD
223,OUTBOUND,22.62,42.081,-0.246,1.577,-38.682,0.401,-0.678,42.081,0.154,38.682,5.951,3.661,0,4.161,10.0,4.046,60.613,1.215,1.584,0,0,0,OFFBOARD
224,OUTBOUND,22.72,42.28,-0.112,1.574,-38.682,0.401,-0.678,42.28,0.288,38.682,6.036,3.776,0,4.545,10.0,4.031,61.043,1.296,1.593,0,0,0,OFFBOARD
225,OUTBOUND,22.82,42.481,0.026,1.573,-38.682,0.401,-0.678,42.481,0.426,38.682,6.052,3.652,0,4.584,10.0,4.015,61.479,1.373,1.602,0,0,0,OFFBOARD
226,OUTBOUND,22.92,42.682,0.165,1.573,-38.682,0.401,-0.678,42.682,0.565,38.682,5.925,3.475,0,4.473,10.0,3.995,61.918,1.436,1.611,0,0,0,OFFBOARD
227,OUTBOUND,23.03,42.884,0.305,1.573,-38.682,0.401,-0.678,42.884,0.705,38.682,5.725,3.297,0,4.327,10.0,3.99,62.357,1.489,1.619,0,0,0,OFFBOARD
228,OUTBOUND,23.13,43.085,0.442,1.575,-38.682,0.401,-0.678,43.085,0.842,38.682,5.624,3.121,0,4.187,10.0,3.984,62.798,1.536,1.626,0,0,0,OFFBOARD
229,OUTBOUND,23.23,43.285,0.577,1.578,-38.682,0.401,-0.678,43.285,0.977,38.682,5.52,2.945,0,4.062,10.0,3.984,63.242,1.569,1.63,0,0,0,OFFBOARD
230,OUTBOUND,23.33,43.488,0.711,1.581,-38.682,0.401,-0.678,43.488,1.111,38.682,5.32,2.769,0,3.861,10.0,3.988,63.688,1.593,1.635,0,0,0,OFFBOARD
231,OUTBOUND,23.43,43.689,0.839,1.585,-38.682,0.401,-0.678,43.689,1.239,38.682,5.108,2.597,0,3.702,10.0,3.995,64.134,1.607,1.638,0,0,0,OFFBOARD
232,OUTBOUND,23.53,43.89,0.963,1.589,-38.682,0.401,-0.678,43.89,1.363,38.682,4.885,2.425,0,3.578,10.0,4.006,64.581,1.609,1.641,0,0,0,OFFBOARD
233,OUTBOUND,23.63,44.087,1.079,1.594,-38.682,0.401,-0.678,44.087,1.479,38.682,4.577,2.49,0,3.368,6.966,4.024,65.029,1.606,1.645,0,0,0,OFFBOARD
234,OUTBOUND,23.74,44.299,1.197,1.598,-38.682,0.401,-0.678,44.299,1.597,38.682,4.338,2.354,0,3.206,6.765,4.038,65.477,1.587,1.648,0,0,0,OFFBOARD
235,OUTBOUND,23.84,44.5,1.302,1.603,-38.682,0.401,-0.678,44.5,1.702,38.682,4.1,2.199,0,3.462,6.361,4.051,65.926,1.554,1.652,0,0,0,OFFBOARD
236,OUTBOUND,23.94,44.704,1.401,1.608,-38.682,0.401,-0.678,44.704,1.801,38.682,3.868,2.033,0,3.379,5.181,4.064,66.376,1.505,1.655,0,0,0,OFFBOARD
237,OUTBOUND,24.04,44.906,1.489,1.612,-38.682,0.401,-0.678,44.906,1.889,38.682,3.655,1.88,1,3.28,4.91,4.074,66.825,1.395,1.656,0,0,0,OFFBOARD
238,OUTBOUND,24.14,45.107,1.568,1.617,-38.682,0.401,-0.678,45.107,1.968,38.682,3.456,1.745,1,3.143,4.71,4.038,67.127,1.242,1.65,0,0,0,OFFBOARD
239,OUTBOUND,24.24,45.311,1.636,1.621,-38.682,0.401,-0.678,45.311,2.036,38.682,3.261,1.639,1,3.026,4.511,3.97,67.329,1.048,1.64,0,0,0,OFFBOARD
240,OUTBOUND,24.34,45.513,1.691,1.625,-38.682,0.401,-0.678,45.513,2.091,38.682,3.117,1.561,1,2.91,4.311,3.876,67.466,0.822,1.626,0,0,0,OFFBOARD
241,OUTBOUND,24.45,45.715,1.731,1.628,-38.682,0.401,-0.678,45.715,2.131,38.682,3.024,1.508,1,2.852,4.108,3.772,67.566,0.572,1.632,0,0,0,OFFBOARD
242,OUTBOUND,24.55,45.917,1.754,1.63,-38.682,0.401,-0.678,45.917,2.154,38.682,3.756,1.398,1,2.655,3.91,3.681,67.666,0.31,1.635,0,0,0,OFFBOARD
243,OUTBOUND,24.65,46.121,1.756,1.632,-38.682,0.401,-0.678,46.121,2.156,38.682,3.714,1.202,1,2.458,3.713,3.69,67.766,0.042,1.636,0,0,0,OFFBOARD
244,OUTBOUND,24.75,46.322,1.734,1.633,-38.682,0.401,-0.678,46.322,2.134,38.682,3.515,1.232,1,2.401,3.514,3.513,67.866,-0.23,1.631,0,0,0,OFFBOARD
245,OUTBOUND,24.85,46.526,1.686,1.634,-38.682,0.401,-0.678,46.526,2.086,38.682,3.315,1.545,1,3.11,4.5,3.468,67.966,-0.483,1.607,0,0,0,OFFBOARD
246,OUTBOUND,24.95,46.728,1.61,1.634,-38.682,0.401,-0.678,46.728,2.01,38.682,4.132,1.691,1,3.113,4.369,3.732,68.066,-0.72,1.583,0,0,0,OFFBOARD
247,OUTBOUND,25.06,46.932,1.506,1.633,-38.682,0.401,-0.678,46.932,1.906,38.682,4.172,1.66,1,2.916,4.352,3.946,68.166,-0.946,1.559,0,0,0,OFFBOARD
248,OUTBOUND,25.16,47.133,1.379,1.631,-38.682,0.401,-0.678,47.133,1.779,38.682,3.969,1.961,1,2.929,4.779,4.077,68.266,-1.153,1.535,0,0,0,OFFBOARD
249,OUTBOUND,25.26,47.335,1.234,1.627,-38.682,0.401,-0.678,47.335,1.634,38.682,4.411,2.21,0,3.583,4.53,4.112,68.366,-1.33,1.51,0,0,0,OFFBOARD
250,OUTBOUND,25.36,47.537,1.075,1.621,-38.682,0.401,-0.678,47.537,1.475,38.682,4.236,2.318,0,3.573,4.283,4.081,68.536,-1.494,1.492,0,0,0,OFFBOARD
251,OUTBOUND,25.46,47.738,0.906,1.613,-38.682,0.401,-0.678,47.738,1.306,38.682,4.63,2.33,0,3.467,5.975,3.95,68.804,-1.651,1.479,0,0,0,OFFBOARD
252,OUTBOUND,25.56,47.94,0.733,1.604,-38.682,0.401,-0.678,47.94,1.133,38.682,5.684,2.923,0,4.132,10.0,4.061,69.136,-1.737,1.472,0,0,0,OFFBOARD
253,OUTBOUND,25.66,48.142,0.555,1.593,-38.682,0.401,-0.678,48.142,0.956,38.682,5.486,2.975,0,4.108,10.0,4.036,69.509,-1.777,1.468,0,0,0,OFFBOARD
254,OUTBOUND,25.76,48.344,0.377,1.583,-38.682,0.401,-0.678,48.344,0.777,38.682,5.716,3.019,0,4.03,10.0,4.01,69.91,-1.788,1.467,0,0,0,OFFBOARD
255,OUTBOUND,25.86,48.548,0.194,1.571,-38.682,0.401,-0.678,48.548,0.594,38.682,6.004,2.908,0,4.022,10.0,3.985,70.327,-1.768,1.469,0,0,0,OFFBOARD
256,OUTBOUND,25.97,48.75,0.012,1.561,-38.682,0.401,-0.678,48.75,0.412,38.682,6.017,3.632,0,4.583,10.0,3.961,70.754,-1.71,1.475,0,0,0,OFFBOARD
257,OUTBOUND,26.07,48.953,-0.173,1.55,-38.682,0.401,-0.678,48.953,0.227,38.682,5.941,3.434,0,4.65,10.0,3.938,71.164,-1.627,1.484,0,0,0,OFFBOARD
258,OUTBOUND,26.17,49.151,-0.356,1.541,-38.682,0.401,-0.678,49.151,0.044,38.682,5.673,3.166,0,4.417,10.0,3.909,71.566,-1.51,1.496,0,0,0,OFFBOARD
259,OUTBOUND,26.27,49.363,-0.555,1.532,-38.682,0.401,-0.678,49.363,-0.155,38.682,5.473,2.966,0,4.217,10.0,3.67,71.882,-1.373,1.509,0,0,0,OFFBOARD
260,OUTBOUND,26.37,49.567,-0.746,1.526,-38.682,0.401,-0.678,49.567,-0.346,38.682,3.167,2.761,0,4.017,3.459,2.767,72.127,-1.207,1.524,0,0,0,OFFBOARD
261,OUTBOUND,26.48,49.771,-0.931,1.521,-38.682,0.401,-0.678,49.771,-0.53,38.682,2.565,2.559,0,3.815,2.573,2.564,72.287,-1.028,1.54,0,0,0,OFFBOARD
262,OUTBOUND,26.58,49.973,-1.102,1.517,-38.682,0.401,-0.678,49.973,-0.702,38.682,2.364,2.359,0,3.637,2.365,2.364,72.401,-0.837,1.557,0,0,0,OFFBOARD
263,OUTBOUND,26.68,50.178,-1.255,1.516,-38.682,0.401,-0.678,50.177,-0.855,38.682,2.166,2.161,0,3.522,2.166,2.166,72.501,-0.621,1.574,0,0,0,OFFBOARD
264,OUTBOUND,26.78,50.38,-1.382,1.516,-38.682,0.401,-0.678,50.38,-0.982,38.682,1.966,1.961,1,3.42,1.966,1.966,72.601,-0.382,1.592,0,0,0,OFFBOARD
265,OUTBOUND,26.88,50.584,-1.477,1.519,-38.682,0.401,-0.678,50.584,-1.077,38.682,1.766,1.766,1,3.848,1.766,1.766,72.701,-0.14,1.609,0,0,0,OFFBOARD
266,OUTBOUND,26.98,50.786,-1.535,1.522,-38.682,0.401,-0.678,50.786,-1.135,38.682,1.566,1.566,1,3.82,1.566,1.566,72.801,0.09,1.625,0,0,0,OFFBOARD
267,OUTBOUND,27.08,50.988,-1.556,1.528,-38.682,0.401,-0.678,50.988,-1.156,38.682,1.366,1.366,1,3.796,1.366,1.366,72.901,0.258,1.64,0,0,0,OFFBOARD
268,OUTBOUND,27.19,51.192,-1.537,1.535,-38.682,0.401,-0.678,51.192,-1.137,38.682,1.166,1.166,1,3.673,1.166,1.166,73.001,0.449,1.655,0,0,0,OFFBOARD
269,OUTBOUND,27.29,51.394,-1.483,1.543,-38.682,0.401,-0.678,51.394,-1.083,38.682,0.966,0.966,1,3.473,0.966,0.966,73.101,0.691,1.668,0,0,0,OFFBOARD
270,OUTBOUND,27.39,51.596,-1.396,1.552,-38.682,0.401,-0.678,51.596,-0.996,38.682,0.766,0.766,1,3.273,1.189,0.766,73.201,1.037,1.68,0,1,0,OFFBOARD
271,OUTBOUND,27.49,51.8,-1.282,1.562,-38.682,0.401,-0.678,51.8,-0.882,38.682,0.582,0.582,1,3.255,1.604,0.564,73.301,1.387,1.69,0,1,0,OFFBOARD
272,OUTBOUND,27.59,52.002,-1.149,1.573,-38.682,0.401,-0.678,52.002,-0.749,38.682,0.756,0.709,1,3.792,5.177,0.559,73.401,1.737,1.699,0,1,0,OFFBOARD
273,OUTBOUND,27.69,52.204,-1.002,1.584,-38.682,0.401,-0.678,52.204,-0.602,38.682,4.151,0.757,1,3.929,5.047,1.115,73.501,2.087,1.706,0,1,0,OFFBOARD
274,OUTBOUND,27.79,52.406,-0.846,1.595,-38.682,0.401,-0.678,52.406,-0.446,38.682,4.747,0.828,1,3.727,4.852,4.038,73.601,2.404,1.711,0,0,0,OFFBOARD
275,OUTBOUND,27.89,52.61,-0.682,1.607,-38.682,0.401,-0.678,52.61,-0.281,38.682,4.566,2.989,0,3.755,4.66,4.06,73.701,2.5,1.715,0,0,0,OFFBOARD
276,OUTBOUND,28.0,52.813,-0.515,1.618,-38.682,0.401,-0.678,52.813,-0.115,38.682,4.349,3.171,0,4.307,4.47,4.086,73.801,2.5,1.718,0,0,0,OFFBOARD
277,OUTBOUND,28.1,53.017,-0.343,1.629,-38.682,0.401,-0.678,53.017,0.057,38.682,4.127,3.127,0,4.218,4.281,4.093,73.901,2.5,1.718,0,0,0,OFFBOARD
278,OUTBOUND,28.2,53.219,-0.169,1.639,-38.682,0.401,-0.678,53.219,0.231,38.682,3.991,3.623,0,4.119,4.097,4.01,74.001,2.5,1.717,0,0,0,OFFBOARD
279,OUTBOUND,28.3,53.419,0.007,1.649,-38.682,0.401,-0.678,53.419,0.407,38.682,5.319,3.731,0,3.985,10.0,3.863,74.101,2.5,1.715,0,0,0,OFFBOARD
280,OUTBOUND,28.4,53.619,0.187,1.657,-38.682,0.401,-0.678,53.619,0.587,38.682,6.059,3.555,0,3.848,10.0,4.174,74.221,2.5,1.711,0,0,0,OFFBOARD
281,OUTBOUND,28.5,53.827,0.378,1.666,-38.682,0.401,-0.678,53.827,0.778,38.682,5.942,3.302,0,3.735,10.0,4.208,74.454,2.5,1.706,0,0,0,OFFBOARD
282,OUTBOUND,28.61,54.029,0.567,1.672,-38.682,0.401,-0.678,54.029,0.967,38.682,5.879,3.2,0,3.721,10.0,4.218,74.763,2.5,1.7,0,0,0,OFFBOARD
283,OUTBOUND,28.71,54.233,0.761,1.678,-38.682,0.401,-0.678,54.233,1.161,38.682,5.59,2.919,0,3.933,10.0,4.236,75.121,2.5,1.694,0,0,0,OFFBOARD
284,OUTBOUND,28.81,54.437,0.957,1.683,-38.682,0.401,-0.678,54.437,1.358,38.682,5.076,2.638,0,3.797,10.0,4.247,75.512,2.5,1.681,0,0,0,OFFBOARD
285,OUTBOUND,28.91,54.639,1.154,1.686,-38.682,0.401,-0.678,54.639,1.554,38.682,4.112,2.341,0,3.466,6.387,4.255,75.923,2.479,1.665,0,0,0,OFFBOARD
286,OUTBOUND,29.01,54.843,1.352,1.688,-38.682,0.401,-0.678,54.843,1.752,38.682,3.775,2.049,0,2.732,6.006,4.26,76.348,2.426,1.652,0,0,0,OFFBOARD
287,OUTBOUND,29.11,55.045,1.547,1.689,-38.682,0.401,-0.678,55.045,1.947,38.682,3.575,1.746,1,2.427,4.831,4.244,76.781,2.34,1.637,0,0,0,OFFBOARD
288,OUTBOUND,29.21,55.247,1.736,1.688,-38.682,0.401,-0.678,55.247,2.136,38.682,3.375,1.45,1,2.118,3.555,4.034,77.064,2.173,1.654,0,0,0,OFFBOARD
289,OUTBOUND,29.32,55.451,1.917,1.686,-38.682,0.401,-0.678,55.451,2.317,38.682,3.009,1.188,1,1.918,3.175,3.175,77.249,1.935,1.66,0,0,0,OFFBOARD
290,OUTBOUND,29.42,55.655,2.083,1.684,-38.682,0.401,-0.678,55.655,2.483,38.682,1.85,0.955,1,1.716,2.83,2.88,77.37,1.628,1.658,0,0,0,OFFBOARD
291,OUTBOUND,29.52,55.857,2.227,1.682,-38.682,0.401,-0.678,55.857,2.627,38.682,1.516,0.763,1,1.516,1.516,1.529,77.47,1.278,1.651,0,1,0,OFFBOARD
292,OUTBOUND,29.62,55.939,2.26,1.656,-38.682,0.401,-0.678,55.939,2.66,38.682,1.401,0.658,1,1.41,1.406,1.399,77.57,0.928,1.635,0,1,0,OFFBOARD
293,OUTBOUND,29.72,55.96,2.213,1.627,-38.682,0.401,-0.678,55.96,2.613,38.682,1.39,0.65,1,1.272,1.394,1.346,77.67,0.578,1.615,0,1,0,OFFBOARD
294,OUTBOUND,29.82,55.986,2.126,1.606,-38.682,0.401,-0.678,55.986,2.527,38.682,1.356,0.69,1,1.267,1.331,1.271,77.77,0.228,1.597,0,1,0,OFFBOARD
295,OUTBOUND,29.92,56.027,2.009,1.591,-38.682,0.401,-0.678,56.027,2.409,38.682,1.34,0.775,1,1.301,1.388,1.407,77.87,-0.098,1.591,0,1,0,OFFBOARD
296,OUTBOUND,30.02,56.095,1.871,1.58,-38.682,0.401,-0.678,56.094,2.271,38.682,1.336,0.886,1,1.283,1.414,1.529,77.97,-0.386,1.598,0,0,0,OFFBOARD
297,OUTBOUND,30.13,56.196,1.724,1.573,-38.682,0.401,-0.678,56.196,2.124,38.682,1.629,1.087,1,1.377,1.563,1.618,78.07,-0.637,1.595,0,0,0,OFFBOARD
298,OUTBOUND,30.23,56.331,1.581,1.568,-38.682,0.401,-0.678,56.331,1.981,38.682,2.062,1.25,1,1.996,2.165,1.968,78.17,-0.872,1.596,0,0,0,OFFBOARD
299,OUTBOUND,30.33,56.499,1.449,1.565,-38.682,0.401,-0.678,56.499,1.849,38.682,2.304,1.208,1,2.173,2.408,2.227,78.27,-1.099,1.601,0,0,0,OFFBOARD
300,OUTBOUND,30.43,56.695,1.327,1.564,-38.682,0.401,-0.678,56.695,1.727,38.682,2.765,1.634,1,2.097,2.683,2.54,78.37,-1.307,1.606,0,0,0,OFFBOARD
301,OUTBOUND,30.53,56.909,1.217,1.565,-38.682,0.401,-0.678,56.909,1.617,38.682,3.075,1.707,1,2.64,3.216,2.883,78.47,-1.5,1.613,0,0,0,OFFBOARD
302,OUTBOUND,30.63,57.133,1.112,1.567,-38.682,0.401,-0.678,57.133,1.512,38.682,2.972,1.751,1,2.836,3.733,3.377,78.57,-1.695,1.621,0,0,0,OFFBOARD
303,OUTBOUND,30.73,57.362,1.008,1.569,-38.682,0.401,-0.678,57.362,1.408,38.682,3.722,2.073,0,2.698,3.924,3.917,78.67,-1.861,1.627,0,0,0,OFFBOARD
304,OUTBOUND,30.84,57.588,0.901,1.573,-38.682,0.401,-0.678,57.588,1.301,38.682,3.679,2.335,0,3.298,4.828,3.909,78.855,-1.988,1.624,0,0,0,OFFBOARD
305,OUTBOUND,30.94,57.816,0.782,1.577,-38.682,0.401,-0.678,57.816,1.182,38.682,3.801,2.255,0,3.385,5.848,3.746,79.132,-2.068,1.623,0,0,0,OFFBOARD
306,OUTBOUND,31.04,58.037,0.653,1.581,-38.682,0.401,-0.678,58.037,1.053,38.682,3.578,2.747,0,3.368,6.883,3.556,79.43,-2.1,1.624,0,0,0,OFFBOARD
307,OUTBOUND,31.14,58.253,0.51,1.585,-38.682,0.401,-0.678,58.253,0.91,38.682,3.322,2.857,0,3.945,10.0,3.3,79.647,-2.094,1.627,0,0,0,OFFBOARD
308,OUTBOUND,31.24,58.462,0.356,1.589,-38.682,0.401,-0.678,58.462,0.756,38.682,3.175,3.175,0,3.842,10.0,3.095,79.91,-2.061,1.629,0,0,0,OFFBOARD
309,OUTBOUND,31.34,58.67,0.189,1.593,-38.682,0.401,-0.678,58.67,0.589,38.682,2.938,2.938,0,3.888,10.0,2.883,80.239,-2.037,1.629,0,0,0,OFFBOARD
310,OUTBOUND,31.45,58.875,0.015,1.597,-38.682,0.401,-0.678,58.874,0.415,38.682,2.994,2.716,0,4.249,10.0,2.721,80.61,-2.041,1.63,0,0,0,OFFBOARD
311,OUTBOUND,31.55,59.079,-0.162,1.601,-38.682,0.401,-0.678,59.079,0.239,38.682,5.684,2.453,0,4.246,10.0,4.169,81.009,-2.04,1.631,0,0,0,OFFBOARD
312,OUTBOUND,31.65,59.282,-0.326,1.605,-38.682,0.401,-0.678,59.282,0.074,38.682,5.458,2.211,0,4.184,6.933,4.208,81.426,-2.049,1.626,0,0,0,OFFBOARD
313,OUTBOUND,31.75,59.488,-0.47,1.608,-38.682,0.401,-0.678,59.488,-0.07,38.682,5.361,2.097,0,4.093,6.507,4.241,81.854,-2.001,1.616,0,0,0,OFFBOARD
314,OUTBOUND,31.85,59.692,-0.581,1.611,-38.682,0.401,-0.678,59.692,-0.181,38.682,5.181,2.119,0,3.921,6.217,4.267,82.29,-1.935,1.609,0,0,0,OFFBOARD
315,OUTBOUND,31.95,59.901,-0.655,1.613,-38.682,0.401,-0.678,59.901,-0.254,38.682,4.99,2.53,0,3.726,6.16,4.259,82.73,-1.803,1.6,0,0,0,OFFBOARD
316,OUTBOUND,32.05,60.109,-0.689,1.614,-38.682,0.401,-0.678,60.109,-0.289,38.682,4.785,2.379,0,3.629,6.078,4.216,83.019,-1.657,1.595,0,0,0,OFFBOARD
317,OUTBOUND,32.16,60.318,-0.69,1.614,-38.682,0.401,-0.678,60.318,-0.29,38.682,4.733,2.699,0,4.123,5.907,4.164,83.207,-1.522,1.592,0,0,0,OFFBOARD
318,OUTBOUND,32.26,60.53,-0.664,1.614,-38.682,0.401,-0.678,60.53,-0.264,38.682,5.461,2.776,0,4.101,6.883,4.129,83.336,-1.385,1.591,0,0,0,OFFBOARD
319,OUTBOUND,32.36,60.741,-0.623,1.613,-38.682,0.401,-0.678,60.741,-0.223,38.682,5.37,2.874,0,4.092,6.855,4.115,83.436,-1.255,1.591,0,0,0,OFFBOARD
320,OUTBOUND,32.46,60.952,-0.574,1.612,-38.682,0.401,-0.678,60.952,-0.174,38.682,5.168,2.735,0,3.903,10.0,4.098,83.536,-1.123,1.592,0,0,0,OFFBOARD
321,OUTBOUND,32.56,61.164,-0.525,1.61,-38.682,0.401,-0.678,61.164,-0.125,38.682,5.574,3.237,0,3.788,10.0,4.124,83.636,-1.012,1.594,0,0,0,OFFBOARD
322,OUTBOUND,32.66,61.374,-0.486,1.609,-38.682,0.401,-0.678,61.374,-0.086,38.682,5.74,3.359,0,4.131,10.0,4.153,83.77,-0.916,1.597,0,0,0,OFFBOARD
323,OUTBOUND,32.76,61.583,-0.46,1.607,-38.682,0.401,-0.678,61.583,-0.059,38.682,5.735,3.252,0,4.189,10.0,4.177,83.985,-0.834,1.6,0,0,0,OFFBOARD
324,OUTBOUND,32.87,61.793,-0.45,1.606,-38.682,0.401,-0.678,61.793,-0.05,38.682,5.57,3.2,0,4.213,10.0,4.195,84.281,-0.75,1.604,0,0,0,OFFBOARD
325,OUTBOUND,32.97,62.0,-0.457,1.605,-38.682,0.401,-0.678,62.0,-0.057,38.682,5.398,3.531,0,4.101,10.0,4.199,84.629,-0.67,1.608,0,0,0,OFFBOARD
326,OUTBOUND,33.07,62.208,-0.482,1.604,-38.682,0.401,-0.678,62.208,-0.082,38.682,5.441,3.532,0,3.926,10.0,4.187,85.009,-0.587,1.612,0,0,0,OFFBOARD
327,OUTBOUND,33.17,62.413,-0.522,1.604,-38.682,0.401,-0.678,62.413,-0.122,38.682,5.866,3.489,0,4.218,10.0,4.151,85.404,-0.506,1.616,0,0,0,OFFBOARD
328,OUTBOUND,33.27,62.62,-0.575,1.604,-38.682,0.401,-0.678,62.62,-0.175,38.682,5.894,3.359,0,4.297,10.0,4.118,85.787,-0.42,1.62,0,0,0,OFFBOARD
329,OUTBOUND,33.37,62.828,-0.637,1.604,-38.682,0.401,-0.678,62.828,-0.237,38.682,5.704,3.161,0,4.273,10.0,4.08,86.182,-0.325,1.624,0,0,0,OFFBOARD
330,OUTBOUND,33.48,63.033,-0.703,1.605,-38.682,0.401,-0.678,63.033,-0.303,38.682,5.514,2.964,0,4.136,10.0,4.053,86.575,-0.219,1.629,0,0,0,OFFBOARD
331,OUTBOUND,33.58,63.237,-0.771,1.606,-38.682,0.401,-0.678,63.237,-0.37,38.682,5.4,2.766,0,4.038,10.0,4.045,86.9,-0.097,1.633,0,0,0,OFFBOARD
332,OUTBOUND,33.68,63.444,-0.835,1.608,-38.682,0.401,-0.678,63.444,-0.435,38.682,5.283,2.622,0,3.85,10.0,4.057,87.203,0.034,1.636,0,0,0,OFFBOARD
333,OUTBOUND,33.78,63.649,-0.892,1.61,-38.682,0.401,-0.678,63.649,-0.492,38.682,5.767,2.51,0,3.707,10.0,4.071,87.496,0.173,1.64,0,0,0,OFFBOARD
334,OUTBOUND,33.88,63.853,-0.937,1.612,-38.682,0.401,-0.678,63.853,-0.537,38.682,5.693,2.417,0,3.673,10.0,4.085,87.81,0.318,1.643,0,0,0,OFFBOARD
335,OUTBOUND,33.98,64.06,-0.966,1.614,-38.682,0.401,-0.678,64.06,-0.566,38.682,5.627,2.618,0,4.1,10.0,4.099,88.156,0.46,1.646,0,0,0,OFFBOARD
336,OUTBOUND,34.08,64.263,-0.975,1.617,-38.682,0.401,-0.678,64.263,-0.574,38.682,5.568,2.593,0,4.143,6.861,4.11,88.527,0.607,1.648,0,0,0,OFFBOARD
337,OUTBOUND,34.18,64.464,-0.96,1.62,-38.682,0.401,-0.678,64.464,-0.56,38.682,5.373,2.596,0,4.117,6.747,4.118,88.844,0.759,1.65,0,0,0,OFFBOARD
338,OUTBOUND,34.29,64.669,-0.92,1.622,-38.682,0.401,-0.678,64.669,-0.52,38.682,5.173,2.654,0,3.916,10.0,4.122,89.182,0.903,1.652,0,0,0,OFFBOARD
339,OUTBOUND,34.39,64.871,-0.853,1.625,-38.682,0.401,-0.678,64.871,-0.453,38.682,5.039,2.462,0,3.719,10.0,4.12,89.531,1.051,1.653,0,0,0,OFFBOARD
340,OUTBOUND,34.49,65.075,-0.759,1.628,-38.682,0.401,-0.678,65.075,-0.359,38.682,5.678,2.752,0,4.202,10.0,4.116,89.879,1.183,1.654,0,0,0,OFFBOARD
341,OUTBOUND,34.59,65.276,-0.642,1.631,-38.682,0.401,-0.678,65.276,-0.242,38.682,5.826,2.957,0,4.32,6.941,4.114,90.257,1.311,1.654,0,0,0,OFFBOARD
342,OUTBOUND,34.69,65.478,-0.505,1.633,-38.682,0.401,-0.678,65.478,-0.105,38.682,5.629,3.124,0,4.354,6.745,4.114,90.503,1.427,1.654,0,0,0,OFFBOARD
343,OUTBOUND,34.79,65.68,-0.352,1.636,-38.682,0.401,-0.678,65.68,0.048,38.682,5.562,3.004,0,4.167,6.546,4.116,90.663,1.542,1.654,0,0,0,OFFBOARD
344,OUTBOUND,34.89,65.873,-0.197,1.638,-38.682,0.401,-0.678,65.873,0.203,38.682,6.074,3.538,0,4.098,6.349,4.116,90.767,1.634,1.653,0,0,0,OFFBOARD
345,OUTBOUND,34.99,66.082,-0.023,1.64,-38.682,0.401,-0.678,66.082,0.377,38.682,6.06,3.78,0,4.464,6.148,4.113,90.867,1.709,1.652,0,0,0,OFFBOARD
346,OUTBOUND,35.1,66.285,0.151,1.642,-38.682,0.401,-0.678,66.285,0.551,38.682,5.924,3.572,0,4.501,6.032,4.119,90.967,1.78,1.651,0,0,0,OFFBOARD
347,OUTBOUND,35.2,66.489,0.327,1.644,-38.682,0.401,-0.678,66.489,0.727,38.682,5.864,3.344,0,4.44,6.915,4.13,91.067,1.834,1.649,0,0,0,OFFBOARD
348,OUTBOUND,35.3,66.695,0.507,1.645,-38.682,0.401,-0.678,66.695,0.907,38.682,5.667,3.146,0,4.371,10.0,4.144,91.167,1.871,1.647,0,0,0,OFFBOARD
349,OUTBOUND,35.4,66.899,0.687,1.646,-38.682,0.401,-0.678,66.899,1.087,38.682,5.465,2.947,0,4.207,6.716,4.158,91.298,1.902,1.645,0,0,0,OFFBOARD
350,OUTBOUND,35.5,67.105,0.87,1.647,-38.682,0.401,-0.678,67.105,1.27,38.682,5.267,2.75,0,4.01,6.26,4.17,91.417,1.917,1.643,0,0,0,OFFBOARD
351,OUTBOUND,35.6,67.309,1.051,1.647,-38.682,0.401,-0.678,67.309,1.451,38.682,5.067,2.551,0,3.811,6.081,4.179,91.632,1.894,1.64,0,0,0,OFFBOARD
352,OUTBOUND,35.71,67.515,1.231,1.647,-38.682,0.401,-0.678,67.515,1.632,38.682,4.867,2.308,0,3.6,5.889,4.189,91.93,1.811,1.624,0,0,0,OFFBOARD
353,OUTBOUND,35.81,67.714,1.401,1.647,-38.682,0.401,-0.678,67.714,1.801,38.682,4.428,1.946,1,3.285,5.51,4.193,92.281,1.666,1.601,0,0,0,OFFBOARD
354,OUTBOUND,35.91,67.925,1.569,1.646,-38.682,0.401,-0.678,67.925,1.969,38.682,3.373,1.723,1,3.082,4.4,4.089,92.51,1.468,1.579,0,0,0,OFFBOARD
355,OUTBOUND,36.01,68.13,1.716,1.643,-38.682,0.401,-0.678,68.13,2.116,38.682,3.054,1.529,1,2.886,4.198,3.832,92.661,1.232,1.554,0,0,0,OFFBOARD
356,OUTBOUND,36.11,68.333,1.841,1.639,-38.682,0.401,-0.678,68.333,2.241,38.682,2.776,1.372,1,2.742,3.83,3.173,92.761,0.963,1.549,0,0,0,OFFBOARD
357,OUTBOUND,36.21,68.535,1.939,1.634,-38.682,0.401,-0.678,68.535,2.339,38.682,2.555,1.241,1,2.541,2.631,2.54,92.861,0.668,1.549,0,0,0,OFFBOARD
358,OUTBOUND,36.31,68.738,2.006,1.628,-38.682,0.401,-0.678,68.738,2.406,38.682,2.389,1.084,1,2.34,2.348,2.34,92.961,0.348,1.556,0,0,0,OFFBOARD
359,OUTBOUND,36.42,68.94,2.038,1.621,-38.682,0.401,-0.678,68.94,2.438,38.682,2.293,0.883,1,2.139,2.215,2.14,93.061,0.009,1.566,0,0,0,OFFBOARD
360,OUTBOUND,36.52,69.145,2.031,1.615,-38.682,0.401,-0.678,69.145,2.431,38.682,3.047,0.826,1,1.939,2.957,2.007,93.161,-0.311,1.576,0,0,0,OFFBOARD
361,OUTBOUND,36.62,69.348,1.985,1.609,-38.682,0.401,-0.678,69.347,2.385,38.682,2.994,1.169,1,1.969,2.995,2.774,93.261,-0.615,1.587,0,0,0,OFFBOARD
362,OUTBOUND,36.72,69.55,1.904,1.604,-38.682,0.401,-0.678,69.55,2.304,38.682,2.793,1.271,1,2.675,2.795,2.795,93.361,-0.918,1.598,0,0,0,OFFBOARD
363,OUTBOUND,36.82,69.753,1.794,1.6,-38.682,0.401,-0.678,69.753,2.194,38.682,3.546,1.337,1,2.592,3.633,3.398,93.461,-1.207,1.61,0,0,0,OFFBOARD
364,OUTBOUND,36.92,69.958,1.66,1.597,-38.682,0.401,-0.678,69.958,2.06,38.682,3.397,1.301,1,2.395,3.464,3.399,93.561,-1.481,1.596,0,0,0,OFFBOARD
365,OUTBOUND,37.02,70.161,1.512,1.595,-38.682,0.401,-0.678,70.161,1.912,38.682,3.181,1.752,1,3.157,3.239,3.185,93.661,-1.714,1.58,0,0,0,OFFBOARD
366,OUTBOUND,37.12,70.363,1.354,1.594,-38.682,0.401,-0.678,70.363,1.754,38.682,2.972,1.989,1,3.244,3.011,2.969,93.761,-1.938,1.565,0,0,0,OFFBOARD
367,OUTBOUND,37.23,70.566,1.19,1.592,-38.682,0.401,-0.678,70.566,1.591,38.682,4.302,1.964,1,3.079,5.558,2.85,93.861,-2.14,1.553,0,0,0,OFFBOARD
368,OUTBOUND,37.33,70.769,1.024,1.59,-38.682,0.401,-0.678,70.769,1.424,38.682,5.109,2.472,0,3.782,6.614,4.036,93.961,-2.305,1.545,0,0,0,OFFBOARD
369,OUTBOUND,37.43,70.974,0.852,1.587,-38.682,0.401,-0.678,70.974,1.253,38.682,5.157,2.329,0,3.901,10.0,4.031,94.122,-2.423,1.539,0,0,0,OFFBOARD
370,OUTBOUND,37.53,71.176,0.68,1.584,-38.682,0.401,-0.678,71.176,1.08,38.682,5.19,2.105,0,3.784,10.0,4.025,94.383,-2.488,1.531,0,0,0,OFFBOARD
371,OUTBOUND,37.63,71.379,0.504,1.58,-38.682,0.401,-0.678,71.379,0.904,38.682,5.852,3.27,0,4.432,10.0,4.018,94.679,-2.491,1.528,0,0,0,OFFBOARD
372,OUTBOUND,37.73,71.581,0.324,1.576,-38.682,0.401,-0.678,71.581,0.724,38.682,5.812,3.297,0,4.532,10.0,4.008,95.01,-2.47,1.528,0,0,0,OFFBOARD
373,OUTBOUND,37.83,71.785,0.138,1.572,-38.682,0.401,-0.678,71.785,0.538,38.682,5.795,3.715,0,4.355,10.0,3.997,95.352,-2.426,1.531,0,0,0,OFFBOARD
374,OUTBOUND,37.94,71.989,-0.052,1.567,-38.682,0.401,-0.678,71.989,0.348,38.682,5.808,3.987,0,4.231,10.0,3.984,95.618,-2.373,1.536,0,0,0,OFFBOARD
375,OUTBOUND,38.04,72.191,-0.244,1.563,-38.682,0.401,-0.678,72.191,0.156,38.682,5.909,3.787,0,4.405,10.0,3.972,95.869,-2.305,1.544,0,0,0,OFFBOARD
376,OUTBOUND,38.14,72.393,-0.438,1.56,-38.682,0.401,-0.678,72.393,-0.038,38.682,5.863,1.288,1,4.5,6.894,3.961,96.036,-2.132,1.552,0,0,0,OFFBOARD
377,OUTBOUND,38.24,72.595,-0.635,1.557,-38.682,0.401,-0.678,72.595,-0.235,38.682,5.757,0.945,1,4.359,6.748,3.952,96.146,-1.926,1.562,0,0,0,OFFBOARD
378,OUTBOUND,38.34,72.797,-0.833,1.555,-38.682,0.401,-0.678,72.797,-0.433,38.682,5.628,0.489,1,4.19,6.547,3.943,96.246,-1.58,1.572,0,1,0,OFFBOARD
379,OUTBOUND,38.44,72.836,-0.843,1.537,-38.682,0.401,-0.678,72.836,-0.443,38.682,4.583,0.408,1,3.47,6.049,3.939,96.346,-1.23,1.586,0,1,0,OFFBOARD
380,OUTBOUND,38.55,72.858,-0.825,1.524,-38.682,0.401,-0.678,72.858,-0.425,38.682,4.625,0.392,1,4.149,5.525,0.772,96.446,-0.88,1.601,0,1,0,OFFBOARD
381,OUTBOUND,38.65,72.887,-0.797,1.517,-38.682,0.401,-0.678,72.887,-0.397,38.682,0.801,0.397,1,4.363,0.789,0.711,96.546,-0.53,1.618,0,1,0,OFFBOARD
382,OUTBOUND,38.75,72.938,-0.753,1.514,-38.682,0.401,-0.678,72.938,-0.353,38.682,0.806,0.427,1,4.434,4.11,0.719,96.646,-0.196,1.635,0,1,0,OFFBOARD
383,OUTBOUND,38.85,73.018,-0.69,1.516,-38.682,0.401,-0.678,73.018,-0.29,38.682,2.821,0.486,1,4.588,3.837,0.814,96.746,0.066,1.652,0,1,0,OFFBOARD
384,OUTBOUND,38.95,73.135,-0.605,1.52,-38.682,0.401,-0.678,73.135,-0.205,38.682,2.796,0.58,1,5.04,3.789,2.31,96.846,0.175,1.669,0,1,0,OFFBOARD
385,OUTBOUND,39.05,73.287,-0.504,1.527,-38.682,0.401,-0.678,73.287,-0.104,38.682,2.962,2.602,0,5.151,4.11,2.413,96.946,0.17,1.685,0,0,0,OFFBOARD
386,OUTBOUND,39.15,73.47,-0.387,1.537,-38.682,0.401,-0.678,73.47,0.013,38.682,3.33,2.861,0,5.055,4.841,2.634,97.046,0.199,1.699,0,0,0,OFFBOARD
387,OUTBOUND,39.26,73.674,-0.263,1.548,-38.682,0.401,-0.678,73.674,0.137,38.682,3.932,2.913,0,4.893,5.92,2.967,97.146,0.267,1.711,0,0,0,OFFBOARD
388,OUTBOUND,39.36,73.893,-0.134,1.561,-38.682,0.401,-0.678,73.893,0.266,38.682,4.789,3.247,0,4.715,6.15,3.396,97.246,0.359,1.722,0,0,0,OFFBOARD
389,OUTBOUND,39.46,74.116,-0.003,1.574,-38.682,0.401,-0.678,74.115,0.397,38.682,5.656,3.437,0,4.472,6.01,3.862,97.346,0.45,1.731,0,0,0,OFFBOARD
390,OUTBOUND,39.56,74.339,0.129,1.588,-38.682,0.401,-0.678,74.339,0.529,38.682,5.671,3.297,0,4.271,6.18,4.28,97.446,0.538,1.738,0,0,0,OFFBOARD
391,OUTBOUND,39.66,74.559,0.263,1.602,-38.682,0.401,-0.678,74.559,0.664,38.682,5.468,3.769,0,4.112,10.0,4.548,97.546,0.602,1.742,0,0,0,OFFBOARD
392,OUTBOUND,39.76,74.777,0.403,1.617,-38.682,0.401,-0.678,74.777,0.803,38.682,5.194,3.515,0,3.929,10.0,4.631,97.697,0.65,1.745,0,0,0,OFFBOARD
393,OUTBOUND,39.86,74.988,0.547,1.63,-38.682,0.401,-0.678,74.988,0.947,38.682,4.979,3.181,0,3.725,10.0,4.571,97.949,0.684,1.745,0,0,0,OFFBOARD
394,OUTBOUND,39.97,75.196,0.692,1.643,-38.682,0.401,-0.678,75.196,1.092,38.682,4.765,2.89,0,3.511,10.0,4.459,98.27,0.701,1.743,0,0,0,OFFBOARD
395,OUTBOUND,40.07,75.404,0.833,1.656,-38.682,0.401,-0.678,75.404,1.233,38.682,4.556,2.618,0,3.378,6.947,4.365,98.635,0.699,1.74,0,0,0,OFFBOARD
396,OUTBOUND,40.17,75.608,0.955,1.667,-38.682,0.401,-0.678,75.608,1.355,38.682,4.351,2.43,0,3.701,5.536,4.282,98.967,0.682,1.728,0,0,0,OFFBOARD
397,OUTBOUND,40.27,75.814,1.047,1.677,-38.682,0.401,-0.678,75.814,1.447,38.682,4.69,2.331,0,3.757,5.328,4.185,99.34,0.625,1.704,0,0,0,OFFBOARD
398,OUTBOUND,40.37,76.024,1.097,1.685,-38.682,0.401,-0.678,76.024,1.497,38.682,4.826,2.241,0,3.83,5.119,3.996,99.741,0.534,1.673,0,0,0,OFFBOARD
399,OUTBOUND,40.47,76.234,1.097,1.691,-38.682,0.401,-0.678,76.234,1.497,38.682,4.821,2.204,0,3.693,4.917,3.866,100.0,0.431,1.637,0,0,0,OFFBOARD
400,OUTBOUND,40.57,76.446,1.05,1.695,-38.682,0.401,-0.678,76.446,1.45,38.682,4.586,2.215,0,3.43,4.664,4.091,100.0,0.32,1.598,0,0,0,OFFBOARD
401,OUTBOUND,40.68,76.664,0.96,1.695,-38.682,0.401,-0.678,76.664,1.36,38.682,4.455,2.081,0,3.3,5.543,4.23,100.0,0.211,1.557,0,0,0,OFFBOARD
402,OUTBOUND,40.78,76.885,0.839,1.692,-38.682,0.401,-0.678,76.885,1.239,38.682,4.293,2.467,0,3.741,5.566,4.331,100.0,0.149,1.513,0,0,0,OFFBOARD
403,OUTBOUND,40.88,77.098,0.704,1.686,-38.682,0.401,-0.678,77.098,1.104,38.682,5.149,2.686,0,3.843,6.318,4.336,100.0,0.077,1.469,0,0,0,OFFBOARD
404,OUTBOUND,40.98,77.324,0.549,1.675,-38.682,0.401,-0.678,77.324,0.949,38.682,5.002,2.622,0,3.741,6.119,4.318,100.0,0.008,1.426,0,0,0,OFFBOARD
405,OUTBOUND,41.08,77.541,0.396,1.661,-38.682,0.401,-0.678,77.541,0.796,38.682,5.546,3.162,0,3.723,5.908,4.194,100.0,-0.015,1.394,0,0,0,OFFBOARD
406,OUTBOUND,41.18,77.759,0.242,1.644,-38.682,0.401,-0.678,77.759,0.642,38.682,3.253,3.125,0,4.197,3.316,3.199,100.0,0.009,1.372,0,0,0,OFFBOARD
407,OUTBOUND,41.29,77.974,0.093,1.624,-38.682,0.401,-0.678,77.974,0.493,38.682,2.967,2.967,0,4.171,3.129,3.039,100.0,0.055,1.36,0,0,0,OFFBOARD
408,OUTBOUND,41.39,78.187,-0.048,1.602,-38.682,0.401,-0.678,78.187,0.352,38.682,2.862,2.862,0,4.052,2.968,2.878,100.0,0.102,1.354,0,0,0,OFFBOARD
409,OUTBOUND,41.49,78.4,-0.178,1.579,-38.682,0.401,-0.678,78.4,0.222,38.682,2.649,2.649,0,3.93,2.778,2.712,100.0,0.168,1.355,0,0,0,OFFBOARD
410,OUTBOUND,41.59,78.61,-0.288,1.557,-38.682,0.401,-0.678,78.61,0.112,38.682,2.483,2.483,0,3.902,2.574,2.547,100.0,0.232,1.361,0,0,0,OFFBOARD
411,OUTBOUND,41.69,78.818,-0.374,1.535,-38.682,0.401,-0.678,78.818,0.026,38.682,2.313,2.313,0,4.47,2.406,2.391,100.0,0.283,1.371,0,0,0,OFFBOARD
412,OUTBOUND,41.79,79.025,-0.432,1.515,-38.682,0.401,-0.678,79.025,-0.032,38.682,2.194,2.156,0,4.556,2.235,2.232,100.0,0.265,1.384,0,0,0,OFFBOARD
413,OUTBOUND,41.89,79.233,-0.458,1.496,-38.682,0.401,-0.678,79.233,-0.058,38.682,2.089,1.986,1,4.359,2.075,2.114,100.0,0.215,1.4,0,0,0,OFFBOARD
414,OUTBOUND,41.99,79.438,-0.452,1.48,-38.682,0.401,-0.678,79.438,-0.052,38.682,1.941,1.828,1,4.203,1.934,1.981,100.0,0.19,1.419,0,0,0,OFFBOARD
415,OUTBOUND,42.1,79.644,-0.416,1.466,-38.682,0.401,-0.678,79.644,-0.016,38.682,1.788,1.672,1,4.13,1.779,1.818,100.0,0.157,1.437,0,0,0,OFFBOARD
416,OUTBOUND,42.2,79.852,-0.354,1.455,-38.682,0.401,-0.678,79.852,0.046,38.682,1.621,1.517,1,4.45,1.615,1.636,100.0,0.125,1.454,0,0,0,OFFBOARD
417,OUTBOUND,42.3,80.058,-0.274,1.447,-38.682,0.401,-0.678,80.058,0.126,38.682,1.452,1.364,1,1.617,1.443,1.461,100.0,0.079,1.464,0,0,0,OFFBOARD
418,OUTBOUND,42.4,80.264,-0.182,1.441,-38.682,0.401,-0.678,80.264,0.219,38.682,1.253,1.213,1,1.405,1.263,1.203,100.0,-0.02,1.474,0,0,0,OFFBOARD
419,OUTBOUND,42.5,80.47,-0.084,1.438,-38.682,0.401,-0.678,80.47,0.316,38.682,1.06,1.06,1,1.223,1.102,1.043,100.0,-0.099,1.482,0,0,0,OFFBOARD
420,OUTBOUND,42.6,80.677,0.011,1.437,-38.682,0.401,-0.678,80.677,0.411,38.682,0.906,0.906,1,1.053,0.94,0.887,100.0,-0.156,1.496,0,0,0,OFFBOARD
421,OUTBOUND,42.7,80.885,0.1,1.438,-38.682,0.401,-0.678,80.885,0.5,38.682,0.744,0.744,1,0.883,0.775,0.73,100.0,-0.184,1.515,0,1,0,OFFBOARD
422,OUTBOUND,42.81,81.092,0.177,1.441,-38.682,0.401,-0.678,81.092,0.577,38.682,0.58,0.58,1,0.712,0.607,0.572,100.0,0.074,1.537,0,1,0,OFFBOARD
423,OUTBOUND,42.91,81.297,0.237,1.445,-38.682,0.401,-0.678,81.297,0.637,38.682,0.434,0.419,1,0.599,0.444,0.42,100.0,0.332,1.56,0,1,0,OFFBOARD
424,OUTBOUND,43.01,81.497,0.279,1.451,-38.682,0.401,-0.678,81.497,0.679,38.682,0.332,0.26,1,4.612,0.336,0.315,100.0,0.579,1.584,1,0,0,OFFBOARD
425,OUTBOUND,43.11,81.601,0.316,1.455,-38.682,0.401,-0.678,81.601,0.716,38.682,1.812,0.174,1,4.492,1.865,1.807,100.0,0.753,1.607,1,0,0,OFFBOARD
426,OUTBOUND,43.21,81.646,0.348,1.459,-38.682,0.401,-0.678,81.646,0.748,38.682,4.793,0.164,1,4.621,10.0,0.202,100.0,0.935,1.631,1,0,0,OFFBOARD
427,OUTBOUND,43.31,81.688,0.378,1.465,-38.682,0.401,-0.678,81.688,0.778,38.682,0.185,0.174,1,4.5,0.194,0.18,100.0,1.238,1.645,1,0,0,OFFBOARD
428,OUTBOUND,43.41,81.749,0.414,1.475,-38.682,0.401,-0.678,81.749,0.814,38.682,0.179,0.178,1,0.219,0.184,0.178,100.0,1.514,1.657,1,0,0,OFFBOARD
429,OUTBOUND,43.51,81.842,0.458,1.487,-38.682,0.401,-0.678,81.842,0.858,38.682,0.165,0.162,1,0.205,0.171,0.163,100.0,1.762,1.672,1,0,0,OFFBOARD
430,OUTBOUND,43.62,81.939,0.511,1.501,-38.682,0.401,-0.678,81.939,0.911,38.682,0.161,0.151,1,3.795,0.167,0.157,100.0,2.005,1.686,1,0,0,OFFBOARD
431,OUTBOUND,43.72,82.052,0.567,1.516,-38.682,0.401,-0.678,82.052,0.967,38.682,0.173,0.15,1,3.69,0.189,0.163,100.0,2.286,1.7,1,0,0,OFFBOARD
432,OUTBOUND,43.82,82.192,0.618,1.531,-38.682,0.401,-0.678,82.192,1.018,38.682,0.352,0.163,1,3.487,3.606,0.282,100.0,2.5,1.712,1,0,0,OFFBOARD
433,OUTBOUND,43.92,82.365,0.656,1.547,-38.682,0.401,-0.678,82.364,1.056,38.682,3.017,0.335,1,3.315,3.54,2.429,100.0,2.5,1.723,1,0,0,OFFBOARD
434,OUTBOUND,44.02,82.558,0.677,1.563,-38.682,0.401,-0.678,82.558,1.077,38.682,3.278,2.79,0,3.228,3.583,2.573,100.0,2.493,1.732,0,0,0,OFFBOARD
435,OUTBOUND,44.12,82.767,0.682,1.579,-38.682,0.401,-0.678,82.766,1.082,38.682,3.448,2.793,0,3.176,3.572,2.755,100.0,2.5,1.738,0,0,0,OFFBOARD
436,OUTBOUND,44.22,82.986,0.672,1.595,-38.682,0.401,-0.678,82.986,1.072,38.682,3.437,2.795,0,3.144,3.584,2.971,100.0,2.5,1.743,0,0,0,OFFBOARD
437,OUTBOUND,44.32,83.216,0.649,1.611,-38.682,0.401,-0.678,83.216,1.049,38.682,3.265,2.58,0,3.016,3.521,3.212,100.0,2.5,1.745,0,0,0,OFFBOARD
438,OUTBOUND,44.43,83.45,0.618,1.626,-38.682,0.401,-0.678,83.45,1.019,38.682,3.369,2.703,0,2.877,3.634,3.464,100.0,2.5,1.745,0,0,0,OFFBOARD
439,OUTBOUND,44.53,83.691,0.583,1.64,-38.682,0.401,-0.678,83.691,0.983,38.682,3.462,2.716,0,3.115,3.715,3.633,100.0,2.5,1.744,0,0,0,OFFBOARD
440,OUTBOUND,44.63,83.934,0.547,1.654,-38.682,0.401,-0.678,83.934,0.947,38.682,3.342,2.512,0,3.094,3.637,3.791,100.0,2.5,1.74,0,0,0,OFFBOARD
441,OUTBOUND,44.73,84.182,0.515,1.665,-38.682,0.401,-0.678,84.182,0.915,38.682,3.729,2.738,0,3.241,4.055,4.01,100.0,2.5,1.735,0,0,0,OFFBOARD
442,OUTBOUND,44.83,84.435,0.49,1.676,-38.682,0.401,-0.678,84.435,0.89,38.682,3.717,2.702,0,3.401,4.22,4.277,100.0,2.5,1.729,0,0,0,OFFBOARD
443,OUTBOUND,44.93,84.691,0.476,1.685,-38.682,0.401,-0.678,84.691,0.876,38.682,4.312,2.934,0,3.304,4.731,4.536,100.0,2.5,1.721,0,0,0,OFFBOARD
444,OUTBOUND,45.03,84.951,0.477,1.693,-38.682,0.401,-0.678,84.951,0.877,38.682,4.729,3.007,0,3.799,5.523,4.665,100.0,2.5,1.712,0,0,0,OFFBOARD
445,OUTBOUND,45.13,85.213,0.494,1.699,-38.682,0.401,-0.678,85.213,0.894,38.682,4.926,3.336,0,3.653,6.358,4.754,100.0,2.5,1.702,0,0,0,OFFBOARD
446,OUTBOUND,45.24,85.472,0.53,1.704,-38.682,0.401,-0.678,85.472,0.93,38.682,5.412,3.401,0,3.834,10.0,4.726,100.0,2.5,1.691,0,0,0,OFFBOARD
447,OUTBOUND,45.34,85.728,0.586,1.707,-38.682,0.401,-0.678,85.728,0.986,38.682,3.528,2.906,0,3.641,3.59,3.508,100.0,2.5,1.68,0,0,0,OFFBOARD
448,OUTBOUND,45.44,85.981,0.664,1.709,-38.682,0.401,-0.678,85.981,1.065,38.682,3.244,2.721,0,2.942,3.367,3.232,100.0,2.489,1.662,0,0,0,OFFBOARD
449,OUTBOUND,45.54,86.223,0.762,1.709,-38.682,0.401,-0.678,86.223,1.162,38.682,2.948,2.346,0,2.621,4.025,2.94,100.0,2.446,1.646,0,0,0,OFFBOARD
450,OUTBOUND,45.64,86.462,0.875,1.707,-38.682,0.401,-0.678,86.462,1.275,38.682,2.647,2.08,0,2.397,3.656,2.633,100.0,2.377,1.622,0,0,0,OFFBOARD
451,OUTBOUND,45.74,86.691,0.988,1.704,-38.682,0.401,-0.678,86.691,1.389,38.682,2.329,1.837,1,2.217,3.357,2.278,100.0,2.344,1.593,0,0,0,OFFBOARD
452,OUTBOUND,45.85,86.914,1.086,1.699,-38.682,0.401,-0.678,86.914,1.486,38.682,3.042,1.704,1,2.514,3.136,3.156,100.0,2.354,1.571,0,0,0,OFFBOARD
453,OUTBOUND,45.95,87.136,1.155,1.692,-38.682,0.401,-0.678,87.136,1.555,38.682,2.854,1.647,1,2.578,2.912,2.928,100.0,2.399,1.552,0,0,0,OFFBOARD
454,OUTBOUND,46.05,87.365,1.183,1.683,-38.682,0.401,-0.678,87.365,1.583,38.682,2.639,1.383,1,2.568,2.697,2.719,100.0,2.429,1.538,0,0,0,OFFBOARD
455,OUTBOUND,46.15,87.598,1.165,1.673,-38.682,0.401,-0.678,87.598,1.565,38.682,3.135,1.129,1,2.383,3.245,2.681,100.0,2.5,1.527,0,0,0,OFFBOARD
456,OUTBOUND,46.25,87.837,1.107,1.662,-38.682,0.401,-0.678,87.837,1.507,38.682,3.354,0.888,1,2.85,3.444,0.995,100.0,2.5,1.519,0,0,0,OFFBOARD
457,OUTBOUND,46.35,88.084,1.016,1.65,-38.682,0.401,-0.678,88.084,1.416,38.682,0.683,0.628,1,2.692,0.668,0.669,100.0,2.5,1.514,0,1,0,OFFBOARD
458,OUTBOUND,46.45,88.331,0.908,1.637,-38.682,0.401,-0.678,88.331,1.308,38.682,0.346,0.346,1,0.36,0.353,0.362,100.0,2.448,1.512,1,0,0,OFFBOARD
459,OUTBOUND,46.55,88.433,0.818,1.64,-38.682,0.401,-0.678,88.433,1.218,38.682,0.188,0.166,1,0.192,0.19,0.179,100.0,2.098,1.51,1,0,0,OFFBOARD
460,OUTBOUND,46.66,88.451,0.764,1.655,-38.682,0.401,-0.678,88.451,1.164,38.682,0.168,0.168,1,0.179,0.17,0.17,100.0,1.756,1.505,1,0,0,OFFBOARD
461,OUTBOUND,46.76,88.482,0.727,1.664,-38.682,0.401,-0.678,88.482,1.127,38.682,0.142,0.121,1,0.15,0.145,0.137,100.0,1.424,1.5,1,0,0,OFFBOARD
462,OUTBOUND,46.86,88.497,0.693,1.677,-38.682,0.401,-0.678,88.497,1.093,38.682,0.164,0.123,1,0.201,0.165,0.161,100.0,1.074,1.493,1,0,0,OFFBOARD
463,OUTBOUND,46.96,88.505,0.655,1.695,-38.682,0.401,-0.678,88.505,1.056,38.682,1.948,0.148,1,1.871,2.002,2.131,100.0,0.769,1.484,1,0,0,OFFBOARD
464,OUTBOUND,47.06,88.543,0.619,1.702,-38.682,0.401,-0.678,88.543,1.019,38.682,1.99,0.22,1,1.859,2.091,2.126,100.0,0.607,1.471,1,0,0,OFFBOARD
465,OUTBOUND,47.16,88.598,0.599,1.714,-38.682,0.401,-0.678,88.598,0.999,38.682,1.93,1.45,1,1.889,2.085,2.028,100.0,0.55,1.458,0,0,0,OFFBOARD
466,OUTBOUND,47.26,88.693,0.587,1.718,-38.682,0.401,-0.678,88.693,0.987,38.682,1.915,1.489,1,1.831,2.058,2.04,100.0,0.506,1.444,0,0,0,OFFBOARD
467,OUTBOUND,47.37,88.827,0.589,1.714,-38.682,0.401,-0.678,88.827,0.989,38.682,2.017,1.534,1,1.781,2.051,2.092,100.0,0.478,1.431,0,0,0,OFFBOARD
468,OUTBOUND,47.47,88.998,0.612,1.703,-38.682,0.401,-0.678,88.998,1.013,38.682,1.976,1.538,1,1.756,2.045,2.12,100.0,0.459,1.42,0,0,0,OFFBOARD
469,OUTBOUND,47.57,89.196,0.661,1.687,-38.682,0.401,-0.678,89.196,1.061,38.682,1.871,1.536,1,1.706,1.997,2.088,100.0,0.445,1.412,0,0,0,OFFBOARD
470,OUTBOUND,47.67,89.409,0.734,1.668,-38.682,0.401,-0.678,89.409,1.134,38.682,1.73,1.707,1,1.608,1.886,2.011,100.0,0.451,1.406,0,0,0,OFFBOARD
471,OUTBOUND,47.77,89.631,0.831,1.647,-38.682,0.401,-0.678,89.631,1.231,38.682,1.559,1.5,1,1.457,1.696,1.881,100.0,0.43,1.404,0,0,0,OFFBOARD
472,OUTBOUND,47.87,89.852,0.944,1.625,-38.682,0.401,-0.678,89.852,1.344,38.682,1.64,1.376,1,1.355,1.681,1.752,100.0,0.396,1.405,0,0,0,OFFBOARD
473,OUTBOUND,47.97,90.074,1.068,1.603,-38.682,0.401,-0.678,90.074,1.468,38.682,1.572,1.156,1,1.405,1.593,1.707,100.0,0.335,1.409,0,0,0,OFFBOARD
474,OUTBOUND,48.08,90.292,1.193,1.581,-38.682,0.401,-0.678,90.292,1.593,38.682,1.438,1.238,1,1.341,1.501,1.597,100.0,0.246,1.417,0,0,0,OFFBOARD
475,OUTBOUND,48.18,90.508,1.313,1.562,-38.682,0.401,-0.678,90.508,1.713,38.682,1.261,1.149,1,1.218,1.334,1.404,100.0,0.118,1.427,0,0,0,OFFBOARD
476,OUTBOUND,48.28,90.727,1.422,1.543,-38.682,0.401,-0.678,90.727,1.822,38.682,1.346,0.941,1,1.278,1.432,1.473,100.0,-0.094,1.44,0,0,0,OFFBOARD
477,OUTBOUND,48.38,90.957,1.518,1.527,-38.682,0.401,-0.678,90.957,1.919,38.682,1.36,0.872,1,1.283,1.423,1.477,100.0,-0.34,1.456,0,0,0,OFFBOARD
478,OUTBOUND,48.48,91.195,1.594,1.513,-38.682,0.401,-0.678,91.195,1.994,38.682,1.408,1.036,1,1.366,1.456,1.494,100.0,-0.64,1.473,0,0,0,OFFBOARD
479,OUTBOUND,48.58,91.437,1.646,1.501,-38.682,0.401,-0.678,91.437,2.046,38.682,1.728,1.082,1,1.303,1.702,1.69,100.0,-0.969,1.486,0,0,0,OFFBOARD
480,OUTBOUND,48.68,91.689,1.675,1.492,-38.682,0.401,-0.678,91.689,2.075,38.682,2.017,0.977,1,1.815,2.031,1.98,100.0,-1.296,1.498,0,0,0,OFFBOARD
481,OUTBOUND,48.79,91.949,1.68,1.486,-38.682,0.401,-0.678,91.949,2.08,38.682,2.567,1.332,1,1.854,2.561,2.414,100.0,-1.591,1.503,0,0,0,OFFBOARD
482,OUTBOUND,48.89,92.209,1.662,1.482,-38.682,0.401,-0.678,92.209,2.062,38.682,2.844,1.453,1,2.682,3.548,2.897,100.0,-1.866,1.503,0,0,0,OFFBOARD
483,OUTBOUND,48.99,92.469,1.622,1.48,-38.682,0.401,-0.678,92.468,2.022,38.682,3.744,1.823,1,3.32,4.898,3.949,100.0,-2.09,1.505,0,0,0,OFFBOARD
484,OUTBOUND,49.09,92.727,1.558,1.479,-38.682,0.401,-0.678,92.727,1.958,38.682,4.724,2.063,0,3.47,10.0,4.25,100.0,-2.276,1.506,0,0,0,OFFBOARD
485,OUTBOUND,49.19,92.976,1.472,1.479,-38.682,0.401,-0.678,92.976,1.872,38.682,5.502,2.542,0,3.977,6.794,4.475,100.0,-2.377,1.503,0,0,0,OFFBOARD
486,OUTBOUND,49.29,93.212,1.365,1.48,-38.682,0.401,-0.678,93.212,1.765,38.682,5.506,2.752,0,4.05,6.579,4.655,100.0,-2.472,1.5,0,0,0,OFFBOARD
487,OUTBOUND,49.39,93.436,1.234,1.481,-38.682,0.401,-0.678,93.436,1.634,38.682,5.255,2.809,0,4.029,6.378,4.752,100.0,-2.5,1.493,0,0,0,OFFBOARD
488,OUTBOUND,49.5,93.642,1.084,1.482,-38.682,0.401,-0.678,93.642,1.484,38.682,5.158,3.462,0,3.858,6.178,4.758,100.0,-2.5,1.483,0,0,0,OFFBOARD
489,OUTBOUND,49.6,93.834,0.915,1.483,-38.682,0.401,-0.678,93.834,1.315,38.682,5.142,3.375,0,3.678,5.981,4.683,100.0,-2.5,1.473,0,0,0,OFFBOARD
490,OUTBOUND,49.7,94.013,0.73,1.484,-38.682,0.401,-0.678,94.013,1.13,38.682,5.139,3.722,0,3.603,5.792,4.551,100.0,-2.5,1.464,0,0,0,OFFBOARD
491,OUTBOUND,49.8,94.183,0.53,1.484,-38.682,0.401,-0.678,94.183,0.931,38.682,4.94,3.606,0,3.684,5.611,4.377,100.0,-2.5,1.458,0,0,0,OFFBOARD
492,OUTBOUND,49.9,94.345,0.324,1.483,-38.682,0.401,-0.678,94.344,0.725,38.682,5.348,3.522,0,4.166,5.438,4.17,100.0,-2.5,1.458,0,0,0,OFFBOARD
493,OUTBOUND,50.0,94.503,0.112,1.482,-38.682,0.401,-0.678,94.503,0.512,38.682,5.284,3.302,0,4.254,5.276,3.954,100.0,-2.5,1.455,0,0,0,OFFBOARD
494,OUTBOUND,50.1,94.66,-0.102,1.48,-38.682,0.401,-0.678,94.66,0.298,38.682,5.144,3.119,0,4.155,5.127,3.758,100.0,-2.5,1.449,0,0,0,OFFBOARD
495,OUTBOUND,50.21,94.816,-0.315,1.478,-38.682,0.401,-0.678,94.816,0.086,38.682,4.986,3.269,0,4.532,4.988,3.6,100.0,-2.5,1.44,0,0,0,OFFBOARD
496,OUTBOUND,50.31,94.973,-0.524,1.476,-38.682,0.401,-0.678,94.973,-0.124,38.682,4.828,3.185,0,4.717,4.851,3.473,100.0,-2.494,1.429,0,0,0,OFFBOARD
497,RETURN,50.41,95.138,-0.738,1.473,-38.682,0.401,-0.678,95.138,-0.338,38.682,4.676,3.073,0,4.643,4.712,3.38,95.138,-0.738,1.473,0,0,0,OFFBOARD
498,RETURN,52.52,95.349,-0.791,1.472,-38.682,0.401,-0.678,-95.349,-0.391,38.682,2.894,2.668,0,2.669,3.138,3.241,95.038,-0.743,1.46,0,0,0,OFFBOARD
499,RETURN,52.62,95.305,-0.749,1.472,-38.682,0.401,-0.678,-95.305,-0.349,38.682,3.04,2.709,0,2.715,3.187,3.237,94.938,-0.764,1.458,0,0,0,OFFBOARD
500,RETURN,52.72,95.264,-0.714,1.471,-38.682,0.401,-0.678,-95.264,-0.314,38.682,3.108,2.638,0,2.846,3.304,3.303,94.838,-0.802,1.464,0,0,0,OFFBOARD
501,RETURN,52.82,95.221,-0.683,1.471,-38.682,0.401,-0.678,-95.221,-0.283,38.682,3.044,2.678,0,2.862,3.3,3.417,94.738,-0.852,1.476,0,0,0,OFFBOARD
502,RETURN,52.93,95.18,-0.658,1.471,-38.682,0.401,-0.678,-95.18,-0.258,38.682,3.447,2.754,0,3.138,3.724,3.668,94.638,-0.901,1.491,0,0,0,OFFBOARD
503,RETURN,53.03,95.139,-0.64,1.471,-38.682,0.401,-0.678,-95.139,-0.24,38.682,3.611,2.712,0,3.333,3.897,3.955,94.538,-0.928,1.51,0,0,0,OFFBOARD
504,RETURN,53.13,95.096,-0.628,1.472,-38.682,0.401,-0.678,-95.096,-0.228,38.682,4.348,3.049,0,3.754,4.69,3.925,94.438,-0.925,1.529,0,0,0,OFFBOARD
505,RETURN,53.23,95.051,-0.623,1.474,-38.682,0.401,-0.678,-95.051,-0.223,38.682,5.15,1.812,1,4.096,5.641,3.759,94.338,-0.815,1.55,0,0,0,OFFBOARD
506,RETURN,53.33,95.002,-0.627,1.477,-38.682,0.401,-0.678,-95.002,-0.227,38.682,5.15,1.683,1,4.862,10.0,3.572,94.238,-0.609,1.571,0,0,0,OFFBOARD
507,RETURN,53.43,94.949,-0.639,1.482,-38.682,0.401,-0.678,-94.949,-0.239,38.682,1.991,1.66,1,5.02,10.0,1.673,94.093,-0.368,1.586,0,0,0,OFFBOARD
508,RETURN,53.53,94.89,-0.656,1.488,-38.682,0.401,-0.678,-94.89,-0.256,38.682,1.687,1.668,1,4.643,10.0,1.516,93.984,-0.208,1.602,0,0,0,OFFBOARD
509,RETURN,53.64,94.824,-0.675,1.496,-38.682,0.401,-0.678,-94.824,-0.275,38.682,1.673,1.673,1,4.54,6.124,1.473,93.884,-0.137,1.615,0,0,0,OFFBOARD
510,RETURN,53.74,94.75,-0.691,1.504,-38.682,0.401,-0.678,-94.75,-0.291,38.682,1.661,1.661,1,3.562,4.865,1.403,93.784,-0.099,1.625,0,0,0,OFFBOARD
511,RETURN,53.84,94.667,-0.698,1.514,-38.682,0.401,-0.678,-94.667,-0.298,38.682,1.736,1.655,1,3.382,4.415,1.318,93.684,-0.121,1.632,0,0,0,OFFBOARD
512,RETURN,53.94,94.575,-0.693,1.524,-38.682,0.401,-0.678,-94.575,-0.292,38.682,1.873,1.768,1,3.281,3.466,1.343,93.584,-0.117,1.638,0,0,0,OFFBOARD
513,RETURN,54.04,94.475,-0.672,1.534,-38.682,0.401,-0.678,-94.475,-0.272,38.682,2.949,2.177,0,3.155,2.981,1.436,93.484,-0.044,1.641,0,0,0,OFFBOARD
514,RETURN,54.14,94.369,-0.637,1.545,-38.682,0.401,-0.678,-94.369,-0.237,38.682,2.871,2.118,0,3.077,2.909,1.525,93.384,0.078,1.646,0,0,0,OFFBOARD
515,RETURN,54.25,94.262,-0.591,1.555,-38.682,0.401,-0.678,-94.262,-0.191,38.682,3.269,2.04,0,3.035,3.998,3.627,93.255,0.221,1.653,0,0,0,OFFBOARD
516,RETURN,54.35,94.149,-0.533,1.566,-38.682,0.401,-0.678,-94.149,-0.133,38.682,3.759,2.093,0,2.991,4.157,3.955,93.029,0.377,1.659,0,0,0,OFFBOARD
517,RETURN,54.45,94.037,-0.47,1.575,-38.682,0.401,-0.678,-94.037,-0.07,38.682,4.061,2.429,0,3.019,4.282,4.129,92.727,0.539,1.665,0,0,0,OFFBOARD
518,RETURN,54.55,93.926,-0.402,1.585,-38.682,0.401,-0.678,-93.926,-0.002,38.682,4.019,2.266,0,3.599,5.269,4.033,92.373,0.703,1.669,0,0,0,OFFBOARD
519,RETURN,54.65,93.815,-0.33,1.594,-38.682,0.401,-0.678,-93.814,0.07,38.682,5.005,2.189,0,3.758,5.982,3.827,91.987,0.848,1.673,0,0,0,OFFBOARD
520,RETURN,54.75,93.698,-0.252,1.603,-38.682,0.401,-0.678,-93.698,0.148,38.682,4.958,3.179,0,4.633,6.858,3.547,91.579,0.95,1.677,0,0,0,OFFBOARD
521,RETURN,54.85,93.576,-0.167,1.611,-38.682,0.401,-0.678,-93.576,0.233,38.682,4.402,3.471,0,5.402,10.0,3.271,91.216,1.028,1.679,0,0,0,OFFBOARD
522,RETURN,54.96,93.44,-0.073,1.619,-38.682,0.401,-0.678,-93.44,0.327,38.682,4.057,3.692,0,5.712,6.357,3.088,90.98,1.085,1.68,0,0,0,OFFBOARD
523,RETURN,55.06,93.291,0.03,1.627,-38.682,0.401,-0.678,-93.291,0.431,38.682,3.952,3.617,0,6.53,6.078,3.028,90.826,1.136,1.681,0,0,0,OFFBOARD
524,RETURN,55.16,93.126,0.144,1.633,-38.682,0.401,-0.678,-93.126,0.544,38.682,4.073,3.782,0,6.382,6.325,3.091,90.726,1.193,1.681,0,0,0,OFFBOARD
525,RETURN,55.26,92.949,0.265,1.64,-38.682,0.401,-0.678,-92.949,0.665,38.682,4.424,3.816,0,5.141,10.0,3.265,90.626,1.255,1.679,0,0,0,OFFBOARD
526,RETURN,55.36,92.761,0.392,1.645,-38.682,0.401,-0.678,-92.761,0.792,38.682,4.999,3.388,0,4.776,10.0,3.534,90.526,1.305,1.678,0,0,0,OFFBOARD
527,RETURN,55.46,92.565,0.521,1.65,-38.682,0.401,-0.678,-92.565,0.921,38.682,5.143,2.737,0,3.811,10.0,3.865,90.426,1.331,1.675,0,0,0,OFFBOARD
528,RETURN,55.56,92.368,0.646,1.654,-38.682,0.401,-0.678,-92.368,1.046,38.682,4.794,2.455,0,3.538,6.12,4.201,90.326,1.333,1.672,0,0,0,OFFBOARD
529,RETURN,55.67,92.17,0.766,1.658,-38.682,0.401,-0.678,-92.169,1.166,38.682,4.573,2.243,0,3.361,5.902,4.459,90.211,1.317,1.668,0,0,0,OFFBOARD
530,RETURN,55.77,91.973,0.879,1.661,-38.682,0.401,-0.678,-91.973,1.279,38.682,4.318,2.089,0,3.178,5.495,4.575,90.102,1.286,1.664,0,0,0,OFFBOARD
531,RETURN,55.87,91.781,0.982,1.663,-38.682,0.401,-0.678,-91.781,1.382,38.682,4.194,1.976,1,2.981,5.231,4.541,90.002,1.244,1.659,0,0,0,OFFBOARD
532,RETURN,55.97,91.589,1.076,1.665,-38.682,0.401,-0.678,-91.589,1.476,38.682,4.018,2.197,0,2.8,5.151,4.414,89.902,1.205,1.654,0,0,0,OFFBOARD
533,RETURN,56.07,91.399,1.158,1.666,-38.682,0.401,-0.678,-91.399,1.558,38.682,3.822,2.103,0,2.776,5.094,4.269,89.802,1.159,1.65,0,0,0,OFFBOARD
534,RETURN,56.17,91.209,1.23,1.666,-38.682,0.401,-0.678,-91.209,1.63,38.682,3.689,2.051,0,3.245,4.967,4.198,89.702,1.113,1.645,0,0,0,OFFBOARD
535,RETURN,56.27,91.016,1.291,1.665,-38.682,0.401,-0.678,-91.016,1.691,38.682,3.52,1.973,1,3.211,4.703,4.16,89.602,1.052,1.64,0,0,0,OFFBOARD
536,RETURN,56.38,90.825,1.34,1.665,-38.682,0.401,-0.678,-90.825,1.74,38.682,3.444,1.939,1,3.142,4.503,4.266,89.502,0.984,1.635,0,0,0,OFFBOARD
537,RETURN,56.48,90.635,1.377,1.663,-38.682,0.401,-0.678,-90.635,1.777,38.682,3.941,1.791,1,3.047,4.309,4.419,89.402,0.908,1.631,0,0,0,OFFBOARD
538,RETURN,56.58,90.449,1.402,1.661,-38.682,0.401,-0.678,-90.448,1.802,38.682,3.847,1.611,1,2.881,4.207,4.621,89.302,0.831,1.626,0,0,0,OFFBOARD
539,RETURN,56.68,90.264,1.414,1.659,-38.682,0.401,-0.678,-90.264,1.814,38.682,3.782,1.57,1,2.722,4.159,4.886,89.202,0.746,1.623,0,0,0,OFFBOARD
540,RETURN,56.78,90.092,1.413,1.656,-38.682,0.401,-0.678,-90.092,1.813,38.682,3.725,1.868,1,2.515,4.915,5.121,89.102,0.673,1.619,0,0,0,OFFBOARD
541,RETURN,56.88,89.922,1.399,1.653,-38.682,0.401,-0.678,-89.922,1.799,38.682,3.594,1.911,1,2.432,4.788,5.019,89.002,0.601,1.616,0,0,0,OFFBOARD
542,RETURN,56.99,89.766,1.372,1.65,-38.682,0.401,-0.678,-89.766,1.772,38.682,3.452,1.952,1,2.868,4.665,4.845,88.902,0.536,1.613,0,0,0,OFFBOARD
543,RETURN,57.09,89.621,1.333,1.647,-38.682,0.401,-0.678,-89.621,1.734,38.682,3.322,1.952,1,2.987,4.599,4.661,88.802,0.469,1.611,0,0,0,OFFBOARD
544,RETURN,57.19,89.485,1.284,1.644,-38.682,0.401,-0.678,-89.485,1.684,38.682,4.029,1.843,1,3.129,4.538,4.467,88.702,0.418,1.61,0,0,0,OFFBOARD
545,RETURN,57.29,89.358,1.225,1.64,-38.682,0.401,-0.678,-89.358,1.625,38.682,4.255,1.871,1,3.024,4.415,4.298,88.602,0.373,1.609,0,0,0,OFFBOARD
546,RETURN,57.39,89.239,1.157,1.637,-38.682,0.401,-0.678,-89.239,1.557,38.682,4.143,2.247,0,2.904,4.262,4.127,88.502,0.347,1.608,0,0,0,OFFBOARD
547,RETURN,57.49,89.124,1.082,1.634,-38.682,0.401,-0.678,-89.124,1.482,38.682,3.996,2.368,0,3.008,4.086,3.964,88.402,0.332,1.608,0,0,0,OFFBOARD
548,RETURN,57.59,89.017,1.002,1.631,-38.682,0.401,-0.678,-89.017,1.402,38.682,3.836,2.495,0,3.576,3.922,3.805,88.302,0.323,1.608,0,0,0,OFFBOARD
549,RETURN,57.69,88.913,0.918,1.628,-38.682,0.401,-0.678,-88.913,1.318,38.682,3.676,2.499,0,3.674,3.752,3.639,88.202,0.326,1.609,0,0,0,OFFBOARD
550,RETURN,57.8,88.813,0.834,1.625,-38.682,0.401,-0.678,-88.813,1.234,38.682,3.544,2.45,0,3.694,3.609,3.501,88.102,0.327,1.61,0,0,0,OFFBOARD
551,RETURN,57.9,88.718,0.751,1.623,-38.682,0.401,-0.678,-88.717,1.151,38.682,3.424,2.859,0,3.599,3.478,3.378,88.002,0.348,1.612,0,0,0,OFFBOARD
552,RETURN,58.0,88.624,0.67,1.621,-38.682,0.401,-0.678,-88.624,1.071,38.682,3.303,3.033,0,3.557,3.348,3.257,87.902,0.376,1.613,0,0,0,OFFBOARD
553,RETURN,58.1,88.533,0.594,1.62,-38.682,0.401,-0.678,-88.533,0.994,38.682,3.181,3.153,0,3.868,3.224,3.14,87.802,0.404,1.616,0,0,0,OFFBOARD
554,RETURN,58.2,88.444,0.523,1.618,-38.682,0.401,-0.678,-88.444,0.924,38.682,3.066,3.066,0,4.082,3.1,3.023,87.702,0.427,1.618,0,0,0,OFFBOARD
555,RETURN,58.3,88.356,0.46,1.617,-38.682,0.401,-0.678,-88.356,0.86,38.682,2.954,2.954,0,4.191,2.978,2.948,87.602,0.454,1.62,0,0,0,OFFBOARD
556,RETURN,58.4,88.269,0.406,1.617,-38.682,0.401,-0.678,-88.269,0.806,38.682,2.848,2.838,0,4.277,2.863,2.848,87.502,0.477,1.623,0,0,0,OFFBOARD
557,RETURN,58.51,88.183,0.36,1.616,-38.682,0.401,-0.678,-88.183,0.76,38.682,2.761,2.718,0,4.283,2.756,2.754,87.402,0.499,1.625,0,0,0,OFFBOARD
558,RETURN,58.61,88.097,0.324,1.616,-38.682,0.401,-0.678,-88.097,0.724,38.682,2.683,2.597,0,4.198,2.68,2.657,87.302,0.501,1.628,0,0,0,OFFBOARD
559,RETURN,58.71,88.011,0.297,1.617,-38.682,0.401,-0.678,-88.011,0.697,38.682,2.591,2.474,0,4.112,2.591,2.587,87.202,0.468,1.63,0,0,0,OFFBOARD
560,RETURN,58.81,87.924,0.28,1.617,-38.682,0.401,-0.678,-87.924,0.68,38.682,3.369,2.351,0,4.119,3.369,3.372,87.102,0.409,1.633,0,0,0,OFFBOARD
561,RETURN,58.91,87.836,0.27,1.618,-38.682,0.401,-0.678,-87.836,0.67,38.682,3.284,2.231,0,4.145,3.283,3.287,87.002,0.358,1.635,0,0,0,OFFBOARD
562,RETURN,59.01,87.748,0.268,1.619,-38.682,0.401,-0.678,-87.748,0.668,38.682,3.197,2.099,0,4.501,3.197,3.2,86.902,0.309,1.637,0,0,0,OFFBOARD
563,RETURN,59.11,87.658,0.27,1.62,-38.682,0.401,-0.678,-87.658,0.67,38.682,3.108,1.967,1,4.556,3.108,3.112,86.802,0.193,1.639,0,0,0,OFFBOARD
564,RETURN,59.22,87.566,0.275,1.622,-38.682,0.401,-0.678,-87.566,0.676,38.682,2.987,1.786,1,4.565,2.988,2.991,86.702,0.06,1.641,0,0,0,OFFBOARD
565,RETURN,59.32,87.473,0.281,1.623,-38.682,0.401,-0.678,-87.473,0.682,38.682,2.896,1.651,1,4.55,2.896,2.899,86.602,-0.085,1.643,0,0,0,OFFBOARD
566,RETURN,59.42,87.38,0.286,1.625,-38.682,0.401,-0.678,-87.38,0.686,38.682,2.804,1.512,1,4.486,2.804,2.806,86.502,-0.242,1.644,0,0,0,OFFBOARD
567,RETURN,59.52,87.286,0.285,1.627,-38.682,0.401,-0.678,-87.286,0.685,38.682,2.71,1.373,1,4.43,2.71,2.712,86.402,-0.412,1.645,0,0,0,OFFBOARD
568,RETURN,59.62,87.189,0.277,1.628,-38.682,0.401,-0.678,-87.189,0.677,38.682,2.615,1.24,1,4.374,2.616,2.617,86.302,-0.567,1.645,0,0,0,OFFBOARD
569,RETURN,59.72,87.093,0.26,1.63,-38.682,0.401,-0.678,-87.093,0.66,38.682,2.52,1.15,1,4.331,2.52,2.521,86.202,-0.732,1.646,0,0,0,OFFBOARD
570,RETURN,59.82,86.995,0.23,1.632,-38.682,0.401,-0.678,-86.995,0.63,38.682,2.422,1.066,1,4.275,2.673,2.423,86.102,-0.857,1.646,0,0,0,OFFBOARD
571,RETURN,59.93,86.897,0.186,1.633,-38.682,0.401,-0.678,-86.897,0.586,38.682,2.326,2.325,0,4.224,2.874,2.327,86.002,-0.92,1.646,0,0,0,OFFBOARD
572,RETURN,60.03,86.799,0.129,1.635,-38.682,0.401,-0.678,-86.799,0.529,38.682,2.229,2.227,0,4.133,3.114,2.229,85.902,-1.018,1.646,0,0,0,OFFBOARD
573,RETURN,60.13,86.699,0.056,1.636,-38.682,0.401,-0.678,-86.699,0.457,38.682,2.263,2.128,0,4.036,10.0,2.131,85.802,-1.127,1.645,0,0,0,OFFBOARD
574,RETURN,60.23,86.598,-0.03,1.638,-38.682,0.401,-0.678,-86.598,0.37,38.682,2.715,2.029,0,3.972,10.0,2.19,85.702,-1.23,1.645,0,0,0,OFFBOARD
575,RETURN,60.33,86.498,-0.127,1.639,-38.682,0.401,-0.678,-86.498,0.273,38.682,5.942,1.928,1,3.944,10.0,2.646,85.602,-1.324,1.644,0,0,0,OFFBOARD
576,RETURN,60.43,86.397,-0.233,1.64,-38.682,0.401,-0.678,-86.397,0.167,38.682,5.927,1.829,1,3.9,10.0,4.107,85.502,-1.409,1.643,0,0,0,OFFBOARD
577,RETURN,60.53,86.295,-0.347,1.64,-38.682,0.401,-0.678,-86.295,0.053,38.682,5.893,1.73,1,3.833,10.0,4.123,85.402,-1.477,1.641,0,0,0,OFFBOARD
578,RETURN,60.63,86.194,-0.465,1.641,-38.682,0.401,-0.678,-86.194,-0.065,38.682,5.862,1.689,1,3.761,10.0,4.129,85.213,-1.505,1.636,0,0,0,OFFBOARD
579,RETURN,60.74,86.093,-0.586,1.641,-38.682,0.401,-0.678,-86.093,-0.186,38.682,5.821,1.898,1,3.729,10.0,4.124,84.941,-1.523,1.625,0,0,0,OFFBOARD
580,RETURN,60.84,85.99,-0.71,1.641,-38.682,0.401,-0.678,-85.99,-0.31,38.682,5.725,2.109,0,4.084,10.0,4.056,84.616,-1.504,1.608,0,0,0,OFFBOARD
581,RETURN,60.94,85.888,-0.83,1.641,-38.682,0.401,-0.678,-85.888,-0.43,38.682,5.597,2.327,0,4.285,6.984,3.913,84.247,-1.455,1.595,0,0,0,OFFBOARD
582,RETURN,61.04,85.781,-0.951,1.639,-38.682,0.401,-0.678,-85.78,-0.551,38.682,5.24,2.768,0,4.308,6.839,3.676,83.85,-1.332,1.586,0,0,0,OFFBOARD
583,RETURN,61.14,85.668,-1.065,1.636,-38.682,0.401,-0.678,-85.668,-0.665,38.682,4.675,2.657,0,4.163,6.681,3.41,83.435,-1.203,1.58,0,0,0,OFFBOARD
584,RETURN,61.24,85.545,-1.172,1.633,-38.682,0.401,-0.678,-85.545,-0.772,38.682,4.253,2.547,0,4.776,6.44,3.199,83.009,-1.076,1.576,0,0,0,OFFBOARD
585,RETURN,61.34,85.408,-1.27,1.629,-38.682,0.401,-0.678,-85.408,-0.87,38.682,4.03,2.44,0,5.027,6.09,3.086,82.586,-0.951,1.574,0,0,0,OFFBOARD
586,RETURN,61.45,85.257,-1.352,1.624,-38.682,0.401,-0.678,-85.257,-0.952,38.682,3.993,2.309,0,4.891,5.919,3.074,82.182,-0.818,1.573,0,0,0,OFFBOARD
587,RETURN,61.55,85.092,-1.418,1.62,-38.682,0.401,-0.678,-85.092,-1.018,38.682,4.118,2.185,0,4.69,5.83,3.154,81.778,-0.676,1.574,0,0,0,OFFBOARD
588,RETURN,61.65,84.916,-1.462,1.615,-38.682,0.401,-0.678,-84.916,-1.062,38.682,4.484,2.098,0,3.625,5.575,3.368,81.365,-0.513,1.576,0,0,0,OFFBOARD
589,RETURN,61.75,84.731,-1.485,1.611,-38.682,0.401,-0.678,-84.731,-1.085,38.682,4.854,2.017,0,3.382,5.344,3.572,80.94,-0.334,1.579,0,0,0,OFFBOARD
590,RETURN,61.85,84.545,-1.485,1.607,-38.682,0.401,-0.678,-84.545,-1.085,38.682,4.401,1.851,1,3.213,5.091,3.766,80.506,-0.145,1.582,0,0,0,OFFBOARD
591,RETURN,61.95,84.347,-1.461,1.603,-38.682,0.401,-0.678,-84.347,-1.061,38.682,4.237,1.727,1,3.124,4.849,3.934,80.198,0.053,1.583,0,0,0,OFFBOARD
592,RETURN,62.06,84.153,-1.415,1.6,-38.682,0.401,-0.678,-84.153,-1.015,38.682,4.546,2.043,0,3.552,4.61,4.041,79.992,0.225,1.58,0,0,0,OFFBOARD
593,RETURN,62.16,83.962,-1.348,1.597,-38.682,0.401,-0.678,-83.962,-0.948,38.682,4.289,2.127,0,3.653,4.358,4.07,79.723,0.389,1.58,0,0,0,OFFBOARD
594,RETURN,62.26,83.77,-1.26,1.594,-38.682,0.401,-0.678,-83.77,-0.86,38.682,4.022,2.283,0,3.64,4.103,3.981,79.398,0.554,1.582,0,0,0,OFFBOARD
595,RETURN,62.36,83.58,-1.154,1.592,-38.682,0.401,-0.678,-83.58,-0.754,38.682,3.752,2.183,0,3.449,3.846,3.821,79.039,0.713,1.585,0,0,0,OFFBOARD
596,RETURN,62.46,83.387,-1.03,1.59,-38.682,0.401,-0.678,-83.387,-0.63,38.682,3.531,2.56,0,4.141,3.585,3.595,78.687,0.85,1.59,0,0,0,OFFBOARD
597,RETURN,62.56,83.196,-0.892,1.589,-38.682,0.401,-0.678,-83.196,-0.492,38.682,3.279,2.792,0,4.205,3.324,3.332,78.378,0.991,1.595,0,0,0,OFFBOARD
598,RETURN,62.66,83.003,-0.74,1.588,-38.682,0.401,-0.678,-83.003,-0.34,38.682,2.994,2.869,0,4.016,3.069,3.072,78.164,1.121,1.601,0,0,0,OFFBOARD
599,RETURN,62.77,82.809,-0.578,1.588,-38.682,0.401,-0.678,-82.809,-0.178,38.682,2.689,2.689,0,4.492,2.806,2.803,78.025,1.261,1.607,0,0,0,OFFBOARD
600,RETURN,62.87,82.613,-0.407,1.588,-38.682,0.401,-0.678,-82.612,-0.007,38.682,2.617,2.462,0,4.599,2.61,2.57,77.925,1.401,1.614,0,0,0,OFFBOARD
601,RETURN,62.97,82.413,-0.229,1.589,-38.682,0.401,-0.678,-82.413,0.171,38.682,5.766,2.216,0,4.52,10.0,2.505,77.825,1.564,1.62,0,0,0,OFFBOARD
602,RETURN,63.07,82.211,-0.046,1.59,-38.682,0.401,-0.678,-82.211,0.354,38.682,5.814,1.956,1,4.448,10.0,3.929,77.672,1.786,1.626,0,0,0,OFFBOARD
603,RETURN,63.17,82.011,0.137,1.592,-38.682,0.401,-0.678,-82.011,0.537,38.682,5.832,1.785,1,4.305,10.0,3.963,77.442,1.946,1.628,0,0,0,OFFBOARD
604,RETURN,63.27,81.81,0.323,1.594,-38.682,0.401,-0.678,-81.81,0.723,38.682,5.844,1.855,1,4.112,10.0,3.993,77.153,2.012,1.627,0,0,0,OFFBOARD
605,RETURN,63.37,81.609,0.51,1.597,-38.682,0.401,-0.678,-81.609,0.91,38.682,5.812,3.45,0,3.918,10.0,4.015,76.926,2.014,1.628,0,0,0,OFFBOARD
606,RETURN,63.47,81.406,0.701,1.6,-38.682,0.401,-0.678,-81.406,1.101,38.682,5.739,3.163,0,3.763,10.0,4.029,76.669,2.02,1.63,0,0,0,OFFBOARD
607,RETURN,63.58,81.204,0.89,1.603,-38.682,0.401,-0.678,-81.204,1.29,38.682,5.62,2.87,0,3.628,10.0,4.033,76.358,2.024,1.632,0,0,0,OFFBOARD
608,RETURN,63.68,81.0,1.08,1.606,-38.682,0.401,-0.678,-81.0,1.481,38.682,4.708,2.553,0,3.426,10.0,4.044,76.029,2.016,1.635,0,0,0,OFFBOARD
609,RETURN,63.78,80.798,1.265,1.608,-38.682,0.401,-0.678,-80.798,1.665,38.682,4.38,2.03,0,3.179,6.889,4.054,75.68,1.973,1.637,0,0,0,OFFBOARD
610,RETURN,63.88,80.594,1.444,1.611,-38.682,0.401,-0.678,-80.594,1.844,38.682,4.178,1.762,1,2.923,5.434,4.064,75.414,1.907,1.64,0,0,0,OFFBOARD
611,RETURN,63.98,80.396,1.607,1.614,-38.682,0.401,-0.678,-80.396,2.007,38.682,3.913,1.434,1,2.658,5.008,3.962,75.23,1.806,1.642,0,0,0,OFFBOARD
612,RETURN,64.09,80.185,1.764,1.617,-38.682,0.401,-0.678,-80.185,2.164,38.682,3.714,1.214,1,2.458,3.714,3.715,75.106,1.679,1.682,0,0,0,OFFBOARD
613,RETURN,64.19,79.983,1.896,1.62,-38.682,0.401,-0.678,-79.983,2.296,38.682,3.424,1.019,1,2.259,3.515,3.359,75.006,1.526,1.721,0,0,0,OFFBOARD
614,RETURN,64.29,79.781,2.005,1.625,-38.682,0.401,-0.678,-79.781,2.406,38.682,2.284,0.854,1,2.059,3.291,2.958,74.906,1.339,1.76,0,0,0,OFFBOARD
615,RETURN,64.39,79.576,2.091,1.632,-38.682,0.401,-0.678,-79.576,2.491,38.682,1.969,0.722,1,1.859,2.01,2.048,74.806,1.128,1.8,0,1,0,OFFBOARD
616,RETURN,64.49,79.374,2.15,1.641,-38.682,0.401,-0.678,-79.374,2.55,38.682,1.719,0.625,1,1.659,1.725,1.762,74.706,0.898,1.84,0,1,0,OFFBOARD
617,RETURN,64.59,79.17,2.18,1.652,-38.682,0.401,-0.678,-79.17,2.58,38.682,1.563,0.843,1,1.459,1.556,1.594,74.606,0.674,1.88,0,0,0,OFFBOARD
618,RETURN,64.69,78.968,2.182,1.666,-38.682,0.401,-0.678,-78.968,2.582,38.682,2.216,0.83,1,1.259,2.207,2.236,74.506,0.447,1.919,0,0,0,OFFBOARD
619,RETURN,64.79,78.766,2.154,1.683,-38.682,0.401,-0.678,-78.766,2.554,38.682,2.315,0.881,1,1.249,2.315,2.315,74.406,0.219,1.959,0,0,0,OFFBOARD
620,RETURN,64.9,78.564,2.097,1.703,-38.682,0.401,-0.678,-78.564,2.497,38.682,2.115,0.859,1,1.928,2.115,2.115,74.306,-0.022,1.999,0,0,0,OFFBOARD
621,RETURN,65.0,78.361,2.012,1.724,-38.682,0.401,-0.678,-78.361,2.412,38.682,1.924,0.72,1,1.914,2.042,2.554,74.206,-0.237,2.039,0,1,0,OFFBOARD
622,RETURN,65.1,78.159,1.903,1.748,-38.682,0.401,-0.678,-78.159,2.303,38.682,2.935,1.089,1,1.712,2.969,2.97,74.106,-0.413,2.079,0,0,0,OFFBOARD
623,RETURN,65.2,77.957,1.773,1.774,-38.682,0.401,-0.678,-77.957,2.173,38.682,2.77,1.295,1,2.341,2.923,3.717,74.006,-0.574,2.119,0,0,0,OFFBOARD
624,RETURN,65.3,77.753,1.626,1.803,-38.682,0.401,-0.678,-77.753,2.026,38.682,2.688,1.314,1,2.548,3.827,4.023,73.906,-0.72,2.093,0,0,0,OFFBOARD
625,RETURN,65.4,77.55,1.469,1.831,-38.682,0.401,-0.678,-77.55,1.869,38.682,3.625,1.709,1,2.369,4.882,4.506,73.806,-0.812,2.064,0,0,0,OFFBOARD
626,RETURN,65.5,77.348,1.303,1.859,-38.682,0.401,-0.678,-77.348,1.704,38.682,3.423,1.906,1,2.821,4.681,4.653,73.706,-0.878,2.034,0,0,0,OFFBOARD
627,RETURN,65.6,77.145,1.133,1.884,-38.682,0.401,-0.678,-77.145,1.533,38.682,4.169,1.969,1,3.124,5.738,4.717,73.606,-0.929,2.004,0,0,0,OFFBOARD
628,RETURN,65.7,76.943,0.96,1.906,-38.682,0.401,-0.678,-76.943,1.36,38.682,4.279,1.974,1,3.023,6.791,4.772,73.506,-0.958,1.974,0,0,0,OFFBOARD
629,RETURN,65.81,76.74,0.783,1.924,-38.682,0.401,-0.678,-76.74,1.183,38.682,4.081,2.491,0,2.958,6.593,4.818,73.406,-0.946,1.943,0,0,0,OFFBOARD
630,RETURN,65.91,76.538,0.604,1.938,-38.682,0.401,-0.678,-76.538,1.004,38.682,5.087,2.622,0,3.541,10.0,4.856,73.306,-0.903,1.913,0,0,0,OFFBOARD
631,RETURN,66.01,76.334,0.419,1.947,-38.682,0.401,-0.678,-76.334,0.82,38.682,4.936,2.612,0,3.475,10.0,4.881,73.206,-0.84,1.883,0,0,0,OFFBOARD
632,RETURN,66.11,76.129,0.233,1.953,-38.682,0.401,-0.678,-76.129,0.633,38.682,4.736,2.506,0,3.332,10.0,4.896,73.106,-0.732,1.853,0,0,0,OFFBOARD
633,RETURN,66.21,75.927,0.048,1.954,-38.682,0.401,-0.678,-75.927,0.449,38.682,5.648,2.171,0,3.183,10.0,4.902,72.982,-0.588,1.823,0,0,0,OFFBOARD
634,RETURN,66.31,75.723,-0.134,1.952,-38.682,0.401,-0.678,-75.723,0.266,38.682,5.589,1.958,1,3.127,10.0,4.909,72.794,-0.396,1.793,0,0,0,OFFBOARD
635,RETURN,66.41,75.525,-0.304,1.946,-38.682,0.401,-0.678,-75.525,0.096,38.682,5.324,1.692,1,3.528,10.0,4.643,72.657,-0.15,1.759,0,0,0,OFFBOARD
636,RETURN,66.52,75.315,-0.467,1.937,-38.682,0.401,-0.678,-75.315,-0.067,38.682,4.904,1.494,1,3.715,10.0,2.503,72.551,0.134,1.721,0,0,0,OFFBOARD
637,RETURN,66.62,75.113,-0.603,1.924,-38.682,0.401,-0.678,-75.113,-0.203,38.682,2.387,1.393,1,3.669,10.0,1.893,72.451,0.434,1.682,0,0,0,OFFBOARD
638,RETURN,66.72,74.911,-0.71,1.909,-38.682,0.401,-0.678,-74.911,-0.31,38.682,2.007,1.425,1,3.535,10.0,1.579,72.338,0.721,1.642,0,0,0,OFFBOARD
639,RETURN,66.82,74.709,-0.783,1.892,-38.682,0.401,-0.678,-74.709,-0.383,38.682,1.51,1.207,1,3.351,10.0,1.165,72.215,1.01,1.604,0,0,0,OFFBOARD
640,RETURN,66.92,74.507,-0.817,1.871,-38.682,0.401,-0.678,-74.507,-0.417,38.682,1.339,1.1,1,3.856,6.836,1.028,72.061,1.288,1.566,0,0,0,OFFBOARD
641,RETURN,67.02,74.303,-0.809,1.848,-38.682,0.401,-0.678,-74.303,-0.409,38.682,1.339,1.029,1,3.917,6.638,1.038,71.838,1.561,1.527,0,0,0,OFFBOARD
642,RETURN,67.13,74.101,-0.76,1.824,-38.682,0.401,-0.678,-74.101,-0.36,38.682,1.53,0.978,1,3.924,10.0,1.198,71.554,1.868,1.49,0,0,0,OFFBOARD
643,RETURN,67.23,73.898,-0.676,1.797,-38.682,0.401,-0.678,-73.898,-0.275,38.682,4.981,0.851,1,3.724,10.0,1.516,71.225,2.175,1.456,0,0,0,OFFBOARD
644,RETURN,67.33,73.696,-0.562,1.769,-38.682,0.401,-0.678,-73.696,-0.162,38.682,4.994,0.924,1,3.639,10.0,4.444,70.911,2.423,1.426,0,0,0,OFFBOARD
645,RETURN,67.43,73.492,-0.426,1.739,-38.682,0.401,-0.678,-73.492,-0.026,38.682,5.837,1.135,1,4.149,10.0,4.393,70.609,2.5,1.397,0,0,0,OFFBOARD
646,RETURN,67.53,73.29,-0.276,1.708,-38.682,0.401,-0.678,-73.29,0.124,38.682,5.637,3.124,0,4.294,10.0,4.333,70.367,2.5,1.376,0,0,0,OFFBOARD
647,RETURN,67.63,73.088,-0.118,1.677,-38.682,0.401,-0.678,-73.088,0.282,38.682,5.947,3.636,0,4.18,10.0,4.256,70.18,2.5,1.362,0,0,0,OFFBOARD
648,RETURN,67.73,72.886,0.046,1.646,-38.682,0.401,-0.678,-72.886,0.446,38.682,6.01,3.922,0,4.048,10.0,4.179,70.016,2.5,1.356,0,0,0,OFFBOARD
649,RETURN,67.83,72.684,0.212,1.615,-38.682,0.401,-0.678,-72.684,0.612,38.682,6.044,3.781,0,4.427,10.0,4.105,69.827,2.5,1.355,0,0,0,OFFBOARD
650,RETURN,67.93,72.48,0.383,1.586,-38.682,0.401,-0.678,-72.48,0.783,38.682,5.96,3.579,0,4.486,10.0,4.035,69.649,2.5,1.359,0,0,0,OFFBOARD
651,RETURN,68.04,72.278,0.555,1.558,-38.682,0.401,-0.678,-72.278,0.956,38.682,5.826,3.38,0,4.404,10.0,3.97,69.396,2.5,1.369,0,0,0,OFFBOARD
652,RETURN,68.14,72.076,0.731,1.533,-38.682,0.401,-0.678,-72.076,1.132,38.682,5.66,3.146,0,4.236,10.0,3.91,69.102,2.5,1.383,0,0,0,OFFBOARD
653,RETURN,68.24,71.872,0.914,1.51,-38.682,0.401,-0.678,-71.872,1.314,38.682,5.485,2.898,0,4.108,10.0,3.855,68.819,2.5,1.4,0,0,0,OFFBOARD
654,RETURN,68.34,71.67,1.098,1.491,-38.682,0.401,-0.678,-71.67,1.498,38.682,4.811,2.675,0,3.969,4.105,3.8,68.487,2.5,1.421,0,0,0,OFFBOARD
655,RETURN,68.44,71.468,1.287,1.475,-38.682,0.401,-0.678,-71.468,1.687,38.682,3.879,2.412,0,3.78,3.851,3.674,68.27,2.481,1.445,0,0,0,OFFBOARD
656,RETURN,68.54,71.266,1.476,1.462,-38.682,0.401,-0.678,-71.266,1.876,38.682,3.594,2.117,0,3.452,3.625,3.588,68.126,2.437,1.47,0,0,0,OFFBOARD
657,RETURN,68.64,71.064,1.664,1.453,-38.682,0.401,-0.678,-71.064,2.064,38.682,3.411,1.803,1,3.186,3.443,3.408,68.026,2.365,1.497,0,0,0,OFFBOARD
658,RETURN,68.75,70.862,1.845,1.447,-38.682,0.401,-0.678,-70.862,2.245,38.682,3.224,1.495,1,2.907,3.234,3.213,67.926,2.251,1.536,0,0,0,OFFBOARD
659,RETURN,68.85,70.658,2.017,1.445,-38.682,0.401,-0.678,-70.658,2.417,38.682,3.036,1.231,1,2.494,3.036,2.916,67.826,2.101,1.576,0,0,0,OFFBOARD
660,RETURN,68.95,70.456,2.17,1.447,-38.682,0.401,-0.678,-70.456,2.57,38.682,2.864,1.073,1,1.78,2.88,2.659,67.726,1.929,1.615,0,0,0,OFFBOARD
661,RETURN,69.05,70.252,2.303,1.452,-38.682,0.401,-0.678,-70.252,2.703,38.682,1.609,0.799,1,1.38,1.516,1.488,67.626,1.717,1.655,0,1,0,OFFBOARD
662,RETURN,69.15,70.164,2.298,1.435,-38.682,0.401,-0.678,-70.164,2.698,38.682,1.234,0.656,1,1.239,1.237,1.232,67.526,1.481,1.694,0,1,0,OFFBOARD
663,RETURN,69.25,70.09,2.249,1.427,-38.682,0.401,-0.678,-70.089,2.649,38.682,1.17,0.655,1,1.164,1.179,1.188,67.426,1.29,1.733,0,1,0,OFFBOARD
664,RETURN,69.36,70.011,2.174,1.429,-38.682,0.401,-0.678,-70.011,2.574,38.682,1.095,0.699,1,1.082,1.12,1.156,67.326,1.099,1.763,0,1,0,OFFBOARD
665,RETURN,69.46,69.921,2.08,1.44,-38.682,0.401,-0.678,-69.921,2.48,38.682,1.089,0.785,1,1.007,1.092,1.139,67.226,0.905,1.782,0,1,0,OFFBOARD
666,RETURN,69.56,69.811,1.976,1.458,-38.682,0.401,-0.678,-69.811,2.376,38.682,1.683,0.895,1,1.107,1.597,1.306,67.126,0.723,1.796,0,0,0,OFFBOARD
667,RETURN,69.66,69.678,1.868,1.479,-38.682,0.401,-0.678,-69.678,2.268,38.682,1.784,0.861,1,1.64,1.842,1.563,67.026,0.549,1.803,0,0,0,OFFBOARD
668,RETURN,69.76,69.518,1.759,1.504,-38.682,0.401,-0.678,-69.518,2.159,38.682,1.794,0.916,1,1.789,1.838,1.809,66.926,0.357,1.801,0,0,0,OFFBOARD
669,RETURN,69.86,69.335,1.651,1.531,-38.682,0.401,-0.678,-69.335,2.051,38.682,1.693,1.297,1,1.721,1.7,1.846,66.826,0.166,1.797,0,0,0,OFFBOARD
670,RETURN,69.96,69.133,1.544,1.557,-38.682,0.401,-0.678,-69.133,1.944,38.682,1.513,1.391,1,1.654,1.518,1.544,66.726,-0.075,1.793,0,0,0,OFFBOARD
671,RETURN,70.06,68.915,1.433,1.583,-38.682,0.401,-0.678,-68.915,1.833,38.682,1.246,1.246,1,1.397,1.265,1.243,66.626,-0.328,1.79,0,0,0,OFFBOARD
672,RETURN,70.17,68.691,1.321,1.607,-38.682,0.401,-0.678,-68.691,1.721,38.682,1.234,1.103,1,2.427,2.644,1.145,66.526,-0.596,1.786,0,0,0,OFFBOARD
673,RETURN,70.27,68.463,1.203,1.63,-38.682,0.401,-0.678,-68.463,1.603,38.682,3.414,0.885,1,2.878,4.198,4.004,66.426,-0.774,1.782,0,0,0,OFFBOARD
674,RETURN,70.37,68.233,1.076,1.651,-38.682,0.401,-0.678,-68.233,1.477,38.682,3.892,1.957,1,3.15,4.469,4.476,66.326,-0.854,1.775,0,0,0,OFFBOARD
675,RETURN,70.47,68.008,0.943,1.669,-38.682,0.401,-0.678,-68.008,1.343,38.682,4.22,2.282,0,2.97,5.476,4.721,66.226,-0.898,1.767,0,0,0,OFFBOARD
676,RETURN,70.57,67.787,0.801,1.685,-38.682,0.401,-0.678,-67.787,1.201,38.682,4.177,2.625,0,3.564,6.481,4.796,66.126,-0.906,1.758,0,0,0,OFFBOARD
677,RETURN,70.67,67.569,0.648,1.699,-38.682,0.401,-0.678,-67.569,1.048,38.682,5.015,2.529,0,3.76,10.0,4.803,65.93,-0.894,1.747,0,0,0,OFFBOARD
678,RETURN,70.77,67.357,0.488,1.71,-38.682,0.401,-0.678,-67.357,0.888,38.682,4.817,3.166,0,3.559,10.0,4.804,65.67,-0.847,1.734,0,0,0,OFFBOARD
679,RETURN,70.88,67.149,0.319,1.719,-38.682,0.401,-0.678,-67.149,0.72,38.682,4.73,3.233,0,3.608,10.0,4.703,65.35,-0.771,1.721,0,0,0,OFFBOARD
680,RETURN,70.98,66.946,0.146,1.726,-38.682,0.401,-0.678,-66.946,0.546,38.682,4.517,3.332,0,3.939,10.0,4.478,64.994,-0.674,1.706,0,0,0,OFFBOARD
681,RETURN,71.08,66.744,-0.03,1.73,-38.682,0.401,-0.678,-66.744,0.37,38.682,3.357,3.08,0,3.914,3.489,3.337,64.696,-0.555,1.691,0,0,0,OFFBOARD
682,RETURN,71.18,66.546,-0.199,1.732,-38.682,0.401,-0.678,-66.546,0.201,38.682,3.192,2.858,0,3.762,3.301,3.182,64.502,-0.417,1.676,0,0,0,OFFBOARD
683,RETURN,71.28,66.349,-0.357,1.733,-38.682,0.401,-0.678,-66.349,0.044,38.682,3.045,2.672,0,3.673,3.138,3.034,64.375,-0.287,1.658,0,0,0,OFFBOARD
684,RETURN,71.38,66.15,-0.498,1.731,-38.682,0.401,-0.678,-66.15,-0.098,38.682,2.894,2.523,0,3.606,2.973,2.884,64.275,-0.166,1.639,0,0,0,OFFBOARD
685,RETURN,71.48,65.95,-0.617,1.727,-38.682,0.401,-0.678,-65.95,-0.217,38.682,2.844,2.481,0,3.545,2.918,2.834,64.175,-0.051,1.62,0,0,0,OFFBOARD
686,RETURN,71.59,65.75,-0.708,1.722,-38.682,0.401,-0.678,-65.75,-0.308,38.682,2.558,2.558,0,3.9,2.604,2.547,64.075,0.04,1.604,0,0,0,OFFBOARD
687,RETURN,71.69,65.547,-0.77,1.715,-38.682,0.401,-0.678,-65.547,-0.37,38.682,2.404,2.404,0,3.917,2.45,2.392,63.975,0.091,1.589,0,0,0,OFFBOARD
688,RETURN,71.79,65.349,-0.803,1.707,-38.682,0.401,-0.678,-65.349,-0.403,38.682,2.225,2.225,0,3.904,2.285,2.21,63.875,0.111,1.577,0,0,0,OFFBOARD
689,RETURN,71.89,65.139,-0.809,1.697,-38.682,0.401,-0.678,-65.139,-0.409,38.682,2.046,2.046,0,3.792,2.125,2.032,63.775,0.103,1.566,0,0,0,OFFBOARD
690,RETURN,71.99,64.939,-0.79,1.686,-38.682,0.401,-0.678,-64.939,-0.39,38.682,1.928,1.928,1,3.678,2.016,1.917,63.675,0.088,1.557,0,0,0,OFFBOARD
691,RETURN,72.09,64.742,-0.751,1.675,-38.682,0.401,-0.678,-64.742,-0.351,38.682,1.703,1.703,1,3.455,1.794,1.691,63.575,0.169,1.546,0,0,0,OFFBOARD
692,RETURN,72.2,64.552,-0.696,1.664,-38.682,0.401,-0.678,-64.552,-0.296,38.682,1.557,1.549,1,3.294,1.637,1.531,63.475,0.308,1.533,0,0,0,OFFBOARD
693,RETURN,72.3,64.371,-0.63,1.652,-38.682,0.401,-0.678,-64.371,-0.23,38.682,1.449,1.409,1,3.177,6.574,1.393,63.375,0.519,1.524,0,0,0,OFFBOARD
694,RETURN,72.4,64.201,-0.557,1.64,-38.682,0.401,-0.678,-64.201,-0.157,38.682,4.216,1.275,1,3.335,6.593,1.315,63.253,0.683,1.516,0,0,0,OFFBOARD
695,RETURN,72.5,64.041,-0.478,1.628,-38.682,0.401,-0.678,-64.041,-0.078,38.682,4.795,1.162,1,3.57,6.52,5.422,63.06,0.87,1.508,0,0,0,OFFBOARD
696,RETURN,72.6,63.889,-0.393,1.616,-38.682,0.401,-0.678,-63.889,0.007,38.682,5.041,1.064,1,3.671,10.0,5.37,62.83,1.067,1.501,0,0,0,OFFBOARD
697,RETURN,72.7,63.749,-0.301,1.604,-38.682,0.401,-0.678,-63.749,0.099,38.682,4.904,1.041,1,3.748,10.0,5.08,62.579,1.173,1.493,0,0,0,OFFBOARD
698,RETURN,72.8,63.616,-0.2,1.593,-38.682,0.401,-0.678,-63.616,0.2,38.682,5.659,3.448,0,3.736,10.0,4.685,62.325,1.183,1.486,0,0,0,OFFBOARD
699,RETURN,72.9,63.488,-0.088,1.582,-38.682,0.401,-0.678,-63.488,0.312,38.682,5.81,3.42,0,4.352,10.0,4.255,62.02,1.221,1.484,0,0,0,OFFBOARD
700,RETURN,73.01,63.361,0.036,1.571,-38.682,0.401,-0.678,-63.361,0.436,38.682,5.606,4.062,0,4.387,10.0,3.856,61.784,1.263,1.486,0,0,0,OFFBOARD
701,RETURN,73.11,63.232,0.17,1.561,-38.682,0.401,-0.678,-63.232,0.57,38.682,4.987,4.101,0,5.181,10.0,1.453,61.605,1.313,1.493,0,0,0,OFFBOARD
702,RETURN,73.21,63.097,0.312,1.551,-38.682,0.401,-0.678,-63.097,0.712,38.682,4.59,4.007,0,5.227,10.0,1.308,61.489,1.362,1.502,0,0,0,OFFBOARD
703,RETURN,73.31,62.954,0.457,1.543,-38.682,0.401,-0.678,-62.954,0.857,38.682,4.397,3.823,0,5.194,10.0,1.237,61.389,1.418,1.513,0,0,0,OFFBOARD
704,RETURN,73.41,62.799,0.604,1.536,-38.682,0.401,-0.678,-62.799,1.004,38.682,4.338,3.602,0,5.144,10.0,3.148,61.289,1.48,1.526,0,0,0,OFFBOARD
705,RETURN,73.51,62.637,0.744,1.531,-38.682,0.401,-0.678,-62.637,1.144,38.682,4.463,3.366,0,4.841,10.0,3.236,61.189,1.538,1.54,0,0,0,OFFBOARD
706,RETURN,73.62,62.468,0.877,1.527,-38.682,0.401,-0.678,-62.468,1.277,38.682,4.936,3.022,0,4.633,10.0,3.497,61.089,1.569,1.555,0,0,0,OFFBOARD
707,RETURN,73.72,62.293,1.003,1.525,-38.682,0.401,-0.678,-62.293,1.403,38.682,5.505,2.774,0,4.329,10.0,3.781,60.884,1.588,1.571,0,0,0,OFFBOARD
708,RETURN,73.82,62.113,1.122,1.524,-38.682,0.401,-0.678,-62.113,1.522,38.682,5.479,2.614,0,4.002,6.945,3.991,60.596,1.597,1.587,0,0,0,OFFBOARD
709,RETURN,73.92,61.936,1.231,1.526,-38.682,0.401,-0.678,-61.936,1.631,38.682,4.318,2.393,0,3.222,6.756,4.23,60.259,1.589,1.603,0,0,0,OFFBOARD
710,RETURN,74.02,61.767,1.328,1.529,-38.682,0.401,-0.678,-61.767,1.728,38.682,4.082,2.161,0,3.01,5.506,4.24,59.99,1.556,1.618,0,0,0,OFFBOARD
711,RETURN,74.12,61.601,1.416,1.533,-38.682,0.401,-0.678,-61.601,1.816,38.682,3.982,2.077,0,3.488,5.311,4.018,59.788,1.52,1.633,0,0,0,OFFBOARD
712,RETURN,74.23,61.436,1.495,1.539,-38.682,0.401,-0.678,-61.436,1.895,38.682,4.746,2.018,0,3.514,5.106,3.749,59.595,1.478,1.647,0,0,0,OFFBOARD
713,RETURN,74.33,61.267,1.566,1.546,-38.682,0.401,-0.678,-61.267,1.966,38.682,4.741,1.939,1,3.48,4.844,3.534,59.324,1.428,1.66,0,0,0,OFFBOARD
714,RETURN,74.43,61.095,1.625,1.554,-38.682,0.401,-0.678,-61.095,2.025,38.682,4.554,1.838,1,3.294,4.657,3.414,59.099,1.371,1.672,0,0,0,OFFBOARD
715,RETURN,74.53,60.915,1.674,1.563,-38.682,0.401,-0.678,-60.915,2.074,38.682,4.377,1.755,1,3.12,4.473,3.376,58.908,1.302,1.682,0,0,0,OFFBOARD
716,RETURN,74.63,60.73,1.71,1.573,-38.682,0.401,-0.678,-60.73,2.11,38.682,4.204,1.687,1,2.949,4.282,3.425,58.746,1.22,1.691,0,0,0,OFFBOARD
717,RETURN,74.73,60.536,1.734,1.584,-38.682,0.401,-0.678,-60.536,2.134,38.682,4.03,1.549,1,2.777,4.085,3.489,58.612,1.12,1.731,0,0,0,OFFBOARD
718,RETURN,74.83,60.34,1.744,1.594,-38.682,0.401,-0.678,-60.34,2.144,38.682,3.859,1.368,1,2.606,3.893,3.595,58.512,1.001,1.771,0,0,0,OFFBOARD
719,RETURN,74.94,60.141,1.74,1.607,-38.682,0.401,-0.678,-60.141,2.14,38.682,3.682,1.235,1,2.428,3.698,3.715,58.412,0.879,1.811,0,0,0,OFFBOARD
720,RETURN,75.04,59.941,1.723,1.621,-38.682,0.401,-0.678,-59.941,2.123,38.682,3.499,1.484,1,2.253,3.615,3.815,58.312,0.765,1.812,0,0,0,OFFBOARD
721,RETURN,75.14,59.739,1.692,1.637,-38.682,0.401,-0.678,-59.739,2.092,38.682,3.312,1.487,1,2.241,4.465,3.924,58.212,0.649,1.812,0,0,0,OFFBOARD
722,RETURN,75.24,59.54,1.648,1.653,-38.682,0.401,-0.678,-59.54,2.048,38.682,3.124,1.524,1,2.785,4.357,4.139,58.112,0.541,1.809,0,0,0,OFFBOARD
723,RETURN,75.34,59.342,1.59,1.669,-38.682,0.401,-0.678,-59.342,1.99,38.682,2.97,1.607,1,2.774,4.179,4.287,58.012,0.431,1.803,0,0,0,OFFBOARD
724,RETURN,75.44,59.15,1.521,1.685,-38.682,0.401,-0.678,-59.15,1.921,38.682,2.997,1.484,1,2.757,4.008,4.574,57.912,0.331,1.796,0,0,0,OFFBOARD
725,RETURN,75.54,58.961,1.439,1.699,-38.682,0.401,-0.678,-58.961,1.839,38.682,3.622,1.482,1,2.599,4.012,4.921,57.812,0.234,1.786,0,0,0,OFFBOARD
726,RETURN,75.65,58.78,1.348,1.712,-38.682,0.401,-0.678,-58.78,1.748,38.682,3.668,1.83,1,2.439,4.874,5.159,57.712,0.157,1.774,0,0,0,OFFBOARD
727,RETURN,75.75,58.605,1.246,1.723,-38.682,0.401,-0.678,-58.605,1.646,38.682,3.523,1.918,1,2.43,4.741,5.399,57.612,0.085,1.76,0,0,0,OFFBOARD
728,RETURN,75.85,58.439,1.136,1.732,-38.682,0.401,-0.678,-58.439,1.536,38.682,3.372,2.038,0,2.929,4.605,5.592,57.512,0.025,1.745,0,0,0,OFFBOARD
729,RETURN,75.95,58.285,1.022,1.739,-38.682,0.401,-0.678,-58.285,1.422,38.682,3.406,1.933,1,3.015,5.607,5.675,57.412,-0.017,1.729,0,0,0,OFFBOARD
730,RETURN,76.05,58.138,0.903,1.745,-38.682,0.401,-0.678,-58.138,1.303,38.682,4.095,2.384,0,3.031,5.508,5.652,57.312,-0.031,1.712,0,0,0,OFFBOARD
731,RETURN,76.16,57.995,0.777,1.748,-38.682,0.401,-0.678,-57.995,1.177,38.682,4.137,2.579,0,2.898,6.25,5.57,57.212,-0.026,1.695,0,0,0,OFFBOARD
732,RETURN,76.26,57.866,0.655,1.748,-38.682,0.401,-0.678,-57.866,1.055,38.682,4.015,2.7,0,2.977,6.487,5.463,57.082,-0.013,1.678,0,0,0,OFFBOARD
733,RETURN,76.36,57.744,0.536,1.747,-38.682,0.401,-0.678,-57.744,0.936,38.682,4.587,2.59,0,3.439,6.551,5.325,56.866,0.016,1.66,0,0,0,OFFBOARD
734,RETURN,76.46,57.629,0.421,1.744,-38.682,0.401,-0.678,-57.629,0.821,38.682,4.834,3.096,0,3.612,10.0,5.134,56.574,0.071,1.644,0,0,0,OFFBOARD
735,RETURN,76.56,57.519,0.313,1.739,-38.682,0.401,-0.678,-57.519,0.714,38.682,4.792,3.345,0,3.618,10.0,4.844,56.262,0.141,1.628,0,0,0,OFFBOARD
736,RETURN,76.66,57.413,0.215,1.733,-38.682,0.401,-0.678,-57.413,0.615,38.682,5.972,3.452,0,4.043,10.0,4.455,55.939,0.224,1.613,0,0,0,OFFBOARD
737,RETURN,76.76,57.307,0.127,1.725,-38.682,0.401,-0.678,-57.307,0.527,38.682,5.708,3.655,0,4.412,10.0,4.044,55.589,0.321,1.599,0,0,0,OFFBOARD
738,RETURN,76.86,57.196,0.052,1.716,-38.682,0.401,-0.678,-57.196,0.452,38.682,4.965,3.564,0,4.558,10.0,3.66,55.266,0.425,1.587,0,0,0,OFFBOARD
739,RETURN,76.97,57.077,-0.007,1.706,-38.682,0.401,-0.678,-57.077,0.393,38.682,4.429,3.454,0,5.413,10.0,3.364,55.036,0.525,1.576,0,0,0,OFFBOARD
740,RETURN,77.07,56.944,-0.051,1.695,-38.682,0.401,-0.678,-56.944,0.349,38.682,4.136,3.326,0,6.425,6.432,3.193,54.881,0.621,1.567,0,0,0,OFFBOARD
741,RETURN,77.17,56.798,-0.077,1.684,-38.682,0.401,-0.678,-56.798,0.324,38.682,4.059,3.177,0,6.293,6.267,3.144,54.78,0.721,1.559,0,0,0,OFFBOARD
742,RETURN,77.27,56.637,-0.084,1.672,-38.682,0.401,-0.678,-56.637,0.316,38.682,4.164,3.015,0,6.164,6.551,3.201,54.68,0.834,1.553,0,0,0,OFFBOARD
743,RETURN,77.37,56.464,-0.074,1.661,-38.682,0.401,-0.678,-56.464,0.326,38.682,4.427,2.835,0,5.857,10.0,3.345,54.58,0.964,1.549,0,0,0,OFFBOARD
744,RETURN,77.47,56.28,-0.047,1.649,-38.682,0.401,-0.678,-56.28,0.353,38.682,4.813,2.644,0,4.873,10.0,3.55,54.48,1.113,1.547,0,0,0,OFFBOARD
745,RETURN,77.57,56.088,-0.003,1.638,-38.682,0.401,-0.678,-56.088,0.397,38.682,5.27,2.445,0,4.602,10.0,3.781,54.38,1.265,1.546,0,0,0,OFFBOARD
746,RETURN,77.67,55.895,0.056,1.628,-38.682,0.401,-0.678,-55.895,0.456,38.682,5.701,2.41,0,4.452,10.0,3.986,54.252,1.411,1.547,0,0,0,OFFBOARD
747,RETURN,77.78,55.699,0.13,1.618,-38.682,0.401,-0.678,-55.699,0.53,38.682,5.655,2.555,0,4.295,10.0,4.151,54.022,1.528,1.549,0,0,0,OFFBOARD
748,RETURN,77.88,55.507,0.217,1.609,-38.682,0.401,-0.678,-55.507,0.617,38.682,5.526,2.714,0,4.134,10.0,4.255,53.792,1.632,1.553,0,0,0,OFFBOARD
749,RETURN,77.98,55.316,0.317,1.6,-38.682,0.401,-0.678,-55.316,0.717,38.682,5.375,3.535,0,3.963,10.0,4.267,53.571,1.698,1.558,0,0,0,OFFBOARD
750,RETURN,78.08,55.128,0.429,1.593,-38.682,0.401,-0.678,-55.128,0.829,38.682,5.707,3.417,0,3.869,10.0,4.195,53.356,1.753,1.564,0,0,0,OFFBOARD
751,RETURN,78.18,54.939,0.552,1.587,-38.682,0.401,-0.678,-54.939,0.953,38.682,5.669,3.296,0,4.197,6.583,4.076,53.15,1.799,1.571,0,0,0,OFFBOARD
752,RETURN,78.28,54.75,0.685,1.582,-38.682,0.401,-0.678,-54.75,1.085,38.682,5.589,3.164,0,4.288,6.385,3.948,52.86,1.838,1.578,0,0,0,OFFBOARD
753,RETURN,78.39,54.562,0.821,1.579,-38.682,0.401,-0.678,-54.562,1.221,38.682,5.502,3.009,0,4.331,6.238,3.842,52.54,1.867,1.586,0,0,0,OFFBOARD
754,RETURN,78.49,54.374,0.959,1.576,-38.682,0.401,-0.678,-54.374,1.359,38.682,5.411,2.828,0,4.198,6.088,3.776,52.239,1.884,1.595,0,0,0,OFFBOARD
755,RETURN,78.59,54.18,1.099,1.575,-38.682,0.401,-0.678,-54.18,1.499,38.682,5.268,2.627,0,4.007,5.935,3.755,51.925,1.888,1.604,0,0,0,OFFBOARD
756,RETURN,78.69,53.981,1.238,1.574,-38.682,0.401,-0.678,-53.981,1.638,38.682,5.016,2.347,0,3.755,5.719,3.786,51.624,1.869,1.613,0,0,0,OFFBOARD
757,RETURN,78.79,53.783,1.368,1.575,-38.682,0.401,-0.678,-53.783,1.768,38.682,4.827,2.139,0,3.569,5.552,3.836,51.296,1.832,1.621,0,0,0,OFFBOARD
758,RETURN,78.89,53.585,1.489,1.577,-38.682,0.401,-0.678,-53.584,1.889,38.682,4.612,1.938,1,3.381,5.374,3.893,50.967,1.776,1.63,0,0,0,OFFBOARD
759,RETURN,78.99,53.383,1.602,1.58,-38.682,0.401,-0.678,-53.382,2.002,38.682,4.273,1.747,1,3.191,4.454,3.893,50.734,1.698,1.638,0,0,0,OFFBOARD
760,RETURN,79.09,53.182,1.701,1.583,-38.682,0.401,-0.678,-53.182,2.101,38.682,3.942,1.589,1,2.997,4.253,3.836,50.576,1.6,1.645,0,0,0,OFFBOARD
761,RETURN,79.2,52.981,1.787,1.587,-38.682,0.401,-0.678,-52.981,2.187,38.682,2.987,1.46,1,2.801,4.055,3.709,50.469,1.478,1.685,0,0,0,OFFBOARD
762,RETURN,79.3,52.779,1.859,1.593,-38.682,0.401,-0.678,-52.779,2.259,38.682,2.767,1.344,1,2.603,3.856,3.475,50.369,1.336,1.725,0,0,0,OFFBOARD
763,RETURN,79.4,52.576,1.915,1.6,-38.682,0.401,-0.678,-52.576,2.315,38.682,2.585,1.147,1,2.405,3.658,3.302,50.269,1.173,1.765,0,0,0,OFFBOARD
764,RETURN,79.5,52.376,1.952,1.609,-38.682,0.401,-0.678,-52.376,2.352,38.682,3.136,0.95,1,2.207,3.461,3.224,50.169,0.996,1.805,0,0,0,OFFBOARD
765,RETURN,79.6,52.174,1.971,1.621,-38.682,0.401,-0.678,-52.174,2.371,38.682,3.148,0.896,1,2.008,3.264,3.183,50.069,0.826,1.844,0,0,0,OFFBOARD
766,RETURN,79.7,51.973,1.969,1.635,-38.682,0.401,-0.678,-51.973,2.369,38.682,3.065,1.176,1,1.81,3.066,3.067,49.969,0.667,1.884,0,0,0,OFFBOARD
767,RETURN,79.8,51.773,1.946,1.651,-38.682,0.401,-0.678,-51.773,2.346,38.682,2.867,1.186,1,1.811,2.868,2.87,49.869,0.502,1.924,0,0,0,OFFBOARD
768,RETURN,79.91,51.572,1.901,1.671,-38.682,0.401,-0.678,-51.572,2.301,38.682,2.669,1.217,1,2.445,2.713,2.838,49.769,0.334,1.964,0,0,0,OFFBOARD
769,RETURN,80.01,51.369,1.834,1.692,-38.682,0.401,-0.678,-51.369,2.234,38.682,2.56,1.215,1,2.47,3.656,3.435,49.669,0.173,2.004,0,0,0,OFFBOARD
770,RETURN,80.11,51.168,1.747,1.716,-38.682,0.401,-0.678,-51.168,2.147,38.682,3.458,1.104,1,2.273,3.529,3.46,49.569,0.032,2.044,0,0,0,OFFBOARD
771,RETURN,80.21,50.967,1.64,1.742,-38.682,0.401,-0.678,-50.967,2.04,38.682,3.297,1.489,1,2.19,3.335,3.299,49.469,-0.084,2.027,0,0,0,OFFBOARD
772,RETURN,80.31,50.764,1.515,1.769,-38.682,0.401,-0.678,-50.764,1.915,38.682,3.109,1.652,1,2.831,3.269,3.11,49.369,-0.182,2.007,0,0,0,OFFBOARD
773,RETURN,80.41,50.566,1.376,1.796,-38.682,0.401,-0.678,-50.566,1.776,38.682,2.96,1.689,1,2.872,4.201,2.918,49.269,-0.279,1.983,0,0,0,OFFBOARD
774,RETURN,80.51,50.369,1.223,1.82,-38.682,0.401,-0.678,-50.369,1.624,38.682,3.778,1.622,1,2.793,5.252,2.985,49.169,-0.358,1.954,0,0,0,OFFBOARD
775,RETURN,80.62,50.18,1.063,1.842,-38.682,0.401,-0.678,-50.18,1.463,38.682,3.863,2.045,0,2.634,5.109,5.546,49.069,-0.411,1.924,0,0,0,OFFBOARD
776,RETURN,80.72,49.998,0.896,1.86,-38.682,0.401,-0.678,-49.998,1.296,38.682,3.721,2.239,0,2.528,4.963,5.884,48.969,-0.439,1.894,0,0,0,OFFBOARD
777,RETURN,80.82,49.827,0.728,1.875,-38.682,0.401,-0.678,-49.827,1.128,38.682,3.517,2.211,0,2.933,5.944,5.824,48.869,-0.443,1.864,0,0,0,OFFBOARD
778,RETURN,80.92,49.657,0.55,1.886,-38.682,0.401,-0.678,-49.657,0.95,38.682,3.51,2.593,0,2.965,5.841,5.712,48.769,-0.411,1.834,0,0,0,OFFBOARD
779,RETURN,81.02,49.506,0.385,1.892,-38.682,0.401,-0.678,-49.506,0.785,38.682,4.143,2.83,0,3.025,5.721,6.223,48.625,-0.359,1.804,0,0,0,OFFBOARD
780,RETURN,81.13,49.357,0.217,1.895,-38.682,0.401,-0.678,-49.357,0.617,38.682,4.304,3.0,0,3.065,6.466,6.283,48.399,-0.292,1.774,0,0,0,OFFBOARD
781,RETURN,81.23,49.223,0.064,1.893,-38.682,0.401,-0.678,-49.222,0.464,38.682,4.179,2.907,0,2.933,6.642,6.022,48.153,-0.205,1.744,0,0,0,OFFBOARD
782,RETURN,81.33,49.095,-0.078,1.888,-38.682,0.401,-0.678,-49.095,0.322,38.682,4.186,2.773,0,3.33,6.564,5.617,47.921,-0.091,1.713,0,0,0,OFFBOARD
783,RETURN,81.43,48.974,-0.203,1.88,-38.682,0.401,-0.678,-48.974,0.198,38.682,5.086,2.751,0,3.595,10.0,5.144,47.638,0.036,1.682,0,0,0,OFFBOARD
784,RETURN,81.53,48.856,-0.309,1.869,-38.682,0.401,-0.678,-48.856,0.091,38.682,4.959,3.043,0,3.698,10.0,4.68,47.378,0.155,1.651,0,0,0,OFFBOARD
785,RETURN,81.63,48.737,-0.395,1.856,-38.682,0.401,-0.678,-48.737,0.005,38.682,5.894,3.071,0,4.227,10.0,4.271,47.09,0.277,1.62,0,0,0,OFFBOARD
786,RETURN,81.73,48.613,-0.459,1.84,-38.682,0.401,-0.678,-48.613,-0.059,38.682,5.287,3.202,0,4.583,10.0,3.94,46.86,0.39,1.589,0,0,0,OFFBOARD
787,RETURN,81.84,48.479,-0.499,1.821,-38.682,0.401,-0.678,-48.479,-0.099,38.682,4.859,3.244,0,4.563,10.0,3.692,46.691,0.487,1.561,0,0,0,OFFBOARD
788,RETURN,81.94,48.337,-0.514,1.801,-38.682,0.401,-0.678,-48.337,-0.114,38.682,4.611,3.106,0,5.282,10.0,3.538,46.578,0.579,1.535,0,0,0,OFFBOARD
789,RETURN,82.04,48.183,-0.505,1.78,-38.682,0.401,-0.678,-48.183,-0.105,38.682,4.535,3.014,0,5.3,10.0,3.481,46.478,0.673,1.513,0,0,0,OFFBOARD
790,RETURN,82.14,48.018,-0.475,1.757,-38.682,0.401,-0.678,-48.018,-0.075,38.682,4.629,3.393,0,5.165,10.0,3.52,46.378,0.762,1.494,0,0,0,OFFBOARD
791,RETURN,82.24,47.839,-0.423,1.733,-38.682,0.401,-0.678,-47.839,-0.023,38.682,4.903,3.453,0,4.922,10.0,3.654,46.278,0.859,1.479,0,0,0,OFFBOARD
792,RETURN,82.34,47.654,-0.354,1.709,-38.682,0.401,-0.678,-47.654,0.046,38.682,5.351,3.496,0,4.728,10.0,3.871,46.178,0.954,1.468,0,0,0,OFFBOARD
793,RETURN,82.44,47.464,-0.268,1.685,-38.682,0.401,-0.678,-47.464,0.132,38.682,5.978,3.51,0,4.462,10.0,4.156,46.078,1.041,1.46,0,0,0,OFFBOARD
794,RETURN,82.54,47.275,-0.171,1.662,-38.682,0.401,-0.678,-47.275,0.229,38.682,5.941,3.397,0,4.174,10.0,4.471,45.978,1.124,1.456,0,0,0,OFFBOARD
795,RETURN,82.65,47.09,-0.064,1.639,-38.682,0.401,-0.678,-47.09,0.336,38.682,5.556,3.269,0,3.968,10.0,4.766,45.798,1.203,1.455,0,0,0,OFFBOARD
796,RETURN,82.75,46.911,0.052,1.618,-38.682,0.401,-0.678,-46.911,0.452,38.682,5.428,3.121,0,3.874,10.0,4.962,45.535,1.263,1.457,0,0,0,OFFBOARD
797,RETURN,82.85,46.739,0.173,1.598,-38.682,0.401,-0.678,-46.739,0.574,38.682,5.294,2.946,0,3.835,10.0,4.97,45.217,1.307,1.462,0,0,0,OFFBOARD
798,RETURN,82.95,46.573,0.301,1.579,-38.682,0.401,-0.678,-46.573,0.701,38.682,5.316,2.785,0,3.842,10.0,4.738,44.862,1.333,1.47,0,0,0,OFFBOARD
799,RETURN,83.05,46.414,0.429,1.563,-38.682,0.401,-0.678,-46.413,0.829,38.682,5.138,2.636,0,3.86,10.0,4.323,44.489,1.338,1.481,0,0,0,OFFBOARD
800,RETURN,83.15,46.256,0.558,1.549,-38.682,0.401,-0.678,-46.256,0.958,38.682,5.72,2.497,0,4.363,10.0,3.872,44.164,1.32,1.493,0,0,0,OFFBOARD
801,RETURN,83.25,46.099,0.683,1.537,-38.682,0.401,-0.678,-46.099,1.083,38.682,5.076,2.352,0,4.665,10.0,3.523,43.819,1.287,1.508,0,0,0,OFFBOARD
802,RETURN,83.35,45.932,0.808,1.528,-38.682,0.401,-0.678,-45.932,1.208,38.682,4.611,2.193,0,4.507,10.0,3.294,43.443,1.24,1.524,0,0,0,OFFBOARD
803,RETURN,83.46,45.76,0.924,1.521,-38.682,0.401,-0.678,-45.76,1.324,38.682,3.478,1.963,1,4.978,6.916,2.874,43.046,1.169,1.541,0,0,0,OFFBOARD
804,RETURN,83.56,45.573,1.035,1.516,-38.682,0.401,-0.678,-45.573,1.435,38.682,2.954,1.775,1,4.288,6.744,2.412,42.693,1.068,1.558,0,0,0,OFFBOARD
805,RETURN,83.66,45.384,1.131,1.513,-38.682,0.401,-0.678,-45.384,1.531,38.682,2.522,1.582,1,4.019,6.552,2.028,42.373,0.935,1.575,0,0,0,OFFBOARD
806,RETURN,83.76,45.187,1.214,1.513,-38.682,0.401,-0.678,-45.187,1.614,38.682,2.282,1.563,1,3.836,6.446,1.812,42.091,0.8,1.592,0,0,0,OFFBOARD
807,RETURN,83.86,44.989,1.281,1.515,-38.682,0.401,-0.678,-44.989,1.681,38.682,1.976,1.679,1,3.574,6.165,1.498,41.83,0.69,1.609,0,0,0,OFFBOARD
808,RETURN,83.96,44.787,1.331,1.519,-38.682,0.401,-0.678,-44.787,1.731,38.682,1.906,1.841,1,3.4,5.861,1.38,41.594,0.591,1.625,0,0,0,OFFBOARD
809,RETURN,84.06,44.588,1.362,1.524,-38.682,0.401,-0.678,-44.588,1.762,38.682,1.901,1.901,1,3.277,5.657,1.339,41.364,0.491,1.641,0,0,0,OFFBOARD
810,RETURN,84.17,44.388,1.373,1.531,-38.682,0.401,-0.678,-44.388,1.773,38.682,1.91,1.874,1,3.229,5.559,1.333,41.147,0.403,1.656,0,0,0,OFFBOARD
811,RETURN,84.27,44.191,1.364,1.54,-38.682,0.401,-0.678,-44.191,1.764,38.682,4.071,2.168,0,3.737,6.438,1.347,40.927,0.367,1.67,0,0,0,OFFBOARD
812,RETURN,84.37,43.993,1.336,1.549,-38.682,0.401,-0.678,-43.993,1.736,38.682,5.026,2.223,0,3.8,6.272,1.389,40.783,0.341,1.682,0,0,0,OFFBOARD
813,RETURN,84.47,43.797,1.291,1.56,-38.682,0.401,-0.678,-43.797,1.691,38.682,4.828,2.298,0,3.672,6.082,1.485,40.683,0.31,1.693,0,0,0,OFFBOARD
814,RETURN,84.57,43.6,1.231,1.571,-38.682,0.401,-0.678,-43.6,1.631,38.682,4.628,2.216,0,3.472,6.034,3.9,40.583,0.283,1.702,0,0,0,OFFBOARD
815,RETURN,84.67,43.401,1.158,1.583,-38.682,0.401,-0.678,-43.401,1.558,38.682,4.618,2.1,0,3.371,6.944,3.91,40.392,0.255,1.71,0,0,0,OFFBOARD
816,RETURN,84.77,43.203,1.077,1.595,-38.682,0.401,-0.678,-43.203,1.477,38.682,5.396,2.574,0,3.898,6.757,3.934,40.181,0.258,1.715,0,0,0,OFFBOARD
817,RETURN,84.88,43.002,0.988,1.607,-38.682,0.401,-0.678,-43.002,1.388,38.682,5.298,2.652,0,4.015,10.0,3.968,39.904,0.26,1.719,0,0,0,OFFBOARD
818,RETURN,84.98,42.802,0.898,1.618,-38.682,0.401,-0.678,-42.802,1.298,38.682,5.105,2.697,0,3.848,10.0,4.014,39.584,0.274,1.722,0,0,0,OFFBOARD
819,RETURN,85.08,42.601,0.806,1.63,-38.682,0.401,-0.678,-42.601,1.206,38.682,4.93,2.523,0,3.655,10.0,4.064,39.254,0.284,1.722,0,0,0,OFFBOARD
820,RETURN,85.18,42.4,0.717,1.64,-38.682,0.401,-0.678,-42.4,1.117,38.682,5.585,2.97,0,3.629,10.0,4.113,38.946,0.316,1.721,0,0,0,OFFBOARD
821,RETURN,85.28,42.197,0.63,1.65,-38.682,0.401,-0.678,-42.197,1.03,38.682,5.722,3.068,0,4.074,10.0,4.155,38.633,0.349,1.719,0,0,0,OFFBOARD
822,RETURN,85.38,41.996,0.55,1.659,-38.682,0.401,-0.678,-41.996,0.95,38.682,5.579,3.07,0,4.09,10.0,4.189,38.367,0.393,1.715,0,0,0,OFFBOARD
823,RETURN,85.48,41.792,0.475,1.668,-38.682,0.401,-0.678,-41.792,0.875,38.682,5.379,2.959,0,3.967,10.0,4.213,38.083,0.437,1.71,0,0,0,OFFBOARD
824,RETURN,85.59,41.593,0.411,1.675,-38.682,0.401,-0.678,-41.593,0.811,38.682,5.379,3.358,0,3.865,10.0,4.228,37.846,0.497,1.703,0,0,0,OFFBOARD
825,RETURN,85.69,41.394,0.355,1.681,-38.682,0.401,-0.678,-41.394,0.755,38.682,5.842,3.472,0,3.724,10.0,4.237,37.666,0.558,1.696,0,0,0,OFFBOARD
826,RETURN,85.79,41.188,0.308,1.686,-38.682,0.401,-0.678,-41.188,0.708,38.682,5.894,3.529,0,3.677,10.0,4.245,37.482,0.623,1.688,0,0,0,OFFBOARD
827,RETURN,85.89,40.989,0.273,1.689,-38.682,0.401,-0.678,-40.989,0.673,38.682,5.769,3.288,0,4.225,10.0,4.253,37.246,0.684,1.68,0,0,0,OFFBOARD
828,RETURN,85.99,40.781,0.248,1.692,-38.682,0.401,-0.678,-40.781,0.649,38.682,5.612,3.633,0,4.284,10.0,4.26,37.023,0.755,1.671,0,0,0,OFFBOARD
829,RETURN,86.09,40.58,0.236,1.693,-38.682,0.401,-0.678,-40.58,0.637,38.682,5.661,3.679,0,4.11,10.0,4.265,36.785,0.824,1.662,0,0,0,OFFBOARD
830,RETURN,86.19,40.376,0.236,1.693,-38.682,0.401,-0.678,-40.376,0.636,38.682,5.898,3.693,0,3.913,10.0,4.27,36.552,0.895,1.653,0,0,0,OFFBOARD
831,RETURN,86.3,40.172,0.248,1.692,-38.682,0.401,-0.678,-40.172,0.648,38.682,5.946,3.689,0,3.902,10.0,4.272,36.288,0.976,1.644,0,0,0,OFFBOARD
832,RETURN,86.4,39.97,0.271,1.69,-38.682,0.401,-0.678,-39.97,0.671,38.682,5.963,3.514,0,4.262,10.0,4.272,35.985,1.055,1.636,0,0,0,OFFBOARD
833,RETURN,86.5,39.766,0.305,1.687,-38.682,0.401,-0.678,-39.766,0.705,38.682,5.826,3.313,0,4.273,10.0,4.268,35.655,1.125,1.628,0,0,0,OFFBOARD
834,RETURN,86.6,39.563,0.35,1.684,-38.682,0.401,-0.678,-39.563,0.75,38.682,5.626,3.197,0,4.267,10.0,4.261,35.297,1.198,1.62,0,0,0,OFFBOARD
835,RETURN,86.7,39.361,0.403,1.68,-38.682,0.401,-0.678,-39.361,0.803,38.682,5.461,3.125,0,4.169,10.0,4.251,34.917,1.275,1.613,0,0,0,OFFBOARD
836,RETURN,86.8,39.159,0.464,1.675,-38.682,0.401,-0.678,-39.159,0.864,38.682,5.388,3.364,0,3.969,10.0,4.239,34.517,1.363,1.607,0,0,0,OFFBOARD
837,RETURN,86.9,38.957,0.533,1.669,-38.682,0.401,-0.678,-38.957,0.933,38.682,5.72,3.161,0,3.793,10.0,4.223,34.106,1.449,1.602,0,0,0,OFFBOARD
838,RETURN,87.01,38.757,0.607,1.664,-38.682,0.401,-0.678,-38.757,1.007,38.682,5.734,2.966,0,3.737,10.0,4.207,33.693,1.532,1.597,0,0,0,OFFBOARD
839,RETURN,87.11,38.555,0.688,1.658,-38.682,0.401,-0.678,-38.555,1.088,38.682,5.74,3.092,0,4.022,10.0,4.191,33.28,1.602,1.594,0,0,0,OFFBOARD
840,RETURN,87.21,38.351,0.774,1.652,-38.682,0.401,-0.678,-38.351,1.174,38.682,5.677,2.979,0,4.043,10.0,4.175,32.884,1.652,1.591,0,0,0,OFFBOARD
841,RETURN,87.31,38.149,0.863,1.646,-38.682,0.401,-0.678,-38.149,1.263,38.682,5.479,2.855,0,3.994,10.0,4.16,32.604,1.69,1.589,0,0,0,OFFBOARD
842,RETURN,87.41,37.947,0.955,1.64,-38.682,0.401,-0.678,-37.947,1.355,38.682,5.281,2.724,0,3.901,10.0,4.146,32.399,1.715,1.588,0,0,0,OFFBOARD
843,RETURN,87.51,37.743,1.051,1.634,-38.682,0.401,-0.678,-37.743,1.451,38.682,5.081,2.568,0,3.799,10.0,4.132,32.228,1.711,1.588,0,0,0,OFFBOARD
844,RETURN,87.61,37.541,1.146,1.629,-38.682,0.401,-0.678,-37.541,1.546,38.682,4.882,2.369,0,3.625,6.258,4.117,32.019,1.693,1.589,0,0,0,OFFBOARD
845,RETURN,87.72,37.337,1.241,1.624,-38.682,0.401,-0.678,-37.337,1.641,38.682,4.682,2.169,0,3.426,5.938,4.109,31.86,1.67,1.59,0,0,0,OFFBOARD
846,RETURN,87.82,37.133,1.334,1.619,-38.682,0.401,-0.678,-37.133,1.734,38.682,4.482,1.969,1,3.226,5.738,4.101,31.744,1.63,1.592,0,0,0,OFFBOARD
847,RETURN,87.92,36.931,1.421,1.615,-38.682,0.401,-0.678,-36.931,1.821,38.682,4.282,1.769,1,3.026,5.538,4.095,31.64,1.573,1.595,0,0,0,OFFBOARD
848,RETURN,88.02,36.731,1.501,1.611,-38.682,0.401,-0.678,-36.731,1.901,38.682,4.016,1.566,1,2.76,5.272,4.078,31.54,1.493,1.598,0,0,0,OFFBOARD
849,RETURN,88.12,36.525,1.574,1.608,-38.682,0.401,-0.678,-36.525,1.974,38.682,3.882,1.497,1,2.626,5.138,4.051,31.44,1.403,1.602,0,0,0,OFFBOARD
850,RETURN,88.22,36.321,1.635,1.606,-38.682,0.401,-0.678,-36.321,2.035,38.682,3.616,1.68,1,2.448,4.872,3.988,31.34,1.311,1.606,0,0,0,OFFBOARD
851,RETURN,88.33,36.119,1.684,1.604,-38.682,0.401,-0.678,-36.119,2.084,38.682,3.416,1.619,1,2.368,4.672,3.908,31.24,1.209,1.61,0,0,0,OFFBOARD
852,RETURN,88.43,35.915,1.719,1.603,-38.682,0.401,-0.678,-35.915,2.12,38.682,3.216,1.573,1,2.85,4.472,3.827,31.14,1.099,1.614,0,0,0,OFFBOARD
853,RETURN,88.53,35.713,1.74,1.603,-38.682,0.401,-0.678,-35.712,2.14,38.682,3.016,1.549,1,2.812,4.272,3.761,31.04,0.989,1.654,0,0,0,OFFBOARD
854,RETURN,88.63,35.511,1.745,1.603,-38.682,0.401,-0.678,-35.51,2.145,38.682,2.975,1.547,1,2.816,4.072,3.763,30.94,0.871,1.694,0,0,0,OFFBOARD
855,RETURN,88.73,35.306,1.735,1.606,-38.682,0.401,-0.678,-35.306,2.135,38.682,3.719,1.358,1,2.614,3.87,3.855,30.84,0.747,1.734,0,0,0,OFFBOARD
856,RETURN,88.83,35.104,1.708,1.611,-38.682,0.401,-0.678,-35.104,2.108,38.682,3.672,1.26,1,2.416,3.672,3.736,30.74,0.626,1.737,0,0,0,OFFBOARD
857,RETURN,88.93,34.902,1.666,1.618,-38.682,0.401,-0.678,-34.902,2.066,38.682,3.47,1.556,1,2.376,4.624,3.897,30.64,0.521,1.739,0,0,0,OFFBOARD
858,RETURN,89.04,34.7,1.61,1.626,-38.682,0.401,-0.678,-34.7,2.01,38.682,3.272,1.62,1,3.011,4.528,3.941,30.54,0.429,1.74,0,0,0,OFFBOARD
859,RETURN,89.14,34.498,1.54,1.635,-38.682,0.401,-0.678,-34.498,1.94,38.682,4.018,1.726,1,3.07,4.326,4.057,30.44,0.344,1.74,0,0,0,OFFBOARD
860,RETURN,89.24,34.294,1.457,1.645,-38.682,0.401,-0.678,-34.294,1.857,38.682,4.128,1.616,1,2.872,5.385,4.141,30.34,0.271,1.738,0,0,0,OFFBOARD
861,RETURN,89.34,34.092,1.364,1.655,-38.682,0.401,-0.678,-34.092,1.764,38.682,3.928,1.995,1,2.785,5.185,4.184,30.24,0.218,1.735,0,0,0,OFFBOARD
862,RETURN,89.44,33.89,1.261,1.664,-38.682,0.401,-0.678,-33.89,1.661,38.682,3.934,2.173,0,3.407,5.903,4.207,30.14,0.184,1.73,0,0,0,OFFBOARD
863,RETURN,89.54,33.69,1.152,1.673,-38.682,0.401,-0.678,-33.69,1.552,38.682,4.784,2.272,0,3.528,6.041,4.224,30.04,0.156,1.724,0,0,0,OFFBOARD
864,RETURN,89.64,33.488,1.038,1.68,-38.682,0.401,-0.678,-33.488,1.438,38.682,4.582,2.136,0,3.326,10.0,4.239,29.94,0.133,1.717,0,0,0,OFFBOARD
865,RETURN,89.74,33.284,0.919,1.687,-38.682,0.401,-0.678,-33.284,1.319,38.682,4.515,2.661,0,3.291,6.897,4.253,29.809,0.144,1.709,0,0,0,OFFBOARD
866,RETURN,89.85,33.082,0.801,1.692,-38.682,0.401,-0.678,-33.082,1.201,38.682,4.732,2.815,0,3.918,10.0,4.267,29.706,0.159,1.7,0,0,0,OFFBOARD
867,RETURN,89.95,32.88,0.686,1.697,-38.682,0.401,-0.678,-32.88,1.086,38.682,4.755,2.728,0,3.984,10.0,4.281,29.597,0.182,1.691,0,0,0,OFFBOARD
868,RETURN,90.05,32.676,0.574,1.7,-38.682,0.401,-0.678,-32.676,0.974,38.682,5.056,3.081,0,3.784,10.0,4.294,29.457,0.224,1.681,0,0,0,OFFBOARD
869,RETURN,90.15,32.474,0.47,1.701,-38.682,0.401,-0.678,-32.474,0.87,38.682,5.769,3.29,0,3.734,10.0,4.301,29.299,0.269,1.671,0,0,0,OFFBOARD
870,RETURN,90.25,32.27,0.374,1.702,-38.682,0.401,-0.678,-32.27,0.774,38.682,5.896,3.384,0,4.132,10.0,4.302,29.094,0.323,1.66,0,0,0,OFFBOARD
871,RETURN,90.35,32.066,0.29,1.701,-38.682,0.401,-0.678,-32.066,0.69,38.682,5.696,3.231,0,4.204,10.0,4.299,28.885,0.375,1.65,0,0,0,OFFBOARD
872,RETURN,90.45,31.864,0.218,1.699,-38.682,0.401,-0.678,-31.864,0.618,38.682,5.615,3.499,0,4.082,10.0,4.293,28.691,0.434,1.64,0,0,0,OFFBOARD
873,RETURN,90.56,31.664,0.161,1.697,-38.682,0.401,-0.678,-31.664,0.561,38.682,5.945,3.234,0,3.892,6.604,4.282,28.476,0.485,1.631,0,0,0,OFFBOARD
874,RETURN,90.66,31.454,0.115,1.693,-38.682,0.401,-0.678,-31.454,0.515,38.682,6.042,3.054,0,3.774,6.384,4.273,28.182,0.535,1.622,0,0,0,OFFBOARD
875,RETURN,90.76,31.252,0.085,1.688,-38.682,0.401,-0.678,-31.252,0.485,38.682,5.986,2.961,0,3.766,6.245,4.266,27.834,0.597,1.614,0,0,0,OFFBOARD
876,RETURN,90.86,31.048,0.069,1.683,-38.682,0.401,-0.678,-31.048,0.469,38.682,5.805,2.82,0,4.265,5.97,4.251,27.451,0.657,1.606,0,0,0,OFFBOARD
877,RETURN,90.96,30.846,0.067,1.677,-38.682,0.401,-0.678,-30.846,0.467,38.682,5.63,2.76,0,4.351,5.766,4.238,27.046,0.707,1.6,0,0,0,OFFBOARD
878,RETURN,91.06,30.644,0.078,1.67,-38.682,0.401,-0.678,-30.644,0.478,38.682,5.436,3.667,0,4.23,5.562,4.225,26.625,0.783,1.594,0,0,0,OFFBOARD
879,RETURN,91.17,30.44,0.1,1.664,-38.682,0.401,-0.678,-30.44,0.5,38.682,5.27,3.923,0,4.03,5.356,4.211,26.194,0.863,1.59,0,0,0,OFFBOARD
880,RETURN,91.27,30.238,0.133,1.657,-38.682,0.401,-0.678,-30.238,0.533,38.682,5.031,3.83,0,4.018,5.151,4.196,25.759,0.942,1.586,0,0,0,OFFBOARD
881,RETURN,91.37,30.036,0.175,1.65,-38.682,0.401,-0.678,-30.036,0.575,38.682,4.814,3.626,0,4.383,4.943,4.18,25.387,1.019,1.584,0,0,0,OFFBOARD
882,RETURN,91.47,29.834,0.226,1.643,-38.682,0.401,-0.678,-29.834,0.626,38.682,4.611,3.43,0,4.398,4.743,4.165,25.054,1.085,1.582,0,0,0,OFFBOARD
883,RETURN,91.57,29.632,0.285,1.637,-38.682,0.401,-0.678,-29.632,0.685,38.682,4.42,3.319,0,4.405,4.539,4.148,24.713,1.147,1.582,0,0,0,OFFBOARD
884,RETURN,91.67,29.43,0.351,1.63,-38.682,0.401,-0.678,-29.43,0.751,38.682,4.183,3.23,0,4.285,4.333,4.114,24.337,1.204,1.582,0,0,0,OFFBOARD
885,RETURN,91.77,29.228,0.424,1.624,-38.682,0.401,-0.678,-29.228,0.824,38.682,3.958,3.454,0,4.087,4.13,4.035,24.091,1.269,1.583,0,0,0,OFFBOARD
886,RETURN,91.87,29.024,0.502,1.619,-38.682,0.401,-0.678,-29.024,0.902,38.682,3.841,3.378,0,3.931,3.923,3.868,23.852,1.33,1.586,0,0,0,OFFBOARD
887,RETURN,91.98,28.822,0.584,1.614,-38.682,0.401,-0.678,-28.822,0.984,38.682,5.738,3.27,0,3.867,10.0,3.747,23.622,1.386,1.588,0,0,0,OFFBOARD
888,RETURN,92.08,28.62,0.67,1.61,-38.682,0.401,-0.678,-28.62,1.07,38.682,5.743,3.153,0,4.162,10.0,3.988,23.318,1.45,1.592,0,0,0,OFFBOARD
889,RETURN,92.18,28.418,0.757,1.606,-38.682,0.401,-0.678,-28.418,1.157,38.682,5.718,3.022,0,4.171,10.0,4.066,22.964,1.503,1.596,0,0,0,OFFBOARD
890,RETURN,92.28,28.214,0.847,1.603,-38.682,0.401,-0.678,-28.214,1.247,38.682,5.595,2.9,0,4.128,10.0,4.056,22.576,1.58,1.6,0,0,0,OFFBOARD
891,RETURN,92.38,28.012,0.935,1.601,-38.682,0.401,-0.678,-28.012,1.335,38.682,5.399,2.778,0,4.042,10.0,4.053,22.167,1.63,1.605,0,0,0,OFFBOARD
892,RETURN,92.48,27.808,1.024,1.6,-38.682,0.401,-0.678,-27.808,1.424,38.682,5.197,2.648,0,3.929,10.0,4.049,21.884,1.633,1.61,0,0,0,OFFBOARD
893,RETURN,92.58,27.606,1.11,1.599,-38.682,0.401,-0.678,-27.606,1.51,38.682,4.999,2.487,0,3.743,6.437,4.046,21.578,1.623,1.616,0,0,0,OFFBOARD
894,RETURN,92.68,27.404,1.195,1.599,-38.682,0.401,-0.678,-27.404,1.595,38.682,4.799,2.287,0,3.543,6.074,4.046,21.344,1.609,1.621,0,0,0,OFFBOARD
895,RETURN,92.79,27.2,1.278,1.599,-38.682,0.401,-0.678,-27.2,1.678,38.682,4.599,2.087,0,3.343,5.855,4.048,21.133,1.58,1.626,0,0,0,OFFBOARD
896,RETURN,92.89,26.998,1.356,1.6,-38.682,0.401,-0.678,-26.998,1.756,38.682,4.399,1.887,1,3.143,5.655,4.051,20.974,1.534,1.631,0,0,0,OFFBOARD
897,RETURN,92.99,26.794,1.429,1.602,-38.682,0.401,-0.678,-26.794,1.83,38.682,4.195,1.71,1,2.939,5.451,4.057,20.848,1.472,1.636,0,0,0,OFFBOARD
898,RETURN,93.09,26.592,1.496,1.604,-38.682,0.401,-0.678,-26.592,1.896,38.682,3.997,1.61,1,2.741,5.253,4.062,20.748,1.395,1.64,0,0,0,OFFBOARD
899,RETURN,93.19,26.394,1.553,1.606,-38.682,0.401,-0.678,-26.394,1.953,38.682,3.731,1.792,1,2.576,4.987,4.052,20.648,1.318,1.644,0,0,0,OFFBOARD
900,RETURN,93.29,26.19,1.601,1.609,-38.682,0.401,-0.678,-26.19,2.002,38.682,3.527,1.727,1,2.497,4.783,4.015,20.548,1.23,1.648,0,0,0,OFFBOARD
901,RETURN,93.4,25.98,1.64,1.612,-38.682,0.401,-0.678,-25.98,2.04,38.682,3.331,1.677,1,2.972,4.587,3.963,20.448,1.134,1.651,0,0,0,OFFBOARD
902,RETURN,93.5,25.776,1.664,1.615,-38.682,0.401,-0.678,-25.776,2.064,38.682,3.161,1.644,1,2.92,4.387,3.919,20.348,1.038,1.653,0,0,0,OFFBOARD
903,RETURN,93.6,25.574,1.674,1.619,-38.682,0.401,-0.678,-25.574,2.074,38.682,3.128,1.629,1,2.931,4.187,3.924,20.248,0.933,1.656,0,0,0,OFFBOARD
904,RETURN,93.7,25.37,1.67,1.622,-38.682,0.401,-0.678,-25.37,2.07,38.682,3.843,1.475,1,2.731,3.987,3.987,20.148,0.822,1.657,0,0,0,OFFBOARD
905,RETURN,93.8,25.168,1.652,1.626,-38.682,0.401,-0.678,-25.168,2.052,38.682,3.787,1.331,1,2.531,3.885,3.915,20.048,0.712,1.658,0,0,0,OFFBOARD
906,RETURN,93.9,24.966,1.621,1.629,-38.682,0.401,-0.678,-24.966,2.021,38.682,3.587,1.613,1,2.437,4.844,3.994,19.948,0.616,1.659,0,0,0,OFFBOARD
907,RETURN,94.0,24.764,1.576,1.632,-38.682,0.401,-0.678,-24.764,1.976,38.682,3.387,1.66,1,3.079,4.644,4.01,19.848,0.524,1.659,0,0,0,OFFBOARD
908,RETURN,94.11,24.562,1.518,1.635,-38.682,0.401,-0.678,-24.562,1.918,38.682,3.992,1.756,1,3.138,4.444,4.068,19.748,0.445,1.659,0,0,0,OFFBOARD
909,RETURN,94.21,24.36,1.449,1.638,-38.682,0.401,-0.678,-24.36,1.849,38.682,4.244,1.731,1,2.987,4.63,4.141,19.648,0.379,1.658,0,0,0,OFFBOARD
910,RETURN,94.31,24.158,1.369,1.641,-38.682,0.401,-0.678,-24.158,1.769,38.682,4.044,1.708,1,2.804,4.415,4.153,19.548,0.314,1.657,0,0,0,OFFBOARD
911,RETURN,94.41,23.956,1.28,1.643,-38.682,0.401,-0.678,-23.956,1.68,38.682,3.948,2.151,0,3.367,4.186,4.055,19.448,0.281,1.655,0,0,0,OFFBOARD
912,RETURN,94.51,23.754,1.184,1.645,-38.682,0.401,-0.678,-23.754,1.584,38.682,3.906,2.323,0,3.575,3.945,3.854,19.348,0.254,1.653,0,0,0,OFFBOARD
913,RETURN,94.61,23.55,1.081,1.647,-38.682,0.401,-0.678,-23.55,1.481,38.682,3.769,2.187,0,3.444,3.781,3.753,19.248,0.232,1.651,0,0,0,OFFBOARD
914,RETURN,94.71,23.348,0.976,1.648,-38.682,0.401,-0.678,-23.348,1.376,38.682,4.514,2.564,0,3.298,6.912,4.081,19.148,0.234,1.649,0,0,0,OFFBOARD
915,RETURN,94.81,23.146,0.869,1.649,-38.682,0.401,-0.678,-23.146,1.269,38.682,5.395,2.758,0,3.917,6.765,4.166,19.002,0.24,1.646,0,0,0,OFFBOARD
916,RETURN,94.92,22.942,0.763,1.65,-38.682,0.401,-0.678,-22.942,1.163,38.682,5.256,2.844,0,4.0,10.0,4.169,18.75,0.26,1.644,0,0,0,OFFBOARD
917,RETURN,95.02,22.74,0.662,1.65,-38.682,0.401,-0.678,-22.74,1.062,38.682,5.056,2.685,0,3.8,10.0,4.174,18.442,0.276,1.641,0,0,0,OFFBOARD
918,RETURN,95.12,22.538,0.566,1.65,-38.682,0.401,-0.678,-22.538,0.966,38.682,4.757,2.476,0,3.749,10.0,4.012,18.097,0.306,1.639,0,0,0,OFFBOARD
919,RETURN,95.22,22.338,0.478,1.65,-38.682,0.401,-0.678,-22.338,0.878,38.682,4.248,2.327,0,4.168,10.0,3.812,17.718,0.336,1.636,0,0,0,OFFBOARD
920,RETURN,95.32,22.134,0.398,1.65,-38.682,0.401,-0.678,-22.134,0.798,38.682,3.787,3.2,0,4.232,10.0,3.612,17.316,0.413,1.634,0,0,0,OFFBOARD
921,RETURN,95.42,21.932,0.328,1.649,-38.682,0.401,-0.678,-21.932,0.728,38.682,3.412,3.228,0,4.116,10.0,3.412,16.909,0.504,1.632,0,0,0,OFFBOARD
922,RETURN,95.52,21.728,0.269,1.648,-38.682,0.401,-0.678,-21.728,0.67,38.682,3.212,3.212,0,3.995,10.0,3.212,16.492,0.628,1.629,0,0,0,OFFBOARD
923,RETURN,95.63,21.524,0.223,1.646,-38.682,0.401,-0.678,-21.524,0.623,38.682,3.012,3.012,0,3.856,10.0,3.012,16.068,0.769,1.627,0,0,0,OFFBOARD
924,RETURN,95.73,21.324,0.19,1.645,-38.682,0.401,-0.678,-21.324,0.59,38.682,2.746,2.746,0,3.847,10.0,2.746,15.639,0.933,1.626,0,0,0,OFFBOARD
925,RETURN,95.83,21.118,0.171,1.643,-38.682,0.401,-0.678,-21.118,0.571,38.682,2.546,2.546,0,4.378,10.0,2.546,15.205,1.116,1.624,0,0,0,OFFBOARD
926,RETURN,95.93,20.914,0.167,1.642,-38.682,0.401,-0.678,-20.914,0.567,38.682,2.368,2.346,0,4.432,10.0,2.346,14.767,1.324,1.622,0,0,0,OFFBOARD
927,RETURN,96.03,20.712,0.18,1.64,-38.682,0.401,-0.678,-20.712,0.58,38.682,2.399,2.146,0,4.246,10.0,2.146,14.326,1.551,1.62,0,0,0,OFFBOARD
928,RETURN,96.13,20.51,0.211,1.638,-38.682,0.401,-0.678,-20.51,0.611,38.682,2.513,1.946,1,4.046,10.0,2.022,13.882,1.796,1.618,0,0,0,OFFBOARD
929,RETURN,96.23,20.306,0.262,1.636,-38.682,0.401,-0.678,-20.306,0.662,38.682,2.717,1.746,1,4.003,10.0,2.184,13.44,2.018,1.614,0,0,0,OFFBOARD
930,RETURN,96.34,20.102,0.334,1.635,-38.682,0.401,-0.678,-20.102,0.735,38.682,5.792,1.546,1,4.282,10.0,2.426,12.998,2.205,1.609,0,0,0,OFFBOARD
931,RETURN,96.44,19.9,0.427,1.633,-38.682,0.401,-0.678,-19.9,0.827,38.682,5.758,1.437,1,4.259,10.0,4.111,12.559,2.378,1.601,0,0,0,OFFBOARD
932,RETURN,96.54,19.698,0.541,1.63,-38.682,0.401,-0.678,-19.698,0.941,38.682,5.698,1.544,1,4.215,10.0,4.111,12.123,2.5,1.591,0,0,0,OFFBOARD
933,RETURN,96.64,19.494,0.675,1.628,-38.682,0.401,-0.678,-19.494,1.075,38.682,5.559,1.706,1,4.15,10.0,4.112,11.698,2.5,1.582,0,0,0,OFFBOARD
934,RETURN,96.74,19.292,0.824,1.625,-38.682,0.401,-0.678,-19.292,1.224,38.682,5.357,2.844,0,4.055,10.0,4.113,11.407,2.466,1.576,0,0,0,OFFBOARD
935,RETURN,96.84,19.09,0.985,1.621,-38.682,0.401,-0.678,-19.09,1.385,38.682,5.159,2.646,0,3.857,10.0,4.111,11.141,2.433,1.573,0,0,0,OFFBOARD
936,RETURN,96.94,18.888,1.155,1.617,-38.682,0.401,-0.678,-18.888,1.555,38.682,4.957,2.439,0,3.626,6.303,4.098,10.839,2.388,1.572,0,0,0,OFFBOARD
937,RETURN,97.05,18.684,1.332,1.613,-38.682,0.401,-0.678,-18.684,1.732,38.682,4.619,2.16,0,3.417,6.013,4.083,10.624,2.328,1.572,0,0,0,OFFBOARD
938,RETURN,97.15,18.482,1.506,1.609,-38.682,0.401,-0.678,-18.482,1.906,38.682,4.19,1.883,1,3.183,4.786,4.074,10.472,2.247,1.574,0,0,0,OFFBOARD
939,RETURN,97.25,18.278,1.678,1.605,-38.682,0.401,-0.678,-18.278,2.078,38.682,3.183,1.62,1,2.946,4.359,3.992,10.368,2.139,1.577,0,0,0,OFFBOARD
940,RETURN,97.35,18.076,1.838,1.602,-38.682,0.401,-0.678,-18.076,2.238,38.682,2.903,1.391,1,2.705,4.159,3.599,10.268,2.005,1.615,0,0,0,OFFBOARD
941,RETURN,97.45,17.874,1.984,1.599,-38.682,0.401,-0.678,-17.874,2.384,38.682,2.703,1.19,1,2.379,2.703,2.81,10.168,1.831,1.654,0,0,0,OFFBOARD
942,RETURN,97.55,17.67,2.113,1.598,-38.682,0.401,-0.678,-17.67,2.513,38.682,2.503,1.041,1,2.101,2.503,2.503,10.068,1.63,1.693,0,0,0,OFFBOARD
943,RETURN,97.65,17.468,2.218,1.599,-38.682,0.401,-0.678,-17.468,2.618,38.682,2.301,0.894,1,1.256,2.301,2.26,9.968,1.404,1.732,0,0,0,OFFBOARD
944,RETURN,97.76,17.284,2.278,1.6,-38.682,0.401,-0.678,-17.284,2.678,38.682,2.073,0.75,1,1.004,2.103,2.015,9.868,1.152,1.772,0,1,0,OFFBOARD
945,RETURN,97.86,17.139,2.271,1.6,-38.682,0.401,-0.678,-17.139,2.671,38.682,0.764,0.586,1,0.727,0.73,0.73,9.768,0.862,1.811,0,1,0,OFFBOARD
946,RETURN,97.96,16.993,2.232,1.606,-38.682,0.401,-0.678,-16.993,2.632,38.682,0.62,0.539,1,0.598,0.607,0.613,9.668,0.565,1.851,0,1,0,OFFBOARD
947,RETURN,98.06,16.84,2.163,1.616,-38.682,0.401,-0.678,-16.84,2.563,38.682,0.611,0.477,1,0.561,0.587,0.602,9.568,0.278,1.89,0,1,0,OFFBOARD
948,RETURN,98.16,16.681,2.072,1.63,-38.682,0.401,-0.678,-16.681,2.472,38.682,0.991,0.428,1,0.99,0.978,1.004,9.468,0.027,1.929,0,1,0,OFFBOARD
949,RETURN,98.26,16.495,1.959,1.649,-38.682,0.401,-0.678,-16.495,2.36,38.682,1.099,0.673,1,1.06,1.135,1.172,9.368,-0.177,1.969,0,1,0,OFFBOARD
950,RETURN,98.37,16.302,1.847,1.671,-38.682,0.401,-0.678,-16.302,2.247,38.682,1.209,0.782,1,1.155,1.262,1.371,9.268,-0.37,2.008,0,1,0,OFFBOARD
951,RETURN,98.47,16.091,1.737,1.696,-38.682,0.401,-0.678,-16.091,2.137,38.682,1.143,0.899,1,1.03,1.224,1.427,9.168,-0.574,2.048,0,0,0,OFFBOARD
952,RETURN,98.57,15.867,1.635,1.723,-38.682,0.401,-0.678,-15.867,2.035,38.682,1.569,0.903,1,1.438,1.806,1.933,9.068,-0.772,2.034,0,0,0,OFFBOARD
953,RETURN,98.67,15.632,1.542,1.752,-38.682,0.401,-0.678,-15.632,1.942,38.682,1.838,1.111,1,1.625,1.917,2.04,8.968,-0.955,2.017,0,0,0,OFFBOARD
954,RETURN,98.77,15.385,1.454,1.78,-38.682,0.401,-0.678,-15.385,1.854,38.682,1.73,1.272,1,1.585,2.324,2.594,8.868,-1.125,1.994,0,0,0,OFFBOARD
955,RETURN,98.87,15.136,1.369,1.807,-38.682,0.401,-0.678,-15.136,1.769,38.682,2.43,1.389,1,1.957,2.635,2.728,8.768,-1.283,1.968,0,0,0,OFFBOARD
956,RETURN,98.97,14.883,1.283,1.831,-38.682,0.401,-0.678,-14.883,1.683,38.682,2.336,1.296,1,2.234,3.11,3.617,8.668,-1.424,1.939,0,0,0,OFFBOARD
957,RETURN,99.08,14.634,1.19,1.852,-38.682,0.401,-0.678,-14.634,1.59,38.682,3.018,1.702,1,2.08,3.349,4.265,8.568,-1.532,1.908,0,0,0,OFFBOARD
958,RETURN,99.18,14.39,1.088,1.869,-38.682,0.401,-0.678,-14.39,1.488,38.682,3.078,1.821,1,2.653,4.324,5.216,8.468,-1.622,1.878,0,0,0,OFFBOARD
959,RETURN,99.28,14.149,0.972,1.882,-38.682,0.401,-0.678,-14.149,1.373,38.682,3.83,2.102,0,2.832,5.298,5.393,8.368,-1.67,1.848,0,0,0,OFFBOARD
960,RETURN,99.38,13.915,0.842,1.89,-38.682,0.401,-0.678,-13.915,1.242,38.682,3.843,2.347,0,2.761,6.284,5.149,8.268,-1.689,1.818,0,0,0,OFFBOARD
961,RETURN,99.48,13.69,0.699,1.895,-38.682,0.401,-0.678,-13.69,1.099,38.682,4.6,2.305,0,3.349,10.0,4.914,8.168,-1.685,1.788,0,0,0,OFFBOARD
962,RETURN,99.58,13.471,0.541,1.895,-38.682,0.401,-0.678,-13.471,0.941,38.682,4.635,2.996,0,3.371,10.0,4.702,8.068,-1.639,1.758,0,0,0,OFFBOARD
963,RETURN,99.68,13.256,0.37,1.892,-38.682,0.401,-0.678,-13.256,0.77,38.682,4.495,3.007,0,3.23,10.0,5.147,7.968,-1.575,1.728,0,0,0,OFFBOARD
964,RETURN,99.79,13.049,0.189,1.886,-38.682,0.401,-0.678,-13.049,0.589,38.682,4.377,3.202,0,3.193,6.716,5.282,7.868,-1.482,1.698,0,0,0,OFFBOARD
965,RETURN,99.89,12.847,0.002,1.876,-38.682,0.401,-0.678,-12.847,0.402,38.682,4.173,2.984,0,3.416,6.243,5.223,7.661,-1.368,1.668,0,0,0,OFFBOARD
966,RETURN,99.99,12.648,-0.186,1.864,-38.682,0.401,-0.678,-12.648,0.214,38.682,4.022,2.759,0,3.435,6.055,5.166,7.37,-1.219,1.638,0,0,0,OFFBOARD
967,RETURN,100.09,12.453,-0.369,1.849,-38.682,0.401,-0.678,-12.453,0.031,38.682,3.92,2.53,0,3.468,5.874,5.098,7.026,-1.062,1.607,0,0,0,OFFBOARD
968,RETURN,100.19,12.259,-0.54,1.831,-38.682,0.401,-0.678,-12.259,-0.14,38.682,4.33,2.305,0,3.426,5.659,4.967,6.652,-0.893,1.576,0,0,0,OFFBOARD
969,RETURN,100.29,12.064,-0.693,1.812,-38.682,0.401,-0.678,-12.064,-0.293,38.682,4.425,2.147,0,3.253,5.579,4.776,6.251,-0.708,1.545,0,0,0,OFFBOARD
970,RETURN,100.4,11.866,-0.822,1.791,-38.682,0.401,-0.678,-11.866,-0.422,38.682,4.304,2.078,0,3.085,5.479,4.576,5.833,-0.519,1.519,0,0,0,OFFBOARD
971,RETURN,100.5,11.669,-0.921,1.768,-38.682,0.401,-0.678,-11.668,-0.521,38.682,4.144,2.33,0,3.612,5.312,4.364,5.404,-0.349,1.496,0,0,0,OFFBOARD
972,RETURN,100.6,11.47,-0.987,1.745,-38.682,0.401,-0.678,-11.47,-0.587,38.682,5.03,2.363,0,3.759,5.15,4.275,4.967,-0.179,1.477,0,0,0,OFFBOARD
973,RETURN,100.7,11.27,-1.021,1.721,-38.682,0.401,-0.678,-11.27,-0.621,38.682,4.844,2.358,0,3.585,5.045,4.176,4.526,-0.007,1.462,0,0,0,OFFBOARD
974,RETURN,100.8,11.067,-1.026,1.696,-38.682,0.401,-0.678,-11.067,-0.626,38.682,4.685,2.145,0,3.482,4.923,4.112,4.082,0.163,1.452,0,0,0,OFFBOARD
975,RETURN,100.9,10.86,-1.003,1.671,-38.682,0.401,-0.678,-10.86,-0.603,38.682,4.696,2.526,0,4.008,4.787,4.083,3.635,0.31,1.445,0,0,0,OFFBOARD
976,RETURN,101.0,10.654,-0.957,1.648,-38.682,0.401,-0.678,-10.654,-0.557,38.682,4.602,2.669,0,4.145,6.73,4.083,3.188,0.457,1.443,0,0,0,OFFBOARD
977,RETURN,101.1,10.446,-0.89,1.625,-38.682,0.401,-0.678,-10.446,-0.49,38.682,5.286,2.745,0,4.027,10.0,4.09,2.739,0.594,1.444,0,0,0,OFFBOARD
978,RETURN,101.21,10.24,-0.807,1.603,-38.682,0.401,-0.678,-10.24,-0.407,38.682,5.302,2.629,0,3.841,10.0,4.098,2.335,0.731,1.448,0,0,0,OFFBOARD
979,RETURN,101.31,10.035,-0.712,1.583,-38.682,0.401,-0.678,-10.035,-0.312,38.682,6.122,3.099,0,4.267,10.0,4.127,1.945,0.853,1.455,0,0,0,OFFBOARD
980,RETURN,101.41,9.832,-0.607,1.565,-38.682,0.401,-0.678,-9.832,-0.207,38.682,5.943,3.271,0,4.405,10.0,4.114,1.563,0.964,1.465,0,0,0,OFFBOARD
981,RETURN,101.51,9.63,-0.495,1.549,-38.682,0.401,-0.678,-9.63,-0.095,38.682,5.764,3.175,0,4.473,10.0,4.077,1.196,1.077,1.478,0,0,0,OFFBOARD
982,RETURN,101.61,9.43,-0.377,1.536,-38.682,0.401,-0.678,-9.43,0.023,38.682,5.936,3.554,0,4.296,10.0,4.025,0.809,1.18,1.492,0,0,0,OFFBOARD
983,RETURN,101.71,9.232,-0.255,1.524,-38.682,0.401,-0.678,-9.232,0.145,38.682,6.014,3.486,0,4.243,10.0,3.966,0.402,1.278,1.509,0,0,0,OFFBOARD
984,RETURN,101.81,9.034,-0.13,1.516,-38.682,0.401,-0.678,-9.034,0.27,38.682,5.945,3.373,0,4.651,10.0,3.909,-0.007,1.371,1.526,0,0,0,OFFBOARD
985,RETURN,101.91,8.837,-0.002,1.51,-38.682,0.401,-0.678,-8.837,0.398,38.682,5.874,3.346,0,4.705,10.0,3.858,-0.298,1.46,1.545,0,0,0,OFFBOARD
986,RETURN,102.02,8.641,0.129,1.506,-38.682,0.401,-0.678,-8.641,0.529,38.682,5.798,3.563,0,4.738,10.0,3.818,-0.515,1.526,1.564,0,0,0,OFFBOARD
987,RETURN,102.12,8.442,0.262,1.505,-38.682,0.401,-0.678,-8.442,0.662,38.682,5.728,3.4,0,4.565,10.0,3.792,-0.776,1.586,1.583,0,0,0,OFFBOARD
988,RETURN,102.22,8.245,0.396,1.506,-38.682,0.401,-0.678,-8.245,0.797,38.682,5.634,3.25,0,4.376,10.0,3.779,-1.025,1.643,1.602,0,0,0,OFFBOARD
989,RETURN,102.32,8.047,0.532,1.509,-38.682,0.401,-0.678,-8.047,0.932,38.682,5.477,3.091,0,4.194,10.0,3.778,-1.261,1.69,1.621,0,0,0,OFFBOARD
990,RETURN,102.42,7.847,0.67,1.515,-38.682,0.401,-0.678,-7.847,1.07,38.682,5.404,2.917,0,4.071,10.0,3.787,-1.533,1.729,1.639,0,0,0,OFFBOARD
991,RETURN,102.52,7.648,0.807,1.522,-38.682,0.401,-0.678,-7.648,1.207,38.682,5.385,2.735,0,3.923,10.0,3.804,-1.847,1.758,1.655,0,0,0,OFFBOARD
992,RETURN,102.62,7.449,0.942,1.531,-38.682,0.401,-0.678,-7.449,1.342,38.682,5.417,2.548,0,3.76,10.0,3.824,-2.203,1.777,1.671,0,0,0,OFFBOARD
993,RETURN,102.72,7.247,1.077,1.541,-38.682,0.401,-0.678,-7.247,1.478,38.682,5.421,2.355,0,3.582,10.0,3.85,-2.581,1.783,1.685,0,0,0,OFFBOARD
994,RETURN,102.83,7.046,1.208,1.552,-38.682,0.401,-0.678,-7.046,1.608,38.682,4.659,2.427,0,3.391,6.943,3.878,-2.981,1.784,1.697,0,0,0,OFFBOARD
995,RETURN,102.93,6.847,1.332,1.564,-38.682,0.401,-0.678,-6.847,1.732,38.682,4.254,2.177,0,3.115,6.629,3.922,-3.0,1.755,1.707,0,0,0,OFFBOARD
996,RETURN,103.03,6.638,1.456,1.577,-38.682,0.401,-0.678,-6.638,1.856,38.682,3.974,2.005,0,2.902,5.29,3.957,-3.0,1.705,1.716,0,0,0,OFFBOARD
997,RETURN,103.13,6.434,1.569,1.59,-38.682,0.401,-0.678,-6.434,1.969,38.682,3.775,1.847,1,2.685,5.027,3.986,-3.0,1.635,1.722,0,0,0,OFFBOARD
998,RETURN,103.24,6.231,1.672,1.603,-38.682,0.401,-0.678,-6.231,2.072,38.682,3.577,1.689,1,2.472,4.828,3.981,-3.0,1.543,1.727,0,0,0,OFFBOARD
999,RETURN,103.34,6.029,1.762,1.615,-38.682,0.401,-0.678,-6.029,2.163,38.682,3.378,1.545,1,2.266,4.598,3.888,-3.0,1.432,1.767,0,0,0,OFFBOARD
1000,RETURN,103.44,5.826,1.84,1.628,-38.682,0.401,-0.678,-5.826,2.24,38.682,3.18,1.416,1,2.082,3.297,3.655,-3.0,1.303,1.807,0,0,0,OFFBOARD
1001,RETURN,103.54,5.622,1.903,1.642,-38.682,0.401,-0.678,-5.622,2.303,38.682,2.981,1.31,1,1.927,2.981,3.128,-3.0,1.155,1.846,0,0,0,OFFBOARD
1002,RETURN,103.64,5.42,1.947,1.657,-38.682,0.401,-0.678,-5.42,2.347,38.682,2.783,1.229,1,2.333,2.782,2.86,-3.0,0.991,1.886,0,0,0,OFFBOARD
1003,RETURN,103.74,5.218,1.973,1.674,-38.682,0.401,-0.678,-5.218,2.373,38.682,2.582,1.174,1,2.261,2.581,2.672,-3.0,0.785,1.926,0,0,0,OFFBOARD
1004,RETURN,103.84,5.015,1.977,1.693,-38.682,0.401,-0.678,-5.015,2.377,38.682,2.385,1.127,1,2.22,2.392,2.577,-3.0,0.561,1.966,0,0,0,OFFBOARD
1005,RETURN,103.94,4.813,1.959,1.714,-38.682,0.401,-0.678,-4.813,2.359,38.682,2.186,0.929,1,2.186,2.39,3.118,-3.0,0.329,2.006,0,0,0,OFFBOARD
1006,RETURN,104.05,4.61,1.918,1.736,-38.682,0.401,-0.678,-4.609,2.318,38.682,2.894,0.862,1,1.987,3.243,3.222,-3.0,0.122,2.046,0,0,0,OFFBOARD
1007,RETURN,104.15,4.408,1.853,1.761,-38.682,0.401,-0.678,-4.408,2.253,38.682,3.04,1.166,1,1.802,3.04,3.04,-3.0,-0.055,2.085,0,0,0,OFFBOARD
1008,RETURN,104.25,4.206,1.765,1.787,-38.682,0.401,-0.678,-4.206,2.165,38.682,2.844,1.288,1,2.484,2.955,3.454,-3.0,-0.221,2.125,0,0,0,OFFBOARD
1009,RETURN,104.35,4.003,1.653,1.815,-38.682,0.401,-0.678,-4.003,2.053,38.682,2.712,1.39,1,2.593,3.902,3.904,-3.0,-0.369,2.097,0,0,0,OFFBOARD
1010,RETURN,104.45,3.801,1.522,1.844,-38.682,0.401,-0.678,-3.801,1.922,38.682,3.586,1.292,1,2.445,3.746,10.0,-3.0,-0.494,2.067,0,0,0,OFFBOARD
1011,RETURN,104.55,3.597,1.374,1.871,-38.682,0.401,-0.678,-3.597,1.774,38.682,3.499,1.726,1,2.342,10.0,10.0,-3.0,-0.623,2.037,0,0,0,OFFBOARD
1012,RETURN,104.65,3.395,1.215,1.896,-38.682,0.401,-0.678,-3.395,1.615,38.682,3.383,1.914,1,3.042,10.0,10.0,-3.0,-0.722,2.007,0,0,0,OFFBOARD
1013,RETURN,104.76,3.193,1.048,1.917,-38.682,0.401,-0.678,-3.193,1.448,38.682,10.0,1.848,1,3.099,10.0,10.0,-3.0,-0.791,1.977,0,0,0,OFFBOARD
1014,RETURN,104.86,2.988,0.873,1.934,-38.682,0.401,-0.678,-2.988,1.273,38.682,10.0,2.348,0,2.899,10.0,10.0,-3.0,-0.809,1.946,0,0,0,OFFBOARD
1015,RETURN,104.96,2.786,0.697,1.947,-38.682,0.401,-0.678,-2.786,1.097,38.682,10.0,2.658,0,10.0,10.0,10.0,-3.0,-0.816,1.911,0,0,0,OFFBOARD
1016,RETURN,105.06,2.583,0.517,1.956,-38.682,0.401,-0.678,-2.583,0.917,38.682,10.0,2.503,0,10.0,10.0,10.0,-3.0,-0.793,1.872,0,0,0,OFFBOARD
1017,RETURN,105.16,2.378,0.335,1.961,-38.682,0.401,-0.678,-2.378,0.735,38.682,10.0,10.0,0,10.0,10.0,10.0,-3.0,-0.734,1.835,0,0,0,OFFBOARD
1018,RETURN,105.26,2.181,0.16,1.961,-38.682,0.401,-0.678,-2.181,0.56,38.682,10.0,10.0,0,10.0,10.0,10.0,-3.0,-0.669,1.801,0,0,0,OFFBOARD
