step,phase,t_s,x_m,y_m,z_m,vx_ms,vy_ms,vz_ms,fwd_progress_m,lat_offset_m,speed_ms,front_d_m,min_depth_m,prox_alarm,depth_top,depth_mid,depth_bot,tgt_x,tgt_y,tgt_z,collision,near_miss,armed,mode
0,OUTBOUND,0.0,0.0,-0.15,1.576,-0.119,-0.126,-0.626,0.0,-0.0,0.119,6.023,3.51,0,4.598,10.0,3.99,0.225,-0.136,1.489,0,0,0,OFFBOARD
1,OUTBOUND,0.1,0.0,-0.15,1.569,-0.119,-0.126,-0.626,0.0,-0.0,0.119,6.023,3.51,0,4.603,10.0,3.985,0.509,-0.142,1.484,0,0,0,OFFBOARD
2,OUTBOUND,0.2,0.001,-0.15,1.562,-0.119,-0.126,-0.626,0.001,-0.0,0.119,6.023,3.51,0,4.603,10.0,3.985,0.823,-0.162,1.485,0,0,0,OFFBOARD
3,OUTBOUND,0.31,0.004,-0.15,1.554,-0.119,-0.126,-0.626,0.004,-0.0,0.119,4.971,4.077,0,5.048,10.0,3.452,1.149,-0.202,1.49,0,0,0,OFFBOARD
4,OUTBOUND,0.41,0.014,-0.15,1.547,-0.119,-0.126,-0.626,0.014,0.0,0.119,4.314,4.157,0,5.78,6.895,3.118,1.434,-0.254,1.498,0,0,0,OFFBOARD
5,OUTBOUND,0.51,0.036,-0.15,1.54,-0.119,-0.126,-0.626,0.036,0.0,0.119,3.922,3.91,0,6.777,5.942,2.912,1.666,-0.309,1.509,0,0,0,OFFBOARD
6,OUTBOUND,0.61,0.074,-0.15,1.535,-0.119,-0.126,-0.626,0.074,-0.0,0.119,3.35,3.318,0,10.0,4.724,2.59,1.84,-0.367,1.521,0,0,0,OFFBOARD
7,OUTBOUND,0.71,0.136,-0.152,1.53,-0.119,-0.126,-0.626,0.136,-0.002,0.119,3.123,3.074,0,10.0,4.292,2.458,2.032,-0.427,1.535,0,0,0,OFFBOARD
8,OUTBOUND,0.81,0.223,-0.156,1.526,-0.119,-0.126,-0.626,0.223,-0.006,0.119,3.067,2.998,0,10.0,4.204,2.427,2.196,-0.487,1.549,0,0,0,OFFBOARD
9,OUTBOUND,0.91,0.337,-0.164,1.524,-0.119,-0.126,-0.626,0.337,-0.014,0.119,3.177,3.082,0,10.0,4.434,2.497,2.365,-0.547,1.565,0,0,0,OFFBOARD
10,OUTBOUND,1.02,0.474,-0.177,1.524,-0.119,-0.126,-0.626,0.473,-0.027,0.119,3.449,3.318,0,10.0,5.011,2.662,2.568,-0.606,1.581,0,0,0,OFFBOARD
11,OUTBOUND,1.12,0.629,-0.194,1.525,-0.119,-0.126,-0.626,0.629,-0.044,0.119,3.568,3.423,0,10.0,5.275,2.732,2.787,-0.666,1.597,0,0,0,OFFBOARD
12,OUTBOUND,1.22,0.797,-0.217,1.527,-0.119,-0.126,-0.626,0.797,-0.067,0.119,4.404,3.942,0,5.349,6.959,3.198,3.01,-0.731,1.612,0,0,0,OFFBOARD
13,OUTBOUND,1.32,0.973,-0.245,1.531,-0.119,-0.126,-0.626,0.973,-0.095,0.119,4.991,3.807,0,4.989,10.0,3.498,3.235,-0.791,1.627,0,0,0,OFFBOARD
14,OUTBOUND,1.42,1.153,-0.279,1.537,-0.119,-0.126,-0.626,1.153,-0.129,0.119,5.48,3.658,0,4.81,10.0,3.733,3.471,-0.849,1.641,0,0,0,OFFBOARD
15,OUTBOUND,1.52,1.337,-0.319,1.544,-0.119,-0.126,-0.626,1.337,-0.169,0.119,5.742,3.49,0,4.633,10.0,3.87,3.729,-0.901,1.655,0,0,0,OFFBOARD
16,OUTBOUND,1.62,1.519,-0.363,1.551,-0.119,-0.126,-0.626,1.519,-0.213,0.119,5.783,3.31,0,4.54,10.0,3.904,4.012,-0.943,1.667,0,0,0,OFFBOARD
17,OUTBOUND,1.72,1.703,-0.412,1.56,-0.119,-0.126,-0.626,1.703,-0.262,0.119,5.621,3.205,0,4.36,10.0,3.869,4.344,-0.977,1.678,0,0,0,OFFBOARD
18,OUTBOUND,1.83,1.887,-0.464,1.57,-0.119,-0.126,-0.626,1.887,-0.314,0.119,5.504,3.148,0,4.233,10.0,3.83,4.71,-1.002,1.687,0,0,0,OFFBOARD
19,OUTBOUND,1.93,2.072,-0.519,1.58,-0.119,-0.126,-0.626,2.072,-0.369,0.119,5.433,2.989,0,4.544,10.0,3.765,5.102,-0.992,1.695,0,0,0,OFFBOARD
20,OUTBOUND,2.03,2.262,-0.577,1.59,-0.119,-0.126,-0.626,2.262,-0.427,0.119,5.463,2.77,0,4.601,10.0,3.75,5.506,-0.97,1.702,0,0,0,OFFBOARD
21,OUTBOUND,2.13,2.454,-0.635,1.601,-0.119,-0.126,-0.626,2.454,-0.485,0.119,5.538,2.525,0,4.567,10.0,3.768,5.913,-0.935,1.707,0,0,0,OFFBOARD
22,OUTBOUND,2.23,2.65,-0.693,1.611,-0.119,-0.126,-0.626,2.649,-0.543,0.119,5.602,2.317,0,4.429,10.0,3.822,6.316,-0.906,1.71,0,0,0,OFFBOARD
23,OUTBOUND,2.33,2.846,-0.75,1.622,-0.119,-0.126,-0.626,2.846,-0.6,0.119,5.691,2.097,0,4.268,10.0,3.898,6.717,-0.866,1.712,0,0,0,OFFBOARD
24,OUTBOUND,2.44,3.044,-0.803,1.632,-0.119,-0.126,-0.626,3.044,-0.653,0.119,5.542,1.896,1,4.118,10.0,3.984,7.114,-0.818,1.712,0,0,0,OFFBOARD
25,OUTBOUND,2.54,3.248,-0.852,1.641,-0.119,-0.126,-0.626,3.248,-0.702,0.119,5.353,1.682,1,3.979,10.0,4.068,7.53,-0.774,1.699,0,0,0,OFFBOARD
26,OUTBOUND,2.64,3.45,-0.894,1.65,-0.119,-0.126,-0.626,3.45,-0.744,0.119,5.164,2.65,0,3.894,10.0,4.136,7.958,-0.78,1.676,0,0,0,OFFBOARD
27,OUTBOUND,2.74,3.648,-0.927,1.657,-0.119,-0.126,-0.626,3.648,-0.777,0.119,5.164,2.65,0,3.894,10.0,4.136,8.356,-0.79,1.658,0,0,0,OFFBOARD
28,OUTBOUND,2.84,3.852,-0.953,1.662,-0.119,-0.126,-0.626,3.852,-0.803,0.119,5.164,2.65,0,3.894,10.0,4.136,8.739,-0.803,1.644,0,0,0,OFFBOARD
29,OUTBOUND,2.94,4.054,-0.971,1.666,-0.119,-0.126,-0.626,4.054,-0.821,0.119,4.636,2.559,0,3.386,10.0,4.215,9.097,-0.811,1.632,0,0,0,OFFBOARD
30,OUTBOUND,3.05,4.254,-0.98,1.668,-0.119,-0.126,-0.626,4.254,-0.83,0.119,5.255,2.569,0,3.759,6.82,4.207,9.459,-0.794,1.622,0,0,0,OFFBOARD
31,OUTBOUND,3.15,4.454,-0.983,1.668,-0.119,-0.126,-0.626,4.454,-0.833,0.119,5.362,2.58,0,3.813,6.782,4.193,9.823,-0.773,1.613,0,0,0,OFFBOARD
32,OUTBOUND,3.25,4.654,-0.98,1.666,-0.119,-0.126,-0.626,4.654,-0.83,0.119,5.165,2.611,0,3.861,10.0,4.179,10.192,-0.737,1.606,0,0,0,OFFBOARD
33,OUTBOUND,3.35,4.857,-0.974,1.664,-0.119,-0.126,-0.626,4.857,-0.823,0.119,5.1,2.588,0,3.843,10.0,4.175,10.573,-0.696,1.6,0,0,0,OFFBOARD
34,OUTBOUND,3.45,5.058,-0.964,1.66,-0.119,-0.126,-0.626,5.058,-0.814,0.119,5.1,2.588,0,3.843,10.0,4.175,10.957,-0.644,1.594,0,0,0,OFFBOARD
35,OUTBOUND,3.55,5.259,-0.952,1.655,-0.119,-0.126,-0.626,5.259,-0.802,0.119,5.1,2.588,0,3.843,10.0,4.175,11.35,-0.584,1.59,0,0,0,OFFBOARD
36,OUTBOUND,3.65,5.463,-0.937,1.65,-0.119,-0.126,-0.626,5.463,-0.787,0.119,5.1,2.588,0,3.843,10.0,4.175,11.749,-0.525,1.587,0,0,0,OFFBOARD
37,OUTBOUND,3.76,5.666,-0.919,1.645,-0.119,-0.126,-0.626,5.666,-0.769,0.119,5.365,2.67,0,3.926,10.0,4.151,12.146,-0.474,1.585,0,0,0,OFFBOARD
38,OUTBOUND,3.86,5.87,-0.897,1.639,-0.119,-0.126,-0.626,5.87,-0.747,0.119,5.234,2.698,0,3.977,10.0,4.146,12.553,-0.417,1.584,0,0,0,OFFBOARD
39,OUTBOUND,3.96,6.072,-0.871,1.634,-0.119,-0.126,-0.626,6.072,-0.721,0.119,5.035,2.523,0,3.778,10.0,4.138,12.964,-0.364,1.583,0,0,0,OFFBOARD
40,OUTBOUND,4.06,6.274,-0.84,1.629,-0.119,-0.126,-0.626,6.274,-0.69,0.119,4.899,2.455,0,3.643,10.0,4.131,13.376,-0.311,1.584,0,0,0,OFFBOARD
41,OUTBOUND,4.16,6.477,-0.804,1.623,-0.119,-0.126,-0.626,6.477,-0.654,0.119,5.55,2.831,0,3.612,10.0,4.115,13.786,-0.276,1.585,0,0,0,OFFBOARD
42,OUTBOUND,4.26,6.679,-0.763,1.619,-0.119,-0.126,-0.626,6.679,-0.613,0.119,5.689,2.9,0,4.139,10.0,4.101,14.209,-0.219,1.587,0,0,0,OFFBOARD
43,OUTBOUND,4.36,6.883,-0.717,1.614,-0.119,-0.126,-0.626,6.883,-0.566,0.119,5.492,2.98,0,4.199,10.0,4.088,14.639,-0.166,1.59,0,0,0,OFFBOARD
44,OUTBOUND,4.47,7.085,-0.667,1.61,-0.119,-0.126,-0.626,7.085,-0.517,0.119,5.292,2.78,0,4.035,10.0,4.075,15.071,-0.129,1.594,0,0,0,OFFBOARD
45,OUTBOUND,4.57,7.289,-0.613,1.607,-0.119,-0.126,-0.626,7.289,-0.463,0.119,5.249,2.742,0,3.967,10.0,4.072,15.499,-0.1,1.598,0,0,0,OFFBOARD
46,OUTBOUND,4.67,7.493,-0.558,1.604,-0.119,-0.126,-0.626,7.493,-0.407,0.119,5.249,2.742,0,3.967,10.0,4.072,15.923,-0.079,1.602,0,0,0,OFFBOARD
47,OUTBOUND,4.77,7.697,-0.5,1.602,-0.119,-0.126,-0.626,7.697,-0.35,0.119,5.249,2.742,0,3.967,10.0,4.072,16.343,-0.061,1.607,0,0,0,OFFBOARD
48,OUTBOUND,4.87,7.899,-0.443,1.601,-0.119,-0.126,-0.626,7.899,-0.293,0.119,5.249,2.742,0,3.967,10.0,4.072,16.755,-0.045,1.611,0,0,0,OFFBOARD
49,OUTBOUND,4.97,8.103,-0.385,1.6,-0.119,-0.126,-0.626,8.103,-0.235,0.119,5.628,3.15,0,4.155,10.0,4.048,17.16,-0.058,1.616,0,0,0,OFFBOARD
50,OUTBOUND,5.08,8.305,-0.329,1.6,-0.119,-0.126,-0.626,8.305,-0.179,0.119,5.818,3.531,0,4.024,10.0,4.049,17.571,-0.085,1.621,0,0,0,OFFBOARD
51,OUTBOUND,5.18,8.509,-0.274,1.601,-0.119,-0.126,-0.626,8.509,-0.124,0.119,5.972,3.628,0,3.938,10.0,4.052,17.988,-0.118,1.626,0,0,0,OFFBOARD
52,OUTBOUND,5.28,8.711,-0.223,1.602,-0.119,-0.126,-0.626,8.711,-0.073,0.119,5.992,3.623,0,4.34,10.0,4.056,18.407,-0.153,1.631,0,0,0,OFFBOARD
53,OUTBOUND,5.38,8.913,-0.176,1.603,-0.119,-0.126,-0.626,8.913,-0.026,0.119,5.936,3.462,0,4.47,10.0,4.061,18.814,-0.192,1.636,0,0,0,OFFBOARD
54,OUTBOUND,5.48,9.115,-0.134,1.605,-0.119,-0.126,-0.626,9.115,0.016,0.119,5.804,3.507,0,4.5,10.0,4.065,19.196,-0.237,1.64,0,0,0,OFFBOARD
55,OUTBOUND,5.58,9.319,-0.098,1.607,-0.119,-0.126,-0.626,9.319,0.052,0.119,5.76,3.887,0,4.346,10.0,4.073,19.557,-0.293,1.644,0,0,0,OFFBOARD
56,OUTBOUND,5.68,9.521,-0.07,1.61,-0.119,-0.126,-0.626,9.521,0.08,0.119,5.945,3.958,0,4.139,10.0,4.081,19.924,-0.354,1.647,0,0,0,OFFBOARD
57,OUTBOUND,5.78,9.723,-0.05,1.613,-0.119,-0.126,-0.626,9.723,0.1,0.119,6.018,3.879,0,4.281,10.0,4.088,20.305,-0.418,1.65,0,0,0,OFFBOARD
58,OUTBOUND,5.89,9.925,-0.038,1.616,-0.119,-0.126,-0.626,9.925,0.112,0.119,6.027,3.813,0,4.479,10.0,4.09,20.688,-0.482,1.653,0,0,0,OFFBOARD
59,OUTBOUND,5.99,10.127,-0.036,1.619,-0.119,-0.126,-0.626,10.127,0.114,0.119,6.027,3.813,0,4.479,10.0,4.09,21.064,-0.548,1.655,0,0,0,OFFBOARD
60,OUTBOUND,6.09,10.331,-0.043,1.623,-0.119,-0.126,-0.626,10.331,0.107,0.119,6.027,3.813,0,4.479,10.0,4.09,21.443,-0.616,1.657,0,0,0,OFFBOARD
61,OUTBOUND,6.19,10.533,-0.058,1.626,-0.119,-0.126,-0.626,10.533,0.092,0.119,6.027,3.813,0,4.479,10.0,4.09,21.812,-0.685,1.658,0,0,0,OFFBOARD
62,OUTBOUND,6.29,10.735,-0.083,1.629,-0.119,-0.126,-0.626,10.735,0.067,0.119,5.919,3.986,0,4.136,6.729,4.126,22.179,-0.755,1.658,0,0,0,OFFBOARD
63,OUTBOUND,6.39,10.939,-0.117,1.632,-0.119,-0.126,-0.626,10.939,0.034,0.119,5.991,3.935,0,4.084,6.529,4.134,22.503,-0.809,1.658,0,0,0,OFFBOARD
64,OUTBOUND,6.49,11.141,-0.158,1.635,-0.119,-0.126,-0.626,11.141,-0.008,0.119,6.016,3.803,0,4.297,6.397,4.139,22.78,-0.852,1.655,0,0,0,OFFBOARD
65,OUTBOUND,6.59,11.343,-0.206,1.638,-0.119,-0.126,-0.626,11.343,-0.056,0.119,6.016,3.803,0,4.297,6.397,4.139,23.066,-0.896,1.648,0,0,0,OFFBOARD
66,OUTBOUND,6.7,11.545,-0.261,1.64,-0.119,-0.126,-0.626,11.545,-0.111,0.119,6.016,3.803,0,4.297,6.397,4.139,23.36,-0.942,1.637,0,0,0,OFFBOARD
67,OUTBOUND,6.8,11.749,-0.322,1.642,-0.119,-0.126,-0.626,11.749,-0.172,0.119,6.016,3.803,0,4.297,6.397,4.139,23.657,-0.985,1.625,0,0,0,OFFBOARD
68,OUTBOUND,6.9,11.951,-0.386,1.643,-0.119,-0.126,-0.626,11.951,-0.236,0.119,6.016,3.803,0,4.297,6.397,4.139,23.964,-1.027,1.611,0,0,0,OFFBOARD
69,OUTBOUND,7.0,12.153,-0.454,1.643,-0.119,-0.126,-0.626,12.153,-0.304,0.119,6.016,3.803,0,4.297,6.397,4.139,24.271,-1.066,1.596,0,0,0,OFFBOARD
70,OUTBOUND,7.1,12.357,-0.524,1.642,-0.119,-0.126,-0.626,12.357,-0.374,0.119,6.016,3.803,0,4.297,6.397,4.139,24.597,-1.098,1.578,0,0,0,OFFBOARD
71,OUTBOUND,7.2,12.557,-0.593,1.639,-0.119,-0.126,-0.626,12.557,-0.443,0.119,6.016,3.803,0,4.297,6.397,4.139,24.957,-1.113,1.561,0,0,0,OFFBOARD
72,OUTBOUND,7.31,12.761,-0.664,1.636,-0.119,-0.126,-0.626,12.761,-0.514,0.119,6.016,3.803,0,4.297,6.397,4.139,25.344,-1.112,1.546,0,0,0,OFFBOARD
73,OUTBOUND,7.41,12.963,-0.733,1.631,-0.119,-0.126,-0.626,12.963,-0.583,0.119,6.016,3.803,0,4.297,6.397,4.139,25.749,-1.102,1.533,0,0,0,OFFBOARD
74,OUTBOUND,7.51,13.167,-0.801,1.624,-0.119,-0.126,-0.626,13.167,-0.651,0.119,6.016,3.803,0,4.297,6.397,4.139,26.166,-1.088,1.524,0,0,0,OFFBOARD
75,OUTBOUND,7.61,13.369,-0.865,1.617,-0.119,-0.126,-0.626,13.369,-0.715,0.119,6.016,3.803,0,4.297,6.397,4.139,26.589,-1.073,1.519,0,0,0,OFFBOARD
76,OUTBOUND,7.71,13.571,-0.925,1.609,-0.119,-0.126,-0.626,13.571,-0.775,0.119,6.016,3.803,0,4.297,6.397,4.139,27.014,-1.065,1.516,0,0,0,OFFBOARD
77,OUTBOUND,7.81,13.773,-0.981,1.601,-0.119,-0.126,-0.626,13.773,-0.831,0.119,6.016,3.803,0,4.297,6.397,4.139,27.441,-1.055,1.517,0,0,0,OFFBOARD
78,OUTBOUND,7.91,13.977,-1.03,1.593,-0.119,-0.126,-0.626,13.977,-0.88,0.119,6.016,3.803,0,4.297,6.397,4.139,27.862,-1.044,1.52,0,0,0,OFFBOARD
79,OUTBOUND,8.02,14.181,-1.073,1.584,-0.119,-0.126,-0.626,14.181,-0.923,0.119,6.016,3.803,0,4.297,6.397,4.139,28.281,-1.036,1.525,0,0,0,OFFBOARD
80,OUTBOUND,8.12,14.383,-1.109,1.577,-0.119,-0.126,-0.626,14.383,-0.959,0.119,6.016,3.803,0,4.297,6.397,4.139,28.697,-1.015,1.532,0,0,0,OFFBOARD
81,OUTBOUND,8.22,14.587,-1.137,1.57,-0.119,-0.126,-0.626,14.587,-0.987,0.119,6.016,3.803,0,4.297,6.397,4.139,29.106,-0.989,1.541,0,0,0,OFFBOARD
82,OUTBOUND,8.32,14.789,-1.158,1.564,-0.119,-0.126,-0.626,14.789,-1.008,0.119,6.016,3.803,0,4.297,6.397,4.139,29.513,-0.953,1.55,0,0,0,OFFBOARD
83,OUTBOUND,8.42,14.991,-1.172,1.56,-0.119,-0.126,-0.626,14.991,-1.022,0.119,6.016,3.803,0,4.297,6.397,4.139,29.913,-0.908,1.561,0,0,0,OFFBOARD
84,OUTBOUND,8.52,15.193,-1.18,1.556,-0.119,-0.126,-0.626,15.193,-1.03,0.119,6.016,3.803,0,4.297,6.397,4.139,30.295,-0.857,1.572,0,0,0,OFFBOARD
85,OUTBOUND,8.62,15.395,-1.181,1.554,-0.119,-0.126,-0.626,15.395,-1.031,0.119,6.016,3.803,0,4.297,6.397,4.139,30.674,-0.799,1.584,0,0,0,OFFBOARD
86,OUTBOUND,8.72,15.599,-1.176,1.553,-0.119,-0.126,-0.626,15.599,-1.026,0.119,6.016,3.803,0,4.297,6.397,4.139,31.029,-0.737,1.596,0,0,0,OFFBOARD
87,OUTBOUND,8.83,15.801,-1.166,1.554,-0.119,-0.126,-0.626,15.801,-1.016,0.119,6.016,3.803,0,4.297,6.397,4.139,31.371,-0.672,1.607,0,0,0,OFFBOARD
88,OUTBOUND,8.93,16.005,-1.149,1.555,-0.119,-0.126,-0.626,16.005,-0.999,0.119,6.016,3.803,0,4.297,6.397,4.139,31.711,-0.604,1.619,0,0,0,OFFBOARD
89,OUTBOUND,9.03,16.207,-1.126,1.558,-0.119,-0.126,-0.626,16.207,-0.976,0.119,6.016,3.803,0,4.297,6.397,4.139,32.04,-0.535,1.63,0,0,0,OFFBOARD
90,OUTBOUND,9.13,16.411,-1.097,1.562,-0.119,-0.126,-0.626,16.411,-0.946,0.119,6.016,3.803,0,4.297,6.397,4.139,32.379,-0.47,1.641,0,0,0,OFFBOARD
91,OUTBOUND,9.23,16.613,-1.061,1.567,-0.119,-0.126,-0.626,16.613,-0.911,0.119,6.016,3.803,0,4.297,6.397,4.139,32.702,-0.406,1.651,0,0,0,OFFBOARD
92,OUTBOUND,9.33,16.815,-1.019,1.573,-0.119,-0.126,-0.626,16.815,-0.868,0.119,6.016,3.803,0,4.297,6.397,4.139,33.032,-0.343,1.66,0,0,0,OFFBOARD
93,OUTBOUND,9.43,17.017,-0.97,1.58,-0.119,-0.126,-0.626,17.017,-0.82,0.119,6.016,3.803,0,4.297,6.397,4.139,33.35,-0.281,1.668,0,0,0,OFFBOARD
94,OUTBOUND,9.54,17.221,-0.916,1.587,-0.119,-0.126,-0.626,17.221,-0.766,0.119,6.016,3.803,0,4.297,6.397,4.139,33.665,-0.229,1.675,0,0,0,OFFBOARD
95,OUTBOUND,9.64,17.423,-0.857,1.594,-0.119,-0.126,-0.626,17.423,-0.707,0.119,6.016,3.803,0,4.297,6.397,4.139,33.961,-0.177,1.681,0,0,0,OFFBOARD
96,OUTBOUND,9.74,17.627,-0.793,1.602,-0.119,-0.126,-0.626,17.627,-0.643,0.119,6.016,3.803,0,4.297,6.397,4.139,34.228,-0.136,1.685,0,0,0,OFFBOARD
97,OUTBOUND,9.84,17.829,-0.726,1.61,-0.119,-0.126,-0.626,17.829,-0.576,0.119,6.016,3.803,0,4.297,6.397,4.139,34.484,-0.105,1.689,0,0,0,OFFBOARD
98,OUTBOUND,9.94,18.031,-0.657,1.618,-0.119,-0.126,-0.626,18.031,-0.507,0.119,6.016,3.803,0,4.297,6.397,4.139,34.764,-0.07,1.69,0,0,0,OFFBOARD
99,OUTBOUND,10.04,18.235,-0.586,1.626,-0.119,-0.126,-0.626,18.235,-0.436,0.119,6.016,3.803,0,4.297,6.397,4.139,35.001,-0.038,1.69,0,0,0,OFFBOARD
100,OUTBOUND,10.14,18.439,-0.514,1.633,-0.119,-0.126,-0.626,18.439,-0.364,0.119,6.016,3.803,0,4.297,6.397,4.139,35.191,-0.019,1.687,0,0,0,OFFBOARD
101,OUTBOUND,10.25,18.641,-0.444,1.64,-0.119,-0.126,-0.626,18.641,-0.294,0.119,6.016,3.803,0,4.297,6.397,4.139,35.333,-0.01,1.679,0,0,0,OFFBOARD
102,OUTBOUND,10.35,18.845,-0.374,1.646,-0.119,-0.126,-0.626,18.845,-0.224,0.119,6.016,3.803,0,4.297,6.397,4.139,35.448,-0.016,1.664,0,0,0,OFFBOARD
103,OUTBOUND,10.45,19.047,-0.308,1.651,-0.119,-0.126,-0.626,19.047,-0.158,0.119,6.016,3.803,0,4.297,6.397,4.139,35.548,-0.036,1.64,0,0,0,OFFBOARD
104,OUTBOUND,10.55,19.249,-0.244,1.655,-0.119,-0.126,-0.626,19.249,-0.094,0.119,6.016,3.803,0,4.297,6.397,4.139,35.648,-0.067,1.611,0,0,0,OFFBOARD
105,OUTBOUND,10.65,19.451,-0.185,1.656,-0.119,-0.126,-0.626,19.451,-0.035,0.119,6.016,3.803,0,4.297,6.397,4.139,35.748,-0.105,1.577,0,0,0,OFFBOARD
106,OUTBOUND,10.75,19.653,-0.131,1.656,-0.119,-0.126,-0.626,19.653,0.019,0.119,6.016,3.803,0,4.297,6.397,4.139,35.848,-0.143,1.54,0,0,0,OFFBOARD
107,OUTBOUND,10.85,19.855,-0.083,1.653,-0.119,-0.126,-0.626,19.855,0.067,0.119,6.016,3.803,0,4.297,6.397,4.139,35.948,-0.182,1.503,0,0,0,OFFBOARD
108,OUTBOUND,10.95,20.057,-0.042,1.647,-0.119,-0.126,-0.626,20.057,0.108,0.119,6.016,3.803,0,4.297,6.397,4.139,36.048,-0.212,1.464,0,0,0,OFFBOARD
109,OUTBOUND,11.06,20.261,-0.009,1.637,-0.119,-0.126,-0.626,20.261,0.141,0.119,6.016,3.803,0,4.297,6.397,4.139,36.148,-0.232,1.427,0,0,0,OFFBOARD
110,OUTBOUND,11.16,20.463,0.015,1.625,-0.119,-0.126,-0.626,20.463,0.165,0.119,6.016,3.803,0,4.297,6.397,4.139,36.248,-0.235,1.39,0,0,0,OFFBOARD
111,OUTBOUND,11.26,20.665,0.031,1.611,-0.119,-0.126,-0.626,20.665,0.181,0.119,6.016,3.803,0,4.297,6.397,4.139,36.348,-0.214,1.356,0,0,0,OFFBOARD
112,OUTBOUND,11.36,20.869,0.037,1.593,-0.119,-0.126,-0.626,20.869,0.187,0.119,6.016,3.803,0,4.297,6.397,4.139,36.448,-0.177,1.327,0,0,0,OFFBOARD
113,OUTBOUND,11.46,21.071,0.036,1.573,-0.119,-0.126,-0.626,21.071,0.186,0.119,6.016,3.803,0,4.297,6.397,4.139,36.548,-0.129,1.304,0,0,0,OFFBOARD
114,OUTBOUND,11.56,21.273,0.028,1.552,-0.119,-0.126,-0.626,21.273,0.178,0.119,6.016,3.803,0,4.297,6.397,4.139,36.648,-0.074,1.291,0,0,0,OFFBOARD
115,OUTBOUND,11.66,21.475,0.014,1.529,-0.119,-0.126,-0.626,21.475,0.165,0.119,6.016,3.803,0,4.297,6.397,4.139,36.748,-0.018,1.287,0,0,0,OFFBOARD
116,OUTBOUND,11.76,21.679,-0.001,1.506,-0.119,-0.126,-0.626,21.679,0.149,0.119,6.016,3.803,0,4.297,6.397,4.139,36.875,0.026,1.292,0,0,0,OFFBOARD
117,OUTBOUND,11.87,21.881,-0.018,1.483,-0.119,-0.126,-0.626,21.881,0.132,0.119,6.016,3.803,0,4.297,6.397,4.139,37.056,0.063,1.304,0,0,0,OFFBOARD
118,OUTBOUND,11.97,22.083,-0.032,1.461,-0.119,-0.126,-0.626,22.083,0.118,0.119,6.016,3.803,0,4.297,6.397,4.139,37.296,0.095,1.323,0,0,0,OFFBOARD
119,OUTBOUND,12.07,22.287,-0.043,1.442,-0.119,-0.126,-0.626,22.287,0.107,0.119,6.016,3.803,0,4.297,6.397,4.139,37.589,0.117,1.346,0,0,0,OFFBOARD
120,OUTBOUND,12.17,22.491,-0.049,1.424,-0.119,-0.126,-0.626,22.491,0.101,0.119,6.016,3.803,0,4.297,6.397,4.139,37.929,0.136,1.374,0,0,0,OFFBOARD
121,OUTBOUND,12.27,22.693,-0.049,1.41,-0.119,-0.126,-0.626,22.693,0.101,0.119,6.016,3.803,0,4.297,6.397,4.139,38.297,0.156,1.405,0,0,0,OFFBOARD
122,OUTBOUND,12.37,22.897,-0.045,1.4,-0.119,-0.126,-0.626,22.897,0.106,0.119,6.016,3.803,0,4.297,6.397,4.139,38.69,0.183,1.438,0,0,0,OFFBOARD
123,OUTBOUND,12.48,23.099,-0.035,1.393,-0.119,-0.126,-0.626,23.099,0.115,0.119,6.016,3.803,0,4.297,6.397,4.139,39.102,0.216,1.473,0,0,0,OFFBOARD
124,OUTBOUND,12.58,23.303,-0.022,1.39,-0.119,-0.126,-0.626,23.303,0.128,0.119,6.016,3.803,0,4.297,6.397,4.139,39.527,0.255,1.508,0,0,0,OFFBOARD
125,OUTBOUND,12.68,23.505,-0.005,1.39,-0.119,-0.126,-0.626,23.505,0.145,0.119,6.016,3.803,0,4.297,6.397,4.139,39.959,0.3,1.544,0,0,0,OFFBOARD
126,OUTBOUND,12.78,23.709,0.014,1.395,-0.119,-0.126,-0.626,23.709,0.164,0.119,6.016,3.803,0,4.297,6.397,4.139,40.397,0.349,1.579,0,0,0,OFFBOARD
127,OUTBOUND,12.88,23.913,0.035,1.403,-0.119,-0.126,-0.626,23.913,0.185,0.119,6.016,3.803,0,4.297,6.397,4.139,40.839,0.401,1.613,0,0,0,OFFBOARD
128,OUTBOUND,12.98,24.117,0.058,1.414,-0.119,-0.126,-0.626,24.117,0.208,0.119,6.016,3.803,0,4.297,6.397,4.139,41.283,0.454,1.646,0,0,0,OFFBOARD
129,OUTBOUND,13.08,24.319,0.083,1.429,-0.119,-0.126,-0.626,24.319,0.233,0.119,6.016,3.803,0,4.297,6.397,4.139,41.728,0.51,1.676,0,0,0,OFFBOARD
130,OUTBOUND,13.19,24.521,0.111,1.446,-0.119,-0.126,-0.626,24.521,0.261,0.119,6.016,3.803,0,4.297,6.397,4.139,42.175,0.567,1.704,0,0,0,OFFBOARD
131,OUTBOUND,13.29,24.723,0.141,1.465,-0.119,-0.126,-0.626,24.723,0.292,0.119,6.016,3.803,0,4.297,6.397,4.139,42.622,0.625,1.729,0,0,0,OFFBOARD
132,OUTBOUND,13.39,24.927,0.176,1.486,-0.119,-0.126,-0.626,24.927,0.326,0.119,6.016,3.803,0,4.297,6.397,4.139,43.067,0.683,1.75,0,0,0,OFFBOARD
133,OUTBOUND,13.49,25.129,0.214,1.508,-0.119,-0.126,-0.626,25.129,0.364,0.119,6.016,3.803,0,4.297,6.397,4.139,43.51,0.741,1.768,0,0,0,OFFBOARD
134,OUTBOUND,13.59,25.333,0.256,1.531,-0.119,-0.126,-0.626,25.333,0.406,0.119,6.016,3.803,0,4.297,6.397,4.139,43.95,0.803,1.782,0,0,0,OFFBOARD
135,OUTBOUND,13.69,25.537,0.302,1.555,-0.119,-0.126,-0.626,25.537,0.452,0.119,6.016,3.803,0,4.297,6.397,4.139,44.386,0.87,1.791,0,0,0,OFFBOARD
136,OUTBOUND,13.79,25.739,0.35,1.579,-0.119,-0.126,-0.626,25.739,0.5,0.119,6.016,3.803,0,4.297,6.397,4.139,44.814,0.941,1.795,0,0,0,OFFBOARD
137,OUTBOUND,13.9,25.941,0.402,1.602,-0.119,-0.126,-0.626,25.941,0.552,0.119,6.016,3.803,0,4.297,6.397,4.139,45.235,1.015,1.791,0,0,0,OFFBOARD
138,OUTBOUND,14.0,26.143,0.456,1.623,-0.119,-0.126,-0.626,26.143,0.606,0.119,6.016,3.803,0,4.297,6.397,4.139,45.628,1.09,1.777,0,0,0,OFFBOARD
139,OUTBOUND,14.1,26.347,0.513,1.644,-0.119,-0.126,-0.626,26.347,0.663,0.119,6.016,3.803,0,4.297,6.397,4.139,45.997,1.167,1.754,0,0,0,OFFBOARD
140,OUTBOUND,14.2,26.549,0.572,1.662,-0.119,-0.126,-0.626,26.549,0.722,0.119,6.016,3.803,0,4.297,6.397,4.139,46.328,1.245,1.724,0,0,0,OFFBOARD
141,OUTBOUND,14.3,26.753,0.634,1.677,-0.119,-0.126,-0.626,26.753,0.784,0.119,6.016,3.803,0,4.297,6.397,4.139,46.636,1.324,1.688,0,0,0,OFFBOARD
142,OUTBOUND,14.4,26.955,0.698,1.689,-0.119,-0.126,-0.626,26.955,0.848,0.119,6.016,3.803,0,4.297,6.397,4.139,46.931,1.403,1.647,0,0,0,OFFBOARD
143,OUTBOUND,14.51,27.159,0.765,1.696,-0.119,-0.126,-0.626,27.159,0.915,0.119,6.016,3.803,0,4.297,6.397,4.139,47.241,1.483,1.602,0,0,0,OFFBOARD
144,OUTBOUND,14.61,27.363,0.834,1.699,-0.119,-0.126,-0.626,27.363,0.984,0.119,6.016,3.803,0,4.297,6.397,4.139,47.596,1.563,1.556,0,0,0,OFFBOARD
145,OUTBOUND,14.71,27.565,0.905,1.698,-0.119,-0.126,-0.626,27.565,1.055,0.119,6.016,3.803,0,4.297,6.397,4.139,47.974,1.643,1.509,0,0,0,OFFBOARD
146,OUTBOUND,14.81,27.769,0.979,1.693,-0.119,-0.126,-0.626,27.769,1.129,0.119,6.016,3.803,0,4.297,6.397,4.139,48.375,1.723,1.462,0,0,0,OFFBOARD
147,OUTBOUND,14.91,27.971,1.054,1.683,-0.119,-0.126,-0.626,27.971,1.204,0.119,6.016,3.803,0,4.297,6.397,4.139,48.793,1.804,1.416,0,0,0,OFFBOARD
148,OUTBOUND,15.01,28.175,1.132,1.668,-0.119,-0.126,-0.626,28.175,1.282,0.119,6.016,3.803,0,4.297,6.397,4.139,49.221,1.884,1.372,0,0,0,OFFBOARD
149,OUTBOUND,15.11,28.377,1.211,1.65,-0.119,-0.126,-0.626,28.377,1.361,0.119,6.016,3.803,0,4.297,6.397,4.139,49.657,1.965,1.33,0,0,0,OFFBOARD
150,OUTBOUND,15.22,28.579,1.291,1.629,-0.119,-0.126,-0.626,28.579,1.441,0.119,6.016,3.803,0,4.297,6.397,4.139,50.098,2.045,1.293,0,0,0,OFFBOARD
151,OUTBOUND,15.32,28.781,1.372,1.604,-0.119,-0.126,-0.626,28.781,1.522,0.119,6.016,3.803,0,4.297,6.397,4.139,50.542,2.126,1.263,0,0,0,OFFBOARD
152,OUTBOUND,15.42,28.985,1.455,1.577,-0.119,-0.126,-0.626,28.985,1.605,0.119,6.016,3.803,0,4.297,6.397,4.139,50.988,2.206,1.246,0,0,0,OFFBOARD
153,OUTBOUND,15.52,29.189,1.539,1.548,-0.119,-0.126,-0.626,29.189,1.689,0.119,6.016,3.803,0,4.297,6.397,4.139,51.436,2.287,1.238,0,0,0,OFFBOARD
154,OUTBOUND,15.62,29.393,1.624,1.519,-0.119,-0.126,-0.626,29.393,1.774,0.119,6.016,3.803,0,4.297,6.397,4.139,51.884,2.365,1.235,0,0,0,OFFBOARD
155,OUTBOUND,15.72,29.595,1.707,1.49,-0.119,-0.126,-0.626,29.595,1.858,0.119,6.016,3.803,0,4.297,6.397,4.139,52.333,2.422,1.235,0,0,0,OFFBOARD
156,OUTBOUND,15.82,29.799,1.792,1.461,-0.119,-0.126,-0.626,29.799,1.943,0.119,6.016,3.803,0,4.297,6.397,4.139,52.782,2.442,1.241,0,0,0,OFFBOARD
157,OUTBOUND,15.93,30.001,1.877,1.435,-0.119,-0.126,-0.626,30.001,2.027,0.119,6.016,3.803,0,4.297,6.397,4.139,53.232,2.432,1.25,0,0,0,OFFBOARD
158,OUTBOUND,16.03,30.205,1.961,1.41,-0.119,-0.126,-0.626,30.205,2.111,0.119,6.016,3.803,0,4.297,6.397,4.139,53.682,2.402,1.264,0,0,0,OFFBOARD
159,OUTBOUND,16.13,30.407,2.044,1.389,-0.119,-0.126,-0.626,30.407,2.194,0.119,6.016,3.803,0,4.297,6.397,4.139,54.131,2.357,1.264,0,0,0,OFFBOARD
160,OUTBOUND,16.23,30.611,2.124,1.369,-0.119,-0.126,-0.626,30.611,2.274,0.119,6.016,3.803,0,4.297,6.397,4.139,54.581,2.301,1.258,0,0,0,OFFBOARD
161,OUTBOUND,16.33,30.813,2.2,1.353,-0.119,-0.126,-0.626,30.813,2.35,0.119,6.016,3.803,0,4.297,6.397,4.139,55.031,2.239,1.245,0,0,0,OFFBOARD
162,OUTBOUND,16.43,31.017,2.27,1.338,-0.119,-0.126,-0.626,31.017,2.42,0.119,6.016,3.803,0,4.297,6.397,4.139,55.481,2.171,1.227,0,0,0,OFFBOARD
163,OUTBOUND,16.54,31.219,2.33,1.324,-0.119,-0.126,-0.626,31.219,2.48,0.119,6.016,3.803,0,4.297,6.397,4.139,55.931,2.1,1.205,0,0,0,OFFBOARD
164,OUTBOUND,16.64,31.409,2.365,1.312,-0.119,-0.126,-0.626,31.409,2.515,0.119,6.016,3.803,0,4.297,6.397,4.139,56.381,2.026,1.178,0,0,0,OFFBOARD
165,OUTBOUND,16.74,31.577,2.366,1.3,-0.119,-0.126,-0.626,31.577,2.516,0.119,6.016,3.803,0,4.297,6.397,4.139,56.831,1.951,1.148,0,0,0,OFFBOARD
166,OUTBOUND,16.84,31.748,2.348,1.288,-0.119,-0.126,-0.626,31.748,2.498,0.119,6.016,3.803,0,4.297,6.397,4.139,57.281,1.874,1.116,0,0,0,OFFBOARD
167,OUTBOUND,16.94,31.925,2.306,1.274,-0.119,-0.126,-0.626,31.925,2.456,0.119,6.016,3.803,0,4.297,6.397,4.139,57.731,1.797,1.083,0,0,0,OFFBOARD
168,OUTBOUND,17.04,32.108,2.239,1.26,-0.119,-0.126,-0.626,32.108,2.389,0.119,6.016,3.803,0,4.297,6.397,4.139,58.18,1.719,1.049,0,0,0,OFFBOARD
169,OUTBOUND,17.14,32.304,2.148,1.244,-0.119,-0.126,-0.626,32.304,2.298,0.119,6.016,3.803,0,4.297,6.397,4.139,58.63,1.64,1.015,0,0,0,OFFBOARD
170,OUTBOUND,17.25,32.51,2.039,1.226,-0.119,-0.126,-0.626,32.51,2.189,0.119,6.016,3.803,0,4.297,6.397,4.139,59.08,1.562,0.98,0,0,0,OFFBOARD
171,OUTBOUND,17.35,32.729,1.916,1.207,-0.119,-0.126,-0.626,32.729,2.066,0.119,6.016,3.803,0,4.297,6.397,4.139,59.53,1.483,1.007,0,0,0,OFFBOARD
172,OUTBOUND,17.45,32.955,1.789,1.187,-0.119,-0.126,-0.626,32.955,1.939,0.119,6.016,3.803,0,4.297,6.397,4.139,59.98,1.404,1.037,0,0,0,OFFBOARD
173,OUTBOUND,17.55,33.19,1.658,1.168,-0.119,-0.126,-0.626,33.19,1.808,0.119,6.016,3.803,0,4.297,6.397,4.139,60.43,1.324,1.069,0,0,0,OFFBOARD
174,OUTBOUND,17.65,33.428,1.529,1.152,-0.119,-0.126,-0.626,33.428,1.679,0.119,6.016,3.803,0,4.297,6.397,4.139,60.88,1.245,1.101,0,0,0,OFFBOARD
175,OUTBOUND,17.75,33.671,1.4,1.138,-0.119,-0.126,-0.626,33.671,1.55,0.119,6.016,3.803,0,4.297,6.397,4.139,61.33,1.166,1.133,0,0,0,OFFBOARD
176,OUTBOUND,17.85,33.911,1.272,1.127,-0.119,-0.126,-0.626,33.911,1.422,0.119,6.016,3.803,0,4.297,6.397,4.139,61.78,1.087,1.165,0,0,0,OFFBOARD
177,OUTBOUND,17.96,34.151,1.141,1.12,-0.119,-0.126,-0.626,34.151,1.291,0.119,6.016,3.803,0,4.297,6.397,4.139,62.23,1.007,1.198,0,0,0,OFFBOARD
178,OUTBOUND,18.06,34.385,1.005,1.117,-0.119,-0.126,-0.626,34.385,1.155,0.119,6.016,3.803,0,4.297,6.397,4.139,62.68,0.928,1.23,0,0,0,OFFBOARD
179,OUTBOUND,18.16,34.617,0.861,1.118,-0.119,-0.126,-0.626,34.617,1.011,0.119,6.016,3.803,0,4.297,6.397,4.139,63.13,0.848,1.261,0,0,0,OFFBOARD
180,OUTBOUND,18.26,34.841,0.713,1.122,-0.119,-0.126,-0.626,34.841,0.863,0.119,6.016,3.803,0,4.297,6.397,4.139,63.58,0.77,1.292,0,0,0,OFFBOARD
181,OUTBOUND,18.36,35.061,0.57,1.129,-0.119,-0.126,-0.626,35.061,0.72,0.119,6.016,3.803,0,4.297,6.397,4.139,64.03,0.725,1.323,0,0,0,OFFBOARD
182,OUTBOUND,18.46,35.278,0.445,1.14,-0.119,-0.126,-0.626,35.278,0.595,0.119,6.016,3.803,0,4.297,6.397,4.139,64.48,0.718,1.354,0,0,0,OFFBOARD
183,OUTBOUND,18.56,35.492,0.352,1.153,-0.119,-0.126,-0.626,35.492,0.502,0.119,6.016,3.803,0,4.297,6.397,4.139,64.93,0.737,1.384,0,0,0,OFFBOARD
184,OUTBOUND,18.67,35.707,0.305,1.168,-0.119,-0.126,-0.626,35.707,0.455,0.119,6.016,3.803,0,4.297,6.397,4.139,65.379,0.774,1.415,0,0,0,OFFBOARD
185,OUTBOUND,18.77,35.926,0.312,1.186,-0.119,-0.126,-0.626,35.926,0.462,0.119,6.016,3.803,0,4.297,6.397,4.139,65.829,0.824,1.443,0,0,0,OFFBOARD
186,OUTBOUND,18.87,36.144,0.368,1.206,-0.119,-0.126,-0.626,36.144,0.518,0.119,6.016,3.803,0,4.297,6.397,4.139,66.278,0.884,1.468,0,0,0,OFFBOARD
187,OUTBOUND,18.97,36.365,0.465,1.227,-0.119,-0.126,-0.626,36.365,0.615,0.119,6.016,3.803,0,4.297,6.397,4.139,66.728,0.95,1.49,0,0,0,OFFBOARD
188,OUTBOUND,19.07,36.589,0.59,1.249,-0.119,-0.126,-0.626,36.589,0.741,0.119,6.016,3.803,0,4.297,6.397,4.139,67.178,1.02,1.513,0,0,0,OFFBOARD
189,OUTBOUND,19.17,36.812,0.731,1.272,-0.119,-0.126,-0.626,36.812,0.881,0.119,6.016,3.803,0,4.297,6.397,4.139,67.628,1.093,1.533,0,0,0,OFFBOARD
190,OUTBOUND,19.27,37.037,0.881,1.296,-0.119,-0.126,-0.626,37.037,1.031,0.119,6.016,3.803,0,4.297,6.397,4.139,68.078,1.164,1.551,0,0,0,OFFBOARD
191,OUTBOUND,19.38,37.259,1.031,1.32,-0.119,-0.126,-0.626,37.259,1.181,0.119,6.016,3.803,0,4.297,6.397,4.139,68.528,1.226,1.568,0,0,0,OFFBOARD
192,OUTBOUND,19.48,37.483,1.182,1.344,-0.119,-0.126,-0.626,37.483,1.332,0.119,6.016,3.803,0,4.297,6.397,4.139,68.978,1.263,1.581,0,0,0,OFFBOARD
193,OUTBOUND,19.58,37.705,1.332,1.369,-0.119,-0.126,-0.626,37.705,1.482,0.119,6.016,3.803,0,4.297,6.397,4.139,69.428,1.268,1.592,0,0,0,OFFBOARD
194,OUTBOUND,19.68,37.925,1.48,1.392,-0.119,-0.126,-0.626,37.925,1.63,0.119,6.016,3.803,0,4.297,6.397,4.139,69.878,1.248,1.599,0,0,0,OFFBOARD
195,OUTBOUND,19.78,38.141,1.619,1.415,-0.119,-0.126,-0.626,38.141,1.769,0.119,6.016,3.803,0,4.297,6.397,4.139,70.328,1.211,1.601,0,0,0,OFFBOARD
196,OUTBOUND,19.88,38.354,1.746,1.436,-0.119,-0.126,-0.626,38.354,1.896,0.119,6.016,3.803,0,4.297,6.397,4.139,70.778,1.16,1.6,0,0,0,OFFBOARD
197,OUTBOUND,19.98,38.565,1.851,1.456,-0.119,-0.126,-0.626,38.565,2.001,0.119,6.016,3.803,0,4.297,6.397,4.139,71.227,1.102,1.597,0,0,0,OFFBOARD
198,OUTBOUND,20.09,38.776,1.926,1.474,-0.119,-0.126,-0.626,38.776,2.076,0.119,6.016,3.803,0,4.297,6.397,4.139,71.677,1.037,1.594,0,0,0,OFFBOARD
199,OUTBOUND,20.19,38.986,1.961,1.491,-0.119,-0.126,-0.626,38.986,2.111,0.119,6.016,3.803,0,4.297,6.397,4.139,72.127,0.967,1.593,0,0,0,OFFBOARD
200,OUTBOUND,20.29,39.194,1.951,1.506,-0.119,-0.126,-0.626,39.194,2.101,0.119,6.016,3.803,0,4.297,6.397,4.139,72.577,0.895,1.593,0,0,0,OFFBOARD
201,OUTBOUND,20.39,39.404,1.898,1.52,-0.119,-0.126,-0.626,39.404,2.048,0.119,6.016,3.803,0,4.297,6.397,4.139,73.027,0.821,1.592,0,0,0,OFFBOARD
202,OUTBOUND,20.49,39.611,1.809,1.531,-0.119,-0.126,-0.626,39.611,1.959,0.119,6.016,3.803,0,4.297,6.397,4.139,73.477,0.746,1.592,0,0,0,OFFBOARD
203,OUTBOUND,20.59,39.82,1.69,1.541,-0.119,-0.126,-0.626,39.82,1.84,0.119,6.016,3.803,0,4.297,6.397,4.139,73.927,0.672,1.591,0,0,0,OFFBOARD
204,OUTBOUND,20.69,40.03,1.55,1.55,-0.119,-0.126,-0.626,40.03,1.7,0.119,6.016,3.803,0,4.297,6.397,4.139,74.377,0.604,1.59,0,0,0,OFFBOARD
205,OUTBOUND,20.8,40.242,1.397,1.557,-0.119,-0.126,-0.626,40.242,1.547,0.119,6.016,3.803,0,4.297,6.397,4.139,74.827,0.556,1.589,0,0,0,OFFBOARD
206,OUTBOUND,20.9,40.455,1.238,1.564,-0.119,-0.126,-0.626,40.455,1.388,0.119,6.016,3.803,0,4.297,6.397,4.139,75.277,0.542,1.585,0,0,0,OFFBOARD
207,OUTBOUND,21.0,40.665,1.078,1.569,-0.119,-0.126,-0.626,40.665,1.228,0.119,6.016,3.803,0,4.297,6.397,4.139,75.727,0.555,1.581,0,0,0,OFFBOARD
208,OUTBOUND,21.1,40.875,0.918,1.573,-0.119,-0.126,-0.626,40.875,1.068,0.119,6.016,3.803,0,4.297,6.397,4.139,76.177,0.589,1.574,0,0,0,OFFBOARD
209,OUTBOUND,21.2,41.084,0.762,1.576,-0.119,-0.126,-0.626,41.084,0.912,0.119,6.016,3.803,0,4.297,6.397,4.139,76.627,0.637,1.561,0,0,0,OFFBOARD
210,OUTBOUND,21.3,41.292,0.614,1.578,-0.119,-0.126,-0.626,41.292,0.764,0.119,6.016,3.803,0,4.297,6.397,4.139,77.077,0.695,1.544,0,0,0,OFFBOARD
211,OUTBOUND,21.4,41.501,0.477,1.578,-0.119,-0.126,-0.626,41.501,0.627,0.119,6.016,3.803,0,4.297,6.397,4.139,77.522,0.759,1.523,0,0,0,OFFBOARD
212,OUTBOUND,21.51,41.709,0.358,1.578,-0.119,-0.126,-0.626,41.709,0.509,0.119,6.016,3.803,0,4.297,6.397,4.139,77.918,0.829,1.499,0,0,0,OFFBOARD
213,OUTBOUND,21.61,41.916,0.265,1.575,-0.119,-0.126,-0.626,41.916,0.415,0.119,6.016,3.803,0,4.297,6.397,4.139,78.239,0.901,1.474,0,0,0,OFFBOARD
214,OUTBOUND,21.71,42.12,0.201,1.571,-0.119,-0.126,-0.626,42.12,0.351,0.119,6.016,3.803,0,4.297,6.397,4.139,78.462,0.976,1.448,0,0,0,OFFBOARD
215,OUTBOUND,21.81,42.324,0.169,1.565,-0.119,-0.126,-0.626,42.324,0.319,0.119,6.016,3.803,0,4.297,6.397,4.139,78.614,1.053,1.422,0,0,0,OFFBOARD
216,OUTBOUND,21.91,42.528,0.17,1.556,-0.119,-0.126,-0.626,42.528,0.32,0.119,6.016,3.803,0,4.297,6.397,4.139,78.719,1.131,1.396,0,0,0,OFFBOARD
217,OUTBOUND,22.01,42.734,0.202,1.546,-0.119,-0.126,-0.626,42.734,0.352,0.119,6.016,3.803,0,4.297,6.397,4.139,78.819,1.21,1.371,0,0,0,OFFBOARD
218,OUTBOUND,22.12,42.938,0.263,1.535,-0.119,-0.126,-0.626,42.938,0.413,0.119,6.016,3.803,0,4.297,6.397,4.139,78.919,1.289,1.348,0,0,0,OFFBOARD
219,OUTBOUND,22.22,43.145,0.35,1.521,-0.119,-0.126,-0.626,43.145,0.5,0.119,6.016,3.803,0,4.297,6.397,4.139,79.019,1.369,1.326,0,0,0,OFFBOARD
220,OUTBOUND,22.32,43.349,0.455,1.506,-0.119,-0.126,-0.626,43.349,0.605,0.119,6.016,3.803,0,4.297,6.397,4.139,79.2,1.448,1.307,0,0,0,OFFBOARD
221,OUTBOUND,22.42,43.554,0.575,1.49,-0.119,-0.126,-0.626,43.554,0.725,0.119,6.016,3.803,0,4.297,6.397,4.139,79.469,1.529,1.293,0,0,0,OFFBOARD
222,OUTBOUND,22.52,43.761,0.706,1.473,-0.119,-0.126,-0.626,43.761,0.856,0.119,6.016,3.803,0,4.297,6.397,4.139,79.801,1.609,1.29,0,0,0,OFFBOARD
223,OUTBOUND,22.62,43.966,0.84,1.456,-0.119,-0.126,-0.626,43.966,0.99,0.119,6.016,3.803,0,4.297,6.397,4.139,80.174,1.689,1.296,0,0,0,OFFBOARD
224,OUTBOUND,22.72,44.172,0.977,1.438,-0.119,-0.126,-0.626,44.172,1.127,0.119,6.016,3.803,0,4.297,6.397,4.139,80.574,1.767,1.307,0,0,0,OFFBOARD
225,OUTBOUND,22.83,44.376,1.109,1.422,-0.119,-0.126,-0.626,44.376,1.259,0.119,6.016,3.803,0,4.297,6.397,4.139,80.992,1.824,1.32,0,0,0,OFFBOARD
226,OUTBOUND,22.93,44.582,1.237,1.407,-0.119,-0.126,-0.626,44.582,1.387,0.119,6.016,3.803,0,4.297,6.397,4.139,81.421,1.842,1.331,0,0,0,OFFBOARD
227,OUTBOUND,23.03,44.786,1.356,1.395,-0.119,-0.126,-0.626,44.786,1.506,0.119,6.016,3.803,0,4.297,6.397,4.139,81.857,1.831,1.342,0,0,0,OFFBOARD
228,OUTBOUND,23.13,44.991,1.467,1.384,-0.119,-0.126,-0.626,44.991,1.617,0.119,6.016,3.803,0,4.297,6.397,4.139,82.298,1.8,1.352,0,0,0,OFFBOARD
229,OUTBOUND,23.23,45.194,1.567,1.375,-0.119,-0.126,-0.626,45.194,1.717,0.119,6.016,3.803,0,4.297,6.397,4.139,82.742,1.754,1.36,0,0,0,OFFBOARD
230,OUTBOUND,23.33,45.396,1.656,1.368,-0.119,-0.126,-0.626,45.396,1.806,0.119,6.016,3.803,0,4.297,6.397,4.139,83.189,1.698,1.368,0,0,0,OFFBOARD
231,OUTBOUND,23.43,45.601,1.733,1.363,-0.119,-0.126,-0.626,45.601,1.883,0.119,6.016,3.803,0,4.297,6.397,4.139,83.636,1.635,1.375,0,0,0,OFFBOARD
232,OUTBOUND,23.54,45.803,1.795,1.36,-0.119,-0.126,-0.626,45.803,1.945,0.119,6.016,3.803,0,4.297,6.397,4.139,84.084,1.568,1.382,0,0,0,OFFBOARD
233,OUTBOUND,23.64,46.006,1.842,1.358,-0.119,-0.126,-0.626,46.006,1.992,0.119,6.016,3.803,0,4.297,6.397,4.139,84.533,1.496,1.389,0,0,0,OFFBOARD
234,OUTBOUND,23.74,46.21,1.874,1.358,-0.119,-0.126,-0.626,46.21,2.024,0.119,6.016,3.803,0,4.297,6.397,4.139,84.983,1.423,1.396,0,0,0,OFFBOARD
235,OUTBOUND,23.84,46.412,1.89,1.358,-0.119,-0.126,-0.626,46.412,2.04,0.119,6.016,3.803,0,4.297,6.397,4.139,85.432,1.347,1.402,0,0,0,OFFBOARD
236,OUTBOUND,23.94,46.617,1.89,1.36,-0.119,-0.126,-0.626,46.617,2.04,0.119,6.016,3.803,0,4.297,6.397,4.139,85.882,1.27,1.409,0,0,0,OFFBOARD
237,OUTBOUND,24.04,46.819,1.875,1.362,-0.119,-0.126,-0.626,46.819,2.025,0.119,6.016,3.803,0,4.297,6.397,4.139,86.332,1.193,1.416,0,0,0,OFFBOARD
238,OUTBOUND,24.14,47.023,1.847,1.366,-0.119,-0.126,-0.626,47.023,1.997,0.119,6.016,3.803,0,4.297,6.397,4.139,86.782,1.115,1.423,0,0,0,OFFBOARD
239,OUTBOUND,24.24,47.226,1.806,1.369,-0.119,-0.126,-0.626,47.226,1.957,0.119,6.016,3.803,0,4.297,6.397,4.139,87.232,1.036,1.428,0,0,0,OFFBOARD
240,OUTBOUND,24.35,47.428,1.756,1.374,-0.119,-0.126,-0.626,47.428,1.906,0.119,6.016,3.803,0,4.297,6.397,4.139,87.682,0.958,1.433,0,0,0,OFFBOARD
241,OUTBOUND,24.45,47.63,1.697,1.379,-0.119,-0.126,-0.626,47.63,1.847,0.119,6.016,3.803,0,4.297,6.397,4.139,88.132,0.879,1.438,0,0,0,OFFBOARD
242,OUTBOUND,24.55,47.833,1.632,1.384,-0.119,-0.126,-0.626,47.833,1.782,0.119,6.016,3.803,0,4.297,6.397,4.139,88.582,0.8,1.442,0,0,0,OFFBOARD
243,OUTBOUND,24.65,48.037,1.561,1.389,-0.119,-0.126,-0.626,48.037,1.711,0.119,6.016,3.803,0,4.297,6.397,4.139,89.032,0.72,1.446,0,0,0,OFFBOARD
244,OUTBOUND,24.75,48.241,1.486,1.394,-0.119,-0.126,-0.626,48.241,1.636,0.119,6.016,3.803,0,4.297,6.397,4.139,89.482,0.641,1.45,0,0,0,OFFBOARD
245,OUTBOUND,24.85,48.443,1.408,1.4,-0.119,-0.126,-0.626,48.443,1.558,0.119,6.016,3.803,0,4.297,6.397,4.139,89.932,0.562,1.453,0,0,0,OFFBOARD
246,OUTBOUND,24.96,48.645,1.328,1.405,-0.119,-0.126,-0.626,48.645,1.478,0.119,6.016,3.803,0,4.297,6.397,4.139,90.382,0.483,1.456,0,0,0,OFFBOARD
247,OUTBOUND,25.06,48.85,1.246,1.41,-0.119,-0.126,-0.626,48.849,1.396,0.119,6.016,3.803,0,4.297,6.397,4.139,90.832,0.403,1.459,0,0,0,OFFBOARD
248,OUTBOUND,25.16,49.052,1.163,1.415,-0.119,-0.126,-0.626,49.051,1.313,0.119,6.016,3.803,0,4.297,6.397,4.139,91.282,0.324,1.46,0,0,0,OFFBOARD
249,OUTBOUND,25.26,49.254,1.08,1.42,-0.119,-0.126,-0.626,49.253,1.23,0.119,6.016,3.803,0,4.297,6.397,4.139,91.732,0.245,1.461,0,0,0,OFFBOARD
250,OUTBOUND,25.36,49.457,0.994,1.425,-0.119,-0.126,-0.626,49.457,1.144,0.119,6.016,3.803,0,4.297,6.397,4.139,92.181,0.17,1.461,0,0,0,OFFBOARD
251,OUTBOUND,25.46,49.659,0.909,1.429,-0.119,-0.126,-0.626,49.659,1.059,0.119,6.016,3.803,0,4.297,6.397,4.139,92.631,0.105,1.46,0,0,0,OFFBOARD
252,OUTBOUND,25.56,49.861,0.823,1.433,-0.119,-0.126,-0.626,49.861,0.973,0.119,6.016,3.803,0,4.297,6.397,4.139,93.081,0.061,1.458,0,0,0,OFFBOARD
253,OUTBOUND,25.66,50.065,0.735,1.437,-0.119,-0.126,-0.626,50.065,0.885,0.119,6.016,3.803,0,4.297,6.397,4.139,93.531,0.051,1.459,0,0,0,OFFBOARD
254,OUTBOUND,25.77,50.267,0.649,1.44,-0.119,-0.126,-0.626,50.267,0.799,0.119,6.016,3.803,0,4.297,6.397,4.139,93.981,0.068,1.461,0,0,0,OFFBOARD
255,OUTBOUND,25.87,50.469,0.563,1.443,-0.119,-0.126,-0.626,50.469,0.713,0.119,6.016,3.803,0,4.297,6.397,4.139,94.43,0.103,1.466,0,0,0,OFFBOARD
256,OUTBOUND,25.97,50.673,0.477,1.446,-0.119,-0.126,-0.626,50.673,0.627,0.119,6.016,3.803,0,4.297,6.397,4.139,94.876,0.153,1.47,0,0,0,OFFBOARD
257,OUTBOUND,26.07,50.875,0.395,1.448,-0.119,-0.126,-0.626,50.875,0.545,0.119,6.016,3.803,0,4.297,6.397,4.139,95.313,0.211,1.473,0,0,0,OFFBOARD
258,OUTBOUND,26.17,51.079,0.316,1.451,-0.119,-0.126,-0.626,51.079,0.466,0.119,6.016,3.803,0,4.297,6.397,4.139,95.72,0.276,1.473,0,0,0,OFFBOARD
259,OUTBOUND,26.27,51.283,0.244,1.453,-0.119,-0.126,-0.626,51.283,0.395,0.119,6.016,3.803,0,4.297,6.397,4.139,96.059,0.346,1.47,0,0,0,OFFBOARD
260,OUTBOUND,26.38,51.485,0.182,1.455,-0.119,-0.126,-0.626,51.485,0.332,0.119,6.016,3.803,0,4.297,6.397,4.139,96.358,0.419,1.465,0,0,0,OFFBOARD
261,OUTBOUND,26.48,51.689,0.13,1.457,-0.119,-0.126,-0.626,51.689,0.28,0.119,6.016,3.803,0,4.297,6.397,4.139,96.606,0.494,1.458,0,0,0,OFFBOARD
262,OUTBOUND,26.58,51.891,0.091,1.459,-0.119,-0.126,-0.626,51.891,0.241,0.119,6.016,3.803,0,4.297,6.397,4.139,96.797,0.571,1.449,0,0,0,OFFBOARD
263,OUTBOUND,26.68,52.093,0.065,1.46,-0.119,-0.126,-0.626,52.093,0.215,0.119,6.016,3.803,0,4.297,6.397,4.139,96.941,0.649,1.439,0,0,0,OFFBOARD
264,OUTBOUND,26.78,52.295,0.053,1.46,-0.119,-0.126,-0.626,52.295,0.203,0.119,6.016,3.803,0,4.297,6.397,4.139,97.042,0.728,1.428,0,0,0,OFFBOARD
265,OUTBOUND,26.88,52.497,0.054,1.459,-0.119,-0.126,-0.626,52.497,0.204,0.119,6.016,3.803,0,4.297,6.397,4.139,97.142,0.807,1.416,0,0,0,OFFBOARD
266,OUTBOUND,26.98,52.701,0.069,1.458,-0.119,-0.126,-0.626,52.701,0.219,0.119,6.016,3.803,0,4.297,6.397,4.139,97.242,0.887,1.405,0,0,0,OFFBOARD
267,OUTBOUND,27.08,52.903,0.096,1.455,-0.119,-0.126,-0.626,52.903,0.246,0.119,6.016,3.803,0,4.297,6.397,4.139,97.342,0.967,1.393,0,0,0,OFFBOARD
268,OUTBOUND,27.19,53.107,0.136,1.452,-0.119,-0.126,-0.626,53.107,0.286,0.119,6.016,3.803,0,4.297,6.397,4.139,97.442,1.047,1.381,0,0,0,OFFBOARD
269,OUTBOUND,27.29,53.309,0.186,1.448,-0.119,-0.126,-0.626,53.309,0.336,0.119,6.016,3.803,0,4.297,6.397,4.139,97.542,1.127,1.371,0,0,0,OFFBOARD
270,OUTBOUND,27.39,53.511,0.246,1.442,-0.119,-0.126,-0.626,53.511,0.396,0.119,6.016,3.803,0,4.297,6.397,4.139,97.642,1.207,1.361,0,0,0,OFFBOARD
271,OUTBOUND,27.49,53.715,0.315,1.437,-0.119,-0.126,-0.626,53.715,0.465,0.119,6.016,3.803,0,4.297,6.397,4.139,97.762,1.288,1.353,0,0,0,OFFBOARD
272,OUTBOUND,27.59,53.917,0.391,1.43,-0.119,-0.126,-0.626,53.917,0.541,0.119,6.016,3.803,0,4.297,6.397,4.139,97.93,1.368,1.346,0,0,0,OFFBOARD
273,OUTBOUND,27.69,54.121,0.474,1.423,-0.119,-0.126,-0.626,54.12,0.624,0.119,6.016,3.803,0,4.297,6.397,4.139,98.177,1.448,1.341,0,0,0,OFFBOARD
274,OUTBOUND,27.79,54.322,0.563,1.416,-0.119,-0.126,-0.626,54.322,0.713,0.119,6.016,3.803,0,4.297,6.397,4.139,98.479,1.529,1.339,0,0,0,OFFBOARD
275,OUTBOUND,27.89,54.524,0.656,1.408,-0.119,-0.126,-0.626,54.524,0.806,0.119,6.016,3.803,0,4.297,6.397,4.139,98.809,1.609,1.338,0,0,0,OFFBOARD
276,OUTBOUND,28.0,54.726,0.752,1.401,-0.119,-0.126,-0.626,54.726,0.902,0.119,6.016,3.803,0,4.297,6.397,4.139,99.176,1.69,1.339,0,0,0,OFFBOARD
277,OUTBOUND,28.1,54.928,0.852,1.394,-0.119,-0.126,-0.626,54.928,1.002,0.119,6.016,3.803,0,4.297,6.397,4.139,99.569,1.77,1.342,0,0,0,OFFBOARD
278,OUTBOUND,28.2,55.13,0.953,1.388,-0.119,-0.126,-0.626,55.13,1.103,0.119,6.016,3.803,0,4.297,6.397,4.139,99.981,1.836,1.347,0,0,0,OFFBOARD
279,OUTBOUND,28.3,55.334,1.057,1.382,-0.119,-0.126,-0.626,55.334,1.207,0.119,6.016,3.803,0,4.297,6.397,4.139,100.0,1.868,1.354,0,0,0,OFFBOARD
280,OUTBOUND,28.4,55.536,1.16,1.376,-0.119,-0.126,-0.626,55.536,1.31,0.119,6.016,3.803,0,4.297,6.397,4.139,100.0,1.868,1.363,0,0,0,OFFBOARD
281,OUTBOUND,28.5,55.74,1.264,1.372,-0.119,-0.126,-0.626,55.74,1.414,0.119,6.016,3.803,0,4.297,6.397,4.139,100.0,1.844,1.373,0,0,0,OFFBOARD
282,OUTBOUND,28.61,55.944,1.366,1.369,-0.119,-0.126,-0.626,55.944,1.517,0.119,6.016,3.803,0,4.297,6.397,4.139,100.0,1.804,1.384,0,0,0,OFFBOARD
283,OUTBOUND,28.71,56.148,1.466,1.367,-0.119,-0.126,-0.626,56.148,1.616,0.119,6.016,3.803,0,4.297,6.397,4.139,100.0,1.752,1.395,0,0,0,OFFBOARD
284,OUTBOUND,28.81,56.35,1.559,1.366,-0.119,-0.126,-0.626,56.35,1.709,0.119,6.016,3.803,0,4.297,6.397,4.139,100.0,1.691,1.409,0,0,0,OFFBOARD
285,OUTBOUND,28.91,56.554,1.646,1.367,-0.119,-0.126,-0.626,56.554,1.796,0.119,6.016,3.803,0,4.297,6.397,4.139,100.0,1.625,1.423,0,0,0,OFFBOARD
286,OUTBOUND,29.01,56.756,1.723,1.369,-0.119,-0.126,-0.626,56.756,1.873,0.119,6.016,3.803,0,4.297,6.397,4.139,100.0,1.555,1.439,0,0,0,OFFBOARD
287,OUTBOUND,29.11,56.96,1.789,1.372,-0.119,-0.126,-0.626,56.96,1.939,0.119,6.016,3.803,0,4.297,6.397,4.139,100.0,1.482,1.458,0,0,0,OFFBOARD
288,OUTBOUND,29.21,57.162,1.84,1.376,-0.119,-0.126,-0.626,57.162,1.99,0.119,6.016,3.803,0,4.297,6.397,4.139,100.0,1.407,1.478,0,0,0,OFFBOARD
289,OUTBOUND,29.32,57.366,1.878,1.382,-0.119,-0.126,-0.626,57.366,2.028,0.119,6.016,3.803,0,4.297,6.397,4.139,100.0,1.331,1.501,0,0,0,OFFBOARD
290,OUTBOUND,29.42,57.569,1.899,1.389,-0.119,-0.126,-0.626,57.568,2.049,0.119,6.016,3.803,0,4.297,6.397,4.139,100.0,1.254,1.525,0,0,0,OFFBOARD
291,OUTBOUND,29.52,57.771,1.906,1.398,-0.119,-0.126,-0.626,57.77,2.056,0.119,6.016,3.803,0,4.297,6.397,4.139,100.0,1.176,1.55,0,0,0,OFFBOARD
292,OUTBOUND,29.62,57.973,1.897,1.408,-0.119,-0.126,-0.626,57.972,2.047,0.119,6.016,3.803,0,4.297,6.397,4.139,100.0,1.098,1.576,0,0,0,OFFBOARD
293,OUTBOUND,29.72,58.175,1.875,1.42,-0.119,-0.126,-0.626,58.174,2.025,0.119,6.016,3.803,0,4.297,6.397,4.139,100.0,1.019,1.602,0,0,0,OFFBOARD
294,OUTBOUND,29.82,58.379,1.839,1.434,-0.119,-0.126,-0.626,58.378,1.99,0.119,6.016,3.803,0,4.297,6.397,4.139,100.0,0.94,1.627,0,0,0,OFFBOARD
295,OUTBOUND,29.92,58.581,1.792,1.448,-0.119,-0.126,-0.626,58.58,1.943,0.119,6.016,3.803,0,4.297,6.397,4.139,100.0,0.861,1.651,0,0,0,OFFBOARD
296,OUTBOUND,30.02,58.783,1.735,1.464,-0.119,-0.126,-0.626,58.782,1.885,0.119,6.016,3.803,0,4.297,6.397,4.139,100.0,0.782,1.673,0,0,0,OFFBOARD
297,OUTBOUND,30.13,58.987,1.668,1.482,-0.119,-0.126,-0.626,58.986,1.818,0.119,6.016,3.803,0,4.297,6.397,4.139,100.0,0.703,1.693,0,0,0,OFFBOARD
298,OUTBOUND,30.23,59.189,1.594,1.5,-0.119,-0.126,-0.626,59.188,1.744,0.119,6.016,3.803,0,4.297,6.397,4.139,100.0,0.624,1.71,0,0,0,OFFBOARD
299,OUTBOUND,30.33,59.391,1.512,1.518,-0.119,-0.126,-0.626,59.39,1.662,0.119,6.016,3.803,0,4.297,6.397,4.139,100.0,0.544,1.725,0,0,0,OFFBOARD
300,OUTBOUND,30.43,59.595,1.425,1.538,-0.119,-0.126,-0.626,59.594,1.575,0.119,6.016,3.803,0,4.297,6.397,4.139,100.0,0.465,1.735,0,0,0,OFFBOARD
301,OUTBOUND,30.53,59.797,1.333,1.557,-0.119,-0.126,-0.626,59.797,1.483,0.119,6.016,3.803,0,4.297,6.397,4.139,100.0,0.386,1.742,0,0,0,OFFBOARD
302,OUTBOUND,30.63,59.999,1.238,1.576,-0.119,-0.126,-0.626,59.999,1.388,0.119,6.016,3.803,0,4.297,6.397,4.139,100.0,0.306,1.743,0,0,0,OFFBOARD
303,OUTBOUND,30.73,60.203,1.139,1.594,-0.119,-0.126,-0.626,60.203,1.289,0.119,6.016,3.803,0,4.297,6.397,4.139,100.0,0.228,1.736,0,0,0,OFFBOARD
304,OUTBOUND,30.83,60.405,1.038,1.611,-0.119,-0.126,-0.626,60.405,1.188,0.119,6.016,3.803,0,4.297,6.397,4.139,100.0,0.154,1.723,0,0,0,OFFBOARD
305,OUTBOUND,30.94,60.607,0.937,1.627,-0.119,-0.126,-0.626,60.607,1.087,0.119,6.016,3.803,0,4.297,6.397,4.139,100.0,0.118,1.703,0,0,0,OFFBOARD
306,OUTBOUND,31.04,60.811,0.834,1.641,-0.119,-0.126,-0.626,60.811,0.984,0.119,6.016,3.803,0,4.297,6.397,4.139,100.0,0.117,1.677,0,0,0,OFFBOARD
307,OUTBOUND,31.14,61.013,0.733,1.652,-0.119,-0.126,-0.626,61.013,0.883,0.119,6.016,3.803,0,4.297,6.397,4.139,100.0,0.141,1.645,0,0,0,OFFBOARD
308,OUTBOUND,31.24,61.217,0.631,1.66,-0.119,-0.126,-0.626,61.217,0.781,0.119,6.016,3.803,0,4.297,6.397,4.139,100.0,0.182,1.608,0,0,0,OFFBOARD
309,OUTBOUND,31.34,61.421,0.533,1.665,-0.119,-0.126,-0.626,61.421,0.683,0.119,6.016,3.803,0,4.297,6.397,4.139,100.0,0.234,1.568,0,0,0,OFFBOARD
310,OUTBOUND,31.44,61.623,0.44,1.667,-0.119,-0.126,-0.626,61.623,0.59,0.119,6.016,3.803,0,4.297,6.397,4.139,100.0,0.295,1.527,0,0,0,OFFBOARD
311,OUTBOUND,31.55,61.825,0.353,1.664,-0.119,-0.126,-0.626,61.825,0.503,0.119,6.016,3.803,0,4.297,6.397,4.139,100.0,0.362,1.485,0,0,0,OFFBOARD
312,OUTBOUND,31.65,62.029,0.275,1.657,-0.119,-0.126,-0.626,62.029,0.425,0.119,6.016,3.803,0,4.297,6.397,4.139,100.0,0.433,1.444,0,0,0,OFFBOARD
313,OUTBOUND,31.75,62.231,0.208,1.647,-0.119,-0.126,-0.626,62.231,0.358,0.119,6.016,3.803,0,4.297,6.397,4.139,100.0,0.507,1.403,0,0,0,OFFBOARD
314,OUTBOUND,31.85,62.433,0.154,1.634,-0.119,-0.126,-0.626,62.433,0.304,0.119,6.016,3.803,0,4.297,6.397,4.139,100.0,0.583,1.365,0,0,0,OFFBOARD
315,OUTBOUND,31.95,62.635,0.115,1.617,-0.119,-0.126,-0.626,62.635,0.265,0.119,6.016,3.803,0,4.297,6.397,4.139,100.0,0.66,1.331,0,0,0,OFFBOARD
316,OUTBOUND,32.05,62.837,0.091,1.597,-0.119,-0.126,-0.626,62.837,0.241,0.119,6.016,3.803,0,4.297,6.397,4.139,100.0,0.738,1.304,0,0,0,OFFBOARD
317,OUTBOUND,32.15,63.037,0.082,1.575,-0.119,-0.126,-0.626,63.037,0.232,0.119,6.016,3.803,0,4.297,6.397,4.139,100.0,0.817,1.283,0,0,0,OFFBOARD
318,OUTBOUND,32.25,63.241,0.089,1.551,-0.119,-0.126,-0.626,63.241,0.239,0.119,6.016,3.803,0,4.297,6.397,4.139,100.0,0.896,1.265,0,0,0,OFFBOARD
319,OUTBOUND,32.36,63.445,0.11,1.525,-0.119,-0.126,-0.626,63.445,0.26,0.119,6.016,3.803,0,4.297,6.397,4.139,100.0,0.976,1.255,0,0,0,OFFBOARD
320,OUTBOUND,32.46,63.647,0.145,1.5,-0.119,-0.126,-0.626,63.647,0.295,0.119,6.016,3.803,0,4.297,6.397,4.139,100.0,1.056,1.249,0,0,0,OFFBOARD
321,OUTBOUND,32.56,63.851,0.192,1.474,-0.119,-0.126,-0.626,63.851,0.343,0.119,6.016,3.803,0,4.297,6.397,4.139,100.0,1.136,1.246,0,0,0,OFFBOARD
322,OUTBOUND,32.66,64.051,0.25,1.45,-0.119,-0.126,-0.626,64.051,0.4,0.119,6.016,3.803,0,4.297,6.397,4.139,100.0,1.216,1.244,0,0,0,OFFBOARD
323,OUTBOUND,32.76,64.253,0.317,1.426,-0.119,-0.126,-0.626,64.253,0.467,0.119,6.016,3.803,0,4.297,6.397,4.139,100.0,1.296,1.242,0,0,0,OFFBOARD
324,OUTBOUND,32.86,64.455,0.392,1.404,-0.119,-0.126,-0.626,64.455,0.542,0.119,6.016,3.803,0,4.297,6.397,4.139,100.0,1.376,1.243,0,0,0,OFFBOARD
325,OUTBOUND,32.96,64.653,0.472,1.384,-0.119,-0.126,-0.626,64.653,0.622,0.119,6.016,3.803,0,4.297,6.397,4.139,100.0,1.457,1.245,0,0,0,OFFBOARD
326,OUTBOUND,33.07,64.857,0.561,1.365,-0.119,-0.126,-0.626,64.857,0.711,0.119,6.016,3.803,0,4.297,6.397,4.139,100.0,1.537,1.248,0,0,0,OFFBOARD
327,OUTBOUND,33.17,65.059,0.653,1.349,-0.119,-0.126,-0.626,65.059,0.803,0.119,6.016,3.803,0,4.297,6.397,4.139,100.0,1.618,1.254,0,0,0,OFFBOARD
328,OUTBOUND,33.27,65.263,0.75,1.334,-0.119,-0.126,-0.626,65.263,0.9,0.119,6.016,3.803,0,4.297,6.397,4.139,100.0,1.696,1.269,0,0,0,OFFBOARD
329,OUTBOUND,33.37,65.465,0.85,1.321,-0.119,-0.126,-0.626,65.465,1.0,0.119,6.016,3.803,0,4.297,6.397,4.139,100.0,1.732,1.291,0,0,0,OFFBOARD
330,OUTBOUND,33.47,65.667,0.951,1.311,-0.119,-0.126,-0.626,65.667,1.101,0.119,6.016,3.803,0,4.297,6.397,4.139,100.0,1.733,1.318,0,0,0,OFFBOARD
331,OUTBOUND,33.57,65.871,1.055,1.304,-0.119,-0.126,-0.626,65.871,1.205,0.119,6.016,3.803,0,4.297,6.397,4.139,100.0,1.71,1.349,0,0,0,OFFBOARD
332,OUTBOUND,33.67,66.075,1.158,1.299,-0.119,-0.126,-0.626,66.075,1.308,0.119,6.016,3.803,0,4.297,6.397,4.139,100.0,1.67,1.383,0,0,0,OFFBOARD
333,OUTBOUND,33.78,66.277,1.259,1.298,-0.119,-0.126,-0.626,66.277,1.409,0.119,6.016,3.803,0,4.297,6.397,4.139,100.0,1.618,1.416,0,0,0,OFFBOARD
334,OUTBOUND,33.88,66.479,1.356,1.3,-0.119,-0.126,-0.626,66.479,1.506,0.119,6.016,3.803,0,4.297,6.397,4.139,100.0,1.558,1.45,0,0,0,OFFBOARD
335,OUTBOUND,33.98,66.685,1.449,1.305,-0.119,-0.126,-0.626,66.685,1.599,0.119,6.016,3.803,0,4.297,6.397,4.139,100.0,1.493,1.485,0,0,0,OFFBOARD
336,OUTBOUND,34.08,66.887,1.531,1.314,-0.119,-0.126,-0.626,66.887,1.681,0.119,6.016,3.803,0,4.297,6.397,4.139,100.0,1.423,1.521,0,0,0,OFFBOARD
337,OUTBOUND,34.18,67.089,1.601,1.326,-0.119,-0.126,-0.626,67.089,1.752,0.119,6.016,3.803,0,4.297,6.397,4.139,100.0,1.35,1.556,0,0,0,OFFBOARD
338,OUTBOUND,34.28,67.293,1.66,1.34,-0.119,-0.126,-0.626,67.293,1.81,0.119,6.016,3.803,0,4.297,6.397,4.139,100.0,1.275,1.591,0,0,0,OFFBOARD
339,OUTBOUND,34.38,67.495,1.703,1.357,-0.119,-0.126,-0.626,67.495,1.853,0.119,6.016,3.803,0,4.297,6.397,4.139,100.0,1.199,1.625,0,0,0,OFFBOARD
340,OUTBOUND,34.49,67.699,1.731,1.377,-0.119,-0.126,-0.626,67.699,1.881,0.119,6.016,3.803,0,4.297,6.397,4.139,100.0,1.122,1.658,0,0,0,OFFBOARD
341,OUTBOUND,34.59,67.901,1.743,1.398,-0.119,-0.126,-0.626,67.901,1.893,0.119,6.016,3.803,0,4.297,6.397,4.139,100.0,1.044,1.688,0,0,0,OFFBOARD
342,OUTBOUND,34.69,68.105,1.74,1.422,-0.119,-0.126,-0.626,68.105,1.89,0.119,6.016,3.803,0,4.297,6.397,4.139,100.0,0.966,1.717,0,0,0,OFFBOARD
343,OUTBOUND,34.79,68.307,1.723,1.446,-0.119,-0.126,-0.626,68.307,1.873,0.119,6.016,3.803,0,4.297,6.397,4.139,100.0,0.887,1.742,0,0,0,OFFBOARD
344,OUTBOUND,34.89,68.511,1.693,1.472,-0.119,-0.126,-0.626,68.511,1.843,0.119,6.016,3.803,0,4.297,6.397,4.139,100.0,0.808,1.764,0,0,0,OFFBOARD
345,OUTBOUND,34.99,68.711,1.651,1.499,-0.119,-0.126,-0.626,68.711,1.801,0.119,6.016,3.803,0,4.297,6.397,4.139,100.0,0.729,1.783,0,0,0,OFFBOARD
346,OUTBOUND,35.09,68.915,1.598,1.526,-0.119,-0.126,-0.626,68.915,1.748,0.119,6.016,3.803,0,4.297,6.397,4.139,100.0,0.65,1.798,0,0,0,OFFBOARD
347,OUTBOUND,35.2,69.119,1.534,1.553,-0.119,-0.126,-0.626,69.119,1.685,0.119,6.016,3.803,0,4.297,6.397,4.139,100.0,0.571,1.809,0,0,0,OFFBOARD
348,OUTBOUND,35.3,69.321,1.463,1.579,-0.119,-0.126,-0.626,69.321,1.614,0.119,6.016,3.803,0,4.297,6.397,4.139,100.0,0.491,1.813,0,0,0,OFFBOARD
349,OUTBOUND,35.4,69.523,1.385,1.605,-0.119,-0.126,-0.626,69.523,1.535,0.119,6.016,3.803,0,4.297,6.397,4.139,100.0,0.412,1.808,0,0,0,OFFBOARD
350,OUTBOUND,35.5,69.725,1.301,1.629,-0.119,-0.126,-0.626,69.725,1.451,0.119,6.016,3.803,0,4.297,6.397,4.139,100.0,0.333,1.797,0,0,0,OFFBOARD
351,OUTBOUND,35.6,69.929,1.21,1.651,-0.119,-0.126,-0.626,69.929,1.36,0.119,6.016,3.803,0,4.297,6.397,4.139,100.0,0.253,1.779,0,0,0,OFFBOARD
352,OUTBOUND,35.7,70.131,1.116,1.671,-0.119,-0.126,-0.626,70.131,1.266,0.119,6.016,3.803,0,4.297,6.397,4.139,100.0,0.176,1.754,0,0,0,OFFBOARD
353,OUTBOUND,35.81,70.335,1.018,1.688,-0.119,-0.126,-0.626,70.335,1.168,0.119,6.016,3.803,0,4.297,6.397,4.139,100.0,0.142,1.722,0,0,0,OFFBOARD
354,OUTBOUND,35.91,70.539,0.917,1.702,-0.119,-0.126,-0.626,70.539,1.067,0.119,6.016,3.803,0,4.297,6.397,4.139,100.0,0.143,1.684,0,0,0,OFFBOARD
355,OUTBOUND,36.01,70.741,0.816,1.711,-0.119,-0.126,-0.626,70.741,0.966,0.119,6.016,3.803,0,4.297,6.397,4.139,100.0,0.168,1.64,0,0,0,OFFBOARD
356,OUTBOUND,36.11,70.943,0.715,1.717,-0.119,-0.126,-0.626,70.943,0.865,0.119,6.016,3.803,0,4.297,6.397,4.139,100.0,0.21,1.593,0,0,0,OFFBOARD
357,OUTBOUND,36.21,71.147,0.614,1.718,-0.119,-0.126,-0.626,71.147,0.764,0.119,6.016,3.803,0,4.297,6.397,4.139,100.0,0.263,1.545,0,0,0,OFFBOARD
358,OUTBOUND,36.31,71.349,0.518,1.714,-0.119,-0.126,-0.626,71.349,0.668,0.119,6.016,3.803,0,4.297,6.397,4.139,100.0,0.325,1.496,0,0,0,OFFBOARD
359,OUTBOUND,36.41,71.553,0.426,1.706,-0.119,-0.126,-0.626,71.553,0.577,0.119,6.016,3.803,0,4.297,6.397,4.139,100.0,0.392,1.447,0,0,0,OFFBOARD
360,OUTBOUND,36.52,71.755,0.344,1.693,-0.119,-0.126,-0.626,71.755,0.494,0.119,6.016,3.803,0,4.297,6.397,4.139,100.0,0.463,1.399,0,0,0,OFFBOARD
361,OUTBOUND,36.62,71.959,0.272,1.676,-0.119,-0.126,-0.626,71.959,0.422,0.119,6.016,3.803,0,4.297,6.397,4.139,100.0,0.537,1.354,0,0,0,OFFBOARD
362,OUTBOUND,36.72,72.161,0.214,1.655,-0.119,-0.126,-0.626,72.161,0.364,0.119,6.016,3.803,0,4.297,6.397,4.139,100.0,0.612,1.311,0,0,0,OFFBOARD
363,OUTBOUND,36.82,72.365,0.17,1.631,-0.119,-0.126,-0.626,72.365,0.32,0.119,6.016,3.803,0,4.297,6.397,4.139,100.0,0.688,1.273,0,0,0,OFFBOARD
364,OUTBOUND,36.92,72.569,0.141,1.604,-0.119,-0.126,-0.626,72.569,0.291,0.119,6.016,3.803,0,4.297,6.397,4.139,100.0,0.765,1.241,0,0,0,OFFBOARD
365,OUTBOUND,37.02,72.771,0.129,1.575,-0.119,-0.126,-0.626,72.771,0.279,0.119,6.016,3.803,0,4.297,6.397,4.139,100.0,0.841,1.214,0,0,0,OFFBOARD
366,OUTBOUND,37.12,72.973,0.132,1.544,-0.119,-0.126,-0.626,72.973,0.282,0.119,6.016,3.803,0,4.297,6.397,4.139,100.0,0.918,1.191,0,0,0,OFFBOARD
367,OUTBOUND,37.23,73.177,0.15,1.512,-0.119,-0.126,-0.626,73.177,0.3,0.119,6.016,3.803,0,4.297,6.397,4.139,100.0,0.995,1.174,0,0,0,OFFBOARD
368,OUTBOUND,37.33,73.379,0.182,1.479,-0.119,-0.126,-0.626,73.379,0.332,0.119,6.016,3.803,0,4.297,6.397,4.139,100.0,1.072,1.161,0,0,0,OFFBOARD
369,OUTBOUND,37.43,73.583,0.226,1.447,-0.119,-0.126,-0.626,73.583,0.376,0.119,6.016,3.803,0,4.297,6.397,4.139,100.0,1.15,1.152,0,0,0,OFFBOARD
370,OUTBOUND,37.53,73.785,0.281,1.416,-0.119,-0.126,-0.626,73.785,0.431,0.119,6.016,3.803,0,4.297,6.397,4.139,100.0,1.227,1.147,0,0,0,OFFBOARD
371,OUTBOUND,37.63,73.983,0.344,1.386,-0.119,-0.126,-0.626,73.983,0.494,0.119,6.016,3.803,0,4.297,6.397,4.139,100.0,1.306,1.146,0,0,0,OFFBOARD
372,OUTBOUND,37.73,74.189,0.418,1.358,-0.119,-0.126,-0.626,74.189,0.568,0.119,6.016,3.803,0,4.297,6.397,4.139,100.0,1.385,1.149,0,0,0,OFFBOARD
373,OUTBOUND,37.83,74.393,0.498,1.331,-0.119,-0.126,-0.626,74.393,0.648,0.119,6.016,3.803,0,4.297,6.397,4.139,100.0,1.462,1.156,0,0,0,OFFBOARD
374,OUTBOUND,37.94,74.595,0.584,1.307,-0.119,-0.126,-0.626,74.595,0.734,0.119,6.016,3.803,0,4.297,6.397,4.139,100.0,1.531,1.171,0,0,0,OFFBOARD
375,OUTBOUND,38.04,74.797,0.674,1.286,-0.119,-0.126,-0.626,74.797,0.824,0.119,6.016,3.803,0,4.297,6.397,4.139,100.0,1.578,1.198,0,0,0,OFFBOARD
376,OUTBOUND,38.14,74.999,0.768,1.268,-0.119,-0.126,-0.626,74.999,0.918,0.119,6.016,3.803,0,4.297,6.397,4.139,100.0,1.592,1.235,0,0,0,OFFBOARD
377,OUTBOUND,38.24,75.203,0.866,1.253,-0.119,-0.126,-0.626,75.203,1.016,0.119,6.016,3.803,0,4.297,6.397,4.139,100.0,1.579,1.279,0,0,0,OFFBOARD
378,OUTBOUND,38.34,75.405,0.964,1.243,-0.119,-0.126,-0.626,75.405,1.114,0.119,6.016,3.803,0,4.297,6.397,4.139,100.0,1.546,1.329,0,0,0,OFFBOARD
379,OUTBOUND,38.44,75.609,1.064,1.238,-0.119,-0.126,-0.626,75.609,1.214,0.119,6.016,3.803,0,4.297,6.397,4.139,100.0,1.499,1.382,0,0,0,OFFBOARD
380,OUTBOUND,38.54,75.813,1.161,1.237,-0.119,-0.126,-0.626,75.813,1.311,0.119,6.016,3.803,0,4.297,6.397,4.139,100.0,1.443,1.436,0,0,0,OFFBOARD
381,OUTBOUND,38.65,76.015,1.252,1.242,-0.119,-0.126,-0.626,76.015,1.402,0.119,6.016,3.803,0,4.297,6.397,4.139,100.0,1.379,1.491,0,0,0,OFFBOARD
382,OUTBOUND,38.75,76.219,1.337,1.252,-0.119,-0.126,-0.626,76.219,1.487,0.119,6.016,3.803,0,4.297,6.397,4.139,100.0,1.311,1.544,0,0,0,OFFBOARD
383,OUTBOUND,38.85,76.421,1.411,1.267,-0.119,-0.126,-0.626,76.421,1.561,0.119,6.016,3.803,0,4.297,6.397,4.139,100.0,1.24,1.597,0,0,0,OFFBOARD
384,OUTBOUND,38.95,76.625,1.474,1.286,-0.119,-0.126,-0.626,76.625,1.624,0.119,6.016,3.803,0,4.297,6.397,4.139,100.0,1.166,1.646,0,0,0,OFFBOARD
385,OUTBOUND,39.05,76.827,1.523,1.309,-0.119,-0.126,-0.626,76.827,1.673,0.119,6.016,3.803,0,4.297,6.397,4.139,100.0,1.09,1.692,0,0,0,OFFBOARD
386,OUTBOUND,39.15,77.031,1.558,1.337,-0.119,-0.126,-0.626,77.031,1.708,0.119,6.016,3.803,0,4.297,6.397,4.139,100.0,1.013,1.734,0,0,0,OFFBOARD
387,OUTBOUND,39.25,77.233,1.577,1.367,-0.119,-0.126,-0.626,77.233,1.728,0.119,6.016,3.803,0,4.297,6.397,4.139,100.0,0.936,1.773,0,0,0,OFFBOARD
388,OUTBOUND,39.36,77.435,1.582,1.399,-0.119,-0.126,-0.626,77.435,1.732,0.119,6.016,3.803,0,4.297,6.397,4.139,100.0,0.858,1.807,0,0,0,OFFBOARD
389,OUTBOUND,39.46,77.639,1.573,1.434,-0.119,-0.126,-0.626,77.639,1.723,0.119,6.016,3.803,0,4.297,6.397,4.139,100.0,0.779,1.836,0,0,0,OFFBOARD
390,OUTBOUND,39.56,77.841,1.55,1.47,-0.119,-0.126,-0.626,77.841,1.7,0.119,6.016,3.803,0,4.297,6.397,4.139,100.0,0.7,1.86,0,0,0,OFFBOARD
391,OUTBOUND,39.66,78.043,1.515,1.507,-0.119,-0.126,-0.626,78.043,1.665,0.119,6.016,3.803,0,4.297,6.397,4.139,100.0,0.621,1.878,0,0,0,OFFBOARD
392,OUTBOUND,39.76,78.245,1.468,1.543,-0.119,-0.126,-0.626,78.245,1.618,0.119,6.016,3.803,0,4.297,6.397,4.139,100.0,0.542,1.891,0,0,0,OFFBOARD
393,OUTBOUND,39.86,78.449,1.411,1.579,-0.119,-0.126,-0.626,78.449,1.561,0.119,6.016,3.803,0,4.297,6.397,4.139,100.0,0.463,1.898,0,0,0,OFFBOARD
394,OUTBOUND,39.96,78.651,1.346,1.614,-0.119,-0.126,-0.626,78.651,1.496,0.119,6.016,3.803,0,4.297,6.397,4.139,100.0,0.384,1.895,0,0,0,OFFBOARD
395,OUTBOUND,40.06,78.853,1.272,1.647,-0.119,-0.126,-0.626,78.853,1.423,0.119,6.016,3.803,0,4.297,6.397,4.139,100.0,0.305,1.883,0,0,0,OFFBOARD
396,OUTBOUND,40.17,79.055,1.192,1.677,-0.119,-0.126,-0.626,79.055,1.342,0.119,6.016,3.803,0,4.297,6.397,4.139,100.0,0.225,1.862,0,0,0,OFFBOARD
397,OUTBOUND,40.27,79.257,1.106,1.705,-0.119,-0.126,-0.626,79.257,1.256,0.119,6.016,3.803,0,4.297,6.397,4.139,100.0,0.176,1.832,0,0,0,OFFBOARD
398,OUTBOUND,40.37,79.461,1.014,1.729,-0.119,-0.126,-0.626,79.461,1.164,0.119,6.016,3.803,0,4.297,6.397,4.139,100.0,0.166,1.793,0,0,0,OFFBOARD
399,OUTBOUND,40.47,79.663,0.92,1.748,-0.119,-0.126,-0.626,79.663,1.07,0.119,6.016,3.803,0,4.297,6.397,4.139,100.0,0.183,1.747,0,0,0,OFFBOARD
400,OUTBOUND,40.57,79.867,0.822,1.762,-0.119,-0.126,-0.626,79.867,0.972,0.119,6.016,3.803,0,4.297,6.397,4.139,100.0,0.219,1.695,0,0,0,OFFBOARD
401,OUTBOUND,40.67,80.071,0.723,1.771,-0.119,-0.126,-0.626,80.071,0.873,0.119,6.016,3.803,0,4.297,6.397,4.139,100.0,0.268,1.639,0,0,0,OFFBOARD
402,OUTBOUND,40.77,80.271,0.627,1.775,-0.119,-0.126,-0.626,80.271,0.777,0.119,6.016,3.803,0,4.297,6.397,4.139,100.0,0.327,1.582,0,0,0,OFFBOARD
403,OUTBOUND,40.88,80.475,0.532,1.772,-0.119,-0.126,-0.626,80.475,0.682,0.119,6.016,3.803,0,4.297,6.397,4.139,100.0,0.392,1.524,0,0,0,OFFBOARD
404,OUTBOUND,40.98,80.677,0.445,1.764,-0.119,-0.126,-0.626,80.677,0.596,0.119,6.016,3.803,0,4.297,6.397,4.139,100.0,0.462,1.466,0,0,0,OFFBOARD
405,OUTBOUND,41.08,80.879,0.367,1.751,-0.119,-0.126,-0.626,80.879,0.518,0.119,6.016,3.803,0,4.297,6.397,4.139,100.0,0.535,1.41,0,0,0,OFFBOARD
406,OUTBOUND,41.18,81.083,0.3,1.732,-0.119,-0.126,-0.626,81.083,0.45,0.119,6.016,3.803,0,4.297,6.397,4.139,100.0,0.611,1.356,0,0,0,OFFBOARD
407,OUTBOUND,41.28,81.285,0.247,1.709,-0.119,-0.126,-0.626,81.285,0.397,0.119,6.016,3.803,0,4.297,6.397,4.139,100.0,0.688,1.305,0,0,0,OFFBOARD
408,OUTBOUND,41.38,81.489,0.209,1.681,-0.119,-0.126,-0.626,81.489,0.359,0.119,6.016,3.803,0,4.297,6.397,4.139,100.0,0.765,1.259,0,0,0,OFFBOARD
409,OUTBOUND,41.48,81.691,0.186,1.65,-0.119,-0.126,-0.626,81.691,0.336,0.119,6.016,3.803,0,4.297,6.397,4.139,100.0,0.843,1.217,0,0,0,OFFBOARD
410,OUTBOUND,41.59,81.89,0.18,1.616,-0.119,-0.126,-0.626,81.89,0.33,0.119,6.016,3.803,0,4.297,6.397,4.139,100.0,0.916,1.18,0,0,0,OFFBOARD
411,OUTBOUND,41.69,81.877,0.194,1.613,-0.119,-0.126,-0.626,81.877,0.344,0.119,6.016,3.803,0,4.297,6.397,4.139,100.0,0.978,1.144,0,0,0,OFFBOARD
412,OUTBOUND,41.79,81.863,0.223,1.61,-0.119,-0.126,-0.626,81.863,0.373,0.119,6.016,3.803,0,4.297,6.397,4.139,100.0,1.034,1.108,0,0,0,OFFBOARD
413,OUTBOUND,41.89,81.856,0.252,1.614,-0.119,-0.126,-0.626,81.856,0.402,0.119,6.016,3.803,0,4.297,6.397,4.139,100.0,1.084,1.071,0,0,0,OFFBOARD
414,OUTBOUND,41.99,81.857,0.277,1.622,-0.119,-0.126,-0.626,81.857,0.427,0.119,6.016,3.803,0,4.297,6.397,4.139,100.0,1.118,1.033,0,0,0,OFFBOARD
415,OUTBOUND,42.09,81.862,0.302,1.635,-0.119,-0.126,-0.626,81.862,0.453,0.119,6.016,3.803,0,4.297,6.397,4.139,100.0,1.15,0.993,0,0,0,OFFBOARD
416,OUTBOUND,42.2,81.864,0.335,1.647,-0.119,-0.126,-0.626,81.864,0.485,0.119,6.016,3.803,0,4.297,6.397,4.139,100.0,1.18,0.952,0,0,0,OFFBOARD
417,OUTBOUND,42.3,81.884,0.365,1.66,-0.119,-0.126,-0.626,81.884,0.515,0.119,6.016,3.803,0,4.297,6.397,4.139,100.0,1.214,0.908,0,0,0,OFFBOARD
418,OUTBOUND,42.4,81.915,0.39,1.67,-0.119,-0.126,-0.626,81.915,0.54,0.119,6.016,3.803,0,4.297,6.397,4.139,100.0,1.247,0.863,0,0,0,OFFBOARD
419,OUTBOUND,42.5,81.958,0.411,1.674,-0.119,-0.126,-0.626,81.958,0.561,0.119,6.016,3.803,0,4.297,6.397,4.139,100.0,1.287,0.817,0,0,0,OFFBOARD
420,OUTBOUND,42.6,82.025,0.44,1.657,-0.119,-0.126,-0.626,82.025,0.59,0.119,6.016,3.803,0,4.297,6.397,4.139,100.0,1.333,0.773,0,0,0,OFFBOARD
421,OUTBOUND,42.7,82.096,0.446,1.645,-0.119,-0.126,-0.626,82.096,0.596,0.119,6.016,3.803,0,4.297,6.397,4.139,100.0,1.381,0.732,0,0,0,OFFBOARD
422,OUTBOUND,42.8,82.194,0.446,1.614,-0.119,-0.126,-0.626,82.194,0.596,0.119,6.016,3.803,0,4.297,6.397,4.139,100.0,1.424,0.695,0,0,0,OFFBOARD
423,OUTBOUND,42.91,82.322,0.438,1.566,-0.119,-0.126,-0.626,82.322,0.588,0.119,6.016,3.803,0,4.297,6.397,4.139,100.0,1.444,0.665,0,0,0,OFFBOARD
424,OUTBOUND,43.01,82.477,0.414,1.507,-0.119,-0.126,-0.626,82.477,0.564,0.119,6.016,3.803,0,4.297,6.397,4.139,100.0,1.459,0.644,0,0,0,OFFBOARD
425,OUTBOUND,43.11,82.654,0.367,1.439,-0.119,-0.126,-0.626,82.654,0.517,0.119,6.016,3.803,0,4.297,6.397,4.139,100.0,1.479,0.634,0,0,0,OFFBOARD
426,OUTBOUND,43.21,82.843,0.297,1.369,-0.119,-0.126,-0.626,82.842,0.447,0.119,6.016,3.803,0,4.297,6.397,4.139,100.0,1.505,0.634,0,0,0,OFFBOARD
427,OUTBOUND,43.31,83.041,0.201,1.297,-0.119,-0.126,-0.626,83.041,0.351,0.119,6.016,3.803,0,4.297,6.397,4.139,100.0,1.541,0.648,0,0,0,OFFBOARD
428,OUTBOUND,43.41,83.242,0.086,1.227,-0.119,-0.126,-0.626,83.242,0.236,0.119,6.016,3.803,0,4.297,6.397,4.139,100.0,1.573,0.68,0,0,0,OFFBOARD
429,OUTBOUND,43.52,83.446,-0.046,1.16,-0.119,-0.126,-0.626,83.446,0.104,0.119,6.016,3.803,0,4.297,6.397,4.139,100.0,1.619,0.729,0,0,0,OFFBOARD
430,OUTBOUND,43.62,83.65,-0.186,1.099,-0.119,-0.126,-0.626,83.65,-0.036,0.119,6.016,3.803,0,4.297,6.397,4.139,100.0,1.676,0.785,0,0,0,OFFBOARD
431,OUTBOUND,43.72,83.855,-0.327,1.046,-0.119,-0.126,-0.626,83.855,-0.177,0.119,6.016,3.803,0,4.297,6.397,4.139,100.0,1.739,0.845,0,0,0,OFFBOARD
432,OUTBOUND,43.82,84.064,-0.463,1.002,-0.119,-0.126,-0.626,84.064,-0.313,0.119,6.016,3.803,0,4.297,6.397,4.139,100.0,1.808,0.907,0,0,0,OFFBOARD
433,OUTBOUND,43.92,84.281,-0.59,0.966,-0.119,-0.126,-0.626,84.281,-0.44,0.119,6.016,3.803,0,4.297,6.397,4.139,100.0,1.88,0.972,0,0,0,OFFBOARD
434,OUTBOUND,44.02,84.504,-0.701,0.94,-0.119,-0.126,-0.626,84.504,-0.551,0.119,6.016,3.803,0,4.297,6.397,4.139,100.0,1.955,1.039,0,0,0,OFFBOARD
435,OUTBOUND,44.12,84.739,-0.795,0.923,-0.119,-0.126,-0.626,84.739,-0.645,0.119,6.016,3.803,0,4.297,6.397,4.139,100.0,2.032,1.106,0,0,0,OFFBOARD
436,OUTBOUND,44.22,84.981,-0.869,0.916,-0.119,-0.126,-0.626,84.981,-0.719,0.119,6.016,3.803,0,4.297,6.397,4.139,100.0,2.11,1.175,0,0,0,OFFBOARD
437,OUTBOUND,44.33,85.232,-0.922,0.917,-0.119,-0.126,-0.626,85.232,-0.772,0.119,6.016,3.803,0,4.297,6.397,4.139,100.0,2.188,1.243,0,0,0,OFFBOARD
438,OUTBOUND,44.43,85.491,-0.953,0.926,-0.119,-0.126,-0.626,85.491,-0.803,0.119,6.016,3.803,0,4.297,6.397,4.139,100.0,2.267,1.313,0,0,0,OFFBOARD
439,OUTBOUND,44.53,85.752,-0.962,0.942,-0.119,-0.126,-0.626,85.752,-0.811,0.119,6.016,3.803,0,4.297,6.397,4.139,100.0,2.347,1.382,0,0,0,OFFBOARD
440,OUTBOUND,44.63,86.013,-0.947,0.966,-0.119,-0.126,-0.626,86.013,-0.797,0.119,6.016,3.803,0,4.297,6.397,4.139,100.0,2.427,1.452,0,0,0,OFFBOARD
441,OUTBOUND,44.73,86.271,-0.908,0.996,-0.119,-0.126,-0.626,86.271,-0.758,0.119,6.016,3.803,0,4.297,6.397,4.139,100.0,2.5,1.521,0,0,0,OFFBOARD
442,OUTBOUND,44.83,86.524,-0.844,1.031,-0.119,-0.126,-0.626,86.524,-0.694,0.119,6.016,3.803,0,4.297,6.397,4.139,100.0,2.5,1.591,0,0,0,OFFBOARD
443,OUTBOUND,44.93,86.763,-0.755,1.071,-0.119,-0.126,-0.626,86.763,-0.605,0.119,6.016,3.803,0,4.297,6.397,4.139,100.0,2.5,1.661,0,0,0,OFFBOARD
444,OUTBOUND,45.04,86.993,-0.645,1.117,-0.119,-0.126,-0.626,86.993,-0.495,0.119,6.016,3.803,0,4.297,6.397,4.139,100.0,2.5,1.731,0,0,0,OFFBOARD
445,OUTBOUND,45.14,87.209,-0.524,1.165,-0.119,-0.126,-0.626,87.209,-0.374,0.119,6.016,3.803,0,4.297,6.397,4.139,100.0,2.5,1.801,0,0,0,OFFBOARD
446,OUTBOUND,45.24,87.418,-0.403,1.217,-0.119,-0.126,-0.626,87.418,-0.253,0.119,6.016,3.803,0,4.297,6.397,4.139,100.0,2.5,1.863,0,0,0,OFFBOARD
447,OUTBOUND,45.34,87.624,-0.297,1.272,-0.119,-0.126,-0.626,87.624,-0.147,0.119,6.016,3.803,0,4.297,6.397,4.139,100.0,2.5,1.917,0,0,0,OFFBOARD
448,OUTBOUND,45.44,87.831,-0.215,1.329,-0.119,-0.126,-0.626,87.831,-0.065,0.119,6.016,3.803,0,4.297,6.397,4.139,100.0,2.5,1.963,0,0,0,OFFBOARD
449,OUTBOUND,45.54,88.045,-0.163,1.388,-0.119,-0.126,-0.626,88.045,-0.013,0.119,6.016,3.803,0,4.297,6.397,4.139,100.0,2.5,1.996,0,0,0,OFFBOARD
450,OUTBOUND,45.64,88.261,-0.142,1.446,-0.119,-0.126,-0.626,88.261,0.008,0.119,6.016,3.803,0,4.297,6.397,4.139,100.0,2.5,2.013,0,0,0,OFFBOARD
451,OUTBOUND,45.74,88.485,-0.142,1.505,-0.119,-0.126,-0.626,88.485,0.008,0.119,6.016,3.803,0,4.297,6.397,4.139,100.0,2.5,2.014,0,0,0,OFFBOARD
452,OUTBOUND,45.85,88.708,-0.153,1.561,-0.119,-0.126,-0.626,88.708,-0.003,0.119,6.016,3.803,0,4.297,6.397,4.139,100.0,2.5,2.002,0,0,0,OFFBOARD
453,OUTBOUND,45.95,88.933,-0.162,1.614,-0.119,-0.126,-0.626,88.933,-0.012,0.119,6.016,3.803,0,4.297,6.397,4.139,100.0,2.5,1.978,0,0,0,OFFBOARD
454,OUTBOUND,46.05,89.157,-0.153,1.663,-0.119,-0.126,-0.626,89.157,-0.003,0.119,6.016,3.803,0,4.297,6.397,4.139,100.0,2.5,1.945,0,0,0,OFFBOARD
455,OUTBOUND,46.15,89.374,-0.117,1.707,-0.119,-0.126,-0.626,89.374,0.033,0.119,6.016,3.803,0,4.297,6.397,4.139,100.0,2.5,1.902,0,0,0,OFFBOARD
456,OUTBOUND,46.25,89.587,-0.044,1.744,-0.119,-0.126,-0.626,89.587,0.106,0.119,6.016,3.803,0,4.297,6.397,4.139,100.0,2.5,1.853,0,0,0,OFFBOARD
457,OUTBOUND,46.35,89.796,0.065,1.775,-0.119,-0.126,-0.626,89.796,0.215,0.119,6.016,3.803,0,4.297,6.397,4.139,100.0,2.5,1.797,0,0,0,OFFBOARD
458,OUTBOUND,46.45,90.002,0.206,1.799,-0.119,-0.126,-0.626,90.002,0.356,0.119,6.016,3.803,0,4.297,6.397,4.139,100.0,2.5,1.736,0,0,0,OFFBOARD
459,OUTBOUND,46.56,90.205,0.37,1.815,-0.119,-0.126,-0.626,90.205,0.52,0.119,6.016,3.803,0,4.297,6.397,4.139,100.0,2.5,1.672,0,0,0,OFFBOARD
460,OUTBOUND,46.66,90.41,0.55,1.823,-0.119,-0.126,-0.626,90.41,0.7,0.119,6.016,3.803,0,4.297,6.397,4.139,100.0,2.5,1.606,0,0,0,OFFBOARD
461,OUTBOUND,46.76,90.615,0.735,1.824,-0.119,-0.126,-0.626,90.615,0.885,0.119,6.016,3.803,0,4.297,6.397,4.139,100.0,2.5,1.539,0,0,0,OFFBOARD
462,OUTBOUND,46.86,90.817,0.916,1.817,-0.119,-0.126,-0.626,90.817,1.066,0.119,6.016,3.803,0,4.297,6.397,4.139,100.0,2.5,1.473,0,0,0,OFFBOARD
463,OUTBOUND,46.96,91.026,1.096,1.803,-0.119,-0.126,-0.626,91.026,1.246,0.119,6.016,3.803,0,4.297,6.397,4.139,100.0,2.5,1.409,0,0,0,OFFBOARD
464,OUTBOUND,47.06,91.238,1.27,1.782,-0.119,-0.126,-0.626,91.238,1.42,0.119,6.016,3.803,0,4.297,6.397,4.139,100.0,2.5,1.347,0,0,0,OFFBOARD
465,OUTBOUND,47.17,91.451,1.437,1.756,-0.119,-0.126,-0.626,91.451,1.587,0.119,6.016,3.803,0,4.297,6.397,4.139,100.0,2.5,1.29,0,0,0,OFFBOARD
466,OUTBOUND,47.27,91.667,1.602,1.725,-0.119,-0.126,-0.626,91.667,1.752,0.119,6.016,3.803,0,4.297,6.397,4.139,100.0,2.5,1.239,0,0,0,OFFBOARD
467,OUTBOUND,47.37,91.886,1.769,1.689,-0.119,-0.126,-0.626,91.886,1.919,0.119,6.016,3.803,0,4.297,6.397,4.139,100.0,2.5,1.204,0,0,0,OFFBOARD
468,OUTBOUND,47.47,92.104,1.936,1.65,-0.119,-0.126,-0.626,92.104,2.086,0.119,6.016,3.803,0,4.297,6.397,4.139,100.0,2.5,1.182,0,0,0,OFFBOARD
469,OUTBOUND,47.57,92.324,2.105,1.608,-0.119,-0.126,-0.626,92.324,2.255,0.119,6.016,3.803,0,4.297,6.397,4.139,100.0,2.5,1.193,0,0,0,OFFBOARD
470,OUTBOUND,47.67,92.539,2.269,1.567,-0.119,-0.126,-0.626,92.539,2.419,0.119,6.016,3.803,0,4.297,6.397,4.139,100.0,2.476,1.213,0,0,0,OFFBOARD
471,OUTBOUND,47.77,92.653,2.316,1.53,-0.119,-0.126,-0.626,92.653,2.466,0.119,6.016,3.803,0,4.297,6.397,4.139,100.0,2.435,1.238,0,0,0,OFFBOARD
472,OUTBOUND,47.88,92.754,2.329,1.496,-0.119,-0.126,-0.626,92.754,2.479,0.119,6.016,3.803,0,4.297,6.397,4.139,100.0,2.383,1.268,0,0,0,OFFBOARD
473,OUTBOUND,47.98,92.868,2.315,1.464,-0.119,-0.126,-0.626,92.868,2.465,0.119,6.016,3.803,0,4.297,6.397,4.139,100.0,2.323,1.301,0,0,0,OFFBOARD
474,OUTBOUND,48.08,93.002,2.277,1.436,-0.119,-0.126,-0.626,93.002,2.427,0.119,6.016,3.803,0,4.297,6.397,4.139,100.0,2.257,1.336,0,0,0,OFFBOARD
475,OUTBOUND,48.18,93.166,2.224,1.413,-0.119,-0.126,-0.626,93.166,2.374,0.119,6.016,3.803,0,4.297,6.397,4.139,100.0,2.187,1.373,0,0,0,OFFBOARD
476,OUTBOUND,48.28,93.357,2.172,1.394,-0.119,-0.126,-0.626,93.357,2.322,0.119,6.016,3.803,0,4.297,6.397,4.139,100.0,2.114,1.41,0,0,0,OFFBOARD
477,OUTBOUND,48.38,93.571,2.131,1.381,-0.119,-0.126,-0.626,93.571,2.282,0.119,6.016,3.803,0,4.297,6.397,4.139,100.0,2.039,1.449,0,0,0,OFFBOARD
478,OUTBOUND,48.49,93.799,2.111,1.373,-0.119,-0.126,-0.626,93.799,2.261,0.119,6.016,3.803,0,4.297,6.397,4.139,100.0,1.963,1.487,0,0,0,OFFBOARD
479,OUTBOUND,48.59,94.04,2.114,1.37,-0.119,-0.126,-0.626,94.04,2.264,0.119,6.016,3.803,0,4.297,6.397,4.139,100.0,1.886,1.526,0,0,0,OFFBOARD
480,OUTBOUND,48.69,94.286,2.14,1.372,-0.119,-0.126,-0.626,94.286,2.29,0.119,6.016,3.803,0,4.297,6.397,4.139,100.0,1.808,1.566,0,0,0,OFFBOARD
481,OUTBOUND,48.79,94.533,2.184,1.378,-0.119,-0.126,-0.626,94.533,2.334,0.119,6.016,3.803,0,4.297,6.397,4.139,100.0,1.73,1.605,0,0,0,OFFBOARD
482,OUTBOUND,48.89,94.778,2.238,1.388,-0.119,-0.126,-0.626,94.778,2.388,0.119,6.016,3.803,0,4.297,6.397,4.139,100.0,1.651,1.644,0,0,0,OFFBOARD
483,OUTBOUND,48.99,95.0,2.269,1.395,-0.119,-0.126,-0.626,95.0,2.419,0.119,6.016,3.803,0,4.297,6.397,4.139,100.0,1.572,1.684,0,0,0,OFFBOARD
484,RETURN,49.1,95.186,2.267,1.4,-0.119,-0.126,-0.626,95.186,2.417,0.119,6.016,3.803,0,4.297,6.397,4.139,100.0,1.493,1.724,0,0,0,AUTO.LAND
485,RETURN,51.2,97.636,1.901,1.644,-0.119,-0.126,-0.626,-97.636,2.051,0.119,6.016,3.803,0,4.297,6.397,4.139,99.551,1.413,1.722,0,0,0,AUTO.LAND
486,RETURN,51.3,97.803,1.819,1.653,-0.119,-0.126,-0.626,-97.803,1.969,0.119,6.016,3.803,0,4.297,6.397,4.139,99.102,1.356,1.719,0,0,0,AUTO.LAND
487,RETURN,51.4,97.981,1.744,1.662,-0.119,-0.126,-0.626,-97.981,1.894,0.119,6.016,3.803,0,4.297,6.397,4.139,98.653,1.312,1.714,0,0,0,AUTO.LAND
488,RETURN,51.5,98.167,1.676,1.669,-0.119,-0.126,-0.626,-98.167,1.826,0.119,6.016,3.803,0,4.297,6.397,4.139,98.204,1.271,1.707,0,0,0,AUTO.LAND
489,RETURN,51.6,98.349,1.615,1.676,-0.119,-0.126,-0.626,-98.349,1.765,0.119,6.016,3.803,0,4.297,6.397,4.139,97.755,1.232,1.7,0,0,0,AUTO.LAND
490,RETURN,51.71,98.517,1.56,1.682,-0.119,-0.126,-0.626,-98.517,1.71,0.119,6.016,3.803,0,4.297,6.397,4.139,97.306,1.195,1.691,0,0,0,AUTO.LAND
491,RETURN,51.81,98.662,1.506,1.686,-0.119,-0.126,-0.626,-98.662,1.656,0.119,6.016,3.803,0,4.297,6.397,4.139,96.856,1.153,1.682,0,0,0,AUTO.LAND
492,RETURN,51.91,98.768,1.454,1.689,-0.119,-0.126,-0.626,-98.768,1.604,0.119,6.016,3.803,0,4.297,6.397,4.139,96.407,1.103,1.672,0,0,0,OFFBOARD
493,RETURN,52.01,98.826,1.399,1.691,-0.119,-0.126,-0.626,-98.826,1.549,0.119,6.016,3.803,0,4.297,6.397,4.139,95.958,1.048,1.662,0,0,0,OFFBOARD
494,RETURN,52.11,98.83,1.342,1.692,-0.119,-0.126,-0.626,-98.83,1.492,0.119,6.016,3.803,0,4.297,6.397,4.139,95.508,0.988,1.651,0,0,0,OFFBOARD
495,RETURN,52.21,98.783,1.285,1.692,-0.119,-0.126,-0.626,-98.783,1.435,0.119,6.016,3.803,0,4.297,6.397,4.139,95.059,0.922,1.641,0,0,0,OFFBOARD
496,RETURN,52.32,98.692,1.233,1.69,-0.119,-0.126,-0.626,-98.692,1.383,0.119,6.016,3.803,0,4.297,6.397,4.139,94.609,0.853,1.631,0,0,0,OFFBOARD
497,RETURN,52.42,98.563,1.192,1.688,-0.119,-0.126,-0.626,-98.563,1.342,0.119,6.016,3.803,0,4.297,6.397,4.139,94.16,0.782,1.621,0,0,0,OFFBOARD
498,RETURN,52.52,98.406,1.17,1.684,-0.119,-0.126,-0.626,-98.406,1.32,0.119,6.016,3.803,0,4.297,6.397,4.139,93.71,0.709,1.612,0,0,0,OFFBOARD
499,RETURN,52.62,98.224,1.169,1.679,-0.119,-0.126,-0.626,-98.224,1.319,0.119,6.016,3.803,0,4.297,6.397,4.139,93.26,0.634,1.603,0,0,0,OFFBOARD
500,RETURN,52.72,98.023,1.187,1.674,-0.119,-0.126,-0.626,-98.023,1.337,0.119,6.016,3.803,0,4.297,6.397,4.139,92.811,0.558,1.595,0,0,0,OFFBOARD
501,RETURN,52.82,97.81,1.219,1.668,-0.119,-0.126,-0.626,-97.81,1.369,0.119,6.016,3.803,0,4.297,6.397,4.139,92.361,0.483,1.587,0,0,0,OFFBOARD
502,RETURN,52.92,97.587,1.253,1.662,-0.119,-0.126,-0.626,-97.587,1.403,0.119,6.016,3.803,0,4.297,6.397,4.139,91.911,0.409,1.581,0,0,0,OFFBOARD
503,RETURN,53.03,97.362,1.28,1.655,-0.119,-0.126,-0.626,-97.362,1.43,0.119,6.016,3.803,0,4.297,6.397,4.139,91.461,0.337,1.576,0,0,0,OFFBOARD
504,RETURN,53.13,97.138,1.289,1.648,-0.119,-0.126,-0.626,-97.138,1.439,0.119,6.016,3.803,0,4.297,6.397,4.139,91.011,0.267,1.571,0,0,0,OFFBOARD
505,RETURN,53.23,96.918,1.272,1.64,-0.119,-0.126,-0.626,-96.918,1.422,0.119,6.016,3.803,0,4.297,6.397,4.139,90.561,0.2,1.568,0,0,0,OFFBOARD
506,RETURN,53.33,96.707,1.226,1.633,-0.119,-0.126,-0.626,-96.707,1.376,0.119,6.016,3.803,0,4.297,6.397,4.139,90.111,0.132,1.566,0,0,0,OFFBOARD
507,RETURN,53.43,96.502,1.155,1.626,-0.119,-0.126,-0.626,-96.502,1.305,0.119,6.016,3.803,0,4.297,6.397,4.139,89.661,0.066,1.566,0,0,0,OFFBOARD
508,RETURN,53.53,96.304,1.067,1.619,-0.119,-0.126,-0.626,-96.304,1.218,0.119,6.016,3.803,0,4.297,6.397,4.139,89.211,0.012,1.565,0,0,0,OFFBOARD
509,RETURN,53.63,96.107,0.976,1.613,-0.119,-0.126,-0.626,-96.107,1.126,0.119,6.016,3.803,0,4.297,6.397,4.139,88.761,-0.033,1.566,0,0,0,OFFBOARD
510,RETURN,53.74,95.905,0.893,1.607,-0.119,-0.126,-0.626,-95.905,1.043,0.119,6.016,3.803,0,4.297,6.397,4.139,88.311,-0.067,1.567,0,0,0,OFFBOARD
511,RETURN,53.84,95.697,0.83,1.602,-0.119,-0.126,-0.626,-95.697,0.98,0.119,6.016,3.803,0,4.297,6.397,4.139,87.861,-0.078,1.567,0,0,0,OFFBOARD
512,RETURN,53.94,95.485,0.796,1.597,-0.119,-0.126,-0.626,-95.485,0.947,0.119,6.016,3.803,0,4.297,6.397,4.139,87.411,-0.075,1.567,0,0,0,OFFBOARD
513,RETURN,54.04,95.263,0.794,1.592,-0.119,-0.126,-0.626,-95.263,0.944,0.119,6.016,3.803,0,4.297,6.397,4.139,86.961,-0.056,1.567,0,0,0,OFFBOARD
514,RETURN,54.14,95.031,0.822,1.589,-0.119,-0.126,-0.626,-95.031,0.972,0.119,6.016,3.803,0,4.297,6.397,4.139,86.511,-0.025,1.567,0,0,0,OFFBOARD
515,RETURN,54.24,94.797,0.873,1.585,-0.119,-0.126,-0.626,-94.797,1.023,0.119,6.016,3.803,0,4.297,6.397,4.139,86.061,0.017,1.567,0,0,0,OFFBOARD
516,RETURN,54.34,94.558,0.94,1.582,-0.119,-0.126,-0.626,-94.558,1.09,0.119,6.016,3.803,0,4.297,6.397,4.139,85.611,0.064,1.568,0,0,0,OFFBOARD
517,RETURN,54.45,94.321,1.012,1.58,-0.119,-0.126,-0.626,-94.321,1.162,0.119,6.016,3.803,0,4.297,6.397,4.139,85.161,0.118,1.57,0,0,0,OFFBOARD
518,RETURN,54.55,94.087,1.079,1.578,-0.119,-0.126,-0.626,-94.087,1.229,0.119,6.016,3.803,0,4.297,6.397,4.139,84.711,0.175,1.572,0,0,0,OFFBOARD
519,RETURN,54.65,93.855,1.136,1.576,-0.119,-0.126,-0.626,-93.855,1.286,0.119,6.016,3.803,0,4.297,6.397,4.139,84.261,0.222,1.576,0,0,0,OFFBOARD
520,RETURN,54.75,93.629,1.174,1.575,-0.119,-0.126,-0.626,-93.629,1.324,0.119,6.016,3.803,0,4.297,6.397,4.139,83.811,0.26,1.581,0,0,0,OFFBOARD
521,RETURN,54.85,93.407,1.189,1.574,-0.119,-0.126,-0.626,-93.407,1.34,0.119,6.016,3.803,0,4.297,6.397,4.139,83.361,0.294,1.586,0,0,0,OFFBOARD
522,RETURN,54.95,93.191,1.181,1.574,-0.119,-0.126,-0.626,-93.191,1.331,0.119,6.016,3.803,0,4.297,6.397,4.139,82.911,0.322,1.592,0,0,0,OFFBOARD
523,RETURN,55.05,92.977,1.149,1.574,-0.119,-0.126,-0.626,-92.977,1.299,0.119,6.016,3.803,0,4.297,6.397,4.139,82.461,0.355,1.598,0,0,0,OFFBOARD
524,RETURN,55.16,92.764,1.092,1.575,-0.119,-0.126,-0.626,-92.764,1.242,0.119,6.016,3.803,0,4.297,6.397,4.139,82.011,0.392,1.604,0,0,0,OFFBOARD
525,RETURN,55.26,92.552,1.013,1.576,-0.119,-0.126,-0.626,-92.552,1.163,0.119,6.016,3.803,0,4.297,6.397,4.139,81.561,0.435,1.61,0,0,0,OFFBOARD
526,RETURN,55.36,92.342,0.916,1.578,-0.119,-0.126,-0.626,-92.341,1.066,0.119,6.016,3.803,0,4.297,6.397,4.139,81.111,0.481,1.615,0,0,0,OFFBOARD
527,RETURN,55.46,92.13,0.803,1.58,-0.119,-0.126,-0.626,-92.13,0.953,0.119,6.016,3.803,0,4.297,6.397,4.139,80.661,0.535,1.619,0,0,0,OFFBOARD
528,RETURN,55.56,91.916,0.678,1.583,-0.119,-0.126,-0.626,-91.916,0.828,0.119,6.016,3.803,0,4.297,6.397,4.139,80.211,0.594,1.622,0,0,0,OFFBOARD
529,RETURN,55.66,91.7,0.546,1.586,-0.119,-0.126,-0.626,-91.7,0.696,0.119,6.016,3.803,0,4.297,6.397,4.139,79.761,0.659,1.621,0,0,0,OFFBOARD
530,RETURN,55.76,91.48,0.409,1.589,-0.119,-0.126,-0.626,-91.48,0.559,0.119,6.016,3.803,0,4.297,6.397,4.139,79.311,0.725,1.616,0,0,0,OFFBOARD
531,RETURN,55.86,91.26,0.274,1.592,-0.119,-0.126,-0.626,-91.26,0.424,0.119,6.016,3.803,0,4.297,6.397,4.139,78.861,0.794,1.607,0,0,0,OFFBOARD
532,RETURN,55.97,91.043,0.15,1.595,-0.119,-0.126,-0.626,-91.043,0.3,0.119,6.016,3.803,0,4.297,6.397,4.139,78.411,0.864,1.593,0,0,0,OFFBOARD
533,RETURN,56.07,90.827,0.04,1.597,-0.119,-0.126,-0.626,-90.827,0.19,0.119,6.016,3.803,0,4.297,6.397,4.139,77.961,0.936,1.577,0,0,0,OFFBOARD
534,RETURN,56.17,90.613,-0.05,1.598,-0.119,-0.126,-0.626,-90.613,0.1,0.119,6.016,3.803,0,4.297,6.397,4.139,77.511,1.008,1.56,0,0,0,OFFBOARD
535,RETURN,56.27,90.401,-0.116,1.598,-0.119,-0.126,-0.626,-90.401,0.034,0.119,6.016,3.803,0,4.297,6.397,4.139,77.061,1.082,1.542,0,0,0,OFFBOARD
536,RETURN,56.37,90.192,-0.154,1.597,-0.119,-0.126,-0.626,-90.192,-0.004,0.119,6.016,3.803,0,4.297,6.397,4.139,76.611,1.155,1.524,0,0,0,OFFBOARD
537,RETURN,56.47,89.985,-0.163,1.594,-0.119,-0.126,-0.626,-89.985,-0.013,0.119,6.016,3.803,0,4.297,6.397,4.139,76.161,1.229,1.509,0,0,0,OFFBOARD
538,RETURN,56.57,89.778,-0.141,1.59,-0.119,-0.126,-0.626,-89.778,0.009,0.119,6.016,3.803,0,4.297,6.397,4.139,75.711,1.302,1.493,0,0,0,OFFBOARD
539,RETURN,56.67,89.574,-0.089,1.584,-0.119,-0.126,-0.626,-89.574,0.061,0.119,6.016,3.803,0,4.297,6.397,4.139,75.261,1.376,1.478,0,0,0,OFFBOARD
540,RETURN,56.78,89.37,-0.01,1.578,-0.119,-0.126,-0.626,-89.37,0.14,0.119,6.016,3.803,0,4.297,6.397,4.139,74.811,1.449,1.463,0,0,0,OFFBOARD
541,RETURN,56.88,89.163,0.095,1.57,-0.119,-0.126,-0.626,-89.163,0.245,0.119,6.016,3.803,0,4.297,6.397,4.139,74.361,1.522,1.449,0,0,0,OFFBOARD
542,RETURN,56.98,88.958,0.219,1.561,-0.119,-0.126,-0.626,-88.958,0.369,0.119,6.016,3.803,0,4.297,6.397,4.139,73.911,1.595,1.435,0,0,0,OFFBOARD
543,RETURN,57.08,88.751,0.358,1.551,-0.119,-0.126,-0.626,-88.751,0.509,0.119,6.016,3.803,0,4.297,6.397,4.139,73.461,1.669,1.42,0,0,0,OFFBOARD
544,RETURN,57.18,88.544,0.509,1.54,-0.119,-0.126,-0.626,-88.544,0.659,0.119,6.016,3.803,0,4.297,6.397,4.139,73.011,1.743,1.407,0,0,0,OFFBOARD
545,RETURN,57.28,88.357,0.65,1.53,-0.119,-0.126,-0.626,-88.357,0.8,0.119,6.016,3.803,0,4.297,6.397,4.139,72.561,1.818,1.398,0,0,0,OFFBOARD
546,RETURN,57.38,88.372,0.621,1.54,-0.119,-0.126,-0.626,-88.372,0.771,0.119,6.016,3.803,0,4.297,6.397,4.139,72.111,1.894,1.39,0,0,0,OFFBOARD
547,RETURN,57.48,88.384,0.594,1.544,-0.119,-0.126,-0.626,-88.384,0.744,0.119,6.016,3.803,0,4.297,6.397,4.139,71.661,1.971,1.383,0,0,0,OFFBOARD
548,RETURN,57.59,88.397,0.573,1.536,-0.119,-0.126,-0.626,-88.397,0.723,0.119,6.016,3.803,0,4.297,6.397,4.139,71.211,2.048,1.378,0,0,0,OFFBOARD
549,RETURN,57.69,88.404,0.559,1.525,-0.119,-0.126,-0.626,-88.404,0.709,0.119,6.016,3.803,0,4.297,6.397,4.139,70.761,2.126,1.376,0,0,0,OFFBOARD
550,RETURN,57.79,88.39,0.563,1.513,-0.119,-0.126,-0.626,-88.39,0.713,0.119,6.016,3.803,0,4.297,6.397,4.139,70.311,2.204,1.376,0,0,0,OFFBOARD
551,RETURN,57.89,88.347,0.594,1.501,-0.119,-0.126,-0.626,-88.347,0.745,0.119,6.016,3.803,0,4.297,6.397,4.139,69.861,2.282,1.379,0,0,0,OFFBOARD
552,RETURN,57.99,88.319,0.596,1.514,-0.119,-0.126,-0.626,-88.319,0.746,0.119,6.016,3.803,0,4.297,6.397,4.139,69.411,2.36,1.381,0,0,0,OFFBOARD
553,RETURN,58.09,88.28,0.623,1.506,-0.119,-0.126,-0.626,-88.28,0.773,0.119,6.016,3.803,0,4.297,6.397,4.139,68.961,2.438,1.385,0,0,0,OFFBOARD
554,RETURN,58.19,88.214,0.682,1.496,-0.119,-0.126,-0.626,-88.214,0.832,0.119,6.016,3.803,0,4.297,6.397,4.139,68.511,2.5,1.39,0,0,0,OFFBOARD
555,RETURN,58.29,88.119,0.767,1.485,-0.119,-0.126,-0.626,-88.119,0.917,0.119,6.016,3.803,0,4.297,6.397,4.139,68.061,2.5,1.399,0,0,0,OFFBOARD
556,RETURN,58.4,87.996,0.859,1.474,-0.119,-0.126,-0.626,-87.996,1.009,0.119,6.016,3.803,0,4.297,6.397,4.139,67.611,2.5,1.41,0,0,0,OFFBOARD
557,RETURN,58.5,87.846,0.94,1.465,-0.119,-0.126,-0.626,-87.846,1.09,0.119,6.016,3.803,0,4.297,6.397,4.139,67.161,2.5,1.425,0,0,0,OFFBOARD
558,RETURN,58.6,87.667,0.995,1.457,-0.119,-0.126,-0.626,-87.667,1.145,0.119,6.016,3.803,0,4.297,6.397,4.139,66.711,2.5,1.443,0,0,0,OFFBOARD
559,RETURN,58.7,87.466,1.017,1.45,-0.119,-0.126,-0.626,-87.465,1.167,0.119,6.016,3.803,0,4.297,6.397,4.139,66.261,2.5,1.464,0,0,0,OFFBOARD
560,RETURN,58.8,87.244,1.007,1.446,-0.119,-0.126,-0.626,-87.244,1.157,0.119,6.016,3.803,0,4.297,6.397,4.139,65.811,2.5,1.486,0,0,0,OFFBOARD
561,RETURN,58.9,87.008,0.971,1.443,-0.119,-0.126,-0.626,-87.008,1.121,0.119,6.016,3.803,0,4.297,6.397,4.139,65.361,2.5,1.509,0,0,0,OFFBOARD
562,RETURN,59.0,86.763,0.917,1.443,-0.119,-0.126,-0.626,-86.763,1.067,0.119,6.016,3.803,0,4.297,6.397,4.139,64.911,2.5,1.534,0,0,0,OFFBOARD
563,RETURN,59.1,86.511,0.854,1.445,-0.119,-0.126,-0.626,-86.511,1.004,0.119,6.016,3.803,0,4.297,6.397,4.139,64.461,2.5,1.558,0,0,0,OFFBOARD
564,RETURN,59.21,86.254,0.786,1.449,-0.119,-0.126,-0.626,-86.254,0.936,0.119,6.016,3.803,0,4.297,6.397,4.139,64.011,2.5,1.582,0,0,0,OFFBOARD
565,RETURN,59.31,85.997,0.716,1.456,-0.119,-0.126,-0.626,-85.997,0.866,0.119,6.016,3.803,0,4.297,6.397,4.139,63.561,2.5,1.604,0,0,0,OFFBOARD
566,RETURN,59.41,85.742,0.642,1.465,-0.119,-0.126,-0.626,-85.742,0.792,0.119,6.016,3.803,0,4.297,6.397,4.139,63.111,2.5,1.625,0,0,0,OFFBOARD
567,RETURN,59.51,85.487,0.562,1.475,-0.119,-0.126,-0.626,-85.487,0.712,0.119,6.016,3.803,0,4.297,6.397,4.139,62.661,2.5,1.643,0,0,0,OFFBOARD
568,RETURN,59.61,85.242,0.483,1.487,-0.119,-0.126,-0.626,-85.242,0.633,0.119,6.016,3.803,0,4.297,6.397,4.139,62.211,2.5,1.659,0,0,0,OFFBOARD
569,RETURN,59.71,85.001,0.415,1.501,-0.119,-0.126,-0.626,-85.001,0.565,0.119,6.016,3.803,0,4.297,6.397,4.139,61.761,2.5,1.671,0,0,0,OFFBOARD
570,RETURN,59.81,84.768,0.372,1.515,-0.119,-0.126,-0.626,-84.768,0.522,0.119,6.016,3.803,0,4.297,6.397,4.139,61.311,2.5,1.68,0,0,0,OFFBOARD
571,RETURN,59.92,84.738,0.345,1.536,-0.119,-0.126,-0.626,-84.738,0.495,0.119,6.016,3.803,0,4.297,6.397,4.139,60.861,2.5,1.682,0,0,0,OFFBOARD
572,RETURN,60.02,84.715,0.352,1.559,-0.119,-0.126,-0.626,-84.715,0.502,0.119,6.016,3.803,0,4.297,6.397,4.139,60.411,2.5,1.678,0,0,0,OFFBOARD
573,RETURN,60.12,84.691,0.397,1.578,-0.119,-0.126,-0.626,-84.691,0.547,0.119,6.016,3.803,0,4.297,6.397,4.139,59.961,2.5,1.667,0,0,0,OFFBOARD
574,RETURN,60.22,84.662,0.465,1.591,-0.119,-0.126,-0.626,-84.662,0.615,0.119,6.016,3.803,0,4.297,6.397,4.139,59.511,2.5,1.653,0,0,0,OFFBOARD
575,RETURN,60.32,84.608,0.551,1.602,-0.119,-0.126,-0.626,-84.608,0.701,0.119,6.016,3.803,0,4.297,6.397,4.139,59.061,2.5,1.635,0,0,0,OFFBOARD
576,RETURN,60.42,84.519,0.638,1.612,-0.119,-0.126,-0.626,-84.519,0.788,0.119,6.016,3.803,0,4.297,6.397,4.139,58.611,2.5,1.617,0,0,0,OFFBOARD
577,RETURN,60.52,84.396,0.703,1.626,-0.119,-0.126,-0.626,-84.396,0.854,0.119,6.016,3.803,0,4.297,6.397,4.139,58.161,2.5,1.598,0,0,0,OFFBOARD
578,RETURN,60.63,84.24,0.74,1.635,-0.119,-0.126,-0.626,-84.24,0.89,0.119,6.016,3.803,0,4.297,6.397,4.139,57.711,2.5,1.58,0,0,0,OFFBOARD
579,RETURN,60.73,84.055,0.739,1.64,-0.119,-0.126,-0.626,-84.055,0.89,0.119,6.016,3.803,0,4.297,6.397,4.139,57.261,2.5,1.562,0,0,0,OFFBOARD
580,RETURN,60.83,83.851,0.701,1.643,-0.119,-0.126,-0.626,-83.851,0.851,0.119,6.016,3.803,0,4.297,6.397,4.139,56.811,2.5,1.545,0,0,0,OFFBOARD
581,RETURN,60.93,83.639,0.629,1.642,-0.119,-0.126,-0.626,-83.639,0.779,0.119,6.016,3.803,0,4.297,6.397,4.139,56.361,2.5,1.529,0,0,0,OFFBOARD
582,RETURN,61.03,83.422,0.531,1.638,-0.119,-0.126,-0.626,-83.422,0.681,0.119,6.016,3.803,0,4.297,6.397,4.139,55.911,2.5,1.512,0,0,0,OFFBOARD
583,RETURN,61.13,83.206,0.421,1.632,-0.119,-0.126,-0.626,-83.206,0.572,0.119,6.016,3.803,0,4.297,6.397,4.139,55.461,2.5,1.495,0,0,0,OFFBOARD
584,RETURN,61.23,82.997,0.319,1.624,-0.119,-0.126,-0.626,-82.997,0.469,0.119,6.016,3.803,0,4.297,6.397,4.139,55.011,2.5,1.479,0,0,0,OFFBOARD
585,RETURN,61.34,82.789,0.238,1.614,-0.119,-0.126,-0.626,-82.789,0.389,0.119,6.016,3.803,0,4.297,6.397,4.139,54.561,2.5,1.462,0,0,0,OFFBOARD
586,RETURN,61.44,82.585,0.2,1.603,-0.119,-0.126,-0.626,-82.585,0.35,0.119,6.016,3.803,0,4.297,6.397,4.139,54.111,2.5,1.445,0,0,0,OFFBOARD
587,RETURN,61.54,82.382,0.212,1.591,-0.119,-0.126,-0.626,-82.382,0.362,0.119,6.016,3.803,0,4.297,6.397,4.139,53.661,2.5,1.428,0,0,0,OFFBOARD
588,RETURN,61.64,82.177,0.276,1.578,-0.119,-0.126,-0.626,-82.177,0.426,0.119,6.016,3.803,0,4.297,6.397,4.139,53.211,2.5,1.413,0,0,0,OFFBOARD
589,RETURN,61.74,81.969,0.383,1.564,-0.119,-0.126,-0.626,-81.969,0.533,0.119,6.016,3.803,0,4.297,6.397,4.139,52.761,2.5,1.397,0,0,0,OFFBOARD
590,RETURN,61.84,81.757,0.523,1.55,-0.119,-0.126,-0.626,-81.757,0.673,0.119,6.016,3.803,0,4.297,6.397,4.139,52.311,2.5,1.383,0,0,0,OFFBOARD
591,RETURN,61.94,81.544,0.679,1.535,-0.119,-0.126,-0.626,-81.544,0.829,0.119,6.016,3.803,0,4.297,6.397,4.139,51.861,2.5,1.373,0,0,0,OFFBOARD
592,RETURN,62.04,81.328,0.842,1.52,-0.119,-0.126,-0.626,-81.328,0.992,0.119,6.016,3.803,0,4.297,6.397,4.139,51.411,2.5,1.368,0,0,0,OFFBOARD
593,RETURN,62.15,81.11,1.006,1.504,-0.119,-0.126,-0.626,-81.11,1.156,0.119,6.016,3.803,0,4.297,6.397,4.139,50.961,2.5,1.369,0,0,0,OFFBOARD
594,RETURN,62.25,80.892,1.164,1.49,-0.119,-0.126,-0.626,-80.892,1.314,0.119,6.016,3.803,0,4.297,6.397,4.139,50.511,2.5,1.376,0,0,0,OFFBOARD
595,RETURN,62.35,80.673,1.321,1.476,-0.119,-0.126,-0.626,-80.673,1.471,0.119,6.016,3.803,0,4.297,6.397,4.139,50.061,2.5,1.389,0,0,0,OFFBOARD
596,RETURN,62.45,80.455,1.475,1.463,-0.119,-0.126,-0.626,-80.455,1.625,0.119,6.016,3.803,0,4.297,6.397,4.139,49.611,2.5,1.405,0,0,0,OFFBOARD
597,RETURN,62.55,80.239,1.63,1.452,-0.119,-0.126,-0.626,-80.239,1.78,0.119,6.016,3.803,0,4.297,6.397,4.139,49.161,2.5,1.426,0,0,0,OFFBOARD
598,RETURN,62.65,80.023,1.792,1.443,-0.119,-0.126,-0.626,-80.023,1.942,0.119,6.016,3.803,0,4.297,6.397,4.139,48.711,2.5,1.45,0,0,0,OFFBOARD
599,RETURN,62.75,79.81,1.959,1.437,-0.119,-0.126,-0.626,-79.81,2.109,0.119,6.016,3.803,0,4.297,6.397,4.139,48.261,2.5,1.476,0,0,0,OFFBOARD
600,RETURN,62.86,79.597,2.13,1.433,-0.119,-0.126,-0.626,-79.597,2.28,0.119,6.016,3.803,0,4.297,6.397,4.139,47.811,2.5,1.511,0,0,0,OFFBOARD
601,RETURN,62.96,79.389,2.296,1.432,-0.119,-0.126,-0.626,-79.389,2.446,0.119,6.016,3.803,0,4.297,6.397,4.139,47.361,2.5,1.548,0,0,0,OFFBOARD
602,RETURN,63.06,79.179,2.449,1.434,-0.119,-0.126,-0.626,-79.179,2.599,0.119,6.016,3.803,0,4.297,6.397,4.139,46.912,2.5,1.585,0,0,0,OFFBOARD
603,RETURN,63.16,79.112,2.448,1.408,-0.119,-0.126,-0.626,-79.111,2.598,0.119,6.016,3.803,0,4.297,6.397,4.139,46.462,2.5,1.622,0,0,0,OFFBOARD
604,RETURN,63.26,79.087,2.368,1.387,-0.119,-0.126,-0.626,-79.087,2.518,0.119,6.016,3.803,0,4.297,6.397,4.139,46.012,2.5,1.66,0,0,0,OFFBOARD
605,RETURN,63.36,79.054,2.245,1.378,-0.119,-0.126,-0.626,-79.054,2.395,0.119,6.016,3.803,0,4.297,6.397,4.139,45.562,2.5,1.697,0,0,0,OFFBOARD
606,RETURN,63.47,79.0,2.094,1.38,-0.119,-0.126,-0.626,-79.0,2.245,0.119,6.016,3.803,0,4.297,6.397,4.139,45.113,2.5,1.735,0,0,0,OFFBOARD
607,RETURN,63.57,78.918,1.933,1.391,-0.119,-0.126,-0.626,-78.918,2.083,0.119,6.016,3.803,0,4.297,6.397,4.139,44.663,2.5,1.771,0,0,0,OFFBOARD
608,RETURN,63.67,78.805,1.781,1.409,-0.119,-0.126,-0.626,-78.805,1.931,0.119,6.016,3.803,0,4.297,6.397,4.139,44.213,2.5,1.804,0,0,0,OFFBOARD
609,RETURN,63.77,78.658,1.652,1.433,-0.119,-0.126,-0.626,-78.658,1.802,0.119,6.016,3.803,0,4.297,6.397,4.139,43.763,2.5,1.834,0,0,0,OFFBOARD
610,RETURN,63.87,78.479,1.55,1.461,-0.119,-0.126,-0.626,-78.479,1.7,0.119,6.016,3.803,0,4.297,6.397,4.139,43.313,2.5,1.859,0,0,0,OFFBOARD
611,RETURN,63.97,78.277,1.478,1.492,-0.119,-0.126,-0.626,-78.277,1.628,0.119,6.016,3.803,0,4.297,6.397,4.139,42.863,2.5,1.88,0,0,0,OFFBOARD
612,RETURN,64.07,78.053,1.425,1.525,-0.119,-0.126,-0.626,-78.053,1.575,0.119,6.016,3.803,0,4.297,6.397,4.139,42.413,2.5,1.895,0,0,0,OFFBOARD
613,RETURN,64.17,77.819,1.385,1.559,-0.119,-0.126,-0.626,-77.819,1.535,0.119,6.016,3.803,0,4.297,6.397,4.139,41.963,2.5,1.905,0,0,0,OFFBOARD
614,RETURN,64.28,77.578,1.348,1.593,-0.119,-0.126,-0.626,-77.578,1.498,0.119,6.016,3.803,0,4.297,6.397,4.139,41.513,2.5,1.909,0,0,0,OFFBOARD
615,RETURN,64.38,77.334,1.306,1.627,-0.119,-0.126,-0.626,-77.334,1.456,0.119,6.016,3.803,0,4.297,6.397,4.139,41.063,2.5,1.908,0,0,0,OFFBOARD
616,RETURN,64.48,77.094,1.253,1.659,-0.119,-0.126,-0.626,-77.094,1.403,0.119,6.016,3.803,0,4.297,6.397,4.139,40.613,2.5,1.902,0,0,0,OFFBOARD
617,RETURN,64.58,76.856,1.185,1.689,-0.119,-0.126,-0.626,-76.856,1.335,0.119,6.016,3.803,0,4.297,6.397,4.139,40.163,2.486,1.892,0,0,0,OFFBOARD
618,RETURN,64.68,76.624,1.101,1.716,-0.119,-0.126,-0.626,-76.624,1.251,0.119,6.016,3.803,0,4.297,6.397,4.139,39.713,2.452,1.877,0,0,0,OFFBOARD
619,RETURN,64.78,76.397,0.999,1.741,-0.119,-0.126,-0.626,-76.397,1.149,0.119,6.016,3.803,0,4.297,6.397,4.139,39.264,2.405,1.859,0,0,0,OFFBOARD
620,RETURN,64.88,76.171,0.887,1.762,-0.119,-0.126,-0.626,-76.171,1.037,0.119,6.016,3.803,0,4.297,6.397,4.139,38.815,2.348,1.837,0,0,0,OFFBOARD
621,RETURN,64.99,75.95,0.78,1.779,-0.119,-0.126,-0.626,-75.95,0.93,0.119,6.016,3.803,0,4.297,6.397,4.139,38.369,2.284,1.814,0,0,0,OFFBOARD
622,RETURN,65.09,75.727,0.69,1.793,-0.119,-0.126,-0.626,-75.727,0.84,0.119,6.016,3.803,0,4.297,6.397,4.139,37.926,2.218,1.788,0,0,0,OFFBOARD
623,RETURN,65.19,75.504,0.635,1.804,-0.119,-0.126,-0.626,-75.504,0.785,0.119,6.016,3.803,0,4.297,6.397,4.139,37.483,2.155,1.761,0,0,0,OFFBOARD
624,RETURN,65.29,75.274,0.624,1.81,-0.119,-0.126,-0.626,-75.274,0.774,0.119,6.016,3.803,0,4.297,6.397,4.139,37.047,2.104,1.734,0,0,0,OFFBOARD
625,RETURN,65.39,75.04,0.66,1.813,-0.119,-0.126,-0.626,-75.04,0.81,0.119,6.016,3.803,0,4.297,6.397,4.139,36.621,2.058,1.706,0,0,0,OFFBOARD
626,RETURN,65.49,74.804,0.737,1.813,-0.119,-0.126,-0.626,-74.804,0.887,0.119,6.016,3.803,0,4.297,6.397,4.139,36.195,2.01,1.678,0,0,0,OFFBOARD
627,RETURN,65.6,74.566,0.844,1.809,-0.119,-0.126,-0.626,-74.566,0.994,0.119,6.016,3.803,0,4.297,6.397,4.139,35.774,1.954,1.651,0,0,0,OFFBOARD
628,RETURN,65.7,74.324,0.971,1.803,-0.119,-0.126,-0.626,-74.324,1.122,0.119,6.016,3.803,0,4.297,6.397,4.139,35.366,1.892,1.625,0,0,0,OFFBOARD
629,RETURN,65.8,74.084,1.108,1.793,-0.119,-0.126,-0.626,-74.084,1.258,0.119,6.016,3.803,0,4.297,6.397,4.139,34.959,1.824,1.601,0,0,0,OFFBOARD
630,RETURN,65.9,73.842,1.248,1.781,-0.119,-0.126,-0.626,-73.842,1.398,0.119,6.016,3.803,0,4.297,6.397,4.139,34.55,1.753,1.578,0,0,0,OFFBOARD
631,RETURN,66.0,73.602,1.388,1.767,-0.119,-0.126,-0.626,-73.602,1.538,0.119,6.016,3.803,0,4.297,6.397,4.139,34.139,1.679,1.556,0,0,0,OFFBOARD
632,RETURN,66.1,73.366,1.525,1.751,-0.119,-0.126,-0.626,-73.366,1.675,0.119,6.016,3.803,0,4.297,6.397,4.139,33.725,1.603,1.536,0,0,0,OFFBOARD
633,RETURN,66.2,73.13,1.665,1.733,-0.119,-0.126,-0.626,-73.13,1.815,0.119,6.016,3.803,0,4.297,6.397,4.139,33.316,1.527,1.519,0,0,0,OFFBOARD
634,RETURN,66.31,72.9,1.807,1.715,-0.119,-0.126,-0.626,-72.9,1.957,0.119,6.016,3.803,0,4.297,6.397,4.139,32.905,1.455,1.503,0,0,0,OFFBOARD
635,RETURN,66.41,72.672,1.953,1.696,-0.119,-0.126,-0.626,-72.672,2.103,0.119,6.016,3.803,0,4.297,6.397,4.139,32.485,1.397,1.49,0,0,0,OFFBOARD
636,RETURN,66.51,72.451,2.091,1.677,-0.119,-0.126,-0.626,-72.451,2.241,0.119,6.016,3.803,0,4.297,6.397,4.139,32.057,1.346,1.524,0,0,0,OFFBOARD
637,RETURN,66.61,72.233,2.212,1.658,-0.119,-0.126,-0.626,-72.233,2.362,0.119,6.016,3.803,0,4.297,6.397,4.139,31.622,1.302,1.558,0,0,0,OFFBOARD
638,RETURN,66.71,72.016,2.301,1.641,-0.119,-0.126,-0.626,-72.016,2.451,0.119,6.016,3.803,0,4.297,6.397,4.139,31.183,1.269,1.594,0,0,0,OFFBOARD
639,RETURN,66.81,71.935,2.342,1.641,-0.119,-0.126,-0.626,-71.934,2.493,0.119,6.016,3.803,0,4.297,6.397,4.139,30.746,1.245,1.631,0,0,0,OFFBOARD
640,RETURN,66.91,71.884,2.339,1.641,-0.119,-0.126,-0.626,-71.884,2.49,0.119,6.016,3.803,0,4.297,6.397,4.139,30.309,1.233,1.669,0,0,0,OFFBOARD
641,RETURN,67.02,71.835,2.303,1.642,-0.119,-0.126,-0.626,-71.835,2.453,0.119,6.016,3.803,0,4.297,6.397,4.139,29.872,1.23,1.707,0,0,0,OFFBOARD
642,RETURN,67.12,71.777,2.249,1.644,-0.119,-0.126,-0.626,-71.777,2.4,0.119,6.016,3.803,0,4.297,6.397,4.139,29.434,1.226,1.746,0,0,0,OFFBOARD
643,RETURN,67.22,71.694,2.192,1.648,-0.119,-0.126,-0.626,-71.694,2.342,0.119,6.016,3.803,0,4.297,6.397,4.139,28.996,1.223,1.784,0,0,0,OFFBOARD
644,RETURN,67.32,71.575,2.147,1.654,-0.119,-0.126,-0.626,-71.575,2.297,0.119,6.016,3.803,0,4.297,6.397,4.139,28.555,1.225,1.823,0,0,0,OFFBOARD
645,RETURN,67.42,71.456,2.129,1.666,-0.119,-0.126,-0.626,-71.456,2.279,0.119,6.016,3.803,0,4.297,6.397,4.139,28.111,1.229,1.862,0,0,0,OFFBOARD
646,RETURN,67.52,71.403,2.147,1.686,-0.119,-0.126,-0.626,-71.403,2.298,0.119,6.016,3.803,0,4.297,6.397,4.139,27.666,1.229,1.9,0,0,0,OFFBOARD
647,RETURN,67.63,71.305,2.192,1.706,-0.119,-0.126,-0.626,-71.305,2.342,0.119,6.016,3.803,0,4.297,6.397,4.139,27.221,1.225,1.938,0,0,0,OFFBOARD
648,RETURN,67.73,71.207,2.217,1.715,-0.119,-0.126,-0.626,-71.207,2.367,0.119,6.016,3.803,0,4.297,6.397,4.139,26.775,1.219,1.976,0,0,0,OFFBOARD
649,RETURN,67.83,71.101,2.239,1.721,-0.119,-0.126,-0.626,-71.101,2.39,0.119,6.016,3.803,0,4.297,6.397,4.139,26.329,1.197,2.015,0,0,0,OFFBOARD
650,RETURN,67.93,70.998,2.27,1.725,-0.119,-0.126,-0.626,-70.998,2.42,0.119,6.016,3.803,0,4.297,6.397,4.139,25.882,1.17,2.053,0,0,0,OFFBOARD
651,RETURN,68.03,70.908,2.316,1.726,-0.119,-0.126,-0.626,-70.908,2.466,0.119,6.016,3.803,0,4.297,6.397,4.139,25.435,1.135,2.092,0,0,0,OFFBOARD
652,RETURN,68.13,70.83,2.349,1.729,-0.119,-0.126,-0.626,-70.83,2.499,0.119,6.016,3.803,0,4.297,6.397,4.139,24.988,1.094,2.13,0,0,0,OFFBOARD
653,RETURN,68.23,70.777,2.344,1.729,-0.119,-0.126,-0.626,-70.777,2.494,0.119,6.016,3.803,0,4.297,6.397,4.139,24.541,1.051,2.169,0,0,0,OFFBOARD
654,RETURN,68.33,70.722,2.345,1.733,-0.119,-0.126,-0.626,-70.722,2.495,0.119,6.016,3.803,0,4.297,6.397,4.139,24.093,1.005,2.208,0,0,0,OFFBOARD
655,RETURN,68.44,70.657,2.353,1.74,-0.119,-0.126,-0.626,-70.657,2.503,0.119,6.016,3.803,0,4.297,6.397,4.139,23.646,0.958,2.248,0,0,0,OFFBOARD
656,RETURN,68.54,70.578,2.371,1.75,-0.119,-0.126,-0.626,-70.578,2.521,0.119,6.016,3.803,0,4.297,6.397,4.139,23.199,0.909,2.287,0,0,0,OFFBOARD
657,RETURN,68.64,70.497,2.406,1.763,-0.119,-0.126,-0.626,-70.497,2.556,0.119,6.016,3.803,0,4.297,6.397,4.139,22.753,0.856,2.326,0,0,0,OFFBOARD
658,RETURN,68.74,70.424,2.456,1.774,-0.119,-0.126,-0.626,-70.424,2.606,0.119,6.016,3.803,0,4.297,6.397,4.139,22.313,0.805,2.365,0,0,0,OFFBOARD
659,RETURN,68.84,70.393,2.462,1.784,-0.119,-0.126,-0.626,-70.393,2.612,0.119,6.016,3.803,0,4.297,6.397,4.139,21.88,0.748,2.404,0,0,0,OFFBOARD
660,RETURN,68.94,70.398,2.471,1.795,-0.119,-0.126,-0.626,-70.398,2.621,0.119,6.016,3.803,0,4.297,6.397,4.139,21.453,0.687,2.444,0,0,0,OFFBOARD
661,RETURN,69.05,70.405,2.473,1.807,-0.119,-0.126,-0.626,-70.405,2.624,0.119,6.016,3.803,0,4.297,6.397,4.139,21.051,0.625,2.483,0,0,0,OFFBOARD
662,RETURN,69.15,70.413,2.475,1.814,-0.119,-0.126,-0.626,-70.413,2.625,0.119,6.016,3.803,0,4.297,6.397,4.139,20.653,0.562,2.522,0,0,0,OFFBOARD
663,RETURN,69.25,70.418,2.475,1.819,-0.119,-0.126,-0.626,-70.418,2.625,0.119,6.016,3.803,0,4.297,6.397,4.139,20.289,0.5,2.561,0,0,0,OFFBOARD
664,RETURN,69.35,70.419,2.476,1.819,-0.119,-0.126,-0.626,-70.419,2.626,0.119,6.016,3.803,0,4.297,6.397,4.139,19.937,0.44,2.601,0,0,0,OFFBOARD
665,RETURN,69.45,70.425,2.476,1.82,-0.119,-0.126,-0.626,-70.425,2.626,0.119,6.016,3.803,0,4.297,6.397,4.139,19.595,0.379,2.64,0,0,0,OFFBOARD
666,RETURN,69.55,70.429,2.475,1.818,-0.119,-0.126,-0.626,-70.428,2.625,0.119,6.016,3.803,0,4.297,6.397,4.139,19.266,0.322,2.68,0,0,0,OFFBOARD
667,RETURN,69.65,70.431,2.475,1.817,-0.119,-0.126,-0.626,-70.431,2.625,0.119,6.016,3.803,0,4.297,6.397,4.139,18.941,0.265,2.719,0,0,0,OFFBOARD
668,RETURN,69.75,70.433,2.474,1.816,-0.119,-0.126,-0.626,-70.433,2.624,0.119,6.016,3.803,0,4.297,6.397,4.139,18.606,0.21,2.759,0,0,0,OFFBOARD
669,RETURN,69.86,70.436,2.473,1.815,-0.119,-0.126,-0.626,-70.436,2.623,0.119,6.016,3.803,0,4.297,6.397,4.139,18.279,0.153,2.798,0,0,0,OFFBOARD
670,RETURN,69.96,70.438,2.472,1.814,-0.119,-0.126,-0.626,-70.438,2.622,0.119,6.016,3.803,0,4.297,6.397,4.139,17.955,0.093,2.838,0,0,0,OFFBOARD
671,RETURN,70.06,70.439,2.472,1.814,-0.119,-0.126,-0.626,-70.439,2.622,0.119,6.016,3.803,0,4.297,6.397,4.139,17.617,0.033,2.877,0,0,0,OFFBOARD
672,RETURN,70.16,70.44,2.471,1.815,-0.119,-0.126,-0.626,-70.44,2.622,0.119,6.016,3.803,0,4.297,6.397,4.139,17.266,-0.029,2.917,0,0,0,OFFBOARD
673,RETURN,70.26,70.441,2.471,1.815,-0.119,-0.126,-0.626,-70.441,2.621,0.119,6.016,3.803,0,4.297,6.397,4.139,16.924,-0.086,2.956,0,0,0,OFFBOARD
674,RETURN,70.36,70.442,2.471,1.816,-0.119,-0.126,-0.626,-70.442,2.621,0.119,6.016,3.803,0,4.297,6.397,4.139,16.597,-0.141,2.996,0,0,0,OFFBOARD
675,RETURN,70.46,70.443,2.471,1.818,-0.119,-0.126,-0.626,-70.443,2.621,0.119,6.016,3.803,0,4.297,6.397,4.139,16.273,-0.196,3.036,0,0,0,OFFBOARD
676,RETURN,70.57,70.442,2.471,1.82,-0.119,-0.126,-0.626,-70.442,2.621,0.119,6.016,3.803,0,4.297,6.397,4.139,15.961,-0.251,3.075,0,0,0,OFFBOARD
677,RETURN,70.67,70.439,2.472,1.822,-0.119,-0.126,-0.626,-70.439,2.622,0.119,6.016,3.803,0,4.297,6.397,4.139,15.646,-0.304,3.115,0,0,0,OFFBOARD
678,RETURN,70.77,70.434,2.474,1.825,-0.119,-0.126,-0.626,-70.434,2.624,0.119,6.016,3.803,0,4.297,6.397,4.139,15.339,-0.356,3.154,0,0,0,OFFBOARD
679,RETURN,70.87,70.433,2.474,1.826,-0.119,-0.126,-0.626,-70.433,2.624,0.119,6.016,3.803,0,4.297,6.397,4.139,15.035,-0.411,3.194,0,0,0,OFFBOARD
680,RETURN,70.97,70.434,2.474,1.825,-0.119,-0.126,-0.626,-70.434,2.624,0.119,6.016,3.803,0,4.297,6.397,4.139,14.726,-0.462,3.234,0,0,0,OFFBOARD
681,RETURN,71.07,70.433,2.474,1.826,-0.119,-0.126,-0.626,-70.433,2.624,0.119,6.016,3.803,0,4.297,6.397,4.139,14.428,-0.514,3.273,0,0,0,OFFBOARD
682,RETURN,71.17,70.433,2.474,1.825,-0.119,-0.126,-0.626,-70.433,2.624,0.119,6.016,3.803,0,4.297,6.397,4.139,14.143,-0.566,3.313,0,0,0,OFFBOARD
683,RETURN,71.28,70.433,2.474,1.825,-0.119,-0.126,-0.626,-70.433,2.624,0.119,6.016,3.803,0,4.297,6.397,4.139,13.866,-0.618,3.353,0,0,0,OFFBOARD
684,RETURN,71.38,70.433,2.474,1.824,-0.119,-0.126,-0.626,-70.433,2.624,0.119,6.016,3.803,0,4.297,6.397,4.139,13.593,-0.671,3.392,0,0,0,OFFBOARD
685,RETURN,71.48,70.433,2.474,1.824,-0.119,-0.126,-0.626,-70.433,2.624,0.119,6.016,3.803,0,4.297,6.397,4.139,13.306,-0.727,3.432,0,0,0,OFFBOARD
686,RETURN,71.58,70.433,2.474,1.824,-0.119,-0.126,-0.626,-70.433,2.624,0.119,6.016,3.803,0,4.297,6.397,4.139,13.02,-0.782,3.472,0,0,0,OFFBOARD
687,RETURN,71.68,70.433,2.474,1.823,-0.119,-0.126,-0.626,-70.433,2.624,0.119,6.016,3.803,0,4.297,6.397,4.139,12.732,-0.833,3.511,0,0,0,OFFBOARD
688,RETURN,71.78,70.433,2.474,1.823,-0.119,-0.126,-0.626,-70.433,2.624,0.119,6.016,3.803,0,4.297,6.397,4.139,12.433,-0.881,3.551,0,0,0,OFFBOARD
689,RETURN,71.88,70.433,2.474,1.823,-0.119,-0.126,-0.626,-70.433,2.624,0.119,6.016,3.803,0,4.297,6.397,4.139,12.136,-0.93,3.591,0,0,0,OFFBOARD
690,RETURN,71.98,70.433,2.474,1.825,-0.119,-0.126,-0.626,-70.433,2.624,0.119,6.016,3.803,0,4.297,6.397,4.139,11.85,-0.98,3.63,0,0,0,OFFBOARD
691,RETURN,72.09,70.432,2.474,1.828,-0.119,-0.126,-0.626,-70.432,2.624,0.119,6.016,3.803,0,4.297,6.397,4.139,11.562,-1.03,3.67,0,0,0,OFFBOARD
692,RETURN,72.19,70.432,2.474,1.825,-0.119,-0.126,-0.626,-70.432,2.624,0.119,6.016,3.803,0,4.297,6.397,4.139,11.275,-1.082,3.71,0,0,0,OFFBOARD
693,RETURN,72.29,70.432,2.474,1.825,-0.119,-0.126,-0.626,-70.432,2.624,0.119,6.016,3.803,0,4.297,6.397,4.139,10.967,-1.136,3.749,0,0,0,OFFBOARD
694,RETURN,72.39,70.432,2.474,1.826,-0.119,-0.126,-0.626,-70.432,2.624,0.119,6.016,3.803,0,4.297,6.397,4.139,10.659,-1.192,3.789,0,0,0,OFFBOARD
695,RETURN,72.49,70.432,2.474,1.826,-0.119,-0.126,-0.626,-70.432,2.624,0.119,6.016,3.803,0,4.297,6.397,4.139,10.367,-1.236,3.829,0,0,0,OFFBOARD
696,RETURN,72.59,70.432,2.474,1.826,-0.119,-0.126,-0.626,-70.432,2.624,0.119,6.016,3.803,0,4.297,6.397,4.139,10.085,-1.283,3.868,0,0,0,OFFBOARD
697,RETURN,72.69,70.432,2.474,1.826,-0.119,-0.126,-0.626,-70.432,2.624,0.119,6.016,3.803,0,4.297,6.397,4.139,9.804,-1.331,3.908,0,0,0,OFFBOARD
698,RETURN,72.8,70.432,2.474,1.826,-0.119,-0.126,-0.626,-70.432,2.624,0.119,6.016,3.803,0,4.297,6.397,4.139,9.509,-1.384,3.948,0,0,0,OFFBOARD
699,RETURN,72.9,70.432,2.474,1.826,-0.119,-0.126,-0.626,-70.432,2.624,0.119,6.016,3.803,0,4.297,6.397,4.139,9.213,-1.434,3.987,0,0,0,OFFBOARD
700,RETURN,73.0,70.432,2.474,1.827,-0.119,-0.126,-0.626,-70.432,2.624,0.119,6.016,3.803,0,4.297,6.397,4.139,8.937,-1.483,4.027,0,0,0,OFFBOARD
701,RETURN,73.1,70.432,2.474,1.827,-0.119,-0.126,-0.626,-70.432,2.624,0.119,6.016,3.803,0,4.297,6.397,4.139,8.654,-1.534,4.067,0,0,0,OFFBOARD
702,RETURN,73.2,70.432,2.474,1.827,-0.119,-0.126,-0.626,-70.432,2.624,0.119,6.016,3.803,0,4.297,6.397,4.139,8.36,-1.583,4.106,0,0,0,OFFBOARD
703,RETURN,73.3,70.432,2.474,1.827,-0.119,-0.126,-0.626,-70.432,2.624,0.119,6.016,3.803,0,4.297,6.397,4.139,8.074,-1.632,4.146,0,0,0,OFFBOARD
704,RETURN,73.4,70.432,2.474,1.827,-0.119,-0.126,-0.626,-70.432,2.624,0.119,6.016,3.803,0,4.297,6.397,4.139,7.784,-1.682,4.186,0,0,0,OFFBOARD
705,RETURN,73.5,70.432,2.474,1.827,-0.119,-0.126,-0.626,-70.432,2.624,0.119,6.016,3.803,0,4.297,6.397,4.139,7.499,-1.729,4.225,0,0,0,OFFBOARD
706,RETURN,73.61,70.432,2.474,1.827,-0.119,-0.126,-0.626,-70.432,2.624,0.119,6.016,3.803,0,4.297,6.397,4.139,7.225,-1.778,4.265,0,0,0,OFFBOARD
707,RETURN,73.71,70.432,2.474,1.827,-0.119,-0.126,-0.626,-70.432,2.624,0.119,6.016,3.803,0,4.297,6.397,4.139,6.94,-1.826,4.305,0,0,0,OFFBOARD
708,RETURN,73.81,70.432,2.474,1.827,-0.119,-0.126,-0.626,-70.432,2.624,0.119,6.016,3.803,0,4.297,6.397,4.139,6.643,-1.871,4.344,0,0,0,OFFBOARD
709,RETURN,73.91,70.432,2.474,1.827,-0.119,-0.126,-0.626,-70.432,2.624,0.119,6.016,3.803,0,4.297,6.397,4.139,6.364,-1.919,4.384,0,0,0,OFFBOARD
710,RETURN,74.01,70.432,2.474,1.827,-0.119,-0.126,-0.626,-70.432,2.624,0.119,6.016,3.803,0,4.297,6.397,4.139,6.093,-1.968,4.424,0,0,0,OFFBOARD
711,RETURN,74.11,70.432,2.474,1.827,-0.119,-0.126,-0.626,-70.431,2.624,0.119,6.016,3.803,0,4.297,6.397,4.139,5.829,-2.013,4.463,0,0,0,OFFBOARD
712,RETURN,74.21,70.431,2.474,1.827,-0.119,-0.126,-0.626,-70.431,2.624,0.119,6.016,3.803,0,4.297,6.397,4.139,5.55,-2.06,4.5,0,0,0,OFFBOARD
713,RETURN,74.32,70.431,2.474,1.828,-0.119,-0.126,-0.626,-70.431,2.624,0.119,6.016,3.803,0,4.297,6.397,4.139,5.272,-2.106,4.5,0,0,0,OFFBOARD
714,RETURN,74.42,70.431,2.474,1.828,-0.119,-0.126,-0.626,-70.431,2.624,0.119,6.016,3.803,0,4.297,6.397,4.139,4.988,-2.152,4.5,0,0,0,OFFBOARD
715,RETURN,74.52,70.431,2.474,1.828,-0.119,-0.126,-0.626,-70.431,2.624,0.119,6.016,3.803,0,4.297,6.397,4.139,4.702,-2.195,4.5,0,0,0,OFFBOARD
716,RETURN,74.62,70.431,2.474,1.828,-0.119,-0.126,-0.626,-70.431,2.624,0.119,6.016,3.803,0,4.297,6.397,4.139,4.43,-2.238,4.5,0,0,0,OFFBOARD
717,RETURN,74.72,70.431,2.474,1.828,-0.119,-0.126,-0.626,-70.431,2.624,0.119,6.016,3.803,0,4.297,6.397,4.139,4.164,-2.286,4.5,0,0,0,OFFBOARD
718,RETURN,74.82,70.431,2.474,1.828,-0.119,-0.126,-0.626,-70.431,2.624,0.119,6.016,3.803,0,4.297,6.397,4.139,3.914,-2.331,4.5,0,0,0,OFFBOARD
719,RETURN,74.92,70.431,2.474,1.828,-0.119,-0.126,-0.626,-70.431,2.624,0.119,6.016,3.803,0,4.297,6.397,4.139,3.662,-2.374,4.5,0,0,0,OFFBOARD
720,RETURN,75.02,70.431,2.474,1.828,-0.119,-0.126,-0.626,-70.431,2.624,0.119,6.016,3.803,0,4.297,6.397,4.139,3.401,-2.418,4.5,0,0,0,OFFBOARD
721,RETURN,75.13,70.431,2.474,1.828,-0.119,-0.126,-0.626,-70.431,2.624,0.119,6.016,3.803,0,4.297,6.397,4.139,3.119,-2.462,4.5,0,0,0,OFFBOARD
722,RETURN,75.23,70.431,2.474,1.828,-0.119,-0.126,-0.626,-70.431,2.624,0.119,6.016,3.803,0,4.297,6.397,4.139,2.86,-2.5,4.5,0,0,0,OFFBOARD
723,RETURN,75.33,70.431,2.474,1.828,-0.119,-0.126,-0.626,-70.431,2.624,0.119,6.016,3.803,0,4.297,6.397,4.139,2.602,-2.5,4.5,0,0,0,OFFBOARD
724,RETURN,75.43,70.431,2.474,1.829,-0.119,-0.126,-0.626,-70.431,2.624,0.119,6.016,3.803,0,4.297,6.397,4.139,2.373,-2.5,4.5,0,0,0,OFFBOARD
725,RETURN,75.53,70.431,2.474,1.829,-0.119,-0.126,-0.626,-70.431,2.624,0.119,6.016,3.803,0,4.297,6.397,4.139,2.134,-2.5,4.5,0,0,0,OFFBOARD
726,RETURN,75.63,70.431,2.474,1.829,-0.119,-0.126,-0.626,-70.431,2.624,0.119,6.016,3.803,0,4.297,6.397,4.139,1.887,-2.5,4.5,0,0,0,OFFBOARD
727,RETURN,75.73,70.431,2.473,1.829,-0.119,-0.126,-0.626,-70.431,2.624,0.119,6.016,3.803,0,4.297,6.397,4.139,1.629,-2.5,4.5,0,0,0,OFFBOARD
728,RETURN,75.84,70.431,2.473,1.829,-0.119,-0.126,-0.626,-70.431,2.624,0.119,6.016,3.803,0,4.297,6.397,4.139,1.379,-2.5,4.5,0,0,0,OFFBOARD
729,RETURN,75.94,70.431,2.473,1.829,-0.119,-0.126,-0.626,-70.431,2.624,0.119,6.016,3.803,0,4.297,6.397,4.139,1.133,-2.5,4.5,0,0,0,OFFBOARD
730,RETURN,76.04,70.431,2.473,1.829,-0.119,-0.126,-0.626,-70.43,2.623,0.119,6.016,3.803,0,4.297,6.397,4.139,0.872,-2.5,4.5,0,0,0,OFFBOARD
731,RETURN,76.14,70.43,2.473,1.829,-0.119,-0.126,-0.626,-70.43,2.623,0.119,6.016,3.803,0,4.297,6.397,4.139,0.609,-2.5,4.5,0,0,0,OFFBOARD
732,RETURN,76.24,70.43,2.473,1.829,-0.119,-0.126,-0.626,-70.43,2.623,0.119,6.016,3.803,0,4.297,6.397,4.139,0.357,-2.5,4.5,0,0,0,OFFBOARD
733,RETURN,76.34,70.43,2.473,1.829,-0.119,-0.126,-0.626,-70.43,2.623,0.119,6.016,3.803,0,4.297,6.397,4.139,0.113,-2.5,4.5,0,0,0,OFFBOARD
734,RETURN,76.44,70.43,2.473,1.829,-0.119,-0.126,-0.626,-70.43,2.623,0.119,6.016,3.803,0,4.297,6.397,4.139,-0.143,-2.5,4.5,0,0,0,OFFBOARD
735,RETURN,76.54,70.43,2.473,1.829,-0.119,-0.126,-0.626,-70.43,2.623,0.119,6.016,3.803,0,4.297,6.397,4.139,-0.403,-2.5,4.5,0,0,0,OFFBOARD
736,RETURN,76.64,70.43,2.473,1.83,-0.119,-0.126,-0.626,-70.43,2.623,0.119,6.016,3.803,0,4.297,6.397,4.139,-0.652,-2.5,4.5,0,0,0,OFFBOARD
737,RETURN,76.75,70.43,2.473,1.83,-0.119,-0.126,-0.626,-70.43,2.623,0.119,6.016,3.803,0,4.297,6.397,4.139,-0.925,-2.5,4.5,0,0,0,OFFBOARD
738,RETURN,76.85,70.43,2.473,1.83,-0.119,-0.126,-0.626,-70.43,2.623,0.119,6.016,3.803,0,4.297,6.397,4.139,-1.201,-2.5,4.5,0,0,0,OFFBOARD
739,RETURN,76.95,70.43,2.473,1.83,-0.119,-0.126,-0.626,-70.43,2.623,0.119,6.016,3.803,0,4.297,6.397,4.139,-1.499,-2.5,4.5,0,0,0,OFFBOARD
740,RETURN,77.05,70.43,2.473,1.83,-0.119,-0.126,-0.626,-70.43,2.623,0.119,6.016,3.803,0,4.297,6.397,4.139,-1.779,-2.5,4.5,0,0,0,OFFBOARD
741,RETURN,77.15,70.43,2.473,1.83,-0.119,-0.126,-0.626,-70.43,2.623,0.119,6.016,3.803,0,4.297,6.397,4.139,-2.056,-2.5,4.5,0,0,0,OFFBOARD
742,RETURN,77.25,70.43,2.473,1.83,-0.119,-0.126,-0.626,-70.43,2.623,0.119,6.016,3.803,0,4.297,6.397,4.139,-2.338,-2.5,4.5,0,0,0,OFFBOARD
743,RETURN,77.35,70.43,2.473,1.83,-0.119,-0.126,-0.626,-70.43,2.623,0.119,6.016,3.803,0,4.297,6.397,4.139,-2.609,-2.5,4.5,0,0,0,OFFBOARD
744,RETURN,77.46,70.43,2.473,1.83,-0.119,-0.126,-0.626,-70.43,2.623,0.119,6.016,3.803,0,4.297,6.397,4.139,-2.858,-2.5,4.5,0,0,0,OFFBOARD
745,RETURN,77.56,70.43,2.473,1.83,-0.119,-0.126,-0.626,-70.43,2.623,0.119,6.016,3.803,0,4.297,6.397,4.139,-3.0,-2.5,4.5,0,0,0,OFFBOARD
746,RETURN,77.66,70.43,2.473,1.83,-0.119,-0.126,-0.626,-70.43,2.623,0.119,6.016,3.803,0,4.297,6.397,4.139,-3.0,-2.5,4.5,0,0,0,OFFBOARD
747,RETURN,77.76,70.43,2.473,1.831,-0.119,-0.126,-0.626,-70.43,2.623,0.119,6.016,3.803,0,4.297,6.397,4.139,-3.0,-2.5,4.5,0,0,0,OFFBOARD
748,RETURN,77.86,70.43,2.473,1.831,-0.119,-0.126,-0.626,-70.43,2.623,0.119,6.016,3.803,0,4.297,6.397,4.139,-3.0,-2.5,4.5,0,0,0,OFFBOARD
749,RETURN,77.96,70.43,2.473,1.831,-0.119,-0.126,-0.626,-70.43,2.623,0.119,6.016,3.803,0,4.297,6.397,4.139,-3.0,-2.5,4.5,0,0,0,OFFBOARD
750,RETURN,78.06,70.429,2.473,1.831,-0.119,-0.126,-0.626,-70.429,2.623,0.119,6.016,3.803,0,4.297,6.397,4.139,-3.0,-2.5,4.5,0,0,0,OFFBOARD
751,RETURN,78.16,70.429,2.473,1.831,-0.119,-0.126,-0.626,-70.429,2.623,0.119,6.016,3.803,0,4.297,6.397,4.139,-3.0,-2.5,4.5,0,0,0,OFFBOARD
752,RETURN,78.27,70.429,2.473,1.831,-0.119,-0.126,-0.626,-70.429,2.623,0.119,6.016,3.803,0,4.297,6.397,4.139,-3.0,-2.5,4.5,0,0,0,OFFBOARD
753,RETURN,78.37,70.429,2.473,1.831,-0.119,-0.126,-0.626,-70.429,2.623,0.119,6.016,3.803,0,4.297,6.397,4.139,-3.0,-2.5,4.5,0,0,0,OFFBOARD
754,RETURN,78.47,70.429,2.473,1.831,-0.119,-0.126,-0.626,-70.429,2.623,0.119,6.016,3.803,0,4.297,6.397,4.139,-3.0,-2.5,4.5,0,0,0,OFFBOARD
755,RETURN,78.57,70.429,2.473,1.831,-0.119,-0.126,-0.626,-70.429,2.623,0.119,6.016,3.803,0,4.297,6.397,4.139,-3.0,-2.5,4.5,0,0,0,OFFBOARD
756,RETURN,78.67,70.429,2.473,1.831,-0.119,-0.126,-0.626,-70.429,2.623,0.119,6.016,3.803,0,4.297,6.397,4.139,-3.0,-2.5,4.5,0,0,0,OFFBOARD
757,RETURN,78.77,70.429,2.473,1.831,-0.119,-0.126,-0.626,-70.429,2.623,0.119,6.016,3.803,0,4.297,6.397,4.139,-3.0,-2.5,4.5,0,0,0,OFFBOARD
758,RETURN,78.87,70.429,2.473,1.832,-0.119,-0.126,-0.626,-70.429,2.623,0.119,6.016,3.803,0,4.297,6.397,4.139,-3.0,-2.5,4.5,0,0,0,OFFBOARD
759,RETURN,78.97,70.429,2.473,1.832,-0.119,-0.126,-0.626,-70.429,2.623,0.119,6.016,3.803,0,4.297,6.397,4.139,-3.0,-2.5,4.5,0,0,0,OFFBOARD
760,RETURN,79.08,70.429,2.472,1.832,-0.119,-0.126,-0.626,-70.429,2.623,0.119,6.016,3.803,0,4.297,6.397,4.139,-3.0,-2.5,4.5,0,0,0,OFFBOARD
761,RETURN,79.18,70.429,2.472,1.832,-0.119,-0.126,-0.626,-70.429,2.623,0.119,6.016,3.803,0,4.297,6.397,4.139,-3.0,-2.5,4.5,0,0,0,OFFBOARD
762,RETURN,79.28,70.429,2.472,1.832,-0.119,-0.126,-0.626,-70.429,2.623,0.119,6.016,3.803,0,4.297,6.397,4.139,-3.0,-2.5,4.5,0,0,0,OFFBOARD
763,RETURN,79.38,70.429,2.472,1.832,-0.119,-0.126,-0.626,-70.429,2.622,0.119,6.016,3.803,0,4.297,6.397,4.139,-3.0,-2.5,4.5,0,0,0,OFFBOARD
764,RETURN,79.48,70.429,2.472,1.832,-0.119,-0.126,-0.626,-70.429,2.622,0.119,6.016,3.803,0,4.297,6.397,4.139,-3.0,-2.5,4.5,0,0,0,OFFBOARD
765,RETURN,79.58,70.429,2.472,1.832,-0.119,-0.126,-0.626,-70.429,2.622,0.119,6.016,3.803,0,4.297,6.397,4.139,-3.0,-2.5,4.5,0,0,0,OFFBOARD
766,RETURN,79.68,70.429,2.472,1.832,-0.119,-0.126,-0.626,-70.429,2.622,0.119,6.016,3.803,0,4.297,6.397,4.139,-3.0,-2.5,4.5,0,0,0,OFFBOARD
767,RETURN,79.79,70.429,2.472,1.832,-0.119,-0.126,-0.626,-70.429,2.622,0.119,6.016,3.803,0,4.297,6.397,4.139,-3.0,-2.5,4.5,0,0,0,OFFBOARD
768,RETURN,79.89,70.429,2.472,1.832,-0.119,-0.126,-0.626,-70.429,2.622,0.119,6.016,3.803,0,4.297,6.397,4.139,-3.0,-2.5,4.5,0,0,0,OFFBOARD
769,RETURN,79.99,70.429,2.472,1.833,-0.119,-0.126,-0.626,-70.428,2.622,0.119,6.016,3.803,0,4.297,6.397,4.139,-3.0,-2.5,4.5,0,0,0,OFFBOARD
770,RETURN,80.09,70.428,2.472,1.833,-0.119,-0.126,-0.626,-70.428,2.622,0.119,6.016,3.803,0,4.297,6.397,4.139,-3.0,-2.5,4.5,0,0,0,OFFBOARD
771,RETURN,80.19,70.428,2.472,1.833,-0.119,-0.126,-0.626,-70.428,2.622,0.119,6.016,3.803,0,4.297,6.397,4.139,-3.0,-2.5,4.5,0,0,0,OFFBOARD
772,RETURN,80.29,70.428,2.472,1.833,-0.119,-0.126,-0.626,-70.428,2.622,0.119,6.016,3.803,0,4.297,6.397,4.139,-3.0,-2.5,4.5,0,0,0,OFFBOARD
773,RETURN,80.39,70.428,2.472,1.833,-0.119,-0.126,-0.626,-70.428,2.622,0.119,6.016,3.803,0,4.297,6.397,4.139,-3.0,-2.5,4.5,0,0,0,OFFBOARD
774,RETURN,80.49,70.428,2.472,1.833,-0.119,-0.126,-0.626,-70.428,2.622,0.119,6.016,3.803,0,4.297,6.397,4.139,-3.0,-2.5,4.5,0,0,0,OFFBOARD
775,RETURN,80.6,70.428,2.472,1.833,-0.119,-0.126,-0.626,-70.428,2.622,0.119,6.016,3.803,0,4.297,6.397,4.139,-3.0,-2.5,4.5,0,0,0,OFFBOARD
776,RETURN,80.7,70.428,2.472,1.833,-0.119,-0.126,-0.626,-70.428,2.622,0.119,6.016,3.803,0,4.297,6.397,4.139,-3.0,-2.5,4.5,0,0,0,OFFBOARD
777,RETURN,80.8,70.428,2.472,1.833,-0.119,-0.126,-0.626,-70.428,2.622,0.119,6.016,3.803,0,4.297,6.397,4.139,-3.0,-2.5,4.5,0,0,0,OFFBOARD
778,RETURN,80.9,70.428,2.472,1.833,-0.119,-0.126,-0.626,-70.428,2.622,0.119,6.016,3.803,0,4.297,6.397,4.139,-3.0,-2.5,4.5,0,0,0,OFFBOARD
779,RETURN,81.0,70.428,2.472,1.833,-0.119,-0.126,-0.626,-70.428,2.622,0.119,6.016,3.803,0,4.297,6.397,4.139,-3.0,-2.5,4.5,0,0,0,OFFBOARD
780,RETURN,81.1,70.428,2.472,1.834,-0.119,-0.126,-0.626,-70.428,2.622,0.119,6.016,3.803,0,4.297,6.397,4.139,-3.0,-2.5,4.5,0,0,0,OFFBOARD
781,RETURN,81.2,70.428,2.472,1.834,-0.119,-0.126,-0.626,-70.428,2.622,0.119,6.016,3.803,0,4.297,6.397,4.139,-3.0,-2.5,4.5,0,0,0,OFFBOARD
782,RETURN,81.31,70.428,2.472,1.834,-0.119,-0.126,-0.626,-70.428,2.622,0.119,6.016,3.803,0,4.297,6.397,4.139,-3.0,-2.5,4.5,0,0,0,OFFBOARD
783,RETURN,81.41,70.428,2.472,1.834,-0.119,-0.126,-0.626,-70.428,2.622,0.119,6.016,3.803,0,4.297,6.397,4.139,-3.0,-2.5,4.5,0,0,0,OFFBOARD
784,RETURN,81.51,70.428,2.472,1.834,-0.119,-0.126,-0.626,-70.428,2.622,0.119,6.016,3.803,0,4.297,6.397,4.139,-3.0,-2.5,4.5,0,0,0,OFFBOARD
785,RETURN,81.61,70.428,2.472,1.834,-0.119,-0.126,-0.626,-70.428,2.622,0.119,6.016,3.803,0,4.297,6.397,4.139,-3.0,-2.5,4.5,0,0,0,OFFBOARD
786,RETURN,81.71,70.428,2.472,1.834,-0.119,-0.126,-0.626,-70.428,2.622,0.119,6.016,3.803,0,4.297,6.397,4.139,-3.0,-2.5,4.5,0,0,0,OFFBOARD
787,RETURN,81.81,70.428,2.472,1.834,-0.119,-0.126,-0.626,-70.428,2.622,0.119,6.016,3.803,0,4.297,6.397,4.139,-3.0,-2.5,4.5,0,0,0,OFFBOARD
788,RETURN,81.91,70.428,2.472,1.834,-0.119,-0.126,-0.626,-70.428,2.622,0.119,6.016,3.803,0,4.297,6.397,4.139,-3.0,-2.5,4.5,0,0,0,OFFBOARD
789,RETURN,82.01,70.428,2.472,1.834,-0.119,-0.126,-0.626,-70.427,2.622,0.119,6.016,3.803,0,4.297,6.397,4.139,-3.0,-2.5,4.5,0,0,0,OFFBOARD
790,RETURN,82.12,70.427,2.472,1.834,-0.119,-0.126,-0.626,-70.427,2.622,0.119,6.016,3.803,0,4.297,6.397,4.139,-3.0,-2.5,4.5,0,0,0,OFFBOARD
791,RETURN,82.22,70.427,2.472,1.835,-0.119,-0.126,-0.626,-70.427,2.622,0.119,6.016,3.803,0,4.297,6.397,4.139,-3.0,-2.5,4.5,0,0,0,OFFBOARD
792,RETURN,82.32,70.427,2.472,1.835,-0.119,-0.126,-0.626,-70.427,2.622,0.119,6.016,3.803,0,4.297,6.397,4.139,-3.0,-2.5,4.5,0,0,0,OFFBOARD
793,RETURN,82.42,70.427,2.472,1.835,-0.119,-0.126,-0.626,-70.427,2.622,0.119,6.016,3.803,0,4.297,6.397,4.139,-3.0,-2.5,4.5,0,0,0,OFFBOARD
794,RETURN,82.52,70.427,2.471,1.835,-0.119,-0.126,-0.626,-70.427,2.622,0.119,6.016,3.803,0,4.297,6.397,4.139,-3.0,-2.5,4.5,0,0,0,OFFBOARD
795,RETURN,82.62,70.427,2.471,1.835,-0.119,-0.126,-0.626,-70.427,2.622,0.119,6.016,3.803,0,4.297,6.397,4.139,-3.0,-2.5,4.5,0,0,0,OFFBOARD
796,RETURN,82.72,70.427,2.471,1.835,-0.119,-0.126,-0.626,-70.427,2.621,0.119,6.016,3.803,0,4.297,6.397,4.139,-3.0,-2.5,4.5,0,0,0,OFFBOARD
797,RETURN,82.82,70.427,2.471,1.835,-0.119,-0.126,-0.626,-70.427,2.621,0.119,6.016,3.803,0,4.297,6.397,4.139,-3.0,-2.5,4.5,0,0,0,OFFBOARD
798,RETURN,82.93,70.427,2.471,1.835,-0.119,-0.126,-0.626,-70.427,2.621,0.119,6.016,3.803,0,4.297,6.397,4.139,-3.0,-2.5,4.5,0,0,0,OFFBOARD
799,RETURN,83.03,70.427,2.471,1.835,-0.119,-0.126,-0.626,-70.427,2.621,0.119,6.016,3.803,0,4.297,6.397,4.139,-3.0,-2.5,4.5,0,0,0,OFFBOARD
800,RETURN,83.13,70.427,2.471,1.835,-0.119,-0.126,-0.626,-70.427,2.621,0.119,6.016,3.803,0,4.297,6.397,4.139,-3.0,-2.5,4.5,0,0,0,OFFBOARD
801,RETURN,83.23,70.427,2.471,1.835,-0.119,-0.126,-0.626,-70.427,2.621,0.119,6.016,3.803,0,4.297,6.397,4.139,-3.0,-2.5,4.5,0,0,0,OFFBOARD
802,RETURN,83.33,70.427,2.471,1.836,-0.119,-0.126,-0.626,-70.427,2.621,0.119,6.016,3.803,0,4.297,6.397,4.139,-3.0,-2.5,4.5,0,0,0,OFFBOARD
803,RETURN,83.43,70.427,2.471,1.836,-0.119,-0.126,-0.626,-70.427,2.621,0.119,6.016,3.803,0,4.297,6.397,4.139,-3.0,-2.5,4.5,0,0,0,OFFBOARD
804,RETURN,83.53,70.427,2.471,1.836,-0.119,-0.126,-0.626,-70.427,2.621,0.119,6.016,3.803,0,4.297,6.397,4.139,-3.0,-2.5,4.5,0,0,0,OFFBOARD
805,RETURN,83.64,70.427,2.471,1.836,-0.119,-0.126,-0.626,-70.427,2.621,0.119,6.016,3.803,0,4.297,6.397,4.139,-3.0,-2.5,4.5,0,0,0,OFFBOARD
806,RETURN,83.74,70.427,2.471,1.836,-0.119,-0.126,-0.626,-70.427,2.621,0.119,6.016,3.803,0,4.297,6.397,4.139,-3.0,-2.5,4.5,0,0,0,OFFBOARD
807,RETURN,83.84,70.427,2.471,1.836,-0.119,-0.126,-0.626,-70.427,2.621,0.119,6.016,3.803,0,4.297,6.397,4.139,-3.0,-2.5,4.5,0,0,0,OFFBOARD
808,RETURN,83.94,70.427,2.471,1.836,-0.119,-0.126,-0.626,-70.427,2.621,0.119,6.016,3.803,0,4.297,6.397,4.139,-3.0,-2.5,4.5,0,0,0,OFFBOARD
809,RETURN,84.04,70.427,2.471,1.836,-0.119,-0.126,-0.626,-70.426,2.621,0.119,6.016,3.803,0,4.297,6.397,4.139,-3.0,-2.5,4.5,0,0,0,OFFBOARD
810,RETURN,84.14,70.426,2.471,1.836,-0.119,-0.126,-0.626,-70.426,2.621,0.119,6.016,3.803,0,4.297,6.397,4.139,-3.0,-2.5,4.5,0,0,0,OFFBOARD
811,RETURN,84.24,70.426,2.471,1.836,-0.119,-0.126,-0.626,-70.426,2.621,0.119,6.016,3.803,0,4.297,6.397,4.139,-3.0,-2.5,4.5,0,0,0,OFFBOARD
812,RETURN,84.35,70.426,2.471,1.836,-0.119,-0.126,-0.626,-70.426,2.621,0.119,6.016,3.803,0,4.297,6.397,4.139,-3.0,-2.5,4.5,0,0,0,OFFBOARD
813,RETURN,84.45,70.426,2.471,1.837,-0.119,-0.126,-0.626,-70.426,2.621,0.119,6.016,3.803,0,4.297,6.397,4.139,-3.0,-2.5,4.5,0,0,0,OFFBOARD
814,RETURN,84.55,70.426,2.471,1.837,-0.119,-0.126,-0.626,-70.426,2.621,0.119,6.016,3.803,0,4.297,6.397,4.139,-3.0,-2.5,4.5,0,0,0,OFFBOARD
815,RETURN,84.65,70.426,2.471,1.837,-0.119,-0.126,-0.626,-70.426,2.621,0.119,6.016,3.803,0,4.297,6.397,4.139,-3.0,-2.5,4.5,0,0,0,OFFBOARD
816,RETURN,84.75,70.426,2.471,1.837,-0.119,-0.126,-0.626,-70.426,2.621,0.119,6.016,3.803,0,4.297,6.397,4.139,-3.0,-2.5,4.5,0,0,0,OFFBOARD
817,RETURN,84.85,70.426,2.471,1.837,-0.119,-0.126,-0.626,-70.426,2.621,0.119,6.016,3.803,0,4.297,6.397,4.139,-3.0,-2.5,4.5,0,0,0,OFFBOARD
818,RETURN,84.95,70.426,2.471,1.837,-0.119,-0.126,-0.626,-70.426,2.621,0.119,6.016,3.803,0,4.297,6.397,4.139,-3.0,-2.5,4.5,0,0,0,OFFBOARD
819,RETURN,85.05,70.426,2.471,1.837,-0.119,-0.126,-0.626,-70.426,2.621,0.119,6.016,3.803,0,4.297,6.397,4.139,-3.0,-2.5,4.5,0,0,0,OFFBOARD
820,RETURN,85.16,70.426,2.471,1.837,-0.119,-0.126,-0.626,-70.426,2.621,0.119,6.016,3.803,0,4.297,6.397,4.139,-3.0,-2.5,4.5,0,0,0,OFFBOARD
821,RETURN,85.26,70.426,2.471,1.837,-0.119,-0.126,-0.626,-70.426,2.621,0.119,6.016,3.803,0,4.297,6.397,4.139,-3.0,-2.5,4.5,0,0,0,OFFBOARD
822,RETURN,85.36,70.426,2.471,1.837,-0.119,-0.126,-0.626,-70.426,2.621,0.119,6.016,3.803,0,4.297,6.397,4.139,-3.0,-2.5,4.5,0,0,0,OFFBOARD
823,RETURN,85.46,70.426,2.471,1.837,-0.119,-0.126,-0.626,-70.426,2.621,0.119,6.016,3.803,0,4.297,6.397,4.139,-3.0,-2.5,4.5,0,0,0,OFFBOARD
824,RETURN,85.56,70.426,2.471,1.838,-0.119,-0.126,-0.626,-70.426,2.621,0.119,6.016,3.803,0,4.297,6.397,4.139,-3.0,-2.5,4.5,0,0,0,OFFBOARD
825,RETURN,85.66,70.426,2.471,1.838,-0.119,-0.126,-0.626,-70.426,2.621,0.119,6.016,3.803,0,4.297,6.397,4.139,-3.0,-2.5,4.5,0,0,0,OFFBOARD
826,RETURN,85.76,70.426,2.471,1.838,-0.119,-0.126,-0.626,-70.426,2.621,0.119,6.016,3.803,0,4.297,6.397,4.139,-3.0,-2.5,4.5,0,0,0,OFFBOARD
827,RETURN,85.86,70.426,2.47,1.838,-0.119,-0.126,-0.626,-70.426,2.621,0.119,6.016,3.803,0,4.297,6.397,4.139,-3.0,-2.5,4.5,0,0,0,OFFBOARD
828,RETURN,85.97,70.426,2.47,1.838,-0.119,-0.126,-0.626,-70.426,2.621,0.119,6.016,3.803,0,4.297,6.397,4.139,-3.0,-2.5,4.5,0,0,0,OFFBOARD
829,RETURN,86.07,70.425,2.47,1.838,-0.119,-0.126,-0.626,-70.425,2.621,0.119,6.016,3.803,0,4.297,6.397,4.139,-3.0,-2.5,4.5,0,0,0,OFFBOARD
830,RETURN,86.17,70.425,2.47,1.838,-0.119,-0.126,-0.626,-70.425,2.62,0.119,6.016,3.803,0,4.297,6.397,4.139,-3.0,-2.5,4.5,0,0,0,OFFBOARD
831,RETURN,86.27,70.425,2.47,1.838,-0.119,-0.126,-0.626,-70.425,2.62,0.119,6.016,3.803,0,4.297,6.397,4.139,-3.0,-2.5,4.5,0,0,0,OFFBOARD
832,RETURN,86.37,70.425,2.47,1.838,-0.119,-0.126,-0.626,-70.425,2.62,0.119,6.016,3.803,0,4.297,6.397,4.139,-3.0,-2.5,4.5,0,0,0,OFFBOARD
833,RETURN,86.47,70.425,2.47,1.838,-0.119,-0.126,-0.626,-70.425,2.62,0.119,6.016,3.803,0,4.297,6.397,4.139,-3.0,-2.5,4.5,0,0,0,OFFBOARD
834,RETURN,86.57,70.425,2.47,1.838,-0.119,-0.126,-0.626,-70.425,2.62,0.119,6.016,3.803,0,4.297,6.397,4.139,-3.0,-2.5,4.5,0,0,0,OFFBOARD
835,RETURN,86.67,70.425,2.47,1.839,-0.119,-0.126,-0.626,-70.425,2.62,0.119,6.016,3.803,0,4.297,6.397,4.139,-3.0,-2.5,4.5,0,0,0,OFFBOARD
836,RETURN,86.78,70.425,2.47,1.839,-0.119,-0.126,-0.626,-70.425,2.62,0.119,6.016,3.803,0,4.297,6.397,4.139,-3.0,-2.5,4.5,0,0,0,OFFBOARD
837,RETURN,86.88,70.425,2.47,1.839,-0.119,-0.126,-0.626,-70.425,2.62,0.119,6.016,3.803,0,4.297,6.397,4.139,-3.0,-2.5,4.5,0,0,0,OFFBOARD
838,RETURN,86.98,70.425,2.47,1.839,-0.119,-0.126,-0.626,-70.425,2.62,0.119,6.016,3.803,0,4.297,6.397,4.139,-3.0,-2.5,4.5,0,0,0,OFFBOARD
839,RETURN,87.08,70.425,2.47,1.839,-0.119,-0.126,-0.626,-70.425,2.62,0.119,6.016,3.803,0,4.297,6.397,4.139,-3.0,-2.5,4.5,0,0,0,OFFBOARD
840,RETURN,87.18,70.425,2.47,1.839,-0.119,-0.126,-0.626,-70.425,2.62,0.119,6.016,3.803,0,4.297,6.397,4.139,-3.0,-2.5,4.5,0,0,0,OFFBOARD
841,RETURN,87.28,70.425,2.47,1.839,-0.119,-0.126,-0.626,-70.425,2.62,0.119,6.016,3.803,0,4.297,6.397,4.139,-3.0,-2.5,4.5,0,0,0,OFFBOARD
842,RETURN,87.38,70.425,2.47,1.839,-0.119,-0.126,-0.626,-70.425,2.62,0.119,6.016,3.803,0,4.297,6.397,4.139,-3.0,-2.5,4.5,0,0,0,OFFBOARD
843,RETURN,87.49,70.425,2.47,1.839,-0.119,-0.126,-0.626,-70.425,2.62,0.119,6.016,3.803,0,4.297,6.397,4.139,-3.0,-2.5,4.5,0,0,0,OFFBOARD
844,RETURN,87.59,70.425,2.47,1.839,-0.119,-0.126,-0.626,-70.425,2.62,0.119,6.016,3.803,0,4.297,6.397,4.139,-3.0,-2.5,4.5,0,0,0,OFFBOARD
845,RETURN,87.69,70.425,2.47,1.839,-0.119,-0.126,-0.626,-70.425,2.62,0.119,6.016,3.803,0,4.297,6.397,4.139,-3.0,-2.5,4.5,0,0,0,OFFBOARD
846,RETURN,87.79,70.425,2.47,1.84,-0.119,-0.126,-0.626,-70.425,2.62,0.119,6.016,3.803,0,4.297,6.397,4.139,-3.0,-2.5,4.5,0,0,0,OFFBOARD
847,RETURN,87.89,70.425,2.47,1.84,-0.119,-0.126,-0.626,-70.425,2.62,0.119,6.016,3.803,0,4.297,6.397,4.139,-3.0,-2.5,4.5,0,0,0,OFFBOARD
848,RETURN,87.99,70.425,2.47,1.84,-0.119,-0.126,-0.626,-70.425,2.62,0.119,6.016,3.803,0,4.297,6.397,4.139,-3.0,-2.5,4.5,0,0,0,OFFBOARD
849,RETURN,88.09,70.425,2.47,1.84,-0.119,-0.126,-0.626,-70.424,2.62,0.119,6.016,3.803,0,4.297,6.397,4.139,-3.0,-2.5,4.5,0,0,0,OFFBOARD
850,RETURN,88.2,70.424,2.47,1.84,-0.119,-0.126,-0.626,-70.424,2.62,0.119,6.016,3.803,0,4.297,6.397,4.139,-3.0,-2.5,4.5,0,0,0,OFFBOARD
851,RETURN,88.3,70.424,2.47,1.84,-0.119,-0.126,-0.626,-70.424,2.62,0.119,6.016,3.803,0,4.297,6.397,4.139,-3.0,-2.5,4.5,0,0,0,OFFBOARD
852,RETURN,88.4,70.424,2.47,1.84,-0.119,-0.126,-0.626,-70.424,2.62,0.119,6.016,3.803,0,4.297,6.397,4.139,-3.0,-2.5,4.5,0,0,0,OFFBOARD
853,RETURN,88.5,70.424,2.47,1.84,-0.119,-0.126,-0.626,-70.424,2.62,0.119,6.016,3.803,0,4.297,6.397,4.139,-3.0,-2.5,4.5,0,0,0,OFFBOARD
854,RETURN,88.6,70.424,2.47,1.84,-0.119,-0.126,-0.626,-70.424,2.62,0.119,6.016,3.803,0,4.297,6.397,4.139,-3.0,-2.5,4.5,0,0,0,OFFBOARD
855,RETURN,88.7,70.424,2.47,1.84,-0.119,-0.126,-0.626,-70.424,2.62,0.119,6.016,3.803,0,4.297,6.397,4.139,-3.0,-2.5,4.5,0,0,0,OFFBOARD
856,RETURN,88.8,70.424,2.47,1.84,-0.119,-0.126,-0.626,-70.424,2.62,0.119,6.016,3.803,0,4.297,6.397,4.139,-3.0,-2.5,4.5,0,0,0,OFFBOARD
857,RETURN,88.9,70.424,2.47,1.841,-0.119,-0.126,-0.626,-70.424,2.62,0.119,6.016,3.803,0,4.297,6.397,4.139,-3.0,-2.5,4.5,0,0,0,OFFBOARD
858,RETURN,89.01,70.424,2.47,1.841,-0.119,-0.126,-0.626,-70.424,2.62,0.119,6.016,3.803,0,4.297,6.397,4.139,-3.0,-2.5,4.5,0,0,0,OFFBOARD
859,RETURN,89.11,70.424,2.47,1.841,-0.119,-0.126,-0.626,-70.424,2.62,0.119,6.016,3.803,0,4.297,6.397,4.139,-3.0,-2.5,4.5,0,0,0,OFFBOARD
860,RETURN,89.21,70.424,2.47,1.841,-0.119,-0.126,-0.626,-70.424,2.62,0.119,6.016,3.803,0,4.297,6.397,4.139,-3.0,-2.5,4.5,0,0,0,OFFBOARD
861,RETURN,89.31,70.424,2.469,1.841,-0.119,-0.126,-0.626,-70.424,2.62,0.119,6.016,3.803,0,4.297,6.397,4.139,-3.0,-2.5,4.5,0,0,0,OFFBOARD
862,RETURN,89.41,70.424,2.469,1.841,-0.119,-0.126,-0.626,-70.424,2.62,0.119,6.016,3.803,0,4.297,6.397,4.139,-3.0,-2.5,4.5,0,0,0,OFFBOARD
863,RETURN,89.51,70.424,2.469,1.841,-0.119,-0.126,-0.626,-70.424,2.62,0.119,6.016,3.803,0,4.297,6.397,4.139,-3.0,-2.5,4.5,0,0,0,OFFBOARD
864,RETURN,89.61,70.424,2.469,1.841,-0.119,-0.126,-0.626,-70.424,2.619,0.119,6.016,3.803,0,4.297,6.397,4.139,-3.0,-2.5,4.5,0,0,0,OFFBOARD
865,RETURN,89.71,70.424,2.469,1.841,-0.119,-0.126,-0.626,-70.424,2.619,0.119,6.016,3.803,0,4.297,6.397,4.139,-3.0,-2.5,4.5,0,0,0,OFFBOARD
866,RETURN,89.82,70.424,2.469,1.841,-0.119,-0.126,-0.626,-70.424,2.619,0.119,6.016,3.803,0,4.297,6.397,4.139,-3.0,-2.5,4.5,0,0,0,OFFBOARD
867,RETURN,89.92,70.424,2.469,1.841,-0.119,-0.126,-0.626,-70.424,2.619,0.119,6.016,3.803,0,4.297,6.397,4.139,-3.0,-2.5,4.5,0,0,0,OFFBOARD
868,RETURN,90.02,70.424,2.469,1.841,-0.119,-0.126,-0.626,-70.424,2.619,0.119,6.016,3.803,0,4.297,6.397,4.139,-3.0,-2.5,4.5,0,0,0,OFFBOARD
869,RETURN,90.12,70.424,2.469,1.842,-0.119,-0.126,-0.626,-70.424,2.619,0.119,6.016,3.803,0,4.297,6.397,4.139,-3.0,-2.5,4.5,0,0,0,OFFBOARD
870,RETURN,90.22,70.423,2.469,1.842,-0.119,-0.126,-0.626,-70.423,2.619,0.119,6.016,3.803,0,4.297,6.397,4.139,-3.0,-2.5,4.5,0,0,0,OFFBOARD
871,RETURN,90.32,70.423,2.469,1.842,-0.119,-0.126,-0.626,-70.423,2.619,0.119,6.016,3.803,0,4.297,6.397,4.139,-3.0,-2.5,4.5,0,0,0,OFFBOARD
872,RETURN,90.42,70.423,2.469,1.842,-0.119,-0.126,-0.626,-70.423,2.619,0.119,6.016,3.803,0,4.297,6.397,4.139,-3.0,-2.5,4.5,0,0,0,OFFBOARD
873,RETURN,90.53,70.423,2.469,1.842,-0.119,-0.126,-0.626,-70.423,2.619,0.119,6.016,3.803,0,4.297,6.397,4.139,-3.0,-2.5,4.5,0,0,0,OFFBOARD
874,RETURN,90.63,70.423,2.469,1.842,-0.119,-0.126,-0.626,-70.423,2.619,0.119,6.016,3.803,0,4.297,6.397,4.139,-3.0,-2.5,4.5,0,0,0,OFFBOARD
875,RETURN,90.73,70.423,2.469,1.842,-0.119,-0.126,-0.626,-70.423,2.619,0.119,6.016,3.803,0,4.297,6.397,4.139,-3.0,-2.5,4.5,0,0,0,OFFBOARD
876,RETURN,90.83,70.423,2.469,1.842,-0.119,-0.126,-0.626,-70.423,2.619,0.119,6.016,3.803,0,4.297,6.397,4.139,-3.0,-2.5,4.5,0,0,0,OFFBOARD
877,RETURN,90.93,70.423,2.469,1.842,-0.119,-0.126,-0.626,-70.423,2.619,0.119,6.016,3.803,0,4.297,6.397,4.139,-3.0,-2.5,4.5,0,0,0,OFFBOARD
878,RETURN,91.03,70.423,2.469,1.842,-0.119,-0.126,-0.626,-70.423,2.619,0.119,6.016,3.803,0,4.297,6.397,4.139,-3.0,-2.5,4.5,0,0,0,OFFBOARD
879,RETURN,91.13,70.423,2.469,1.842,-0.119,-0.126,-0.626,-70.423,2.619,0.119,6.016,3.803,0,4.297,6.397,4.139,-3.0,-2.5,4.5,0,0,0,OFFBOARD
880,RETURN,91.23,70.423,2.469,1.843,-0.119,-0.126,-0.626,-70.423,2.619,0.119,6.016,3.803,0,4.297,6.397,4.139,-3.0,-2.5,4.5,0,0,0,OFFBOARD
881,RETURN,91.34,70.423,2.469,1.843,-0.119,-0.126,-0.626,-70.423,2.619,0.119,6.016,3.803,0,4.297,6.397,4.139,-3.0,-2.5,4.5,0,0,0,OFFBOARD
882,RETURN,91.44,70.423,2.469,1.843,-0.119,-0.126,-0.626,-70.423,2.619,0.119,6.016,3.803,0,4.297,6.397,4.139,-3.0,-2.5,4.5,0,0,0,OFFBOARD
883,RETURN,91.54,70.423,2.469,1.843,-0.119,-0.126,-0.626,-70.423,2.619,0.119,6.016,3.803,0,4.297,6.397,4.139,-3.0,-2.5,4.5,0,0,0,OFFBOARD
884,RETURN,91.64,70.423,2.469,1.843,-0.119,-0.126,-0.626,-70.423,2.619,0.119,6.016,3.803,0,4.297,6.397,4.139,-3.0,-2.5,4.5,0,0,0,OFFBOARD
885,RETURN,91.74,70.423,2.469,1.843,-0.119,-0.126,-0.626,-70.423,2.619,0.119,6.016,3.803,0,4.297,6.397,4.139,-3.0,-2.5,4.5,0,0,0,OFFBOARD
886,RETURN,91.84,70.423,2.469,1.843,-0.119,-0.126,-0.626,-70.423,2.619,0.119,6.016,3.803,0,4.297,6.397,4.139,-3.0,-2.5,4.5,0,0,0,OFFBOARD
887,RETURN,91.94,70.423,2.469,1.843,-0.119,-0.126,-0.626,-70.423,2.619,0.119,6.016,3.803,0,4.297,6.397,4.139,-3.0,-2.5,4.5,0,0,0,OFFBOARD
888,RETURN,92.04,70.423,2.469,1.843,-0.119,-0.126,-0.626,-70.423,2.619,0.119,6.016,3.803,0,4.297,6.397,4.139,-3.0,-2.5,4.5,0,0,0,OFFBOARD
889,RETURN,92.15,70.423,2.469,1.843,-0.119,-0.126,-0.626,-70.423,2.619,0.119,6.016,3.803,0,4.297,6.397,4.139,-3.0,-2.5,4.5,0,0,0,OFFBOARD
890,RETURN,92.25,70.423,2.469,1.843,-0.119,-0.126,-0.626,-70.423,2.619,0.119,6.016,3.803,0,4.297,6.397,4.139,-3.0,-2.5,4.5,0,0,0,OFFBOARD
891,RETURN,92.35,70.423,2.469,1.844,-0.119,-0.126,-0.626,-70.422,2.619,0.119,6.016,3.803,0,4.297,6.397,4.139,-3.0,-2.5,4.5,0,0,0,OFFBOARD
892,RETURN,92.45,70.422,2.469,1.844,-0.119,-0.126,-0.626,-70.422,2.619,0.119,6.016,3.803,0,4.297,6.397,4.139,-3.0,-2.5,4.5,0,0,0,OFFBOARD
893,RETURN,92.55,70.422,2.469,1.844,-0.119,-0.126,-0.626,-70.422,2.619,0.119,6.016,3.803,0,4.297,6.397,4.139,-3.0,-2.5,4.5,0,0,0,OFFBOARD
894,RETURN,92.65,70.422,2.469,1.844,-0.119,-0.126,-0.626,-70.422,2.619,0.119,6.016,3.803,0,4.297,6.397,4.139,-3.0,-2.5,4.5,0,0,0,OFFBOARD
895,RETURN,92.75,70.422,2.469,1.844,-0.119,-0.126,-0.626,-70.422,2.619,0.119,6.016,3.803,0,4.297,6.397,4.139,-3.0,-2.5,4.5,0,0,0,OFFBOARD
896,RETURN,92.85,70.422,2.468,1.844,-0.119,-0.126,-0.626,-70.422,2.619,0.119,6.016,3.803,0,4.297,6.397,4.139,-3.0,-2.5,4.5,0,0,0,OFFBOARD
897,RETURN,92.96,70.422,2.468,1.844,-0.119,-0.126,-0.626,-70.422,2.618,0.119,6.016,3.803,0,4.297,6.397,4.139,-3.0,-2.5,4.5,0,0,0,OFFBOARD
898,RETURN,93.06,70.422,2.468,1.844,-0.119,-0.126,-0.626,-70.422,2.618,0.119,6.016,3.803,0,4.297,6.397,4.139,-3.0,-2.5,4.5,0,0,0,OFFBOARD
899,RETURN,93.16,70.422,2.468,1.844,-0.119,-0.126,-0.626,-70.422,2.618,0.119,6.016,3.803,0,4.297,6.397,4.139,-3.0,-2.5,4.5,0,0,0,OFFBOARD
900,RETURN,93.26,70.422,2.468,1.844,-0.119,-0.126,-0.626,-70.422,2.618,0.119,6.016,3.803,0,4.297,6.397,4.139,-3.0,-2.5,4.5,0,0,0,OFFBOARD
901,RETURN,93.36,70.422,2.468,1.844,-0.119,-0.126,-0.626,-70.422,2.618,0.119,6.016,3.803,0,4.297,6.397,4.139,-3.0,-2.5,4.5,0,0,0,OFFBOARD
902,RETURN,93.46,70.422,2.468,1.844,-0.119,-0.126,-0.626,-70.422,2.618,0.119,6.016,3.803,0,4.297,6.397,4.139,-3.0,-2.5,4.5,0,0,0,OFFBOARD
903,RETURN,93.56,70.422,2.468,1.845,-0.119,-0.126,-0.626,-70.422,2.618,0.119,6.016,3.803,0,4.297,6.397,4.139,-3.0,-2.5,4.5,0,0,0,OFFBOARD
904,RETURN,93.67,70.422,2.468,1.845,-0.119,-0.126,-0.626,-70.422,2.618,0.119,6.016,3.803,0,4.297,6.397,4.139,-3.0,-2.5,4.5,0,0,0,OFFBOARD
905,RETURN,93.77,70.422,2.468,1.845,-0.119,-0.126,-0.626,-70.422,2.618,0.119,6.016,3.803,0,4.297,6.397,4.139,-3.0,-2.5,4.5,0,0,0,OFFBOARD
906,RETURN,93.87,70.422,2.468,1.845,-0.119,-0.126,-0.626,-70.422,2.618,0.119,6.016,3.803,0,4.297,6.397,4.139,-3.0,-2.5,4.5,0,0,0,OFFBOARD
907,RETURN,93.97,70.422,2.468,1.845,-0.119,-0.126,-0.626,-70.422,2.618,0.119,6.016,3.803,0,4.297,6.397,4.139,-3.0,-2.5,4.5,0,0,0,OFFBOARD
908,RETURN,94.07,70.422,2.468,1.845,-0.119,-0.126,-0.626,-70.422,2.618,0.119,6.016,3.803,0,4.297,6.397,4.139,-3.0,-2.5,4.5,0,0,0,OFFBOARD
909,RETURN,94.17,70.422,2.468,1.845,-0.119,-0.126,-0.626,-70.422,2.618,0.119,6.016,3.803,0,4.297,6.397,4.139,-3.0,-2.5,4.5,0,0,0,OFFBOARD
910,RETURN,94.27,70.422,2.468,1.845,-0.119,-0.126,-0.626,-70.422,2.618,0.119,6.016,3.803,0,4.297,6.397,4.139,-3.0,-2.5,4.5,0,0,0,OFFBOARD
911,RETURN,94.37,70.422,2.468,1.845,-0.119,-0.126,-0.626,-70.422,2.618,0.119,6.016,3.803,0,4.297,6.397,4.139,-3.0,-2.5,4.5,0,0,0,OFFBOARD
912,RETURN,94.48,70.422,2.468,1.845,-0.119,-0.126,-0.626,-70.422,2.618,0.119,6.016,3.803,0,4.297,6.397,4.139,-3.0,-2.5,4.5,0,0,0,OFFBOARD
913,RETURN,94.58,70.422,2.468,1.845,-0.119,-0.126,-0.626,-70.421,2.618,0.119,6.016,3.803,0,4.297,6.397,4.139,-3.0,-2.5,4.5,0,0,0,OFFBOARD
914,RETURN,94.68,70.421,2.468,1.846,-0.119,-0.126,-0.626,-70.421,2.618,0.119,6.016,3.803,0,4.297,6.397,4.139,-3.0,-2.5,4.5,0,0,0,OFFBOARD
915,RETURN,94.78,70.421,2.468,1.846,-0.119,-0.126,-0.626,-70.421,2.618,0.119,6.016,3.803,0,4.297,6.397,4.139,-3.0,-2.5,4.5,0,0,0,OFFBOARD
916,RETURN,94.88,70.421,2.468,1.846,-0.119,-0.126,-0.626,-70.421,2.618,0.119,6.016,3.803,0,4.297,6.397,4.139,-3.0,-2.5,4.5,0,0,0,OFFBOARD
917,RETURN,94.98,70.421,2.468,1.846,-0.119,-0.126,-0.626,-70.421,2.618,0.119,6.016,3.803,0,4.297,6.397,4.139,-3.0,-2.5,4.5,0,0,0,OFFBOARD
918,RETURN,95.08,70.421,2.468,1.846,-0.119,-0.126,-0.626,-70.421,2.618,0.119,6.016,3.803,0,4.297,6.397,4.139,-3.0,-2.5,4.5,0,0,0,OFFBOARD
919,RETURN,95.19,70.421,2.468,1.846,-0.119,-0.126,-0.626,-70.421,2.618,0.119,6.016,3.803,0,4.297,6.397,4.139,-3.0,-2.5,4.5,0,0,0,OFFBOARD
920,RETURN,95.29,70.421,2.468,1.846,-0.119,-0.126,-0.626,-70.421,2.618,0.119,6.016,3.803,0,4.297,6.397,4.139,-3.0,-2.5,4.5,0,0,0,OFFBOARD
921,RETURN,95.39,70.421,2.468,1.846,-0.119,-0.126,-0.626,-70.421,2.618,0.119,6.016,3.803,0,4.297,6.397,4.139,-3.0,-2.5,4.5,0,0,0,OFFBOARD
922,RETURN,95.49,70.421,2.468,1.846,-0.119,-0.126,-0.626,-70.421,2.618,0.119,6.016,3.803,0,4.297,6.397,4.139,-3.0,-2.5,4.5,0,0,0,OFFBOARD
923,RETURN,95.59,70.421,2.468,1.846,-0.119,-0.126,-0.626,-70.421,2.618,0.119,6.016,3.803,0,4.297,6.397,4.139,-3.0,-2.5,4.5,0,0,0,OFFBOARD
924,RETURN,95.69,70.421,2.468,1.846,-0.119,-0.126,-0.626,-70.421,2.618,0.119,6.016,3.803,0,4.297,6.397,4.139,-3.0,-2.5,4.5,0,0,0,OFFBOARD
925,RETURN,95.79,70.421,2.468,1.847,-0.119,-0.126,-0.626,-70.421,2.618,0.119,6.016,3.803,0,4.297,6.397,4.139,-3.0,-2.5,4.5,0,0,0,OFFBOARD
926,RETURN,95.9,70.421,2.468,1.847,-0.119,-0.126,-0.626,-70.421,2.618,0.119,6.016,3.803,0,4.297,6.397,4.139,-3.0,-2.5,4.5,0,0,0,OFFBOARD
927,RETURN,96.0,70.421,2.468,1.847,-0.119,-0.126,-0.626,-70.421,2.618,0.119,6.016,3.803,0,4.297,6.397,4.139,-3.0,-2.5,4.5,0,0,0,OFFBOARD
928,RETURN,96.1,70.421,2.468,1.847,-0.119,-0.126,-0.626,-70.421,2.618,0.119,6.016,3.803,0,4.297,6.397,4.139,-3.0,-2.5,4.5,0,0,0,OFFBOARD
929,RETURN,96.2,70.421,2.468,1.847,-0.119,-0.126,-0.626,-70.421,2.618,0.119,6.016,3.803,0,4.297,6.397,4.139,-3.0,-2.5,4.5,0,0,0,OFFBOARD
930,RETURN,96.3,70.421,2.467,1.847,-0.119,-0.126,-0.626,-70.421,2.618,0.119,6.016,3.803,0,4.297,6.397,4.139,-3.0,-2.5,4.5,0,0,0,OFFBOARD
931,RETURN,96.4,70.421,2.467,1.847,-0.119,-0.126,-0.626,-70.421,2.618,0.119,6.016,3.803,0,4.297,6.397,4.139,-3.0,-2.5,4.5,0,0,0,OFFBOARD
932,RETURN,96.5,70.421,2.467,1.847,-0.119,-0.126,-0.626,-70.421,2.618,0.119,6.016,3.803,0,4.297,6.397,4.139,-3.0,-2.5,4.5,0,0,0,OFFBOARD
933,RETURN,96.61,70.421,2.467,1.847,-0.119,-0.126,-0.626,-70.421,2.617,0.119,6.016,3.803,0,4.297,6.397,4.139,-3.0,-2.5,4.5,0,0,0,OFFBOARD
934,RETURN,96.71,70.421,2.467,1.847,-0.119,-0.126,-0.626,-70.421,2.617,0.119,6.016,3.803,0,4.297,6.397,4.139,-3.0,-2.5,4.5,0,0,0,OFFBOARD
935,RETURN,96.81,70.421,2.467,1.847,-0.119,-0.126,-0.626,-70.42,2.617,0.119,6.016,3.803,0,4.297,6.397,4.139,-3.0,-2.5,4.5,0,0,0,OFFBOARD
936,RETURN,96.91,70.42,2.467,1.847,-0.119,-0.126,-0.626,-70.42,2.617,0.119,6.016,3.803,0,4.297,6.397,4.139,-3.0,-2.5,4.5,0,0,0,OFFBOARD
937,RETURN,97.01,70.42,2.467,1.848,-0.119,-0.126,-0.626,-70.42,2.617,0.119,6.016,3.803,0,4.297,6.397,4.139,-3.0,-2.5,4.5,0,0,0,OFFBOARD
938,RETURN,97.11,70.42,2.467,1.848,-0.119,-0.126,-0.626,-70.42,2.617,0.119,6.016,3.803,0,4.297,6.397,4.139,-3.0,-2.5,4.5,0,0,0,OFFBOARD
939,RETURN,97.21,70.42,2.467,1.848,-0.119,-0.126,-0.626,-70.42,2.617,0.119,6.016,3.803,0,4.297,6.397,4.139,-3.0,-2.5,4.5,0,0,0,OFFBOARD
940,RETURN,97.32,70.42,2.467,1.848,-0.119,-0.126,-0.626,-70.42,2.617,0.119,6.016,3.803,0,4.297,6.397,4.139,-3.0,-2.5,4.5,0,0,0,OFFBOARD
941,RETURN,97.42,70.42,2.467,1.848,-0.119,-0.126,-0.626,-70.42,2.617,0.119,6.016,3.803,0,4.297,6.397,4.139,-3.0,-2.5,4.5,0,0,0,OFFBOARD
942,RETURN,97.52,70.42,2.467,1.848,-0.119,-0.126,-0.626,-70.42,2.617,0.119,6.016,3.803,0,4.297,6.397,4.139,-3.0,-2.5,4.5,0,0,0,OFFBOARD
943,RETURN,97.62,70.42,2.467,1.848,-0.119,-0.126,-0.626,-70.42,2.617,0.119,6.016,3.803,0,4.297,6.397,4.139,-3.0,-2.5,4.5,0,0,0,OFFBOARD
944,RETURN,97.72,70.42,2.467,1.848,-0.119,-0.126,-0.626,-70.42,2.617,0.119,6.016,3.803,0,4.297,6.397,4.139,-3.0,-2.5,4.5,0,0,0,OFFBOARD
945,RETURN,97.82,70.42,2.467,1.848,-0.119,-0.126,-0.626,-70.42,2.617,0.119,6.016,3.803,0,4.297,6.397,4.139,-3.0,-2.5,4.5,0,0,0,OFFBOARD
946,RETURN,97.92,70.42,2.467,1.848,-0.119,-0.126,-0.626,-70.42,2.617,0.119,6.016,3.803,0,4.297,6.397,4.139,-3.0,-2.5,4.5,0,0,0,OFFBOARD
947,RETURN,98.03,70.42,2.467,1.848,-0.119,-0.126,-0.626,-70.42,2.617,0.119,6.016,3.803,0,4.297,6.397,4.139,-3.0,-2.5,4.5,0,0,0,OFFBOARD
948,RETURN,98.13,70.42,2.467,1.849,-0.119,-0.126,-0.626,-70.42,2.617,0.119,6.016,3.803,0,4.297,6.397,4.139,-3.0,-2.5,4.5,0,0,0,OFFBOARD
949,RETURN,98.23,70.42,2.467,1.849,-0.119,-0.126,-0.626,-70.42,2.617,0.119,6.016,3.803,0,4.297,6.397,4.139,-3.0,-2.5,4.5,0,0,0,OFFBOARD
950,RETURN,98.33,70.42,2.467,1.849,-0.119,-0.126,-0.626,-70.42,2.617,0.119,6.016,3.803,0,4.297,6.397,4.139,-3.0,-2.5,4.5,0,0,0,OFFBOARD
951,RETURN,98.43,70.42,2.467,1.849,-0.119,-0.126,-0.626,-70.42,2.617,0.119,6.016,3.803,0,4.297,6.397,4.139,-3.0,-2.5,4.5,0,0,0,OFFBOARD
952,RETURN,98.53,70.42,2.467,1.849,-0.119,-0.126,-0.626,-70.42,2.617,0.119,6.016,3.803,0,4.297,6.397,4.139,-3.0,-2.5,4.5,0,0,0,OFFBOARD
953,RETURN,98.63,70.42,2.467,1.849,-0.119,-0.126,-0.626,-70.42,2.617,0.119,6.016,3.803,0,4.297,6.397,4.139,-3.0,-2.5,4.5,0,0,0,OFFBOARD
954,RETURN,98.73,70.42,2.467,1.849,-0.119,-0.126,-0.626,-70.42,2.617,0.119,6.016,3.803,0,4.297,6.397,4.139,-3.0,-2.5,4.5,0,0,0,OFFBOARD
955,RETURN,98.84,70.42,2.467,1.849,-0.119,-0.126,-0.626,-70.42,2.617,0.119,6.016,3.803,0,4.297,6.397,4.139,-3.0,-2.5,4.5,0,0,0,OFFBOARD
956,RETURN,98.94,70.42,2.467,1.849,-0.119,-0.126,-0.626,-70.42,2.617,0.119,6.016,3.803,0,4.297,6.397,4.139,-3.0,-2.5,4.5,0,0,0,OFFBOARD
957,RETURN,99.04,70.42,2.467,1.849,-0.119,-0.126,-0.626,-70.42,2.617,0.119,6.016,3.803,0,4.297,6.397,4.139,-3.0,-2.5,4.5,0,0,0,OFFBOARD
958,RETURN,99.14,70.42,2.467,1.849,-0.119,-0.126,-0.626,-70.419,2.617,0.119,6.016,3.803,0,4.297,6.397,4.139,-3.0,-2.5,4.5,0,0,0,OFFBOARD
959,RETURN,99.24,70.419,2.467,1.85,-0.119,-0.126,-0.626,-70.419,2.617,0.119,6.016,3.803,0,4.297,6.397,4.139,-3.0,-2.5,4.5,0,0,0,OFFBOARD
960,RETURN,99.34,70.419,2.467,1.85,-0.119,-0.126,-0.626,-70.419,2.617,0.119,6.016,3.803,0,4.297,6.397,4.139,-3.0,-2.5,4.5,0,0,0,OFFBOARD
961,RETURN,99.44,70.419,2.467,1.85,-0.119,-0.126,-0.626,-70.419,2.617,0.119,6.016,3.803,0,4.297,6.397,4.139,-3.0,-2.5,4.5,0,0,0,OFFBOARD
962,RETURN,99.54,70.419,2.467,1.85,-0.119,-0.126,-0.626,-70.419,2.617,0.119,6.016,3.803,0,4.297,6.397,4.139,-3.0,-2.5,4.5,0,0,0,OFFBOARD
963,RETURN,99.65,70.419,2.467,1.85,-0.119,-0.126,-0.626,-70.419,2.617,0.119,6.016,3.803,0,4.297,6.397,4.139,-3.0,-2.5,4.5,0,0,0,OFFBOARD
964,RETURN,99.75,70.419,2.466,1.85,-0.119,-0.126,-0.626,-70.419,2.617,0.119,6.016,3.803,0,4.297,6.397,4.139,-3.0,-2.5,4.5,0,0,0,OFFBOARD
965,RETURN,99.85,70.419,2.466,1.85,-0.119,-0.126,-0.626,-70.419,2.617,0.119,6.016,3.803,0,4.297,6.397,4.139,-3.0,-2.5,4.5,0,0,0,OFFBOARD
966,RETURN,99.95,70.419,2.466,1.85,-0.119,-0.126,-0.626,-70.419,2.616,0.119,6.016,3.803,0,4.297,6.397,4.139,-3.0,-2.5,4.5,0,0,0,OFFBOARD
967,RETURN,100.05,70.419,2.466,1.85,-0.119,-0.126,-0.626,-70.419,2.616,0.119,6.016,3.803,0,4.297,6.397,4.139,-3.0,-2.5,4.5,0,0,0,OFFBOARD
968,RETURN,100.15,70.419,2.466,1.85,-0.119,-0.126,-0.626,-70.419,2.616,0.119,6.016,3.803,0,4.297,6.397,4.139,-3.0,-2.5,4.5,0,0,0,OFFBOARD
969,RETURN,100.25,70.419,2.466,1.85,-0.119,-0.126,-0.626,-70.419,2.616,0.119,6.016,3.803,0,4.297,6.397,4.139,-3.0,-2.5,4.5,0,0,0,OFFBOARD
970,RETURN,100.35,70.419,2.466,1.851,-0.119,-0.126,-0.626,-70.419,2.616,0.119,6.016,3.803,0,4.297,6.397,4.139,-3.0,-2.5,4.5,0,0,0,OFFBOARD
971,RETURN,100.46,70.419,2.466,1.851,-0.119,-0.126,-0.626,-70.419,2.616,0.119,6.016,3.803,0,4.297,6.397,4.139,-3.0,-2.499,4.5,0,0,0,OFFBOARD
972,RETURN,100.56,70.419,2.466,1.851,-0.119,-0.126,-0.626,-70.419,2.616,0.119,6.016,3.803,0,4.297,6.397,4.139,-3.0,-2.499,4.5,0,0,0,OFFBOARD
973,RETURN,100.66,70.419,2.466,1.851,-0.119,-0.126,-0.626,-70.419,2.616,0.119,6.016,3.803,0,4.297,6.397,4.139,-3.0,-2.5,4.5,0,0,0,OFFBOARD
974,RETURN,100.76,70.419,2.466,1.851,-0.119,-0.126,-0.626,-70.419,2.616,0.119,6.016,3.803,0,4.297,6.397,4.139,-3.0,-2.5,4.5,0,0,0,OFFBOARD
975,RETURN,100.86,70.419,2.466,1.851,-0.119,-0.126,-0.626,-70.419,2.616,0.119,6.016,3.803,0,4.297,6.397,4.139,-3.0,-2.5,4.5,0,0,0,OFFBOARD
976,RETURN,100.96,70.419,2.466,1.851,-0.119,-0.126,-0.626,-70.419,2.616,0.119,6.016,3.803,0,4.297,6.397,4.139,-3.0,-2.5,4.5,0,0,0,OFFBOARD
977,RETURN,101.06,70.419,2.466,1.851,-0.119,-0.126,-0.626,-70.419,2.616,0.119,6.016,3.803,0,4.297,6.397,4.139,-3.0,-2.5,4.5,0,0,0,OFFBOARD
978,RETURN,101.17,70.419,2.466,1.851,-0.119,-0.126,-0.626,-70.419,2.616,0.119,6.016,3.803,0,4.297,6.397,4.139,-3.0,-2.5,4.5,0,0,0,OFFBOARD
979,RETURN,101.27,70.419,2.466,1.851,-0.119,-0.126,-0.626,-70.419,2.616,0.119,6.016,3.803,0,4.297,6.397,4.139,-3.0,-2.5,4.5,0,0,0,OFFBOARD
980,RETURN,101.37,70.419,2.466,1.851,-0.119,-0.126,-0.626,-70.419,2.616,0.119,6.016,3.803,0,4.297,6.397,4.139,-3.0,-2.5,4.5,0,0,0,OFFBOARD
981,RETURN,101.47,70.419,2.466,1.851,-0.119,-0.126,-0.626,-70.418,2.616,0.119,6.016,3.803,0,4.297,6.397,4.139,-3.0,-2.5,4.5,0,0,0,OFFBOARD
982,RETURN,101.57,70.418,2.466,1.852,-0.119,-0.126,-0.626,-70.418,2.616,0.119,6.016,3.803,0,4.297,6.397,4.139,-3.0,-2.5,4.5,0,0,0,OFFBOARD
983,RETURN,101.67,70.418,2.466,1.852,-0.119,-0.126,-0.626,-70.418,2.616,0.119,6.016,3.803,0,4.297,6.397,4.139,-3.0,-2.5,4.5,0,0,0,OFFBOARD
984,RETURN,101.77,70.418,2.466,1.852,-0.119,-0.126,-0.626,-70.418,2.616,0.119,6.016,3.803,0,4.297,6.397,4.139,-3.0,-2.5,4.5,0,0,0,OFFBOARD
985,RETURN,101.88,70.418,2.466,1.852,-0.119,-0.126,-0.626,-70.418,2.616,0.119,6.016,3.803,0,4.297,6.397,4.139,-3.0,-2.5,4.5,0,0,0,OFFBOARD
986,RETURN,101.98,70.418,2.466,1.852,-0.119,-0.126,-0.626,-70.418,2.616,0.119,6.016,3.803,0,4.297,6.397,4.139,-3.0,-2.5,4.5,0,0,0,OFFBOARD
987,RETURN,102.08,70.418,2.466,1.852,-0.119,-0.126,-0.626,-70.418,2.616,0.119,6.016,3.803,0,4.297,6.397,4.139,-3.0,-2.5,4.5,0,0,0,OFFBOARD
988,RETURN,102.18,70.418,2.466,1.852,-0.119,-0.126,-0.626,-70.418,2.616,0.119,6.016,3.803,0,4.297,6.397,4.139,-3.0,-2.5,4.5,0,0,0,OFFBOARD
989,RETURN,102.28,70.418,2.466,1.852,-0.119,-0.126,-0.626,-70.418,2.616,0.119,6.016,3.803,0,4.297,6.397,4.139,-3.0,-2.5,4.5,0,0,0,OFFBOARD
990,RETURN,102.38,70.418,2.466,1.852,-0.119,-0.126,-0.626,-70.418,2.616,0.119,6.016,3.803,0,4.297,6.397,4.139,-3.0,-2.5,4.5,0,0,0,OFFBOARD
991,RETURN,102.48,70.418,2.466,1.852,-0.119,-0.126,-0.626,-70.418,2.616,0.119,6.016,3.803,0,4.297,6.397,4.139,-3.0,-2.5,4.5,0,0,0,OFFBOARD
992,RETURN,102.58,70.418,2.466,1.852,-0.119,-0.126,-0.626,-70.418,2.616,0.119,6.016,3.803,0,4.297,6.397,4.139,-3.0,-2.5,4.5,0,0,0,OFFBOARD
993,RETURN,102.69,70.418,2.466,1.853,-0.119,-0.126,-0.626,-70.418,2.616,0.119,6.016,3.803,0,4.297,6.397,4.139,-3.0,-2.5,4.5,0,0,0,OFFBOARD
994,RETURN,102.79,70.418,2.466,1.853,-0.119,-0.126,-0.626,-70.418,2.616,0.119,6.016,3.803,0,4.297,6.397,4.139,-3.0,-2.5,4.5,0,0,0,OFFBOARD
995,RETURN,102.89,70.418,2.466,1.853,-0.119,-0.126,-0.626,-70.418,2.616,0.119,6.016,3.803,0,4.297,6.397,4.139,-3.0,-2.5,4.5,0,0,0,OFFBOARD
996,RETURN,102.99,70.418,2.466,1.853,-0.119,-0.126,-0.626,-70.418,2.616,0.119,6.016,3.803,0,4.297,6.397,4.139,-3.0,-2.492,4.5,0,0,0,OFFBOARD
997,RETURN,103.09,70.418,2.466,1.853,-0.119,-0.126,-0.626,-70.418,2.616,0.119,6.016,3.803,0,4.297,6.397,4.139,-3.0,-2.484,4.5,0,0,0,OFFBOARD
998,RETURN,103.19,70.418,2.465,1.853,-0.119,-0.126,-0.626,-70.418,2.616,0.119,6.016,3.803,0,4.297,6.397,4.139,-3.0,-2.48,4.5,0,0,0,OFFBOARD
999,RETURN,103.29,70.418,2.465,1.853,-0.119,-0.126,-0.626,-70.418,2.616,0.119,6.016,3.803,0,4.297,6.397,4.139,-3.0,-2.484,4.5,0,0,0,OFFBOARD
1000,RETURN,103.39,70.418,2.465,1.853,-0.119,-0.126,-0.626,-70.418,2.616,0.119,6.016,3.803,0,4.297,6.397,4.139,-3.0,-2.493,4.5,0,0,0,OFFBOARD
1001,RETURN,103.5,70.418,2.465,1.853,-0.119,-0.126,-0.626,-70.418,2.615,0.119,6.016,3.803,0,4.297,6.397,4.139,-3.0,-2.5,4.5,0,0,0,OFFBOARD
1002,RETURN,103.6,70.418,2.465,1.853,-0.119,-0.126,-0.626,-70.418,2.615,0.119,6.016,3.803,0,4.297,6.397,4.139,-3.0,-2.5,4.5,0,0,0,OFFBOARD
1003,RETURN,103.7,70.418,2.465,1.853,-0.119,-0.126,-0.626,-70.418,2.615,0.119,6.016,3.803,0,4.297,6.397,4.139,-3.0,-2.5,4.5,0,0,0,OFFBOARD
1004,RETURN,103.8,70.418,2.465,1.854,-0.119,-0.126,-0.626,-70.417,2.615,0.119,6.016,3.803,0,4.297,6.397,4.139,-3.0,-2.5,4.5,0,0,0,OFFBOARD
1005,RETURN,103.9,70.417,2.465,1.854,-0.119,-0.126,-0.626,-70.417,2.615,0.119,6.016,3.803,0,4.297,6.397,4.139,-3.0,-2.5,4.5,0,0,0,OFFBOARD
1006,RETURN,104.0,70.417,2.465,1.854,-0.119,-0.126,-0.626,-70.417,2.615,0.119,6.016,3.803,0,4.297,6.397,4.139,-3.0,-2.5,4.5,0,0,0,OFFBOARD
1007,RETURN,104.1,70.417,2.465,1.854,-0.119,-0.126,-0.626,-70.417,2.615,0.119,6.016,3.803,0,4.297,6.397,4.139,-3.0,-2.5,4.5,0,0,0,OFFBOARD
1008,RETURN,104.21,70.417,2.465,1.854,-0.119,-0.126,-0.626,-70.417,2.615,0.119,6.016,3.803,0,4.297,6.397,4.139,-3.0,-2.5,4.5,0,0,0,OFFBOARD
1009,RETURN,104.31,70.417,2.465,1.854,-0.119,-0.126,-0.626,-70.417,2.615,0.119,6.016,3.803,0,4.297,6.397,4.139,-3.0,-2.499,4.5,0,0,0,OFFBOARD
1010,RETURN,104.41,70.417,2.465,1.854,-0.119,-0.126,-0.626,-70.417,2.615,0.119,6.016,3.803,0,4.297,6.397,4.139,-3.0,-2.498,4.5,0,0,0,OFFBOARD
1011,RETURN,104.51,70.417,2.465,1.854,-0.119,-0.126,-0.626,-70.417,2.615,0.119,6.016,3.803,0,4.297,6.397,4.139,-3.0,-2.494,4.5,0,0,0,OFFBOARD
1012,RETURN,104.61,70.417,2.465,1.854,-0.119,-0.126,-0.626,-70.417,2.615,0.119,6.016,3.803,0,4.297,6.397,4.139,-3.0,-2.492,4.5,0,0,0,OFFBOARD
1013,RETURN,104.71,70.417,2.465,1.854,-0.119,-0.126,-0.626,-70.417,2.615,0.119,6.016,3.803,0,4.297,6.397,4.139,-3.0,-2.492,4.5,0,0,0,OFFBOARD
1014,RETURN,104.81,70.417,2.465,1.854,-0.119,-0.126,-0.626,-70.417,2.615,0.119,6.016,3.803,0,4.297,6.397,4.139,-3.0,-2.495,4.5,0,0,0,OFFBOARD
1015,RETURN,104.92,70.417,2.465,1.854,-0.119,-0.126,-0.626,-70.417,2.615,0.119,6.016,3.803,0,4.297,6.397,4.139,-3.0,-2.495,4.5,0,0,0,OFFBOARD
1016,RETURN,105.02,70.417,2.465,1.855,-0.119,-0.126,-0.626,-70.417,2.615,0.119,6.016,3.803,0,4.297,6.397,4.139,-3.0,-2.496,4.5,0,0,0,OFFBOARD
1017,RETURN,105.12,70.417,2.465,1.855,-0.119,-0.126,-0.626,-70.417,2.615,0.119,6.016,3.803,0,4.297,6.397,4.139,-3.0,-2.5,4.5,0,0,0,OFFBOARD
1018,RETURN,105.22,70.417,2.465,1.855,-0.119,-0.126,-0.626,-70.417,2.615,0.119,6.016,3.803,0,4.297,6.397,4.139,-3.0,-2.5,4.5,0,0,0,OFFBOARD
1019,RETURN,105.32,70.417,2.465,1.855,-0.119,-0.126,-0.626,-70.417,2.615,0.119,6.016,3.803,0,4.297,6.397,4.139,-3.0,-2.5,4.5,0,0,0,OFFBOARD
1020,RETURN,105.42,70.417,2.465,1.855,-0.119,-0.126,-0.626,-70.417,2.615,0.119,6.016,3.803,0,4.297,6.397,4.139,-3.0,-2.499,4.5,0,0,0,OFFBOARD
1021,RETURN,105.52,70.417,2.465,1.855,-0.119,-0.126,-0.626,-70.417,2.615,0.119,6.016,3.803,0,4.297,6.397,4.139,-3.0,-2.5,4.5,0,0,0,OFFBOARD
1022,RETURN,105.62,70.417,2.465,1.855,-0.119,-0.126,-0.626,-70.417,2.615,0.119,6.016,3.803,0,4.297,6.397,4.139,-3.0,-2.49,4.5,0,0,0,OFFBOARD
1023,RETURN,105.73,70.417,2.465,1.855,-0.119,-0.126,-0.626,-70.417,2.615,0.119,6.016,3.803,0,4.297,6.397,4.139,-3.0,-2.49,4.5,0,0,0,OFFBOARD
1024,RETURN,105.83,70.417,2.465,1.855,-0.119,-0.126,-0.626,-70.417,2.615,0.119,6.016,3.803,0,4.297,6.397,4.139,-3.0,-2.492,4.5,0,0,0,OFFBOARD
1025,RETURN,105.93,70.417,2.465,1.855,-0.119,-0.126,-0.626,-70.417,2.615,0.119,6.016,3.803,0,4.297,6.397,4.139,-3.0,-2.495,4.5,0,0,0,OFFBOARD
1026,RETURN,106.03,70.417,2.465,1.855,-0.119,-0.126,-0.626,-70.417,2.615,0.119,6.016,3.803,0,4.297,6.397,4.139,-3.0,-2.498,4.5,0,0,0,OFFBOARD
1027,RETURN,106.13,70.417,2.465,1.856,-0.119,-0.126,-0.626,-70.416,2.615,0.119,6.016,3.803,0,4.297,6.397,4.139,-3.0,-2.5,4.5,0,0,0,OFFBOARD
1028,RETURN,106.23,70.416,2.465,1.856,-0.119,-0.126,-0.626,-70.416,2.615,0.119,6.016,3.803,0,4.297,6.397,4.139,-3.0,-2.497,4.5,0,0,0,OFFBOARD
1029,RETURN,106.33,70.416,2.465,1.856,-0.119,-0.126,-0.626,-70.416,2.615,0.119,6.016,3.803,0,4.297,6.397,4.139,-3.0,-2.497,4.5,0,0,0,OFFBOARD
1030,RETURN,106.43,70.416,2.465,1.856,-0.119,-0.126,-0.626,-70.416,2.615,0.119,6.016,3.803,0,4.297,6.397,4.139,-3.0,-2.49,4.5,0,0,0,OFFBOARD
1031,RETURN,106.54,70.416,2.464,1.856,-0.119,-0.126,-0.626,-70.416,2.615,0.119,6.016,3.803,0,4.297,6.397,4.139,-3.0,-2.481,4.5,0,0,0,OFFBOARD
1032,RETURN,106.64,70.416,2.464,1.856,-0.119,-0.126,-0.626,-70.416,2.615,0.119,6.016,3.803,0,4.297,6.397,4.139,-3.0,-2.481,4.5,0,0,0,OFFBOARD
1033,RETURN,106.74,70.416,2.464,1.856,-0.119,-0.126,-0.626,-70.416,2.615,0.119,6.016,3.803,0,4.297,6.397,4.139,-3.0,-2.477,4.5,0,0,0,OFFBOARD
1034,RETURN,106.84,70.416,2.464,1.856,-0.119,-0.126,-0.626,-70.416,2.614,0.119,6.016,3.803,0,4.297,6.397,4.139,-3.0,-2.469,4.5,0,0,0,OFFBOARD
1035,RETURN,106.94,70.416,2.464,1.856,-0.119,-0.126,-0.626,-70.416,2.614,0.119,6.016,3.803,0,4.297,6.397,4.139,-3.0,-2.468,4.5,0,0,0,OFFBOARD
1036,RETURN,107.04,70.416,2.464,1.856,-0.119,-0.126,-0.626,-70.416,2.614,0.119,6.016,3.803,0,4.297,6.397,4.139,-3.0,-2.468,4.5,0,0,0,OFFBOARD
1037,RETURN,107.14,70.416,2.464,1.856,-0.119,-0.126,-0.626,-70.416,2.614,0.119,6.016,3.803,0,4.297,6.397,4.139,-3.0,-2.465,4.5,0,0,0,OFFBOARD
1038,RETURN,107.24,70.416,2.464,1.857,-0.119,-0.126,-0.626,-70.416,2.614,0.119,6.016,3.803,0,4.297,6.397,4.139,-3.0,-2.463,4.5,0,0,0,OFFBOARD
1039,RETURN,107.35,70.416,2.464,1.857,-0.119,-0.126,-0.626,-70.416,2.614,0.119,6.016,3.803,0,4.297,6.397,4.139,-3.0,-2.46,4.5,0,0,0,OFFBOARD
1040,RETURN,107.45,70.416,2.464,1.857,-0.119,-0.126,-0.626,-70.416,2.614,0.119,6.016,3.803,0,4.297,6.397,4.139,-3.0,-2.451,4.5,0,0,0,OFFBOARD
1041,RETURN,107.55,70.416,2.464,1.857,-0.119,-0.126,-0.626,-70.416,2.614,0.119,6.016,3.803,0,4.297,6.397,4.139,-3.0,-2.441,4.5,0,0,0,OFFBOARD
1042,RETURN,107.65,70.416,2.464,1.857,-0.119,-0.126,-0.626,-70.416,2.614,0.119,6.016,3.803,0,4.297,6.397,4.139,-3.0,-2.433,4.5,0,0,0,OFFBOARD
1043,RETURN,107.75,70.416,2.464,1.857,-0.119,-0.126,-0.626,-70.416,2.614,0.119,6.016,3.803,0,4.297,6.397,4.139,-3.0,-2.426,4.5,0,0,0,OFFBOARD
1044,RETURN,107.85,70.416,2.464,1.857,-0.119,-0.126,-0.626,-70.416,2.614,0.119,6.016,3.803,0,4.297,6.397,4.139,-3.0,-2.415,4.5,0,0,0,OFFBOARD
1045,RETURN,107.95,70.416,2.464,1.857,-0.119,-0.126,-0.626,-70.416,2.614,0.119,6.016,3.803,0,4.297,6.397,4.139,-3.0,-2.407,4.5,0,0,0,OFFBOARD
1046,RETURN,108.05,70.416,2.464,1.857,-0.119,-0.126,-0.626,-70.416,2.614,0.119,6.016,3.803,0,4.297,6.397,4.139,-3.0,-2.396,4.5,0,0,0,OFFBOARD
1047,RETURN,108.16,70.416,2.464,1.857,-0.119,-0.126,-0.626,-70.416,2.614,0.119,6.016,3.803,0,4.297,6.397,4.139,-3.0,-2.39,4.5,0,0,0,OFFBOARD
1048,RETURN,108.26,70.416,2.464,1.857,-0.119,-0.126,-0.626,-70.416,2.614,0.119,6.016,3.803,0,4.297,6.397,4.139,-3.0,-2.383,4.5,0,0,0,OFFBOARD
1049,RETURN,108.36,70.416,2.464,1.858,-0.119,-0.126,-0.626,-70.416,2.614,0.119,6.016,3.803,0,4.297,6.397,4.139,-3.0,-2.378,4.5,0,0,0,OFFBOARD
1050,RETURN,108.46,70.416,2.464,1.858,-0.119,-0.126,-0.626,-70.415,2.614,0.119,6.016,3.803,0,4.297,6.397,4.139,-3.0,-2.373,4.5,0,0,0,OFFBOARD
1051,RETURN,108.56,70.415,2.464,1.858,-0.119,-0.126,-0.626,-70.415,2.614,0.119,6.016,3.803,0,4.297,6.397,4.139,-3.0,-2.375,4.5,0,0,0,OFFBOARD
1052,RETURN,108.66,70.415,2.464,1.858,-0.119,-0.126,-0.626,-70.415,2.614,0.119,6.016,3.803,0,4.297,6.397,4.139,-3.0,-2.375,4.5,0,0,0,OFFBOARD
1053,RETURN,108.77,70.415,2.464,1.858,-0.119,-0.126,-0.626,-70.415,2.614,0.119,6.016,3.803,0,4.297,6.397,4.139,-3.0,-2.371,4.5,0,0,0,OFFBOARD
1054,RETURN,108.87,70.415,2.464,1.858,-0.119,-0.126,-0.626,-70.415,2.614,0.119,6.016,3.803,0,4.297,6.397,4.139,-3.0,-2.366,4.5,0,0,0,OFFBOARD
1055,RETURN,108.97,70.415,2.464,1.858,-0.119,-0.126,-0.626,-70.415,2.614,0.119,6.016,3.803,0,4.297,6.397,4.139,-3.0,-2.363,4.5,0,0,0,OFFBOARD
1056,RETURN,109.07,70.415,2.464,1.858,-0.119,-0.126,-0.626,-70.415,2.614,0.119,6.016,3.803,0,4.297,6.397,4.139,-3.0,-2.356,4.5,0,0,0,OFFBOARD
1057,RETURN,109.17,70.415,2.464,1.858,-0.119,-0.126,-0.626,-70.415,2.614,0.119,6.016,3.803,0,4.297,6.397,4.139,-3.0,-2.354,4.5,0,0,0,OFFBOARD
1058,RETURN,109.27,70.415,2.464,1.858,-0.119,-0.126,-0.626,-70.415,2.614,0.119,6.016,3.803,0,4.297,6.397,4.139,-3.0,-2.348,4.5,0,0,0,OFFBOARD
1059,RETURN,109.37,70.415,2.464,1.858,-0.119,-0.126,-0.626,-70.415,2.614,0.119,6.016,3.803,0,4.297,6.397,4.139,-3.0,-2.339,4.5,0,0,0,OFFBOARD
1060,RETURN,109.48,70.415,2.464,1.859,-0.119,-0.126,-0.626,-70.415,2.614,0.119,6.016,3.803,0,4.297,6.397,4.139,-3.0,-2.333,4.5,0,0,0,OFFBOARD
1061,RETURN,109.58,70.415,2.464,1.859,-0.119,-0.126,-0.626,-70.415,2.614,0.119,6.016,3.803,0,4.297,6.397,4.139,-3.0,-2.334,4.5,0,0,0,OFFBOARD
1062,RETURN,109.68,70.415,2.464,1.859,-0.119,-0.126,-0.626,-70.415,2.614,0.119,6.016,3.803,0,4.297,6.397,4.139,-3.0,-2.334,4.5,0,0,0,OFFBOARD
1063,RETURN,109.78,70.415,2.464,1.859,-0.119,-0.126,-0.626,-70.415,2.614,0.119,6.016,3.803,0,4.297,6.397,4.139,-3.0,-2.33,4.5,0,0,0,OFFBOARD
1064,RETURN,109.88,70.415,2.464,1.859,-0.119,-0.126,-0.626,-70.415,2.614,0.119,6.016,3.803,0,4.297,6.397,4.139,-3.0,-2.327,4.5,0,0,0,OFFBOARD
1065,RETURN,109.98,70.415,2.463,1.859,-0.119,-0.126,-0.626,-70.415,2.614,0.119,6.016,3.803,0,4.297,6.397,4.139,-3.0,-2.321,4.5,0,0,0,OFFBOARD
1066,RETURN,110.08,70.415,2.463,1.859,-0.119,-0.126,-0.626,-70.415,2.614,0.119,6.016,3.803,0,4.297,6.397,4.139,-3.0,-2.317,4.5,0,0,0,OFFBOARD
1067,RETURN,110.19,70.415,2.463,1.859,-0.119,-0.126,-0.626,-70.415,2.614,0.119,6.016,3.803,0,4.297,6.397,4.139,-3.0,-2.32,4.5,0,0,0,OFFBOARD
1068,RETURN,110.29,70.415,2.463,1.859,-0.119,-0.126,-0.626,-70.415,2.613,0.119,6.016,3.803,0,4.297,6.397,4.139,-3.0,-2.324,4.5,0,0,0,OFFBOARD
1069,RETURN,110.39,70.415,2.463,1.859,-0.119,-0.126,-0.626,-70.415,2.613,0.119,6.016,3.803,0,4.297,6.397,4.139,-3.0,-2.324,4.5,0,0,0,OFFBOARD
1070,RETURN,110.49,70.415,2.463,1.859,-0.119,-0.126,-0.626,-70.415,2.613,0.119,6.016,3.803,0,4.297,6.397,4.139,-3.0,-2.313,4.5,0,0,0,OFFBOARD
1071,RETURN,110.59,70.415,2.463,1.86,-0.119,-0.126,-0.626,-70.415,2.613,0.119,6.016,3.803,0,4.297,6.397,4.139,-3.0,-2.304,4.5,0,0,0,OFFBOARD
1072,RETURN,110.69,70.415,2.463,1.86,-0.119,-0.126,-0.626,-70.415,2.613,0.119,6.016,3.803,0,4.297,6.397,4.139,-3.0,-2.297,4.5,0,0,0,OFFBOARD
1073,RETURN,110.8,70.415,2.463,1.86,-0.119,-0.126,-0.626,-70.415,2.613,0.119,6.016,3.803,0,4.297,6.397,4.139,-3.0,-2.288,4.5,0,0,0,OFFBOARD
1074,RETURN,110.9,70.415,2.463,1.86,-0.119,-0.126,-0.626,-70.414,2.613,0.119,6.016,3.803,0,4.297,6.397,4.139,-3.0,-2.28,4.5,0,0,0,OFFBOARD
1075,RETURN,111.0,70.414,2.463,1.86,-0.119,-0.126,-0.626,-70.414,2.613,0.119,6.016,3.803,0,4.297,6.397,4.139,-3.0,-2.272,4.5,0,0,0,OFFBOARD
1076,RETURN,111.1,70.414,2.463,1.86,-0.119,-0.126,-0.626,-70.414,2.613,0.119,6.016,3.803,0,4.297,6.397,4.139,-3.0,-2.266,4.5,0,0,0,OFFBOARD
1077,RETURN,111.2,70.414,2.463,1.86,-0.119,-0.126,-0.626,-70.414,2.613,0.119,6.016,3.803,0,4.297,6.397,4.139,-3.0,-2.259,4.5,0,0,0,OFFBOARD
1078,RETURN,111.3,70.414,2.463,1.86,-0.119,-0.126,-0.626,-70.414,2.613,0.119,6.016,3.803,0,4.297,6.397,4.139,-3.0,-2.255,4.5,0,0,0,OFFBOARD
1079,RETURN,111.4,70.414,2.463,1.86,-0.119,-0.126,-0.626,-70.414,2.613,0.119,6.016,3.803,0,4.297,6.397,4.139,-3.0,-2.25,4.5,0,0,0,OFFBOARD
1080,RETURN,111.5,70.414,2.463,1.86,-0.119,-0.126,-0.626,-70.414,2.613,0.119,6.016,3.803,0,4.297,6.397,4.139,-3.0,-2.248,4.5,0,0,0,OFFBOARD
1081,RETURN,111.61,70.414,2.463,1.86,-0.119,-0.126,-0.626,-70.414,2.613,0.119,6.016,3.803,0,4.297,6.397,4.139,-3.0,-2.236,4.5,0,0,0,OFFBOARD
1082,RETURN,111.71,70.414,2.463,1.861,-0.119,-0.126,-0.626,-70.414,2.613,0.119,6.016,3.803,0,4.297,6.397,4.139,-3.0,-2.228,4.5,0,0,0,OFFBOARD
1083,RETURN,111.81,70.414,2.463,1.861,-0.119,-0.126,-0.626,-70.414,2.613,0.119,6.016,3.803,0,4.297,6.397,4.139,-3.0,-2.225,4.5,0,0,0,OFFBOARD
1084,RETURN,111.91,70.414,2.463,1.861,-0.119,-0.126,-0.626,-70.414,2.613,0.119,6.016,3.803,0,4.297,6.397,4.139,-3.0,-2.22,4.5,0,0,0,OFFBOARD
1085,RETURN,112.01,70.414,2.463,1.861,-0.119,-0.126,-0.626,-70.414,2.613,0.119,6.016,3.803,0,4.297,6.397,4.139,-3.0,-2.211,4.5,0,0,0,OFFBOARD
1086,RETURN,112.11,70.414,2.463,1.861,-0.119,-0.126,-0.626,-70.414,2.613,0.119,6.016,3.803,0,4.297,6.397,4.139,-3.0,-2.207,4.5,0,0,0,OFFBOARD
1087,RETURN,112.21,70.414,2.463,1.861,-0.119,-0.126,-0.626,-70.414,2.613,0.119,6.016,3.803,0,4.297,6.397,4.139,-3.0,-2.2,4.5,0,0,0,OFFBOARD
1088,RETURN,112.32,70.414,2.463,1.861,-0.119,-0.126,-0.626,-70.414,2.613,0.119,6.016,3.803,0,4.297,6.397,4.139,-3.0,-2.2,4.5,0,0,0,OFFBOARD
1089,RETURN,112.42,70.414,2.463,1.861,-0.119,-0.126,-0.626,-70.414,2.613,0.119,6.016,3.803,0,4.297,6.397,4.139,-3.0,-2.195,4.5,0,0,0,OFFBOARD
1090,RETURN,112.52,70.414,2.463,1.861,-0.119,-0.126,-0.626,-70.414,2.613,0.119,6.016,3.803,0,4.297,6.397,4.139,-3.0,-2.183,4.5,0,0,0,OFFBOARD
1091,RETURN,112.62,70.414,2.463,1.861,-0.119,-0.126,-0.626,-70.414,2.613,0.119,6.016,3.803,0,4.297,6.397,4.139,-3.0,-2.171,4.5,0,0,0,OFFBOARD
1092,RETURN,112.72,70.414,2.463,1.861,-0.119,-0.126,-0.626,-70.414,2.613,0.119,6.016,3.803,0,4.297,6.397,4.139,-3.0,-2.156,4.5,0,0,0,OFFBOARD
1093,RETURN,112.82,70.414,2.463,1.862,-0.119,-0.126,-0.626,-70.414,2.613,0.119,6.016,3.803,0,4.297,6.397,4.139,-3.0,-2.144,4.5,0,0,0,OFFBOARD
1094,RETURN,112.92,70.414,2.463,1.862,-0.119,-0.126,-0.626,-70.414,2.613,0.119,6.016,3.803,0,4.297,6.397,4.139,-3.0,-2.134,4.5,0,0,0,OFFBOARD
1095,RETURN,113.02,70.414,2.463,1.862,-0.119,-0.126,-0.626,-70.414,2.613,0.119,6.016,3.803,0,4.297,6.397,4.139,-3.0,-2.124,4.5,0,0,0,OFFBOARD
1096,RETURN,113.13,70.414,2.463,1.862,-0.119,-0.126,-0.626,-70.414,2.613,0.119,6.016,3.803,0,4.297,6.397,4.139,-3.0,-2.12,4.5,0,0,0,OFFBOARD
1097,RETURN,113.23,70.414,2.463,1.862,-0.119,-0.126,-0.626,-70.414,2.613,0.119,6.016,3.803,0,4.297,6.397,4.139,-3.0,-2.111,4.5,0,0,0,OFFBOARD
1098,RETURN,113.33,70.414,2.462,1.862,-0.119,-0.126,-0.626,-70.414,2.613,0.119,6.016,3.803,0,4.297,6.397,4.139,-3.0,-2.097,4.5,0,0,0,OFFBOARD
1099,RETURN,113.43,70.414,2.462,1.862,-0.119,-0.126,-0.626,-70.413,2.613,0.119,6.016,3.803,0,4.297,6.397,4.139,-3.0,-2.072,4.5,0,0,0,OFFBOARD
1100,RETURN,113.53,70.413,2.462,1.862,-0.119,-0.126,-0.626,-70.413,2.612,0.119,6.016,3.803,0,4.297,6.397,4.139,-3.0,-2.049,4.5,0,0,0,OFFBOARD
1101,RETURN,113.63,70.413,2.462,1.862,-0.119,-0.126,-0.626,-70.413,2.612,0.119,6.016,3.803,0,4.297,6.397,4.139,-3.0,-2.024,4.5,0,0,0,OFFBOARD
1102,RETURN,113.73,70.413,2.462,1.862,-0.119,-0.126,-0.626,-70.413,2.612,0.119,6.016,3.803,0,4.297,6.397,4.139,-3.0,-2.004,4.5,0,0,0,OFFBOARD
1103,RETURN,113.84,70.413,2.462,1.862,-0.119,-0.126,-0.626,-70.413,2.612,0.119,6.016,3.803,0,4.297,6.397,4.139,-3.0,-1.982,4.5,0,0,0,OFFBOARD
1104,RETURN,113.94,70.413,2.462,1.863,-0.119,-0.126,-0.626,-70.413,2.612,0.119,6.016,3.803,0,4.297,6.397,4.139,-3.0,-1.964,4.5,0,0,0,OFFBOARD
1105,RETURN,114.04,70.413,2.462,1.863,-0.119,-0.126,-0.626,-70.413,2.612,0.119,6.016,3.803,0,4.297,6.397,4.139,-3.0,-1.946,4.5,0,0,0,OFFBOARD
1106,RETURN,114.14,70.413,2.462,1.863,-0.119,-0.126,-0.626,-70.413,2.612,0.119,6.016,3.803,0,4.297,6.397,4.139,-3.0,-1.93,4.5,0,0,0,OFFBOARD
1107,RETURN,114.24,70.413,2.462,1.863,-0.119,-0.126,-0.626,-70.413,2.612,0.119,6.016,3.803,0,4.297,6.397,4.139,-3.0,-1.91,4.5,0,0,0,OFFBOARD
1108,RETURN,114.34,70.413,2.462,1.863,-0.119,-0.126,-0.626,-70.413,2.612,0.119,6.016,3.803,0,4.297,6.397,4.139,-3.0,-1.885,4.5,0,0,0,OFFBOARD
1109,RETURN,114.44,70.413,2.462,1.863,-0.119,-0.126,-0.626,-70.413,2.612,0.119,6.016,3.803,0,4.297,6.397,4.139,-3.0,-1.86,4.5,0,0,0,OFFBOARD
1110,RETURN,114.55,70.413,2.462,1.863,-0.119,-0.126,-0.626,-70.413,2.612,0.119,6.016,3.803,0,4.297,6.397,4.139,-3.0,-1.835,4.5,0,0,0,OFFBOARD
1111,RETURN,114.65,70.413,2.462,1.863,-0.119,-0.126,-0.626,-70.413,2.612,0.119,6.016,3.803,0,4.297,6.397,4.139,-3.0,-1.81,4.5,0,0,0,OFFBOARD
1112,RETURN,114.75,70.413,2.462,1.863,-0.119,-0.126,-0.626,-70.413,2.612,0.119,6.016,3.803,0,4.297,6.397,4.139,-3.0,-1.793,4.5,0,0,0,OFFBOARD
1113,RETURN,114.85,70.413,2.462,1.863,-0.119,-0.126,-0.626,-70.413,2.612,0.119,6.016,3.803,0,4.297,6.397,4.139,-3.0,-1.776,4.5,0,0,0,OFFBOARD
1114,RETURN,114.95,70.413,2.462,1.863,-0.119,-0.126,-0.626,-70.413,2.612,0.119,6.016,3.803,0,4.297,6.397,4.139,-3.0,-1.758,4.5,0,0,0,OFFBOARD
1115,RETURN,115.05,70.413,2.462,1.864,-0.119,-0.126,-0.626,-70.413,2.612,0.119,6.016,3.803,0,4.297,6.397,4.139,-3.0,-1.738,4.5,0,0,0,OFFBOARD
1116,RETURN,115.15,70.413,2.462,1.864,-0.119,-0.126,-0.626,-70.413,2.612,0.119,6.016,3.803,0,4.297,6.397,4.139,-3.0,-1.722,4.5,0,0,0,OFFBOARD
1117,RETURN,115.25,70.413,2.462,1.864,-0.119,-0.126,-0.626,-70.413,2.612,0.119,6.016,3.803,0,4.297,6.397,4.139,-3.0,-1.705,4.5,0,0,0,OFFBOARD
1118,RETURN,115.36,70.413,2.462,1.864,-0.119,-0.126,-0.626,-70.413,2.612,0.119,6.016,3.803,0,4.297,6.397,4.139,-3.0,-1.693,4.5,0,0,0,OFFBOARD
1119,RETURN,115.46,70.413,2.462,1.864,-0.119,-0.126,-0.626,-70.413,2.612,0.119,6.016,3.803,0,4.297,6.397,4.139,-3.0,-1.678,4.5,0,0,0,OFFBOARD
1120,RETURN,115.56,70.413,2.462,1.864,-0.119,-0.126,-0.626,-70.413,2.612,0.119,6.016,3.803,0,4.297,6.397,4.139,-3.0,-1.66,4.5,0,0,0,OFFBOARD
1121,RETURN,115.66,70.413,2.462,1.864,-0.119,-0.126,-0.626,-70.413,2.612,0.119,6.016,3.803,0,4.297,6.397,4.139,-3.0,-1.638,4.5,0,0,0,OFFBOARD
1122,RETURN,115.76,70.413,2.462,1.864,-0.119,-0.126,-0.626,-70.413,2.612,0.119,6.016,3.803,0,4.297,6.397,4.139,-3.0,-1.616,4.5,0,0,0,OFFBOARD
1123,RETURN,115.86,70.413,2.462,1.864,-0.119,-0.126,-0.626,-70.413,2.612,0.119,6.016,3.803,0,4.297,6.397,4.139,-3.0,-1.596,4.5,0,0,0,OFFBOARD
1124,RETURN,115.96,70.413,2.462,1.864,-0.119,-0.126,-0.626,-70.413,2.612,0.119,6.016,3.803,0,4.297,6.397,4.139,-3.0,-1.573,4.5,0,0,0,OFFBOARD
1125,RETURN,116.07,70.413,2.462,1.865,-0.119,-0.126,-0.626,-70.412,2.612,0.119,6.016,3.803,0,4.297,6.397,4.139,-3.0,-1.547,4.5,0,0,0,OFFBOARD
1126,RETURN,116.17,70.412,2.462,1.865,-0.119,-0.126,-0.626,-70.412,2.612,0.119,6.016,3.803,0,4.297,6.397,4.139,-3.0,-1.523,4.5,0,0,0,OFFBOARD
1127,RETURN,116.27,70.412,2.462,1.865,-0.119,-0.126,-0.626,-70.412,2.612,0.119,6.016,3.803,0,4.297,6.397,4.139,-3.0,-1.502,4.5,0,0,0,OFFBOARD
1128,RETURN,116.37,70.412,2.462,1.865,-0.119,-0.126,-0.626,-70.412,2.612,0.119,6.016,3.803,0,4.297,6.397,4.139,-3.0,-1.484,4.5,0,0,0,OFFBOARD
1129,RETURN,116.47,70.412,2.462,1.865,-0.119,-0.126,-0.626,-70.412,2.612,0.119,6.016,3.803,0,4.297,6.397,4.139,-3.0,-1.464,4.5,0,0,0,OFFBOARD
1130,RETURN,116.57,70.412,2.462,1.865,-0.119,-0.126,-0.626,-70.412,2.612,0.119,6.016,3.803,0,4.297,6.397,4.139,-3.0,-1.441,4.5,0,0,0,OFFBOARD
1131,RETURN,116.67,70.412,2.461,1.865,-0.119,-0.126,-0.626,-70.412,2.612,0.119,6.016,3.803,0,4.297,6.397,4.139,-3.0,-1.417,4.5,0,0,0,OFFBOARD
1132,RETURN,116.78,70.412,2.461,1.865,-0.119,-0.126,-0.626,-70.412,2.612,0.119,6.016,3.803,0,4.297,6.397,4.139,-3.0,-1.396,4.5,0,0,0,OFFBOARD
1133,RETURN,116.88,70.412,2.461,1.865,-0.119,-0.126,-0.626,-70.412,2.611,0.119,6.016,3.803,0,4.297,6.397,4.139,-3.0,-1.369,4.5,0,0,0,OFFBOARD
1134,RETURN,116.98,70.412,2.461,1.865,-0.119,-0.126,-0.626,-70.412,2.611,0.119,6.016,3.803,0,4.297,6.397,4.139,-3.0,-1.342,4.5,0,0,0,OFFBOARD
1135,RETURN,117.08,70.412,2.461,1.865,-0.119,-0.126,-0.626,-70.412,2.611,0.119,6.016,3.803,0,4.297,6.397,4.139,-3.0,-1.317,4.5,0,0,0,OFFBOARD
1136,RETURN,117.18,70.412,2.461,1.866,-0.119,-0.126,-0.626,-70.412,2.611,0.119,6.016,3.803,0,4.297,6.397,4.139,-3.0,-1.299,4.5,0,0,0,OFFBOARD
1137,RETURN,117.28,70.412,2.461,1.866,-0.119,-0.126,-0.626,-70.412,2.611,0.119,6.016,3.803,0,4.297,6.397,4.139,-3.0,-1.276,4.5,0,0,0,OFFBOARD
1138,RETURN,117.38,70.412,2.461,1.866,-0.119,-0.126,-0.626,-70.412,2.611,0.119,6.016,3.803,0,4.297,6.397,4.139,-3.0,-1.247,4.5,0,0,0,OFFBOARD
1139,RETURN,117.48,70.412,2.461,1.866,-0.119,-0.126,-0.626,-70.412,2.611,0.119,6.016,3.803,0,4.297,6.397,4.139,-3.0,-1.221,4.5,0,0,0,OFFBOARD
1140,RETURN,117.59,70.412,2.461,1.866,-0.119,-0.126,-0.626,-70.412,2.611,0.119,6.016,3.803,0,4.297,6.397,4.139,-3.0,-1.2,4.5,0,0,0,OFFBOARD
1141,RETURN,117.69,70.412,2.461,1.866,-0.119,-0.126,-0.626,-70.412,2.611,0.119,6.016,3.803,0,4.297,6.397,4.139,-3.0,-1.173,4.5,0,0,0,OFFBOARD
1142,RETURN,117.79,70.412,2.461,1.866,-0.119,-0.126,-0.626,-70.412,2.611,0.119,6.016,3.803,0,4.297,6.397,4.139,-3.0,-1.146,4.5,0,0,0,OFFBOARD
1143,RETURN,117.89,70.412,2.461,1.866,-0.119,-0.126,-0.626,-70.412,2.611,0.119,6.016,3.803,0,4.297,6.397,4.139,-3.0,-1.12,4.5,0,0,0,OFFBOARD
1144,RETURN,117.99,70.412,2.461,1.866,-0.119,-0.126,-0.626,-70.412,2.611,0.119,6.016,3.803,0,4.297,6.397,4.139,-3.0,-1.095,4.5,0,0,0,OFFBOARD
1145,RETURN,118.09,70.412,2.461,1.866,-0.119,-0.126,-0.626,-70.412,2.611,0.119,6.016,3.803,0,4.297,6.397,4.139,-3.0,-1.072,4.5,0,0,0,OFFBOARD
1146,RETURN,118.19,70.412,2.461,1.866,-0.119,-0.126,-0.626,-70.412,2.611,0.119,6.016,3.803,0,4.297,6.397,4.139,-3.0,-1.044,4.5,0,0,0,OFFBOARD
1147,RETURN,118.3,70.412,2.461,1.867,-0.119,-0.126,-0.626,-70.412,2.611,0.119,6.016,3.803,0,4.297,6.397,4.139,-3.0,-1.015,4.5,0,0,0,OFFBOARD
1148,RETURN,118.4,70.412,2.461,1.867,-0.119,-0.126,-0.626,-70.412,2.611,0.119,6.016,3.803,0,4.297,6.397,4.139,-3.0,-0.989,4.5,0,0,0,OFFBOARD
1149,RETURN,118.5,70.412,2.461,1.867,-0.119,-0.126,-0.626,-70.412,2.611,0.119,6.016,3.803,0,4.297,6.397,4.139,-3.0,-0.966,4.5,0,0,0,OFFBOARD
1150,RETURN,118.6,70.412,2.461,1.867,-0.119,-0.126,-0.626,-70.412,2.611,0.119,6.016,3.803,0,4.297,6.397,4.139,-3.0,-0.94,4.5,0,0,0,OFFBOARD
1151,RETURN,118.7,70.412,2.461,1.867,-0.119,-0.126,-0.626,-70.411,2.611,0.119,6.016,3.803,0,4.297,6.397,4.139,-3.0,-0.915,4.5,0,0,0,OFFBOARD
1152,RETURN,118.8,70.411,2.461,1.867,-0.119,-0.126,-0.626,-70.411,2.611,0.119,6.016,3.803,0,4.297,6.397,4.139,-3.0,-0.901,4.5,0,0,0,OFFBOARD
1153,RETURN,118.91,70.411,2.461,1.867,-0.119,-0.126,-0.626,-70.411,2.611,0.119,6.016,3.803,0,4.297,6.397,4.139,-3.0,-0.885,4.5,0,0,0,OFFBOARD
1154,RETURN,119.01,70.411,2.461,1.867,-0.119,-0.126,-0.626,-70.411,2.611,0.119,6.016,3.803,0,4.297,6.397,4.139,-3.0,-0.865,4.5,0,0,0,OFFBOARD
1155,RETURN,119.11,70.411,2.461,1.867,-0.119,-0.126,-0.626,-70.411,2.611,0.119,6.016,3.803,0,4.297,6.397,4.139,-3.0,-0.854,4.5,0,0,0,OFFBOARD
1156,RETURN,119.21,70.411,2.461,1.867,-0.119,-0.126,-0.626,-70.411,2.611,0.119,6.016,3.803,0,4.297,6.397,4.139,-3.0,-0.844,4.5,0,0,0,OFFBOARD
1157,RETURN,119.31,70.411,2.461,1.867,-0.119,-0.126,-0.626,-70.411,2.611,0.119,6.016,3.803,0,4.297,6.397,4.139,-3.0,-0.828,4.5,0,0,0,OFFBOARD
1158,RETURN,119.41,70.411,2.461,1.868,-0.119,-0.126,-0.626,-70.411,2.611,0.119,6.016,3.803,0,4.297,6.397,4.139,-3.0,-0.807,4.5,0,0,0,OFFBOARD
1159,RETURN,119.51,70.411,2.461,1.868,-0.119,-0.126,-0.626,-70.411,2.611,0.119,6.016,3.803,0,4.297,6.397,4.139,-3.0,-0.787,4.5,0,0,0,OFFBOARD
1160,RETURN,119.62,70.411,2.461,1.868,-0.119,-0.126,-0.626,-70.411,2.611,0.119,6.016,3.803,0,4.297,6.397,4.139,-3.0,-0.768,4.5,0,0,0,OFFBOARD
1161,RETURN,119.72,70.411,2.46,1.868,-0.119,-0.126,-0.626,-70.411,2.611,0.119,6.016,3.803,0,4.297,6.397,4.139,-3.0,-0.753,4.5,0,0,0,OFFBOARD
1162,RETURN,119.82,70.411,2.46,1.869,-0.119,-0.126,-0.626,-70.411,2.61,0.119,6.016,3.803,0,4.297,6.397,4.139,-3.0,-0.729,4.5,0,0,0,OFFBOARD
1163,RETURN,119.92,70.411,2.46,1.87,-0.119,-0.126,-0.626,-70.411,2.61,0.119,6.016,3.803,0,4.297,6.397,4.139,-3.0,-0.701,4.5,0,0,0,OFFBOARD
1164,RETURN,120.02,70.411,2.459,1.871,-0.119,-0.126,-0.626,-70.411,2.61,0.119,6.016,3.803,0,4.297,6.397,4.139,-3.0,-0.669,4.5,0,0,0,OFFBOARD
1165,RETURN,120.12,70.411,2.46,1.874,-0.119,-0.126,-0.626,-70.411,2.61,0.119,6.016,3.803,0,4.297,6.397,4.139,-3.0,-0.635,4.5,0,0,0,OFFBOARD
1166,RETURN,120.22,70.411,2.46,1.881,-0.119,-0.126,-0.626,-70.411,2.611,0.119,6.016,3.803,0,4.297,6.397,4.139,-3.0,-0.6,4.5,0,0,0,OFFBOARD
1167,RETURN,120.33,70.411,2.462,1.892,-0.119,-0.126,-0.626,-70.411,2.612,0.119,6.016,3.803,0,4.297,6.397,4.139,-3.0,-0.563,4.5,0,0,0,OFFBOARD
1168,RETURN,120.43,70.41,2.465,1.904,-0.119,-0.126,-0.626,-70.41,2.615,0.119,6.016,3.803,0,4.297,6.397,4.139,-3.0,-0.521,4.5,0,0,0,OFFBOARD
1169,RETURN,120.53,70.409,2.468,1.917,-0.119,-0.126,-0.626,-70.409,2.618,0.119,6.016,3.803,0,4.297,6.397,4.139,-3.0,-0.474,4.5,0,0,0,OFFBOARD
1170,RETURN,120.63,70.409,2.471,1.93,-0.119,-0.126,-0.626,-70.409,2.621,0.119,6.016,3.803,0,4.297,6.397,4.139,-3.0,-0.42,4.5,0,0,0,OFFBOARD
1171,RETURN,120.73,70.409,2.475,1.943,-0.119,-0.126,-0.626,-70.409,2.625,0.119,6.016,3.803,0,4.297,6.397,4.139,-3.0,-0.363,4.5,0,0,0,OFFBOARD
1172,RETURN,120.83,70.409,2.476,1.946,-0.119,-0.126,-0.626,-70.409,2.626,0.119,6.016,3.803,0,4.297,6.397,4.139,-3.0,-0.304,4.5,0,0,0,OFFBOARD
1173,RETURN,120.93,70.409,2.476,1.946,-0.119,-0.126,-0.626,-70.409,2.626,0.119,6.016,3.803,0,4.297,6.397,4.139,-3.0,-0.242,4.5,0,0,0,OFFBOARD
1174,RETURN,121.03,70.409,2.476,1.946,-0.119,-0.126,-0.626,-70.409,2.626,0.119,6.016,3.803,0,4.297,6.397,4.139,-3.0,-0.178,4.5,0,0,0,OFFBOARD
1175,RETURN,121.14,70.409,2.476,1.946,-0.119,-0.126,-0.626,-70.409,2.626,0.119,6.016,3.803,0,4.297,6.397,4.139,-3.0,-0.112,4.5,0,0,0,OFFBOARD
1176,RETURN,121.24,70.409,2.476,1.946,-0.119,-0.126,-0.626,-70.409,2.626,0.119,6.016,3.803,0,4.297,6.397,4.139,-3.0,-0.044,4.5,0,0,0,OFFBOARD
1177,RETURN,121.34,70.409,2.476,1.946,-0.119,-0.126,-0.626,-70.409,2.626,0.119,6.016,3.803,0,4.297,6.397,4.139,-3.0,0.023,4.5,0,0,0,OFFBOARD
1178,RETURN,121.44,70.409,2.476,1.946,-0.119,-0.126,-0.626,-70.409,2.626,0.119,6.016,3.803,0,4.297,6.397,4.139,-3.0,0.091,4.5,0,0,0,OFFBOARD
1179,RETURN,121.54,70.409,2.476,1.946,-0.119,-0.126,-0.626,-70.409,2.626,0.119,6.016,3.803,0,4.297,6.397,4.139,-3.0,0.16,4.5,0,0,0,OFFBOARD
1180,RETURN,121.64,70.409,2.476,1.946,-0.119,-0.126,-0.626,-70.409,2.626,0.119,6.016,3.803,0,4.297,6.397,4.139,-3.0,0.23,4.5,0,0,0,OFFBOARD
1181,RETURN,121.74,70.409,2.476,1.946,-0.119,-0.126,-0.626,-70.409,2.626,0.119,6.016,3.803,0,4.297,6.397,4.139,-3.0,0.3,4.5,0,0,0,OFFBOARD
1182,RETURN,121.84,70.409,2.476,1.946,-0.119,-0.126,-0.626,-70.409,2.626,0.119,6.016,3.803,0,4.297,6.397,4.139,-3.0,0.369,4.5,0,0,0,OFFBOARD
1183,RETURN,121.95,70.409,2.476,1.946,-0.119,-0.126,-0.626,-70.409,2.626,0.119,6.016,3.803,0,4.297,6.397,4.139,-3.0,0.436,4.5,0,0,0,OFFBOARD
1184,RETURN,122.05,70.409,2.476,1.946,-0.119,-0.126,-0.626,-70.409,2.626,0.119,6.016,3.803,0,4.297,6.397,4.139,-3.0,0.503,4.5,0,0,0,OFFBOARD
1185,RETURN,122.15,70.409,2.476,1.946,-0.119,-0.126,-0.626,-70.409,2.626,0.119,6.016,3.803,0,4.297,6.397,4.139,-3.0,0.571,4.5,0,0,0,OFFBOARD
1186,RETURN,122.25,70.409,2.476,1.946,-0.119,-0.126,-0.626,-70.409,2.626,0.119,6.016,3.803,0,4.297,6.397,4.139,-3.0,0.638,4.5,0,0,0,OFFBOARD
1187,RETURN,122.35,70.409,2.476,1.946,-0.119,-0.126,-0.626,-70.409,2.626,0.119,6.016,3.803,0,4.297,6.397,4.139,-3.0,0.702,4.5,0,0,0,OFFBOARD
1188,RETURN,122.45,70.409,2.476,1.946,-0.119,-0.126,-0.626,-70.409,2.626,0.119,6.016,3.803,0,4.297,6.397,4.139,-3.0,0.769,4.5,0,0,0,OFFBOARD
1189,RETURN,122.55,70.409,2.476,1.946,-0.119,-0.126,-0.626,-70.408,2.626,0.119,6.016,3.803,0,4.297,6.397,4.139,-3.0,0.837,4.5,0,0,0,OFFBOARD
1190,RETURN,122.65,70.408,2.476,1.946,-0.119,-0.126,-0.626,-70.408,2.626,0.119,6.016,3.803,0,4.297,6.397,4.139,-3.0,0.904,4.5,0,0,0,OFFBOARD
1191,RETURN,122.76,70.408,2.476,1.946,-0.119,-0.126,-0.626,-70.408,2.626,0.119,6.016,3.803,0,4.297,6.397,4.139,-3.0,0.972,4.5,0,0,0,OFFBOARD
1192,RETURN,122.86,70.408,2.476,1.946,-0.119,-0.126,-0.626,-70.408,2.626,0.119,6.016,3.803,0,4.297,6.397,4.139,-3.0,1.04,4.5,0,0,0,OFFBOARD
1193,RETURN,122.96,70.408,2.476,1.946,-0.119,-0.126,-0.626,-70.408,2.626,0.119,6.016,3.803,0,4.297,6.397,4.139,-3.0,1.105,4.5,0,0,0,OFFBOARD
1194,RETURN,123.06,70.408,2.476,1.946,-0.119,-0.126,-0.626,-70.408,2.626,0.119,6.016,3.803,0,4.297,6.397,4.139,-3.0,1.171,4.5,0,0,0,OFFBOARD
1195,RETURN,123.16,70.408,2.476,1.946,-0.119,-0.126,-0.626,-70.408,2.626,0.119,6.016,3.803,0,4.297,6.397,4.139,-3.0,1.235,4.5,0,0,0,OFFBOARD
1196,RETURN,123.26,70.408,2.476,1.946,-0.119,-0.126,-0.626,-70.408,2.626,0.119,6.016,3.803,0,4.297,6.397,4.139,-3.0,1.299,4.5,0,0,0,OFFBOARD
1197,RETURN,123.36,70.408,2.476,1.946,-0.119,-0.126,-0.626,-70.408,2.626,0.119,6.016,3.803,0,4.297,6.397,4.139,-3.0,1.361,4.5,0,0,0,OFFBOARD
1198,RETURN,123.47,70.408,2.476,1.946,-0.119,-0.126,-0.626,-70.408,2.626,0.119,6.016,3.803,0,4.297,6.397,4.139,-3.0,1.425,4.5,0,0,0,OFFBOARD
1199,RETURN,123.57,70.408,2.476,1.946,-0.119,-0.126,-0.626,-70.408,2.626,0.119,6.016,3.803,0,4.297,6.397,4.139,-3.0,1.492,4.5,0,0,0,OFFBOARD
1200,RETURN,123.67,70.408,2.476,1.946,-0.119,-0.126,-0.626,-70.408,2.626,0.119,6.016,3.803,0,4.297,6.397,4.139,-3.0,1.556,4.5,0,0,0,OFFBOARD
1201,RETURN,123.77,70.408,2.476,1.946,-0.119,-0.126,-0.626,-70.408,2.626,0.119,6.016,3.803,0,4.297,6.397,4.139,-3.0,1.622,4.5,0,0,0,OFFBOARD
1202,RETURN,123.87,70.408,2.476,1.946,-0.119,-0.126,-0.626,-70.408,2.626,0.119,6.016,3.803,0,4.297,6.397,4.139,-3.0,1.69,4.5,0,0,0,OFFBOARD
1203,RETURN,123.97,70.408,2.476,1.946,-0.119,-0.126,-0.626,-70.408,2.626,0.119,6.016,3.803,0,4.297,6.397,4.139,-3.0,1.755,4.5,0,0,0,OFFBOARD
1204,RETURN,124.07,70.408,2.476,1.946,-0.119,-0.126,-0.626,-70.408,2.626,0.119,6.016,3.803,0,4.297,6.397,4.139,-3.0,1.821,4.5,0,0,0,OFFBOARD
1205,RETURN,124.17,70.408,2.476,1.946,-0.119,-0.126,-0.626,-70.408,2.626,0.119,6.016,3.803,0,4.297,6.397,4.139,-3.0,1.887,4.5,0,0,0,OFFBOARD
1206,RETURN,124.28,70.408,2.476,1.946,-0.119,-0.126,-0.626,-70.408,2.626,0.119,6.016,3.803,0,4.297,6.397,4.139,-3.0,1.953,4.5,0,0,0,OFFBOARD
1207,RETURN,124.38,70.408,2.476,1.946,-0.119,-0.126,-0.626,-70.408,2.626,0.119,6.016,3.803,0,4.297,6.397,4.139,-3.0,2.022,4.5,0,0,0,OFFBOARD
1208,RETURN,124.48,70.408,2.476,1.946,-0.119,-0.126,-0.626,-70.408,2.626,0.119,6.016,3.803,0,4.297,6.397,4.139,-3.0,2.091,4.5,0,0,0,OFFBOARD
1209,RETURN,124.58,70.408,2.476,1.946,-0.119,-0.126,-0.626,-70.408,2.626,0.119,6.016,3.803,0,4.297,6.397,4.139,-3.0,2.159,4.5,0,0,0,OFFBOARD
1210,RETURN,124.68,70.408,2.476,1.946,-0.119,-0.126,-0.626,-70.408,2.626,0.119,6.016,3.803,0,4.297,6.397,4.139,-3.0,2.226,4.5,0,0,0,OFFBOARD
1211,RETURN,124.78,70.408,2.476,1.946,-0.119,-0.126,-0.626,-70.408,2.626,0.119,6.016,3.803,0,4.297,6.397,4.139,-3.0,2.293,4.5,0,0,0,OFFBOARD
1212,RETURN,124.88,70.408,2.476,1.946,-0.119,-0.126,-0.626,-70.408,2.626,0.119,6.016,3.803,0,4.297,6.397,4.139,-3.0,2.361,4.5,0,0,0,OFFBOARD
1213,RETURN,124.98,70.408,2.476,1.946,-0.119,-0.126,-0.626,-70.408,2.626,0.119,6.016,3.803,0,4.297,6.397,4.139,-3.0,2.431,4.5,0,0,0,OFFBOARD
1214,RETURN,125.09,70.408,2.476,1.946,-0.119,-0.126,-0.626,-70.408,2.626,0.119,6.016,3.803,0,4.297,6.397,4.139,-3.0,2.499,4.5,0,0,0,OFFBOARD
1215,RETURN,125.19,70.408,2.476,1.946,-0.119,-0.126,-0.626,-70.408,2.626,0.119,6.016,3.803,0,4.297,6.397,4.139,-3.0,2.5,4.5,0,0,0,OFFBOARD
1216,RETURN,125.29,70.408,2.476,1.946,-0.119,-0.126,-0.626,-70.408,2.626,0.119,6.016,3.803,0,4.297,6.397,4.139,-3.0,2.5,4.5,0,0,0,OFFBOARD
1217,RETURN,125.39,70.408,2.476,1.946,-0.119,-0.126,-0.626,-70.408,2.626,0.119,6.016,3.803,0,4.297,6.397,4.139,-3.0,2.5,4.5,0,0,0,OFFBOARD
1218,RETURN,125.49,70.408,2.476,1.946,-0.119,-0.126,-0.626,-70.408,2.626,0.119,6.016,3.803,0,4.297,6.397,4.139,-3.0,2.5,4.5,0,0,0,OFFBOARD
1219,RETURN,125.59,70.408,2.476,1.946,-0.119,-0.126,-0.626,-70.408,2.626,0.119,6.016,3.803,0,4.297,6.397,4.139,-3.0,2.5,4.5,0,0,0,OFFBOARD
1220,RETURN,125.69,70.408,2.476,1.946,-0.119,-0.126,-0.626,-70.407,2.626,0.119,6.016,3.803,0,4.297,6.397,4.139,-3.0,2.5,4.5,0,0,0,OFFBOARD
1221,RETURN,125.79,70.407,2.476,1.946,-0.119,-0.126,-0.626,-70.407,2.626,0.119,6.016,3.803,0,4.297,6.397,4.139,-3.0,2.5,4.5,0,0,0,OFFBOARD
1222,RETURN,125.9,70.407,2.476,1.946,-0.119,-0.126,-0.626,-70.407,2.626,0.119,6.016,3.803,0,4.297,6.397,4.139,-3.0,2.5,4.5,0,0,0,OFFBOARD
1223,RETURN,126.0,70.407,2.476,1.946,-0.119,-0.126,-0.626,-70.407,2.626,0.119,6.016,3.803,0,4.297,6.397,4.139,-3.0,2.5,4.5,0,0,0,OFFBOARD
1224,RETURN,126.1,70.407,2.476,1.946,-0.119,-0.126,-0.626,-70.407,2.626,0.119,6.016,3.803,0,4.297,6.397,4.139,-3.0,2.5,4.5,0,0,0,OFFBOARD
1225,RETURN,126.2,70.407,2.476,1.946,-0.119,-0.126,-0.626,-70.407,2.626,0.119,6.016,3.803,0,4.297,6.397,4.139,-3.0,2.5,4.5,0,0,0,OFFBOARD
1226,RETURN,126.3,70.407,2.476,1.946,-0.119,-0.126,-0.626,-70.407,2.626,0.119,6.016,3.803,0,4.297,6.397,4.139,-3.0,2.5,4.5,0,0,0,OFFBOARD
1227,RETURN,126.4,70.407,2.476,1.946,-0.119,-0.126,-0.626,-70.407,2.626,0.119,6.016,3.803,0,4.297,6.397,4.139,-3.0,2.5,4.5,0,0,0,OFFBOARD
1228,RETURN,126.5,70.407,2.476,1.946,-0.119,-0.126,-0.626,-70.407,2.626,0.119,6.016,3.803,0,4.297,6.397,4.139,-3.0,2.5,4.5,0,0,0,OFFBOARD
1229,RETURN,126.6,70.407,2.476,1.946,-0.119,-0.126,-0.626,-70.407,2.626,0.119,6.016,3.803,0,4.297,6.397,4.139,-3.0,2.5,4.5,0,0,0,OFFBOARD
1230,RETURN,126.71,70.407,2.476,1.946,-0.119,-0.126,-0.626,-70.407,2.626,0.119,6.016,3.803,0,4.297,6.397,4.139,-3.0,2.5,4.5,0,0,0,OFFBOARD
1231,RETURN,126.81,70.407,2.476,1.946,-0.119,-0.126,-0.626,-70.407,2.626,0.119,6.016,3.803,0,4.297,6.397,4.139,-3.0,2.5,4.5,0,0,0,OFFBOARD
1232,RETURN,126.91,70.407,2.476,1.946,-0.119,-0.126,-0.626,-70.407,2.626,0.119,6.016,3.803,0,4.297,6.397,4.139,-3.0,2.5,4.5,0,0,0,OFFBOARD
1233,RETURN,127.01,70.407,2.476,1.946,-0.119,-0.126,-0.626,-70.407,2.626,0.119,6.016,3.803,0,4.297,6.397,4.139,-3.0,2.5,4.5,0,0,0,OFFBOARD
1234,RETURN,127.11,70.407,2.476,1.946,-0.119,-0.126,-0.626,-70.407,2.626,0.119,6.016,3.803,0,4.297,6.397,4.139,-3.0,2.5,4.5,0,0,0,OFFBOARD
1235,RETURN,127.21,70.407,2.476,1.946,-0.119,-0.126,-0.626,-70.407,2.626,0.119,6.016,3.803,0,4.297,6.397,4.139,-3.0,2.5,4.5,0,0,0,OFFBOARD
1236,RETURN,127.31,70.407,2.476,1.946,-0.119,-0.126,-0.626,-70.407,2.626,0.119,6.016,3.803,0,4.297,6.397,4.139,-3.0,2.5,4.5,0,0,0,OFFBOARD
1237,RETURN,127.41,70.407,2.476,1.946,-0.119,-0.126,-0.626,-70.407,2.626,0.119,6.016,3.803,0,4.297,6.397,4.139,-3.0,2.5,4.5,0,0,0,OFFBOARD
1238,RETURN,127.52,70.407,2.476,1.946,-0.119,-0.126,-0.626,-70.407,2.626,0.119,6.016,3.803,0,4.297,6.397,4.139,-3.0,2.5,4.5,0,0,0,OFFBOARD
1239,RETURN,127.62,70.407,2.476,1.946,-0.119,-0.126,-0.626,-70.407,2.626,0.119,6.016,3.803,0,4.297,6.397,4.139,-3.0,2.5,4.5,0,0,0,OFFBOARD
1240,RETURN,127.72,70.407,2.476,1.946,-0.119,-0.126,-0.626,-70.407,2.626,0.119,6.016,3.803,0,4.297,6.397,4.139,-3.0,2.5,4.5,0,0,0,OFFBOARD
1241,RETURN,127.82,70.407,2.476,1.946,-0.119,-0.126,-0.626,-70.407,2.626,0.119,6.016,3.803,0,4.297,6.397,4.139,-3.0,2.5,4.5,0,0,0,OFFBOARD
1242,RETURN,127.92,70.407,2.476,1.946,-0.119,-0.126,-0.626,-70.407,2.626,0.119,6.016,3.803,0,4.297,6.397,4.139,-3.0,2.5,4.5,0,0,0,OFFBOARD
1243,RETURN,128.02,70.407,2.476,1.946,-0.119,-0.126,-0.626,-70.407,2.626,0.119,6.016,3.803,0,4.297,6.397,4.139,-3.0,2.5,4.5,0,0,0,OFFBOARD
1244,RETURN,128.12,70.407,2.476,1.946,-0.119,-0.126,-0.626,-70.407,2.626,0.119,6.016,3.803,0,4.297,6.397,4.139,-3.0,2.5,4.5,0,0,0,OFFBOARD
1245,RETURN,128.22,70.407,2.476,1.946,-0.119,-0.126,-0.626,-70.407,2.626,0.119,6.016,3.803,0,4.297,6.397,4.139,-3.0,2.5,4.5,0,0,0,OFFBOARD
1246,RETURN,128.32,70.407,2.476,1.946,-0.119,-0.126,-0.626,-70.407,2.626,0.119,6.016,3.803,0,4.297,6.397,4.139,-3.0,2.5,4.5,0,0,0,OFFBOARD
1247,RETURN,128.43,70.407,2.476,1.946,-0.119,-0.126,-0.626,-70.407,2.626,0.119,6.016,3.803,0,4.297,6.397,4.139,-3.0,2.5,4.5,0,0,0,OFFBOARD
1248,RETURN,128.53,70.407,2.476,1.946,-0.119,-0.126,-0.626,-70.407,2.626,0.119,6.016,3.803,0,4.297,6.397,4.139,-3.0,2.5,4.5,0,0,0,OFFBOARD
1249,RETURN,128.63,70.407,2.476,1.946,-0.119,-0.126,-0.626,-70.407,2.626,0.119,6.016,3.803,0,4.297,6.397,4.139,-3.0,2.5,4.5,0,0,0,OFFBOARD
1250,RETURN,128.73,70.407,2.476,1.946,-0.119,-0.126,-0.626,-70.407,2.626,0.119,6.016,3.803,0,4.297,6.397,4.139,-3.0,2.5,4.5,0,0,0,OFFBOARD
1251,RETURN,128.83,70.407,2.476,1.946,-0.119,-0.126,-0.626,-70.407,2.626,0.119,6.016,3.803,0,4.297,6.397,4.139,-3.0,2.5,4.5,0,0,0,OFFBOARD
1252,RETURN,128.93,70.407,2.476,1.946,-0.119,-0.126,-0.626,-70.406,2.626,0.119,6.016,3.803,0,4.297,6.397,4.139,-3.0,2.5,4.5,0,0,0,OFFBOARD
1253,RETURN,129.03,70.406,2.476,1.946,-0.119,-0.126,-0.626,-70.406,2.626,0.119,6.016,3.803,0,4.297,6.397,4.139,-3.0,2.5,4.5,0,0,0,OFFBOARD
1254,RETURN,129.13,70.406,2.476,1.946,-0.119,-0.126,-0.626,-70.406,2.626,0.119,6.016,3.803,0,4.297,6.397,4.139,-3.0,2.5,4.5,0,0,0,OFFBOARD
1255,RETURN,129.24,70.406,2.476,1.946,-0.119,-0.126,-0.626,-70.406,2.626,0.119,6.016,3.803,0,4.297,6.397,4.139,-3.0,2.5,4.5,0,0,0,OFFBOARD
1256,RETURN,129.34,70.406,2.476,1.946,-0.119,-0.126,-0.626,-70.406,2.626,0.119,6.016,3.803,0,4.297,6.397,4.139,-3.0,2.5,4.5,0,0,0,OFFBOARD
1257,RETURN,129.44,70.406,2.476,1.946,-0.119,-0.126,-0.626,-70.406,2.626,0.119,6.016,3.803,0,4.297,6.397,4.139,-3.0,2.5,4.5,0,0,0,OFFBOARD
1258,RETURN,129.54,70.406,2.476,1.946,-0.119,-0.126,-0.626,-70.406,2.626,0.119,6.016,3.803,0,4.297,6.397,4.139,-3.0,2.5,4.5,0,0,0,OFFBOARD
1259,RETURN,129.64,70.406,2.476,1.946,-0.119,-0.126,-0.626,-70.406,2.626,0.119,6.016,3.803,0,4.297,6.397,4.139,-3.0,2.5,4.5,0,0,0,OFFBOARD
1260,RETURN,129.74,70.406,2.476,1.946,-0.119,-0.126,-0.626,-70.406,2.626,0.119,6.016,3.803,0,4.297,6.397,4.139,-3.0,2.5,4.5,0,0,0,OFFBOARD
1261,RETURN,129.84,70.406,2.476,1.946,-0.119,-0.126,-0.626,-70.406,2.626,0.119,6.016,3.803,0,4.297,6.397,4.139,-3.0,2.5,4.5,0,0,0,OFFBOARD
1262,RETURN,129.95,70.406,2.476,1.946,-0.119,-0.126,-0.626,-70.406,2.626,0.119,6.016,3.803,0,4.297,6.397,4.139,-3.0,2.5,4.5,0,0,0,OFFBOARD
1263,RETURN,130.05,70.406,2.476,1.946,-0.119,-0.126,-0.626,-70.406,2.626,0.119,6.016,3.803,0,4.297,6.397,4.139,-3.0,2.5,4.5,0,0,0,OFFBOARD
1264,RETURN,130.15,70.406,2.476,1.946,-0.119,-0.126,-0.626,-70.406,2.626,0.119,6.016,3.803,0,4.297,6.397,4.139,-3.0,2.5,4.5,0,0,0,OFFBOARD
1265,RETURN,130.25,70.406,2.476,1.946,-0.119,-0.126,-0.626,-70.406,2.626,0.119,6.016,3.803,0,4.297,6.397,4.139,-3.0,2.5,4.5,0,0,0,OFFBOARD
1266,RETURN,130.35,70.406,2.476,1.946,-0.119,-0.126,-0.626,-70.406,2.626,0.119,6.016,3.803,0,4.297,6.397,4.139,-3.0,2.5,4.5,0,0,0,OFFBOARD
1267,RETURN,130.45,70.406,2.476,1.946,-0.119,-0.126,-0.626,-70.406,2.626,0.119,6.016,3.803,0,4.297,6.397,4.139,-3.0,2.5,4.5,0,0,0,OFFBOARD
1268,RETURN,130.55,70.406,2.476,1.946,-0.119,-0.126,-0.626,-70.406,2.626,0.119,6.016,3.803,0,4.297,6.397,4.139,-3.0,2.5,4.5,0,0,0,OFFBOARD
1269,RETURN,130.65,70.406,2.476,1.946,-0.119,-0.126,-0.626,-70.406,2.626,0.119,6.016,3.803,0,4.297,6.397,4.139,-3.0,2.5,4.5,0,0,0,OFFBOARD
1270,RETURN,130.76,70.406,2.476,1.946,-0.119,-0.126,-0.626,-70.406,2.626,0.119,6.016,3.803,0,4.297,6.397,4.139,-3.0,2.5,4.5,0,0,0,OFFBOARD
1271,RETURN,130.86,70.406,2.476,1.946,-0.119,-0.126,-0.626,-70.406,2.626,0.119,6.016,3.803,0,4.297,6.397,4.139,-3.0,2.5,4.5,0,0,0,OFFBOARD
1272,RETURN,130.96,70.406,2.476,1.946,-0.119,-0.126,-0.626,-70.406,2.626,0.119,6.016,3.803,0,4.297,6.397,4.139,-3.0,2.5,4.5,0,0,0,OFFBOARD
1273,RETURN,131.06,70.406,2.476,1.946,-0.119,-0.126,-0.626,-70.406,2.626,0.119,6.016,3.803,0,4.297,6.397,4.139,-3.0,2.5,4.5,0,0,0,OFFBOARD
1274,RETURN,131.16,70.406,2.476,1.946,-0.119,-0.126,-0.626,-70.406,2.626,0.119,6.016,3.803,0,4.297,6.397,4.139,-3.0,2.5,4.5,0,0,0,OFFBOARD
1275,RETURN,131.26,70.406,2.476,1.946,-0.119,-0.126,-0.626,-70.406,2.626,0.119,6.016,3.803,0,4.297,6.397,4.139,-3.0,2.5,4.5,0,0,0,OFFBOARD
1276,RETURN,131.36,70.406,2.476,1.946,-0.119,-0.126,-0.626,-70.406,2.626,0.119,6.016,3.803,0,4.297,6.397,4.139,-3.0,2.5,4.5,0,0,0,OFFBOARD
1277,RETURN,131.46,70.406,2.476,1.946,-0.119,-0.126,-0.626,-70.406,2.626,0.119,6.016,3.803,0,4.297,6.397,4.139,-3.0,2.5,4.5,0,0,0,OFFBOARD
1278,RETURN,131.57,70.406,2.476,1.946,-0.119,-0.126,-0.626,-70.406,2.626,0.119,6.016,3.803,0,4.297,6.397,4.139,-3.0,2.5,4.5,0,0,0,OFFBOARD
1279,RETURN,131.67,70.406,2.476,1.946,-0.119,-0.126,-0.626,-70.406,2.626,0.119,6.016,3.803,0,4.297,6.397,4.139,-3.0,2.5,4.5,0,0,0,OFFBOARD
1280,RETURN,131.77,70.406,2.476,1.946,-0.119,-0.126,-0.626,-70.406,2.626,0.119,6.016,3.803,0,4.297,6.397,4.139,-3.0,2.5,4.5,0,0,0,OFFBOARD
1281,RETURN,131.87,70.406,2.476,1.946,-0.119,-0.126,-0.626,-70.406,2.626,0.119,6.016,3.803,0,4.297,6.397,4.139,-3.0,2.5,4.5,0,0,0,OFFBOARD
1282,RETURN,131.97,70.406,2.476,1.946,-0.119,-0.126,-0.626,-70.406,2.626,0.119,6.016,3.803,0,4.297,6.397,4.139,-3.0,2.5,4.5,0,0,0,OFFBOARD
1283,RETURN,132.07,70.406,2.476,1.946,-0.119,-0.126,-0.626,-70.406,2.626,0.119,6.016,3.803,0,4.297,6.397,4.139,-3.0,2.5,4.5,0,0,0,OFFBOARD
1284,RETURN,132.17,70.406,2.476,1.946,-0.119,-0.126,-0.626,-70.405,2.626,0.119,6.016,3.803,0,4.297,6.397,4.139,-3.0,2.5,4.5,0,0,0,OFFBOARD
1285,RETURN,132.27,70.406,2.476,1.946,-0.119,-0.126,-0.626,-70.405,2.626,0.119,6.016,3.803,0,4.297,6.397,4.139,-3.0,2.5,4.5,0,0,0,OFFBOARD
1286,RETURN,132.38,70.405,2.476,1.946,-0.119,-0.126,-0.626,-70.405,2.626,0.119,6.016,3.803,0,4.297,6.397,4.139,-3.0,2.5,4.5,0,0,0,OFFBOARD
1287,RETURN,132.48,70.405,2.476,1.946,-0.119,-0.126,-0.626,-70.405,2.626,0.119,6.016,3.803,0,4.297,6.397,4.139,-3.0,2.5,4.5,0,0,0,OFFBOARD
1288,RETURN,132.58,70.405,2.476,1.946,-0.119,-0.126,-0.626,-70.405,2.626,0.119,6.016,3.803,0,4.297,6.397,4.139,-3.0,2.5,4.5,0,0,0,OFFBOARD
1289,RETURN,132.68,70.405,2.476,1.946,-0.119,-0.126,-0.626,-70.405,2.626,0.119,6.016,3.803,0,4.297,6.397,4.139,-3.0,2.5,4.5,0,0,0,OFFBOARD
1290,RETURN,132.78,70.405,2.476,1.946,-0.119,-0.126,-0.626,-70.405,2.626,0.119,6.016,3.803,0,4.297,6.397,4.139,-3.0,2.5,4.5,0,0,0,OFFBOARD
1291,RETURN,132.88,70.405,2.476,1.946,-0.119,-0.126,-0.626,-70.405,2.626,0.119,6.016,3.803,0,4.297,6.397,4.139,-3.0,2.5,4.5,0,0,0,OFFBOARD
1292,RETURN,132.98,70.405,2.476,1.946,-0.119,-0.126,-0.626,-70.405,2.626,0.119,6.016,3.803,0,4.297,6.397,4.139,-3.0,2.5,4.5,0,0,0,OFFBOARD
1293,RETURN,133.09,70.405,2.476,1.946,-0.119,-0.126,-0.626,-70.405,2.626,0.119,6.016,3.803,0,4.297,6.397,4.139,-3.0,2.5,4.5,0,0,0,OFFBOARD
1294,RETURN,133.19,70.405,2.476,1.946,-0.119,-0.126,-0.626,-70.405,2.626,0.119,6.016,3.803,0,4.297,6.397,4.139,-3.0,2.5,4.5,0,0,0,OFFBOARD
1295,RETURN,133.29,70.405,2.476,1.946,-0.119,-0.126,-0.626,-70.405,2.626,0.119,6.016,3.803,0,4.297,6.397,4.139,-3.0,2.5,4.5,0,0,0,OFFBOARD
1296,RETURN,133.39,70.405,2.476,1.946,-0.119,-0.126,-0.626,-70.405,2.626,0.119,6.016,3.803,0,4.297,6.397,4.139,-3.0,2.5,4.5,0,0,0,OFFBOARD
1297,RETURN,133.49,70.405,2.476,1.946,-0.119,-0.126,-0.626,-70.405,2.626,0.119,6.016,3.803,0,4.297,6.397,4.139,-3.0,2.5,4.5,0,0,0,OFFBOARD
1298,RETURN,133.59,70.405,2.476,1.946,-0.119,-0.126,-0.626,-70.405,2.626,0.119,6.016,3.803,0,4.297,6.397,4.139,-3.0,2.5,4.5,0,0,0,OFFBOARD
1299,RETURN,133.69,70.405,2.476,1.946,-0.119,-0.126,-0.626,-70.405,2.626,0.119,6.016,3.803,0,4.297,6.397,4.139,-3.0,2.5,4.5,0,0,0,OFFBOARD
1300,RETURN,133.79,70.405,2.476,1.946,-0.119,-0.126,-0.626,-70.405,2.626,0.119,6.016,3.803,0,4.297,6.397,4.139,-3.0,2.5,4.5,0,0,0,OFFBOARD
1301,RETURN,133.89,70.405,2.476,1.946,-0.119,-0.126,-0.626,-70.405,2.626,0.119,6.016,3.803,0,4.297,6.397,4.139,-3.0,2.5,4.5,0,0,0,OFFBOARD
1302,RETURN,134.0,70.405,2.476,1.946,-0.119,-0.126,-0.626,-70.405,2.626,0.119,6.016,3.803,0,4.297,6.397,4.139,-3.0,2.5,4.5,0,0,0,OFFBOARD
1303,RETURN,134.1,70.405,2.476,1.946,-0.119,-0.126,-0.626,-70.405,2.626,0.119,6.016,3.803,0,4.297,6.397,4.139,-3.0,2.5,4.5,0,0,0,OFFBOARD
1304,RETURN,134.2,70.405,2.476,1.946,-0.119,-0.126,-0.626,-70.405,2.626,0.119,6.016,3.803,0,4.297,6.397,4.139,-3.0,2.5,4.5,0,0,0,OFFBOARD
1305,RETURN,134.3,70.405,2.476,1.946,-0.119,-0.126,-0.626,-70.405,2.626,0.119,6.016,3.803,0,4.297,6.397,4.139,-3.0,2.5,4.5,0,0,0,OFFBOARD
1306,RETURN,134.4,70.405,2.476,1.946,-0.119,-0.126,-0.626,-70.405,2.626,0.119,6.016,3.803,0,4.297,6.397,4.139,-3.0,2.5,4.5,0,0,0,OFFBOARD
1307,RETURN,134.5,70.405,2.476,1.946,-0.119,-0.126,-0.626,-70.405,2.626,0.119,6.016,3.803,0,4.297,6.397,4.139,-3.0,2.5,4.5,0,0,0,OFFBOARD
1308,RETURN,134.6,70.405,2.476,1.946,-0.119,-0.126,-0.626,-70.405,2.626,0.119,6.016,3.803,0,4.297,6.397,4.139,-3.0,2.5,4.5,0,0,0,OFFBOARD
1309,RETURN,134.7,70.405,2.476,1.946,-0.119,-0.126,-0.626,-70.405,2.626,0.119,6.016,3.803,0,4.297,6.397,4.139,-3.0,2.5,4.5,0,0,0,OFFBOARD
1310,RETURN,134.81,70.405,2.476,1.946,-0.119,-0.126,-0.626,-70.405,2.626,0.119,6.016,3.803,0,4.297,6.397,4.139,-3.0,2.5,4.5,0,0,0,OFFBOARD
1311,RETURN,134.91,70.405,2.476,1.946,-0.119,-0.126,-0.626,-70.405,2.626,0.119,6.016,3.803,0,4.297,6.397,4.139,-3.0,2.5,4.5,0,0,0,OFFBOARD
1312,RETURN,135.01,70.405,2.476,1.946,-0.119,-0.126,-0.626,-70.405,2.626,0.119,6.016,3.803,0,4.297,6.397,4.139,-3.0,2.5,4.5,0,0,0,OFFBOARD
1313,RETURN,135.11,70.405,2.476,1.946,-0.119,-0.126,-0.626,-70.405,2.626,0.119,6.016,3.803,0,4.297,6.397,4.139,-3.0,2.5,4.5,0,0,0,OFFBOARD
1314,RETURN,135.21,70.405,2.476,1.946,-0.119,-0.126,-0.626,-70.405,2.626,0.119,6.016,3.803,0,4.297,6.397,4.139,-3.0,2.5,4.5,0,0,0,OFFBOARD
1315,RETURN,135.31,70.405,2.476,1.946,-0.119,-0.126,-0.626,-70.405,2.626,0.119,6.016,3.803,0,4.297,6.397,4.139,-3.0,2.5,4.5,0,0,0,OFFBOARD
1316,RETURN,135.41,70.405,2.476,1.946,-0.119,-0.126,-0.626,-70.405,2.626,0.119,6.016,3.803,0,4.297,6.397,4.139,-3.0,2.5,4.5,0,0,0,OFFBOARD
1317,RETURN,135.52,70.405,2.476,1.946,-0.119,-0.126,-0.626,-70.404,2.626,0.119,6.016,3.803,0,4.297,6.397,4.139,-3.0,2.5,4.5,0,0,0,OFFBOARD
1318,RETURN,135.62,70.404,2.476,1.946,-0.119,-0.126,-0.626,-70.404,2.626,0.119,6.016,3.803,0,4.297,6.397,4.139,-3.0,2.5,4.5,0,0,0,OFFBOARD
1319,RETURN,135.72,70.404,2.476,1.946,-0.119,-0.126,-0.626,-70.404,2.626,0.119,6.016,3.803,0,4.297,6.397,4.139,-3.0,2.5,4.5,0,0,0,OFFBOARD
1320,RETURN,135.82,70.404,2.476,1.946,-0.119,-0.126,-0.626,-70.404,2.626,0.119,6.016,3.803,0,4.297,6.397,4.139,-3.0,2.5,4.5,0,0,0,OFFBOARD
1321,RETURN,135.92,70.404,2.476,1.946,-0.119,-0.126,-0.626,-70.404,2.626,0.119,6.016,3.803,0,4.297,6.397,4.139,-3.0,2.5,4.5,0,0,0,OFFBOARD
1322,RETURN,136.02,70.404,2.476,1.946,-0.119,-0.126,-0.626,-70.404,2.626,0.119,6.016,3.803,0,4.297,6.397,4.139,-3.0,2.5,4.5,0,0,0,OFFBOARD
1323,RETURN,136.12,70.404,2.476,1.946,-0.119,-0.126,-0.626,-70.404,2.626,0.119,6.016,3.803,0,4.297,6.397,4.139,-3.0,2.5,4.5,0,0,0,OFFBOARD
1324,RETURN,136.22,70.404,2.476,1.946,-0.119,-0.126,-0.626,-70.404,2.626,0.119,6.016,3.803,0,4.297,6.397,4.139,-3.0,2.5,4.5,0,0,0,OFFBOARD
1325,RETURN,136.32,70.404,2.476,1.946,-0.119,-0.126,-0.626,-70.404,2.626,0.119,6.016,3.803,0,4.297,6.397,4.139,-3.0,2.5,4.5,0,0,0,OFFBOARD
1326,RETURN,136.43,70.404,2.476,1.946,-0.119,-0.126,-0.626,-70.404,2.626,0.119,6.016,3.803,0,4.297,6.397,4.139,-3.0,2.5,4.5,0,0,0,OFFBOARD
1327,RETURN,136.53,70.404,2.476,1.946,-0.119,-0.126,-0.626,-70.404,2.626,0.119,6.016,3.803,0,4.297,6.397,4.139,-3.0,2.5,4.5,0,0,0,OFFBOARD
1328,RETURN,136.63,70.404,2.476,1.946,-0.119,-0.126,-0.626,-70.404,2.626,0.119,6.016,3.803,0,4.297,6.397,4.139,-3.0,2.5,4.5,0,0,0,OFFBOARD
1329,RETURN,136.73,70.404,2.476,1.946,-0.119,-0.126,-0.626,-70.404,2.626,0.119,6.016,3.803,0,4.297,6.397,4.139,-3.0,2.5,4.5,0,0,0,OFFBOARD
1330,RETURN,136.83,70.404,2.476,1.946,-0.119,-0.126,-0.626,-70.404,2.626,0.119,6.016,3.803,0,4.297,6.397,4.139,-3.0,2.5,4.5,0,0,0,OFFBOARD
1331,RETURN,136.93,70.404,2.476,1.946,-0.119,-0.126,-0.626,-70.404,2.626,0.119,6.016,3.803,0,4.297,6.397,4.139,-3.0,2.5,4.5,0,0,0,OFFBOARD
1332,RETURN,137.03,70.404,2.476,1.946,-0.119,-0.126,-0.626,-70.404,2.626,0.119,6.016,3.803,0,4.297,6.397,4.139,-3.0,2.5,4.5,0,0,0,OFFBOARD
1333,RETURN,137.13,70.404,2.476,1.946,-0.119,-0.126,-0.626,-70.404,2.626,0.119,6.016,3.803,0,4.297,6.397,4.139,-3.0,2.5,4.5,0,0,0,OFFBOARD
1334,RETURN,137.24,70.404,2.476,1.946,-0.119,-0.126,-0.626,-70.404,2.626,0.119,6.016,3.803,0,4.297,6.397,4.139,-3.0,2.5,4.5,0,0,0,OFFBOARD
1335,RETURN,137.34,70.404,2.476,1.946,-0.119,-0.126,-0.626,-70.404,2.626,0.119,6.016,3.803,0,4.297,6.397,4.139,-3.0,2.5,4.5,0,0,0,OFFBOARD
1336,RETURN,137.44,70.404,2.476,1.946,-0.119,-0.126,-0.626,-70.404,2.626,0.119,6.016,3.803,0,4.297,6.397,4.139,-3.0,2.5,4.5,0,0,0,OFFBOARD
1337,RETURN,137.54,70.404,2.476,1.946,-0.119,-0.126,-0.626,-70.404,2.626,0.119,6.016,3.803,0,4.297,6.397,4.139,-3.0,2.5,4.5,0,0,0,OFFBOARD
1338,RETURN,137.64,70.404,2.476,1.946,-0.119,-0.126,-0.626,-70.404,2.626,0.119,6.016,3.803,0,4.297,6.397,4.139,-3.0,2.5,4.5,0,0,0,OFFBOARD
1339,RETURN,137.74,70.404,2.476,1.946,-0.119,-0.126,-0.626,-70.404,2.626,0.119,6.016,3.803,0,4.297,6.397,4.139,-3.0,2.5,4.5,0,0,0,OFFBOARD
1340,RETURN,137.84,70.404,2.476,1.946,-0.119,-0.126,-0.626,-70.404,2.626,0.119,6.016,3.803,0,4.297,6.397,4.139,-3.0,2.5,4.5,0,0,0,OFFBOARD
1341,RETURN,137.95,70.404,2.476,1.946,-0.119,-0.126,-0.626,-70.404,2.626,0.119,6.016,3.803,0,4.297,6.397,4.139,-3.0,2.5,4.5,0,0,0,OFFBOARD
1342,RETURN,138.05,70.404,2.476,1.946,-0.119,-0.126,-0.626,-70.404,2.626,0.119,6.016,3.803,0,4.297,6.397,4.139,-3.0,2.5,4.5,0,0,0,OFFBOARD
1343,RETURN,138.15,70.404,2.476,1.946,-0.119,-0.126,-0.626,-70.404,2.626,0.119,6.016,3.803,0,4.297,6.397,4.139,-3.0,2.5,4.5,0,0,0,OFFBOARD
1344,RETURN,138.25,70.404,2.476,1.946,-0.119,-0.126,-0.626,-70.404,2.626,0.119,6.016,3.803,0,4.297,6.397,4.139,-3.0,2.5,4.5,0,0,0,OFFBOARD
1345,RETURN,138.35,70.404,2.476,1.946,-0.119,-0.126,-0.626,-70.404,2.626,0.119,6.016,3.803,0,4.297,6.397,4.139,-3.0,2.5,4.5,0,0,0,OFFBOARD
1346,RETURN,138.45,70.404,2.476,1.946,-0.119,-0.126,-0.626,-70.404,2.626,0.119,6.016,3.803,0,4.297,6.397,4.139,-3.0,2.5,4.5,0,0,0,OFFBOARD
1347,RETURN,138.55,70.404,2.476,1.946,-0.119,-0.126,-0.626,-70.404,2.626,0.119,6.016,3.803,0,4.297,6.397,4.139,-3.0,2.5,4.5,0,0,0,OFFBOARD
1348,RETURN,138.65,70.404,2.476,1.946,-0.119,-0.126,-0.626,-70.403,2.626,0.119,6.016,3.803,0,4.297,6.397,4.139,-3.0,2.5,4.5,0,0,0,OFFBOARD
1349,RETURN,138.75,70.403,2.476,1.946,-0.119,-0.126,-0.626,-70.403,2.626,0.119,6.016,3.803,0,4.297,6.397,4.139,-3.0,2.5,4.5,0,0,0,OFFBOARD
1350,RETURN,138.86,70.403,2.476,1.946,-0.119,-0.126,-0.626,-70.403,2.626,0.119,6.016,3.803,0,4.297,6.397,4.139,-3.0,2.5,4.5,0,0,0,OFFBOARD
1351,RETURN,138.96,70.403,2.476,1.946,-0.119,-0.126,-0.626,-70.403,2.626,0.119,6.016,3.803,0,4.297,6.397,4.139,-3.0,2.5,4.5,0,0,0,OFFBOARD
1352,RETURN,139.06,70.403,2.476,1.946,-0.119,-0.126,-0.626,-70.403,2.626,0.119,6.016,3.803,0,4.297,6.397,4.139,-3.0,2.5,4.5,0,0,0,OFFBOARD
1353,RETURN,139.16,70.403,2.476,1.946,-0.119,-0.126,-0.626,-70.403,2.626,0.119,6.016,3.803,0,4.297,6.397,4.139,-3.0,2.5,4.5,0,0,0,OFFBOARD
1354,RETURN,139.26,70.403,2.476,1.946,-0.119,-0.126,-0.626,-70.403,2.626,0.119,6.016,3.803,0,4.297,6.397,4.139,-3.0,2.5,4.5,0,0,0,OFFBOARD
1355,RETURN,139.36,70.403,2.476,1.946,-0.119,-0.126,-0.626,-70.403,2.626,0.119,6.016,3.803,0,4.297,6.397,4.139,-3.0,2.5,4.5,0,0,0,OFFBOARD
1356,RETURN,139.46,70.403,2.476,1.946,-0.119,-0.126,-0.626,-70.403,2.626,0.119,6.016,3.803,0,4.297,6.397,4.139,-3.0,2.5,4.5,0,0,0,OFFBOARD
1357,RETURN,139.56,70.403,2.476,1.946,-0.119,-0.126,-0.626,-70.403,2.626,0.119,6.016,3.803,0,4.297,6.397,4.139,-3.0,2.5,4.5,0,0,0,OFFBOARD
1358,RETURN,139.67,70.403,2.476,1.946,-0.119,-0.126,-0.626,-70.403,2.626,0.119,6.016,3.803,0,4.297,6.397,4.139,-3.0,2.5,4.5,0,0,0,OFFBOARD
1359,RETURN,139.77,70.403,2.476,1.946,-0.119,-0.126,-0.626,-70.403,2.626,0.119,6.016,3.803,0,4.297,6.397,4.139,-3.0,2.5,4.5,0,0,0,OFFBOARD
1360,RETURN,139.87,70.403,2.476,1.946,-0.119,-0.126,-0.626,-70.403,2.626,0.119,6.016,3.803,0,4.297,6.397,4.139,-3.0,2.5,4.5,0,0,0,OFFBOARD
1361,RETURN,139.97,70.403,2.476,1.946,-0.119,-0.126,-0.626,-70.403,2.626,0.119,6.016,3.803,0,4.297,6.397,4.139,-3.0,2.5,4.5,0,0,0,OFFBOARD
1362,RETURN,140.07,70.403,2.476,1.946,-0.119,-0.126,-0.626,-70.403,2.626,0.119,6.016,3.803,0,4.297,6.397,4.139,-3.0,2.5,4.5,0,0,0,OFFBOARD
1363,RETURN,140.17,70.403,2.476,1.946,-0.119,-0.126,-0.626,-70.403,2.626,0.119,6.016,3.803,0,4.297,6.397,4.139,-3.0,2.5,4.5,0,0,0,OFFBOARD
1364,RETURN,140.27,70.403,2.476,1.946,-0.119,-0.126,-0.626,-70.403,2.626,0.119,6.016,3.803,0,4.297,6.397,4.139,-3.0,2.5,4.5,0,0,0,OFFBOARD
1365,RETURN,140.37,70.403,2.476,1.946,-0.119,-0.126,-0.626,-70.403,2.626,0.119,6.016,3.803,0,4.297,6.397,4.139,-3.0,2.5,4.5,0,0,0,OFFBOARD
1366,RETURN,140.48,70.403,2.476,1.946,-0.119,-0.126,-0.626,-70.403,2.626,0.119,6.016,3.803,0,4.297,6.397,4.139,-3.0,2.5,4.5,0,0,0,OFFBOARD
1367,RETURN,140.58,70.403,2.476,1.946,-0.119,-0.126,-0.626,-70.403,2.626,0.119,6.016,3.803,0,4.297,6.397,4.139,-3.0,2.5,4.5,0,0,0,OFFBOARD
1368,RETURN,140.68,70.403,2.476,1.946,-0.119,-0.126,-0.626,-70.403,2.626,0.119,6.016,3.803,0,4.297,6.397,4.139,-3.0,2.5,4.5,0,0,0,OFFBOARD
1369,RETURN,140.78,70.403,2.476,1.946,-0.119,-0.126,-0.626,-70.403,2.626,0.119,6.016,3.803,0,4.297,6.397,4.139,-3.0,2.5,4.5,0,0,0,OFFBOARD
1370,RETURN,140.88,70.403,2.476,1.946,-0.119,-0.126,-0.626,-70.403,2.626,0.119,6.016,3.803,0,4.297,6.397,4.139,-3.0,2.5,4.5,0,0,0,OFFBOARD
1371,RETURN,140.98,70.403,2.476,1.946,-0.119,-0.126,-0.626,-70.403,2.626,0.119,6.016,3.803,0,4.297,6.397,4.139,-3.0,2.5,4.5,0,0,0,OFFBOARD
1372,RETURN,141.08,70.403,2.476,1.946,-0.119,-0.126,-0.626,-70.403,2.626,0.119,6.016,3.803,0,4.297,6.397,4.139,-3.0,2.5,4.5,0,0,0,OFFBOARD
1373,RETURN,141.18,70.403,2.476,1.946,-0.119,-0.126,-0.626,-70.403,2.626,0.119,6.016,3.803,0,4.297,6.397,4.139,-3.0,2.5,4.5,0,0,0,OFFBOARD
1374,RETURN,141.28,70.403,2.476,1.946,-0.119,-0.126,-0.626,-70.403,2.626,0.119,6.016,3.803,0,4.297,6.397,4.139,-3.0,2.5,4.5,0,0,0,OFFBOARD
1375,RETURN,141.39,70.403,2.476,1.946,-0.119,-0.126,-0.626,-70.403,2.626,0.119,6.016,3.803,0,4.297,6.397,4.139,-3.0,2.5,4.5,0,0,0,OFFBOARD
1376,RETURN,141.49,70.403,2.476,1.946,-0.119,-0.126,-0.626,-70.403,2.626,0.119,6.016,3.803,0,4.297,6.397,4.139,-3.0,2.5,4.5,0,0,0,OFFBOARD
1377,RETURN,141.59,70.403,2.476,1.946,-0.119,-0.126,-0.626,-70.403,2.626,0.119,6.016,3.803,0,4.297,6.397,4.139,-3.0,2.5,4.5,0,0,0,OFFBOARD
1378,RETURN,141.69,70.403,2.476,1.946,-0.119,-0.126,-0.626,-70.403,2.626,0.119,6.016,3.803,0,4.297,6.397,4.139,-3.0,2.5,4.5,0,0,0,OFFBOARD
1379,RETURN,141.79,70.403,2.476,1.946,-0.119,-0.126,-0.626,-70.402,2.626,0.119,6.016,3.803,0,4.297,6.397,4.139,-3.0,2.5,4.5,0,0,0,OFFBOARD
1380,RETURN,141.89,70.403,2.476,1.946,-0.119,-0.126,-0.626,-70.402,2.626,0.119,6.016,3.803,0,4.297,6.397,4.139,-3.0,2.5,4.5,0,0,0,OFFBOARD
1381,RETURN,142.0,70.402,2.476,1.946,-0.119,-0.126,-0.626,-70.402,2.626,0.119,6.016,3.803,0,4.297,6.397,4.139,-3.0,2.5,4.5,0,0,0,OFFBOARD
1382,RETURN,142.1,70.402,2.476,1.946,-0.119,-0.126,-0.626,-70.402,2.626,0.119,6.016,3.803,0,4.297,6.397,4.139,-3.0,2.5,4.5,0,0,0,OFFBOARD
1383,RETURN,142.2,70.402,2.476,1.946,-0.119,-0.126,-0.626,-70.402,2.626,0.119,6.016,3.803,0,4.297,6.397,4.139,-3.0,2.5,4.5,0,0,0,OFFBOARD
1384,RETURN,142.3,70.402,2.476,1.946,-0.119,-0.126,-0.626,-70.402,2.626,0.119,6.016,3.803,0,4.297,6.397,4.139,-3.0,2.5,4.5,0,0,0,OFFBOARD
1385,RETURN,142.4,70.402,2.476,1.946,-0.119,-0.126,-0.626,-70.402,2.626,0.119,6.016,3.803,0,4.297,6.397,4.139,-3.0,2.5,4.5,0,0,0,OFFBOARD
1386,RETURN,142.5,70.402,2.476,1.946,-0.119,-0.126,-0.626,-70.402,2.626,0.119,6.016,3.803,0,4.297,6.397,4.139,-3.0,2.5,4.5,0,0,0,OFFBOARD
1387,RETURN,142.6,70.402,2.476,1.946,-0.119,-0.126,-0.626,-70.402,2.626,0.119,6.016,3.803,0,4.297,6.397,4.139,-3.0,2.5,4.5,0,0,0,OFFBOARD
1388,RETURN,142.7,70.402,2.476,1.946,-0.119,-0.126,-0.626,-70.402,2.626,0.119,6.016,3.803,0,4.297,6.397,4.139,-3.0,2.5,4.5,0,0,0,OFFBOARD
1389,RETURN,142.81,70.402,2.476,1.946,-0.119,-0.126,-0.626,-70.402,2.626,0.119,6.016,3.803,0,4.297,6.397,4.139,-3.0,2.5,4.5,0,0,0,OFFBOARD
1390,RETURN,142.91,70.402,2.476,1.946,-0.119,-0.126,-0.626,-70.402,2.626,0.119,6.016,3.803,0,4.297,6.397,4.139,-3.0,2.5,4.5,0,0,0,OFFBOARD
1391,RETURN,143.01,70.402,2.476,1.946,-0.119,-0.126,-0.626,-70.402,2.626,0.119,6.016,3.803,0,4.297,6.397,4.139,-3.0,2.5,4.5,0,0,0,OFFBOARD
1392,RETURN,143.11,70.402,2.476,1.946,-0.119,-0.126,-0.626,-70.402,2.626,0.119,6.016,3.803,0,4.297,6.397,4.139,-3.0,2.5,4.5,0,0,0,OFFBOARD
1393,RETURN,143.21,70.402,2.476,1.946,-0.119,-0.126,-0.626,-70.402,2.626,0.119,6.016,3.803,0,4.297,6.397,4.139,-3.0,2.5,4.5,0,0,0,OFFBOARD
1394,RETURN,143.31,70.402,2.476,1.946,-0.119,-0.126,-0.626,-70.402,2.626,0.119,6.016,3.803,0,4.297,6.397,4.139,-3.0,2.5,4.5,0,0,0,OFFBOARD
1395,RETURN,143.41,70.402,2.476,1.946,-0.119,-0.126,-0.626,-70.402,2.626,0.119,6.016,3.803,0,4.297,6.397,4.139,-3.0,2.5,4.5,0,0,0,OFFBOARD
1396,RETURN,143.51,70.402,2.476,1.946,-0.119,-0.126,-0.626,-70.402,2.626,0.119,6.016,3.803,0,4.297,6.397,4.139,-3.0,2.5,4.5,0,0,0,OFFBOARD
1397,RETURN,143.62,70.402,2.476,1.946,-0.119,-0.126,-0.626,-70.402,2.626,0.119,6.016,3.803,0,4.297,6.397,4.139,-3.0,2.5,4.5,0,0,0,OFFBOARD
1398,RETURN,143.72,70.402,2.476,1.946,-0.119,-0.126,-0.626,-70.402,2.626,0.119,6.016,3.803,0,4.297,6.397,4.139,-3.0,2.5,4.5,0,0,0,OFFBOARD
1399,RETURN,143.82,70.402,2.476,1.946,-0.119,-0.126,-0.626,-70.402,2.626,0.119,6.016,3.803,0,4.297,6.397,4.139,-3.0,2.5,4.5,0,0,0,OFFBOARD
1400,RETURN,143.92,70.402,2.476,1.946,-0.119,-0.126,-0.626,-70.402,2.626,0.119,6.016,3.803,0,4.297,6.397,4.139,-3.0,2.5,4.5,0,0,0,OFFBOARD
1401,RETURN,144.02,70.402,2.476,1.946,-0.119,-0.126,-0.626,-70.402,2.626,0.119,6.016,3.803,0,4.297,6.397,4.139,-3.0,2.5,4.5,0,0,0,OFFBOARD
1402,RETURN,144.12,70.402,2.476,1.946,-0.119,-0.126,-0.626,-70.402,2.626,0.119,6.016,3.803,0,4.297,6.397,4.139,-3.0,2.5,4.5,0,0,0,OFFBOARD
1403,RETURN,144.22,70.402,2.476,1.946,-0.119,-0.126,-0.626,-70.402,2.626,0.119,6.016,3.803,0,4.297,6.397,4.139,-3.0,2.5,4.5,0,0,0,OFFBOARD
1404,RETURN,144.33,70.402,2.476,1.946,-0.119,-0.126,-0.626,-70.402,2.626,0.119,6.016,3.803,0,4.297,6.397,4.139,-3.0,2.5,4.5,0,0,0,OFFBOARD
1405,RETURN,144.43,70.402,2.476,1.946,-0.119,-0.126,-0.626,-70.402,2.626,0.119,6.016,3.803,0,4.297,6.397,4.139,-3.0,2.5,4.5,0,0,0,OFFBOARD
1406,RETURN,144.53,70.402,2.476,1.946,-0.119,-0.126,-0.626,-70.402,2.626,0.119,6.016,3.803,0,4.297,6.397,4.139,-3.0,2.5,4.5,0,0,0,OFFBOARD
1407,RETURN,144.63,70.402,2.476,1.946,-0.119,-0.126,-0.626,-70.402,2.626,0.119,6.016,3.803,0,4.297,6.397,4.139,-3.0,2.5,4.5,0,0,0,OFFBOARD
1408,RETURN,144.73,70.402,2.476,1.946,-0.119,-0.126,-0.626,-70.402,2.626,0.119,6.016,3.803,0,4.297,6.397,4.139,-3.0,2.5,4.5,0,0,0,OFFBOARD
1409,RETURN,144.83,70.402,2.476,1.946,-0.119,-0.126,-0.626,-70.402,2.626,0.119,6.016,3.803,0,4.297,6.397,4.139,-3.0,2.5,4.5,0,0,0,OFFBOARD
1410,RETURN,144.93,70.402,2.476,1.946,-0.119,-0.126,-0.626,-70.402,2.626,0.119,6.016,3.803,0,4.297,6.397,4.139,-3.0,2.5,4.5,0,0,0,OFFBOARD
1411,RETURN,145.04,70.401,2.476,1.946,-0.119,-0.126,-0.626,-70.401,2.626,0.119,6.016,3.803,0,4.297,6.397,4.139,-3.0,2.5,4.5,0,0,0,OFFBOARD
1412,RETURN,145.14,70.401,2.476,1.946,-0.119,-0.126,-0.626,-70.401,2.626,0.119,6.016,3.803,0,4.297,6.397,4.139,-3.0,2.5,4.5,0,0,0,OFFBOARD
1413,RETURN,145.24,70.401,2.476,1.946,-0.119,-0.126,-0.626,-70.401,2.626,0.119,6.016,3.803,0,4.297,6.397,4.139,-3.0,2.5,4.5,0,0,0,OFFBOARD
1414,RETURN,145.34,70.401,2.476,1.946,-0.119,-0.126,-0.626,-70.401,2.626,0.119,6.016,3.803,0,4.297,6.397,4.139,-3.0,2.5,4.5,0,0,0,OFFBOARD
1415,RETURN,145.44,70.401,2.476,1.946,-0.119,-0.126,-0.626,-70.401,2.626,0.119,6.016,3.803,0,4.297,6.397,4.139,-3.0,2.5,4.5,0,0,0,OFFBOARD
1416,RETURN,145.54,70.401,2.476,1.946,-0.119,-0.126,-0.626,-70.401,2.626,0.119,6.016,3.803,0,4.297,6.397,4.139,-3.0,2.5,4.5,0,0,0,OFFBOARD
1417,RETURN,145.64,70.401,2.476,1.946,-0.119,-0.126,-0.626,-70.401,2.626,0.119,6.016,3.803,0,4.297,6.397,4.139,-3.0,2.5,4.5,0,0,0,OFFBOARD
1418,RETURN,145.75,70.401,2.476,1.946,-0.119,-0.126,-0.626,-70.401,2.626,0.119,6.016,3.803,0,4.297,6.397,4.139,-3.0,2.5,4.5,0,0,0,OFFBOARD
1419,RETURN,145.85,70.401,2.476,1.946,-0.119,-0.126,-0.626,-70.401,2.626,0.119,6.016,3.803,0,4.297,6.397,4.139,-3.0,2.5,4.5,0,0,0,OFFBOARD
1420,RETURN,145.95,70.401,2.476,1.946,-0.119,-0.126,-0.626,-70.401,2.626,0.119,6.016,3.803,0,4.297,6.397,4.139,-3.0,2.5,4.5,0,0,0,OFFBOARD
1421,RETURN,146.05,70.401,2.476,1.946,-0.119,-0.126,-0.626,-70.401,2.626,0.119,6.016,3.803,0,4.297,6.397,4.139,-3.0,2.5,4.5,0,0,0,OFFBOARD
1422,RETURN,146.15,70.401,2.476,1.946,-0.119,-0.126,-0.626,-70.401,2.626,0.119,6.016,3.803,0,4.297,6.397,4.139,-3.0,2.5,4.5,0,0,0,OFFBOARD
1423,RETURN,146.25,70.401,2.476,1.946,-0.119,-0.126,-0.626,-70.401,2.626,0.119,6.016,3.803,0,4.297,6.397,4.139,-3.0,2.5,4.5,0,0,0,OFFBOARD
1424,RETURN,146.35,70.401,2.476,1.946,-0.119,-0.126,-0.626,-70.401,2.626,0.119,6.016,3.803,0,4.297,6.397,4.139,-3.0,2.5,4.5,0,0,0,OFFBOARD
1425,RETURN,146.45,70.401,2.476,1.946,-0.119,-0.126,-0.626,-70.401,2.626,0.119,6.016,3.803,0,4.297,6.397,4.139,-3.0,2.5,4.5,0,0,0,OFFBOARD
1426,RETURN,146.56,70.401,2.476,1.946,-0.119,-0.126,-0.626,-70.401,2.626,0.119,6.016,3.803,0,4.297,6.397,4.139,-3.0,2.5,4.5,0,0,0,OFFBOARD
1427,RETURN,146.66,70.401,2.476,1.946,-0.119,-0.126,-0.626,-70.401,2.626,0.119,6.016,3.803,0,4.297,6.397,4.139,-3.0,2.5,4.5,0,0,0,OFFBOARD
1428,RETURN,146.76,70.401,2.476,1.946,-0.119,-0.126,-0.626,-70.401,2.626,0.119,6.016,3.803,0,4.297,6.397,4.139,-3.0,2.5,4.5,0,0,0,OFFBOARD
1429,RETURN,146.86,70.401,2.476,1.946,-0.119,-0.126,-0.626,-70.401,2.626,0.119,6.016,3.803,0,4.297,6.397,4.139,-3.0,2.5,4.5,0,0,0,OFFBOARD
1430,RETURN,146.96,70.401,2.476,1.946,-0.119,-0.126,-0.626,-70.401,2.626,0.119,6.016,3.803,0,4.297,6.397,4.139,-3.0,2.5,4.5,0,0,0,OFFBOARD
1431,RETURN,147.06,70.401,2.476,1.946,-0.119,-0.126,-0.626,-70.401,2.626,0.119,6.016,3.803,0,4.297,6.397,4.139,-3.0,2.5,4.5,0,0,0,OFFBOARD
1432,RETURN,147.16,70.401,2.476,1.946,-0.119,-0.126,-0.626,-70.401,2.626,0.119,6.016,3.803,0,4.297,6.397,4.139,-3.0,2.5,4.5,0,0,0,OFFBOARD
1433,RETURN,147.27,70.401,2.476,1.946,-0.119,-0.126,-0.626,-70.401,2.626,0.119,6.016,3.803,0,4.297,6.397,4.139,-3.0,2.5,4.5,0,0,0,OFFBOARD
1434,RETURN,147.37,70.401,2.476,1.946,-0.119,-0.126,-0.626,-70.401,2.626,0.119,6.016,3.803,0,4.297,6.397,4.139,-3.0,2.5,4.5,0,0,0,OFFBOARD
1435,RETURN,147.47,70.401,2.476,1.946,-0.119,-0.126,-0.626,-70.401,2.626,0.119,6.016,3.803,0,4.297,6.397,4.139,-3.0,2.5,4.5,0,0,0,OFFBOARD
1436,RETURN,147.57,70.401,2.476,1.946,-0.119,-0.126,-0.626,-70.401,2.626,0.119,6.016,3.803,0,4.297,6.397,4.139,-3.0,2.5,4.5,0,0,0,OFFBOARD
1437,RETURN,147.67,70.401,2.476,1.946,-0.119,-0.126,-0.626,-70.401,2.626,0.119,6.016,3.803,0,4.297,6.397,4.139,-3.0,2.5,4.5,0,0,0,OFFBOARD
1438,RETURN,147.77,70.401,2.476,1.946,-0.119,-0.126,-0.626,-70.401,2.626,0.119,6.016,3.803,0,4.297,6.397,4.139,-3.0,2.5,4.5,0,0,0,OFFBOARD
1439,RETURN,147.87,70.401,2.476,1.946,-0.119,-0.126,-0.626,-70.401,2.626,0.119,6.016,3.803,0,4.297,6.397,4.139,-3.0,2.5,4.5,0,0,0,OFFBOARD
1440,RETURN,147.98,70.401,2.476,1.946,-0.119,-0.126,-0.626,-70.401,2.626,0.119,6.016,3.803,0,4.297,6.397,4.139,-3.0,2.5,4.5,0,0,0,OFFBOARD
1441,RETURN,148.08,70.401,2.476,1.946,-0.119,-0.126,-0.626,-70.401,2.626,0.119,6.016,3.803,0,4.297,6.397,4.139,-3.0,2.5,4.5,0,0,0,OFFBOARD
1442,RETURN,148.18,70.401,2.476,1.946,-0.119,-0.126,-0.626,-70.401,2.626,0.119,6.016,3.803,0,4.297,6.397,4.139,-3.0,2.5,4.5,0,0,0,OFFBOARD
1443,RETURN,148.28,70.401,2.476,1.946,-0.119,-0.126,-0.626,-70.4,2.626,0.119,6.016,3.803,0,4.297,6.397,4.139,-3.0,2.5,4.5,0,0,0,OFFBOARD
1444,RETURN,148.38,70.4,2.476,1.946,-0.119,-0.126,-0.626,-70.4,2.626,0.119,6.016,3.803,0,4.297,6.397,4.139,-3.0,2.5,4.5,0,0,0,OFFBOARD
1445,RETURN,148.48,70.4,2.476,1.946,-0.119,-0.126,-0.626,-70.4,2.626,0.119,6.016,3.803,0,4.297,6.397,4.139,-3.0,2.5,4.5,0,0,0,OFFBOARD
1446,RETURN,148.58,70.4,2.476,1.946,-0.119,-0.126,-0.626,-70.4,2.626,0.119,6.016,3.803,0,4.297,6.397,4.139,-3.0,2.5,4.5,0,0,0,OFFBOARD
1447,RETURN,148.68,70.4,2.476,1.946,-0.119,-0.126,-0.626,-70.4,2.626,0.119,6.016,3.803,0,4.297,6.397,4.139,-3.0,2.5,4.5,0,0,0,OFFBOARD
1448,RETURN,148.79,70.4,2.476,1.946,-0.119,-0.126,-0.626,-70.4,2.626,0.119,6.016,3.803,0,4.297,6.397,4.139,-3.0,2.5,4.5,0,0,0,OFFBOARD
1449,RETURN,148.89,70.4,2.476,1.946,-0.119,-0.126,-0.626,-70.4,2.626,0.119,6.016,3.803,0,4.297,6.397,4.139,-3.0,2.5,4.5,0,0,0,OFFBOARD
1450,RETURN,148.99,70.4,2.476,1.946,-0.119,-0.126,-0.626,-70.4,2.626,0.119,6.016,3.803,0,4.297,6.397,4.139,-3.0,2.5,4.5,0,0,0,OFFBOARD
1451,RETURN,149.09,70.4,2.476,1.946,-0.119,-0.126,-0.626,-70.4,2.626,0.119,6.016,3.803,0,4.297,6.397,4.139,-3.0,2.5,4.5,0,0,0,OFFBOARD
1452,RETURN,149.19,70.4,2.476,1.946,-0.119,-0.126,-0.626,-70.4,2.626,0.119,6.016,3.803,0,4.297,6.397,4.139,-3.0,2.5,4.5,0,0,0,OFFBOARD
1453,RETURN,149.29,70.4,2.476,1.946,-0.119,-0.126,-0.626,-70.4,2.626,0.119,6.016,3.803,0,4.297,6.397,4.139,-3.0,2.5,4.5,0,0,0,OFFBOARD
1454,RETURN,149.39,70.4,2.476,1.946,-0.119,-0.126,-0.626,-70.4,2.626,0.119,6.016,3.803,0,4.297,6.397,4.139,-3.0,2.5,4.5,0,0,0,OFFBOARD
1455,RETURN,149.49,70.4,2.476,1.946,-0.119,-0.126,-0.626,-70.4,2.626,0.119,6.016,3.803,0,4.297,6.397,4.139,-3.0,2.5,4.5,0,0,0,OFFBOARD
1456,RETURN,149.6,70.4,2.476,1.946,-0.119,-0.126,-0.626,-70.4,2.626,0.119,6.016,3.803,0,4.297,6.397,4.139,-3.0,2.5,4.5,0,0,0,OFFBOARD
1457,RETURN,149.7,70.4,2.476,1.946,-0.119,-0.126,-0.626,-70.4,2.626,0.119,6.016,3.803,0,4.297,6.397,4.139,-3.0,2.5,4.5,0,0,0,OFFBOARD
1458,RETURN,149.8,70.4,2.476,1.946,-0.119,-0.126,-0.626,-70.4,2.626,0.119,6.016,3.803,0,4.297,6.397,4.139,-3.0,2.5,4.5,0,0,0,OFFBOARD
1459,RETURN,149.9,70.4,2.476,1.946,-0.119,-0.126,-0.626,-70.4,2.626,0.119,6.016,3.803,0,4.297,6.397,4.139,-3.0,2.5,4.5,0,0,0,OFFBOARD
