step,phase,t_s,x_m,y_m,z_m,vx_ms,vy_ms,vz_ms,fwd_progress_m,lat_offset_m,speed_ms,front_d_m,min_depth_m,prox_alarm,depth_top,depth_mid,depth_bot,tgt_x,tgt_y,tgt_z,collision,near_miss,armed,mode
0,OUTBOUND,0.0,0.0,0.05,1.576,1.573,0.34,-0.769,0.0,-0.0,1.573,6.023,3.623,0,4.599,10.0,3.987,0.225,0.045,1.489,0,0,0,OFFBOARD
1,OUTBOUND,0.1,0.0,0.05,1.569,1.573,0.34,-0.769,0.0,-0.0,1.573,6.007,3.647,0,4.663,10.0,3.934,0.471,0.032,1.482,0,0,0,OFFBOARD
2,OUTBOUND,0.2,0.001,0.05,1.562,1.573,0.34,-0.769,0.001,-0.0,1.573,5.655,3.722,0,4.726,10.0,3.775,0.696,0.01,1.48,0,0,0,OFFBOARD
3,OUTBOUND,0.3,0.004,0.05,1.554,1.573,0.34,-0.769,0.004,-0.0,1.573,5.102,4.221,0,4.811,10.0,3.517,0.945,-0.013,1.483,0,0,0,OFFBOARD
4,OUTBOUND,0.41,0.014,0.049,1.547,1.573,0.34,-0.769,0.014,-0.001,1.573,4.519,4.294,0,5.807,10.0,3.23,1.14,-0.03,1.49,0,0,0,OFFBOARD
5,OUTBOUND,0.51,0.033,0.048,1.539,1.573,0.34,-0.769,0.033,-0.001,1.573,4.025,3.995,0,6.639,6.195,2.969,1.268,-0.028,1.499,0,0,0,OFFBOARD
6,OUTBOUND,0.61,0.067,0.047,1.533,1.573,0.34,-0.769,0.067,-0.003,1.573,3.672,3.637,0,6.854,5.404,2.773,1.38,-0.048,1.511,0,0,0,OFFBOARD
7,OUTBOUND,0.71,0.119,0.044,1.528,1.573,0.34,-0.769,0.119,-0.006,1.573,3.488,3.45,0,10.0,5.02,2.668,1.48,-0.084,1.525,0,0,0,OFFBOARD
8,OUTBOUND,0.81,0.191,0.039,1.524,1.573,0.34,-0.769,0.19,-0.01,1.573,3.455,3.414,0,10.0,4.958,2.647,1.591,-0.13,1.54,0,0,0,OFFBOARD
9,OUTBOUND,0.91,0.282,0.034,1.521,1.573,0.34,-0.769,0.282,-0.016,1.573,3.562,3.514,0,10.0,5.194,2.708,1.748,-0.183,1.555,0,0,0,OFFBOARD
10,OUTBOUND,1.02,0.392,0.026,1.52,1.573,0.34,-0.769,0.392,-0.024,1.573,3.785,3.722,0,6.583,5.699,2.834,1.945,-0.242,1.572,0,0,0,OFFBOARD
11,OUTBOUND,1.12,0.516,0.016,1.52,1.573,0.34,-0.769,0.516,-0.034,1.573,3.88,3.809,0,6.553,5.923,2.887,2.078,-0.305,1.588,0,0,0,OFFBOARD
12,OUTBOUND,1.22,0.652,0.004,1.522,1.573,0.34,-0.769,0.652,-0.046,1.573,4.406,4.074,0,5.451,6.797,3.174,2.178,-0.373,1.604,0,0,0,OFFBOARD
13,OUTBOUND,1.32,0.795,-0.012,1.526,1.573,0.34,-0.769,0.795,-0.062,1.573,4.708,3.966,0,5.152,10.0,3.335,2.358,-0.394,1.62,0,0,0,OFFBOARD
14,OUTBOUND,1.42,0.942,-0.031,1.531,1.573,0.34,-0.769,0.942,-0.081,1.573,4.98,3.843,0,5.036,10.0,3.478,2.529,-0.395,1.635,0,0,0,OFFBOARD
15,OUTBOUND,1.52,1.094,-0.054,1.537,1.573,0.34,-0.769,1.094,-0.104,1.573,5.174,3.753,0,4.909,10.0,3.579,2.683,-0.407,1.649,0,0,0,OFFBOARD
16,OUTBOUND,1.62,1.252,-0.082,1.545,1.573,0.34,-0.769,1.252,-0.132,1.573,5.284,3.684,0,4.77,10.0,3.633,2.793,-0.429,1.662,0,0,0,OFFBOARD
17,OUTBOUND,1.72,1.415,-0.114,1.554,1.573,0.34,-0.769,1.415,-0.164,1.573,5.379,3.606,0,4.574,10.0,3.676,2.913,-0.45,1.674,0,0,0,OFFBOARD
18,OUTBOUND,1.83,1.577,-0.149,1.563,1.573,0.34,-0.769,1.577,-0.199,1.573,5.493,3.511,0,4.503,10.0,3.723,3.096,-0.457,1.684,0,0,0,OFFBOARD
19,OUTBOUND,1.93,1.744,-0.186,1.573,1.573,0.34,-0.769,1.744,-0.236,1.573,5.625,3.393,0,4.42,10.0,3.79,3.307,-0.45,1.693,0,0,0,OFFBOARD
20,OUTBOUND,2.03,1.911,-0.224,1.584,1.573,0.34,-0.769,1.911,-0.273,1.573,5.686,3.273,0,4.367,10.0,3.851,3.59,-0.42,1.7,0,0,0,OFFBOARD
21,OUTBOUND,2.13,2.08,-0.261,1.595,1.573,0.34,-0.769,2.08,-0.311,1.573,5.779,3.159,0,4.646,10.0,3.885,3.927,-0.372,1.705,0,0,0,OFFBOARD
22,OUTBOUND,2.23,2.25,-0.297,1.605,1.573,0.34,-0.769,2.25,-0.347,1.573,5.722,3.049,0,4.711,10.0,3.861,4.284,-0.313,1.708,0,0,0,OFFBOARD
23,OUTBOUND,2.33,2.423,-0.33,1.616,1.573,0.34,-0.769,2.423,-0.38,1.573,5.541,2.94,0,4.661,10.0,3.799,4.672,-0.238,1.709,0,0,0,OFFBOARD
24,OUTBOUND,2.43,2.599,-0.36,1.626,1.573,0.34,-0.769,2.599,-0.41,1.573,5.391,2.831,0,4.586,10.0,3.748,5.081,-0.152,1.71,0,0,0,OFFBOARD
25,OUTBOUND,2.54,2.781,-0.385,1.636,1.573,0.34,-0.769,2.781,-0.435,1.573,5.31,2.72,0,4.45,10.0,3.731,5.504,-0.058,1.708,0,0,0,OFFBOARD
26,OUTBOUND,2.64,2.965,-0.404,1.645,1.573,0.34,-0.769,2.965,-0.454,1.573,5.32,2.609,0,4.278,10.0,3.755,5.937,0.035,1.696,0,0,0,OFFBOARD
27,OUTBOUND,2.74,3.154,-0.414,1.653,1.573,0.34,-0.769,3.154,-0.464,1.573,5.407,2.501,0,4.196,10.0,3.816,6.375,0.128,1.674,0,0,0,OFFBOARD
28,OUTBOUND,2.84,3.347,-0.416,1.66,1.573,0.34,-0.769,3.347,-0.466,1.573,5.556,2.389,0,4.093,10.0,3.904,6.818,0.225,1.645,0,0,0,OFFBOARD
29,OUTBOUND,2.94,3.544,-0.408,1.665,1.573,0.34,-0.769,3.544,-0.458,1.573,5.73,3.276,0,4.004,10.0,4.0,7.263,0.285,1.611,0,0,0,OFFBOARD
30,OUTBOUND,3.04,3.741,-0.389,1.667,1.573,0.34,-0.769,3.741,-0.439,1.573,5.903,3.375,0,4.344,10.0,4.089,7.709,0.342,1.576,0,0,0,OFFBOARD
31,OUTBOUND,3.14,3.941,-0.359,1.666,1.573,0.34,-0.769,3.941,-0.409,1.573,5.893,3.379,0,4.393,10.0,4.156,8.157,0.378,1.544,0,0,0,OFFBOARD
32,OUTBOUND,3.25,4.14,-0.318,1.663,1.573,0.34,-0.769,4.14,-0.368,1.573,5.704,3.187,0,4.416,10.0,4.194,8.603,0.4,1.515,0,0,0,OFFBOARD
33,OUTBOUND,3.35,4.339,-0.268,1.657,1.573,0.34,-0.769,4.339,-0.318,1.573,5.669,3.182,0,4.254,10.0,4.2,9.042,0.427,1.492,0,0,0,OFFBOARD
34,OUTBOUND,3.45,4.539,-0.21,1.648,1.573,0.34,-0.769,4.539,-0.26,1.573,6.145,3.398,0,4.063,10.0,4.179,9.48,0.455,1.465,0,0,0,OFFBOARD
35,OUTBOUND,3.55,4.738,-0.145,1.636,1.573,0.34,-0.769,4.738,-0.195,1.573,6.174,3.47,0,4.09,10.0,4.136,9.921,0.49,1.436,0,0,0,OFFBOARD
36,OUTBOUND,3.65,4.937,-0.077,1.623,1.573,0.34,-0.769,4.937,-0.127,1.573,6.147,3.533,0,4.535,10.0,4.087,10.362,0.527,1.415,0,0,0,OFFBOARD
37,OUTBOUND,3.75,5.138,-0.006,1.608,1.573,0.34,-0.769,5.138,-0.056,1.573,5.972,3.554,0,4.58,10.0,4.037,10.765,0.583,1.402,0,0,0,OFFBOARD
38,OUTBOUND,3.85,5.337,0.064,1.591,1.573,0.34,-0.769,5.337,0.014,1.573,5.856,4.013,0,4.517,10.0,3.992,11.116,0.622,1.385,0,0,0,OFFBOARD
39,OUTBOUND,3.96,5.542,0.135,1.573,1.573,0.34,-0.769,5.542,0.085,1.573,5.825,3.914,0,4.32,10.0,3.951,11.443,0.638,1.372,0,0,0,OFFBOARD
40,OUTBOUND,4.06,5.744,0.204,1.555,1.573,0.34,-0.769,5.744,0.154,1.573,5.906,3.816,0,4.327,10.0,3.904,11.788,0.653,1.369,0,0,0,OFFBOARD
41,OUTBOUND,4.16,5.945,0.27,1.536,1.573,0.34,-0.769,5.945,0.22,1.573,5.859,3.73,0,4.685,10.0,3.872,12.147,0.674,1.372,0,0,0,OFFBOARD
42,OUTBOUND,4.26,6.149,0.334,1.518,1.573,0.34,-0.769,6.149,0.284,1.573,5.815,3.662,0,4.711,10.0,3.84,12.493,0.702,1.38,0,0,0,OFFBOARD
43,OUTBOUND,4.36,6.35,0.395,1.502,1.573,0.34,-0.769,6.35,0.345,1.573,5.769,3.464,0,4.72,10.0,3.81,12.776,0.72,1.393,0,0,0,OFFBOARD
44,OUTBOUND,4.47,6.554,0.454,1.486,1.573,0.34,-0.769,6.554,0.404,1.573,5.672,3.265,0,4.522,10.0,3.78,12.985,0.722,1.409,0,0,0,OFFBOARD
45,OUTBOUND,4.57,6.758,0.51,1.473,1.573,0.34,-0.769,6.758,0.46,1.573,5.579,3.117,0,4.324,10.0,3.751,13.129,0.699,1.428,0,0,0,OFFBOARD
46,OUTBOUND,4.67,6.961,0.562,1.461,1.573,0.34,-0.769,6.961,0.512,1.573,5.531,3.055,0,4.242,10.0,3.725,13.232,0.65,1.449,0,0,0,OFFBOARD
47,OUTBOUND,4.77,7.163,0.61,1.453,1.573,0.34,-0.769,7.163,0.56,1.573,5.568,3.332,0,4.606,10.0,3.703,13.332,0.589,1.473,0,0,0,OFFBOARD
48,OUTBOUND,4.87,7.365,0.654,1.447,1.573,0.34,-0.769,7.365,0.604,1.573,5.524,3.284,0,4.63,10.0,3.688,13.432,0.553,1.499,0,0,0,OFFBOARD
49,OUTBOUND,4.97,7.568,0.692,1.444,1.573,0.34,-0.769,7.568,0.642,1.573,5.481,3.243,0,4.568,10.0,3.68,13.532,0.537,1.526,0,0,0,OFFBOARD
50,OUTBOUND,5.07,7.77,0.723,1.444,1.573,0.34,-0.769,7.77,0.673,1.573,5.455,3.198,0,4.448,10.0,3.678,13.632,0.533,1.552,0,0,0,OFFBOARD
51,OUTBOUND,5.18,7.972,0.746,1.446,1.573,0.34,-0.769,7.972,0.696,1.573,5.448,3.124,0,4.381,10.0,3.683,13.766,0.545,1.579,0,0,0,OFFBOARD
52,OUTBOUND,5.28,8.174,0.761,1.452,1.573,0.34,-0.769,8.174,0.711,1.573,5.438,2.925,0,4.181,10.0,3.695,13.969,0.557,1.605,0,0,0,OFFBOARD
53,OUTBOUND,5.38,8.378,0.768,1.46,1.573,0.34,-0.769,8.378,0.718,1.573,5.421,2.752,0,4.03,10.0,3.713,14.223,0.55,1.631,0,0,0,OFFBOARD
54,OUTBOUND,5.48,8.58,0.767,1.47,1.573,0.34,-0.769,8.58,0.717,1.573,5.523,2.742,0,3.994,10.0,3.735,14.499,0.508,1.655,0,0,0,OFFBOARD
55,OUTBOUND,5.58,8.782,0.76,1.482,1.573,0.34,-0.769,8.782,0.71,1.573,5.626,3.052,0,4.411,10.0,3.761,14.746,0.454,1.677,0,0,0,OFFBOARD
56,OUTBOUND,5.68,8.986,0.748,1.496,1.573,0.34,-0.769,8.986,0.698,1.573,5.673,3.033,0,4.432,10.0,3.792,14.985,0.422,1.697,0,0,0,OFFBOARD
57,OUTBOUND,5.78,9.19,0.732,1.512,1.573,0.34,-0.769,9.19,0.682,1.573,5.695,3.08,0,4.421,10.0,3.828,15.255,0.409,1.715,0,0,0,OFFBOARD
58,OUTBOUND,5.89,9.392,0.714,1.529,1.573,0.34,-0.769,9.392,0.664,1.573,5.496,2.983,0,4.239,10.0,3.866,15.568,0.413,1.731,0,0,0,OFFBOARD
59,OUTBOUND,5.99,9.596,0.693,1.546,1.573,0.34,-0.769,9.595,0.643,1.573,5.368,2.783,0,4.039,10.0,3.906,15.922,0.393,1.744,0,0,0,OFFBOARD
60,OUTBOUND,6.09,9.797,0.669,1.564,1.573,0.34,-0.769,9.797,0.619,1.573,5.536,2.786,0,3.897,10.0,3.948,16.306,0.346,1.754,0,0,0,OFFBOARD
61,OUTBOUND,6.19,9.997,0.644,1.582,1.573,0.34,-0.769,9.997,0.594,1.573,5.769,3.115,0,4.263,10.0,4.005,16.711,0.283,1.762,0,0,0,OFFBOARD
62,OUTBOUND,6.29,10.201,0.616,1.601,1.573,0.34,-0.769,10.201,0.566,1.573,5.81,3.148,0,4.254,10.0,4.047,17.127,0.246,1.767,0,0,0,OFFBOARD
63,OUTBOUND,6.4,10.413,0.585,1.619,1.573,0.34,-0.769,10.413,0.535,1.573,5.682,3.17,0,4.266,10.0,4.089,17.554,0.239,1.769,0,0,0,OFFBOARD
64,OUTBOUND,6.5,10.615,0.553,1.636,1.573,0.34,-0.769,10.615,0.503,1.573,5.484,2.972,0,4.227,6.82,4.129,17.989,0.21,1.768,0,0,0,OFFBOARD
65,OUTBOUND,6.6,10.817,0.52,1.652,1.573,0.34,-0.769,10.817,0.47,1.573,5.341,2.899,0,4.028,6.62,4.167,18.429,0.196,1.758,0,0,0,OFFBOARD
66,OUTBOUND,6.7,11.021,0.485,1.666,1.573,0.34,-0.769,11.021,0.435,1.573,5.85,3.296,0,3.847,6.418,4.202,18.873,0.188,1.743,0,0,0,OFFBOARD
67,OUTBOUND,6.8,11.223,0.449,1.679,1.573,0.34,-0.769,11.223,0.399,1.573,5.948,3.325,0,3.849,6.22,4.233,19.319,0.164,1.721,0,0,0,OFFBOARD
68,OUTBOUND,6.9,11.427,0.412,1.69,1.573,0.34,-0.769,11.427,0.362,1.573,5.94,3.348,0,4.228,6.02,4.255,19.766,0.139,1.695,0,0,0,OFFBOARD
69,OUTBOUND,7.0,11.629,0.375,1.698,1.573,0.34,-0.769,11.629,0.325,1.573,5.74,3.227,0,4.247,5.821,4.28,20.21,0.138,1.662,0,0,0,OFFBOARD
70,OUTBOUND,7.11,11.831,0.339,1.703,1.573,0.34,-0.769,11.831,0.289,1.573,5.54,3.097,0,4.247,5.621,4.293,20.656,0.143,1.63,0,0,0,OFFBOARD
71,OUTBOUND,7.21,12.035,0.303,1.705,1.573,0.34,-0.769,12.035,0.253,1.573,5.421,3.469,0,4.084,5.421,4.3,21.101,0.169,1.596,0,0,0,OFFBOARD
72,OUTBOUND,7.31,12.237,0.269,1.704,1.573,0.34,-0.769,12.237,0.22,1.573,5.221,3.526,0,3.89,5.221,4.299,21.548,0.195,1.56,0,0,0,OFFBOARD
73,OUTBOUND,7.41,12.439,0.238,1.699,1.573,0.34,-0.769,12.439,0.188,1.573,5.021,3.593,0,3.906,5.021,4.291,21.996,0.227,1.526,0,0,0,OFFBOARD
74,OUTBOUND,7.51,12.643,0.209,1.692,1.573,0.34,-0.769,12.643,0.159,1.573,4.819,3.481,0,4.279,4.819,4.275,22.444,0.262,1.493,0,0,0,OFFBOARD
75,OUTBOUND,7.61,12.847,0.184,1.681,1.573,0.34,-0.769,12.847,0.134,1.573,4.621,3.352,0,4.304,4.621,4.253,22.893,0.296,1.458,0,0,0,OFFBOARD
76,OUTBOUND,7.71,13.049,0.163,1.667,1.573,0.34,-0.769,13.049,0.113,1.573,4.421,3.631,0,4.189,4.421,4.224,23.291,0.345,1.423,0,0,0,OFFBOARD
77,OUTBOUND,7.82,13.251,0.147,1.651,1.573,0.34,-0.769,13.251,0.097,1.573,4.221,3.477,0,4.072,4.221,4.188,23.694,0.402,1.389,0,0,0,OFFBOARD
78,OUTBOUND,7.92,13.453,0.137,1.632,1.573,0.34,-0.769,13.453,0.087,1.573,4.021,3.229,0,3.94,4.021,4.021,24.112,0.464,1.36,0,0,0,OFFBOARD
79,OUTBOUND,8.02,13.655,0.133,1.611,1.573,0.34,-0.769,13.655,0.083,1.573,3.821,3.05,0,3.952,3.821,3.821,24.54,0.536,1.333,0,0,0,OFFBOARD
80,OUTBOUND,8.12,13.859,0.135,1.589,1.573,0.34,-0.769,13.859,0.085,1.573,3.689,3.059,0,4.411,3.689,3.689,24.973,0.613,1.317,0,0,0,OFFBOARD
81,OUTBOUND,8.22,14.061,0.145,1.565,1.573,0.34,-0.769,14.061,0.095,1.573,3.421,3.421,0,4.592,3.421,3.421,25.394,0.708,1.31,0,0,0,OFFBOARD
82,OUTBOUND,8.32,14.265,0.162,1.541,1.573,0.34,-0.769,14.265,0.112,1.573,3.219,3.219,0,4.394,3.219,3.219,25.818,0.816,1.312,0,0,0,OFFBOARD
83,OUTBOUND,8.42,14.465,0.186,1.517,1.573,0.34,-0.769,14.465,0.136,1.573,2.955,2.955,0,4.315,2.98,2.955,26.248,0.964,1.321,0,0,0,OFFBOARD
84,OUTBOUND,8.53,14.669,0.219,1.494,1.573,0.34,-0.769,14.669,0.169,1.573,2.762,2.755,0,4.717,3.07,2.755,26.684,1.111,1.335,0,0,0,OFFBOARD
85,OUTBOUND,8.63,14.875,0.26,1.473,1.573,0.34,-0.769,14.875,0.21,1.573,2.958,2.555,0,4.753,3.224,2.555,27.125,1.252,1.354,0,0,0,OFFBOARD
86,OUTBOUND,8.73,15.079,0.31,1.454,1.573,0.34,-0.769,15.079,0.261,1.573,3.197,2.355,0,4.778,10.0,2.621,27.568,1.379,1.374,0,0,0,OFFBOARD
87,OUTBOUND,8.83,15.281,0.37,1.438,1.573,0.34,-0.769,15.281,0.32,1.573,5.398,2.152,0,4.584,10.0,2.853,27.857,1.532,1.399,0,0,0,OFFBOARD
88,OUTBOUND,8.93,15.483,0.44,1.425,1.573,0.34,-0.769,15.483,0.39,1.573,5.345,1.954,1,4.386,10.0,3.566,28.049,1.711,1.427,0,0,0,OFFBOARD
89,OUTBOUND,9.03,15.685,0.52,1.415,1.573,0.34,-0.769,15.685,0.47,1.573,5.307,1.752,1,4.317,10.0,3.618,28.33,1.864,1.456,0,0,0,OFFBOARD
90,OUTBOUND,9.13,15.887,0.611,1.409,1.573,0.34,-0.769,15.887,0.561,1.573,5.211,1.57,1,4.604,10.0,3.603,28.67,1.966,1.486,0,0,0,OFFBOARD
91,OUTBOUND,9.24,16.091,0.714,1.407,1.573,0.34,-0.769,16.091,0.664,1.573,5.148,1.743,1,4.531,10.0,3.596,29.048,2.025,1.514,0,0,0,OFFBOARD
92,OUTBOUND,9.34,16.293,0.827,1.408,1.573,0.34,-0.769,16.293,0.777,1.573,5.144,1.935,1,4.406,10.0,3.597,29.452,2.008,1.542,0,0,0,OFFBOARD
93,OUTBOUND,9.44,16.497,0.95,1.412,1.573,0.34,-0.769,16.497,0.9,1.573,5.165,2.882,0,4.219,10.0,3.605,29.871,1.896,1.564,0,0,0,OFFBOARD
94,OUTBOUND,9.54,16.699,1.079,1.419,1.573,0.34,-0.769,16.699,1.029,1.573,5.177,2.686,0,4.051,6.992,3.616,30.297,1.81,1.589,0,0,0,OFFBOARD
95,OUTBOUND,9.64,16.901,1.212,1.429,1.573,0.34,-0.769,16.901,1.162,1.573,5.172,2.486,0,3.9,6.655,3.633,30.731,1.74,1.614,0,0,0,OFFBOARD
96,OUTBOUND,9.74,17.103,1.343,1.44,1.573,0.34,-0.769,17.103,1.294,1.573,5.09,2.287,0,3.765,6.455,3.664,31.17,1.675,1.638,0,0,0,OFFBOARD
97,OUTBOUND,9.84,17.307,1.471,1.454,1.573,0.34,-0.769,17.307,1.421,1.573,4.765,2.092,0,3.629,5.129,3.7,31.61,1.607,1.662,0,0,0,OFFBOARD
98,OUTBOUND,9.95,17.509,1.585,1.47,1.573,0.34,-0.769,17.509,1.535,1.573,4.448,1.906,1,3.448,4.797,3.712,32.048,1.531,1.685,0,0,0,OFFBOARD
99,OUTBOUND,10.05,17.713,1.686,1.487,1.573,0.34,-0.769,17.713,1.636,1.573,3.544,1.742,1,3.258,4.597,3.665,32.437,1.395,1.699,0,0,0,OFFBOARD
100,OUTBOUND,10.15,17.915,1.767,1.505,1.573,0.34,-0.769,17.915,1.718,1.573,3.288,1.601,1,3.087,4.399,3.558,32.833,1.212,1.704,0,0,0,OFFBOARD
101,OUTBOUND,10.25,18.117,1.829,1.523,1.573,0.34,-0.769,18.117,1.779,1.573,3.058,1.502,1,2.937,4.199,3.392,33.242,0.992,1.701,0,0,0,OFFBOARD
102,OUTBOUND,10.35,18.321,1.87,1.542,1.573,0.34,-0.769,18.321,1.82,1.573,2.879,1.425,1,2.743,3.97,3.243,33.634,0.743,1.693,0,0,0,OFFBOARD
103,OUTBOUND,10.45,18.525,1.889,1.56,1.573,0.34,-0.769,18.525,1.839,1.573,2.768,1.382,1,2.543,3.799,3.215,33.949,0.47,1.684,0,0,0,OFFBOARD
104,OUTBOUND,10.55,18.727,1.886,1.576,1.573,0.34,-0.769,18.727,1.836,1.573,3.494,1.186,1,2.343,3.599,3.254,34.173,0.195,1.672,0,0,0,OFFBOARD
105,OUTBOUND,10.66,18.929,1.859,1.591,1.573,0.34,-0.769,18.929,1.809,1.573,3.399,1.068,1,2.159,3.399,3.346,34.326,-0.095,1.663,0,0,0,OFFBOARD
106,OUTBOUND,10.76,19.133,1.807,1.603,1.573,0.34,-0.769,19.133,1.757,1.573,3.199,1.417,1,2.81,3.199,3.199,34.433,-0.369,1.653,0,0,0,OFFBOARD
107,OUTBOUND,10.86,19.331,1.731,1.614,1.573,0.34,-0.769,19.331,1.681,1.573,3.162,1.556,1,2.933,4.189,3.598,34.66,-0.631,1.635,0,0,0,OFFBOARD
108,OUTBOUND,10.96,19.543,1.623,1.623,1.573,0.34,-0.769,19.543,1.573,1.573,3.989,1.477,1,2.733,3.989,3.837,34.926,-0.877,1.611,0,0,0,OFFBOARD
109,OUTBOUND,11.06,19.747,1.496,1.629,1.573,0.34,-0.769,19.747,1.446,1.573,3.789,1.848,1,2.742,5.003,4.012,35.203,-1.103,1.592,0,0,0,OFFBOARD
110,OUTBOUND,11.16,19.949,1.353,1.632,1.573,0.34,-0.769,19.949,1.303,1.573,4.537,2.049,0,3.471,4.845,4.122,35.53,-1.305,1.569,0,0,0,OFFBOARD
111,OUTBOUND,11.27,20.151,1.195,1.633,1.573,0.34,-0.769,20.151,1.145,1.573,4.594,2.133,0,3.389,4.689,4.137,35.9,-1.445,1.552,0,0,0,OFFBOARD
112,OUTBOUND,11.37,20.353,1.028,1.632,1.573,0.34,-0.769,20.353,0.978,1.573,4.408,2.458,0,3.307,4.511,4.134,36.298,-1.533,1.534,0,0,0,OFFBOARD
113,OUTBOUND,11.47,20.555,0.855,1.628,1.573,0.34,-0.769,20.555,0.805,1.573,4.185,2.747,0,4.018,4.311,4.121,36.714,-1.582,1.511,0,0,0,OFFBOARD
114,OUTBOUND,11.57,20.757,0.678,1.623,1.573,0.34,-0.769,20.757,0.628,1.573,4.001,2.789,0,4.045,4.112,4.011,37.142,-1.609,1.484,0,0,0,OFFBOARD
115,OUTBOUND,11.67,20.957,0.5,1.615,1.573,0.34,-0.769,20.957,0.451,1.573,5.797,3.285,0,3.917,10.0,4.022,37.577,-1.619,1.458,0,0,0,OFFBOARD
116,OUTBOUND,11.77,21.159,0.319,1.606,1.573,0.34,-0.769,21.159,0.269,1.573,5.998,3.522,0,4.449,10.0,4.003,38.018,-1.657,1.441,0,0,0,OFFBOARD
117,OUTBOUND,11.87,21.361,0.136,1.594,1.573,0.34,-0.769,21.361,0.086,1.573,5.845,3.343,0,4.567,10.0,4.041,38.461,-1.675,1.432,0,0,0,OFFBOARD
118,OUTBOUND,11.97,21.563,-0.049,1.582,1.573,0.34,-0.769,21.563,-0.099,1.573,5.787,3.139,0,4.502,10.0,4.012,38.903,-1.665,1.417,0,0,0,OFFBOARD
119,OUTBOUND,12.07,21.767,-0.239,1.568,1.573,0.34,-0.769,21.767,-0.289,1.573,5.738,3.15,0,4.302,10.0,3.98,39.198,-1.662,1.399,0,0,0,OFFBOARD
120,OUTBOUND,12.18,21.969,-0.429,1.554,1.573,0.34,-0.769,21.969,-0.479,1.573,5.657,3.533,0,4.163,10.0,3.946,39.401,-1.654,1.384,0,0,0,OFFBOARD
121,OUTBOUND,12.28,22.173,-0.622,1.539,1.573,0.34,-0.769,22.173,-0.672,1.573,5.633,3.245,0,4.033,10.0,3.911,39.567,-1.639,1.379,0,0,0,OFFBOARD
122,OUTBOUND,12.38,22.375,-0.811,1.523,1.573,0.34,-0.769,22.375,-0.861,1.573,5.616,2.943,0,3.885,10.0,3.879,39.744,-1.608,1.382,0,0,0,OFFBOARD
123,OUTBOUND,12.48,22.579,-0.996,1.508,1.573,0.34,-0.769,22.579,-1.046,1.573,5.578,2.451,0,3.724,10.0,3.849,39.985,-1.535,1.391,0,0,0,OFFBOARD
124,OUTBOUND,12.58,22.781,-1.169,1.494,1.573,0.34,-0.769,22.781,-1.219,1.573,5.373,2.219,0,3.968,10.0,3.809,40.281,-1.446,1.405,0,0,0,OFFBOARD
125,OUTBOUND,12.68,22.985,-1.329,1.481,1.573,0.34,-0.769,22.985,-1.379,1.573,4.563,2.001,0,3.831,5.703,3.768,40.616,-1.346,1.423,0,0,0,OFFBOARD
126,OUTBOUND,12.79,23.187,-1.468,1.47,1.573,0.34,-0.769,23.187,-1.518,1.573,4.311,1.811,1,3.727,5.414,3.729,40.874,-1.204,1.439,0,0,0,OFFBOARD
127,OUTBOUND,12.89,23.391,-1.586,1.461,1.573,0.34,-0.769,23.391,-1.636,1.573,4.065,1.643,1,3.647,5.214,3.652,41.199,-1.069,1.457,0,0,0,OFFBOARD
128,OUTBOUND,12.99,23.595,-1.68,1.454,1.573,0.34,-0.769,23.595,-1.73,1.573,3.834,1.749,1,3.462,4.986,3.526,41.568,-0.952,1.477,0,0,0,OFFBOARD
129,OUTBOUND,13.09,23.797,-1.746,1.449,1.573,0.34,-0.769,23.797,-1.796,1.573,3.64,1.652,1,3.308,4.544,3.428,41.965,-0.837,1.498,0,0,0,OFFBOARD
130,OUTBOUND,13.19,23.997,-1.785,1.447,1.573,0.34,-0.769,23.997,-1.835,1.573,3.449,1.557,1,3.184,4.29,3.288,42.378,-0.727,1.522,0,0,0,OFFBOARD
131,OUTBOUND,13.29,24.205,-1.799,1.448,1.573,0.34,-0.769,24.205,-1.849,1.573,3.736,1.543,1,3.09,4.335,3.175,42.804,-0.615,1.546,0,0,0,OFFBOARD
132,OUTBOUND,13.4,24.411,-1.787,1.45,1.573,0.34,-0.769,24.411,-1.837,1.573,3.948,1.566,1,2.89,4.146,3.376,43.239,-0.498,1.572,0,0,0,OFFBOARD
133,OUTBOUND,13.5,24.613,-1.751,1.455,1.573,0.34,-0.769,24.613,-1.801,1.573,3.946,1.434,1,2.69,3.946,3.426,43.678,-0.384,1.597,0,0,0,OFFBOARD
134,OUTBOUND,13.6,24.817,-1.694,1.463,1.573,0.34,-0.769,24.817,-1.744,1.573,3.742,1.404,1,2.678,3.946,3.587,44.121,-0.264,1.621,0,0,0,OFFBOARD
135,OUTBOUND,13.7,25.019,-1.618,1.472,1.573,0.34,-0.769,25.019,-1.668,1.573,3.661,1.757,1,3.288,4.802,3.657,44.564,-0.166,1.644,0,0,0,OFFBOARD
136,OUTBOUND,13.8,25.221,-1.527,1.483,1.573,0.34,-0.769,25.221,-1.577,1.573,4.592,1.872,1,3.346,4.62,3.752,45.01,-0.071,1.666,0,0,0,OFFBOARD
137,OUTBOUND,13.9,25.425,-1.42,1.496,1.573,0.34,-0.769,25.425,-1.47,1.573,4.402,1.89,1,3.146,5.659,3.801,45.457,0.019,1.686,0,0,0,OFFBOARD
138,OUTBOUND,14.01,25.627,-1.302,1.511,1.573,0.34,-0.769,25.627,-1.352,1.573,4.264,1.906,1,3.174,5.546,3.837,45.905,0.138,1.698,0,0,0,OFFBOARD
139,OUTBOUND,14.11,25.831,-1.173,1.527,1.573,0.34,-0.769,25.831,-1.223,1.573,5.221,2.339,0,3.836,6.515,3.875,46.353,0.252,1.707,0,0,0,OFFBOARD
140,OUTBOUND,14.21,26.033,-1.038,1.543,1.573,0.34,-0.769,26.033,-1.088,1.573,5.059,2.546,0,3.802,10.0,3.91,46.648,0.37,1.706,0,0,0,OFFBOARD
141,OUTBOUND,14.31,26.235,-0.897,1.559,1.573,0.34,-0.769,26.235,-0.947,1.573,4.941,2.437,0,3.611,10.0,3.946,46.985,0.478,1.708,0,0,0,OFFBOARD
142,OUTBOUND,14.41,26.439,-0.751,1.575,1.573,0.34,-0.769,26.439,-0.8,1.573,5.694,2.984,0,4.195,10.0,3.982,47.356,0.567,1.709,0,0,0,OFFBOARD
143,OUTBOUND,14.51,26.641,-0.603,1.59,1.573,0.34,-0.769,26.641,-0.653,1.573,5.715,3.158,0,4.303,10.0,4.017,47.711,0.632,1.709,0,0,0,OFFBOARD
144,OUTBOUND,14.61,26.845,-0.452,1.605,1.573,0.34,-0.769,26.845,-0.502,1.573,5.542,3.003,0,4.259,10.0,4.051,48.078,0.683,1.706,0,0,0,OFFBOARD
145,OUTBOUND,14.72,27.047,-0.303,1.618,1.573,0.34,-0.769,27.047,-0.353,1.573,5.801,3.533,0,4.067,10.0,4.083,48.469,0.713,1.701,0,0,0,OFFBOARD
146,OUTBOUND,14.82,27.251,-0.154,1.63,1.573,0.34,-0.769,27.251,-0.204,1.573,6.024,3.699,0,4.085,6.971,4.113,48.803,0.713,1.69,0,0,0,OFFBOARD
147,OUTBOUND,14.92,27.453,-0.008,1.64,1.573,0.34,-0.769,27.453,-0.058,1.573,6.093,3.659,0,4.448,6.771,4.14,49.104,0.73,1.673,0,0,0,OFFBOARD
148,OUTBOUND,15.02,27.655,0.132,1.649,1.573,0.34,-0.769,27.655,0.082,1.573,5.971,3.459,0,4.453,6.571,4.167,49.454,0.752,1.651,0,0,0,OFFBOARD
149,OUTBOUND,15.12,27.859,0.267,1.655,1.573,0.34,-0.769,27.859,0.217,1.573,5.771,3.259,0,4.321,10.0,4.186,49.829,0.778,1.623,0,0,0,OFFBOARD
150,OUTBOUND,15.22,28.063,0.393,1.659,1.573,0.34,-0.769,28.063,0.343,1.573,5.571,3.076,0,4.169,10.0,4.197,50.219,0.768,1.601,0,0,0,OFFBOARD
151,OUTBOUND,15.33,28.265,0.507,1.661,1.573,0.34,-0.769,28.265,0.457,1.573,5.42,2.92,0,4.054,10.0,4.201,50.629,0.73,1.584,0,0,0,OFFBOARD
152,OUTBOUND,15.43,28.465,0.609,1.66,1.573,0.34,-0.769,28.465,0.559,1.573,5.248,2.74,0,3.849,10.0,4.197,51.052,0.659,1.571,0,0,0,OFFBOARD
153,OUTBOUND,15.53,28.675,0.703,1.657,1.573,0.34,-0.769,28.675,0.653,1.573,5.135,2.624,0,3.684,10.0,4.189,51.485,0.565,1.561,0,0,0,OFFBOARD
154,OUTBOUND,15.63,28.879,0.78,1.652,1.573,0.34,-0.769,28.879,0.73,1.573,5.615,2.881,0,3.654,10.0,4.177,51.924,0.471,1.554,0,0,0,OFFBOARD
155,OUTBOUND,15.73,29.083,0.843,1.646,1.573,0.34,-0.769,29.083,0.793,1.573,5.644,2.795,0,4.083,10.0,4.161,52.367,0.36,1.549,0,0,0,OFFBOARD
156,OUTBOUND,15.83,29.285,0.89,1.639,1.573,0.34,-0.769,29.285,0.84,1.573,5.561,2.727,0,4.071,10.0,4.142,52.812,0.252,1.546,0,0,0,OFFBOARD
157,OUTBOUND,15.93,29.487,0.922,1.631,1.573,0.34,-0.769,29.487,0.872,1.573,5.361,2.651,0,4.072,10.0,4.123,53.259,0.152,1.544,0,0,0,OFFBOARD
158,OUTBOUND,16.04,29.689,0.937,1.623,1.573,0.34,-0.769,29.689,0.887,1.573,5.161,2.649,0,3.905,10.0,4.102,53.707,0.063,1.543,0,0,0,OFFBOARD
159,OUTBOUND,16.14,29.891,0.935,1.615,1.573,0.34,-0.769,29.891,0.885,1.573,4.961,2.449,0,3.705,10.0,4.083,54.155,-0.027,1.544,0,0,0,OFFBOARD
160,OUTBOUND,16.24,30.095,0.915,1.607,1.573,0.34,-0.769,30.095,0.865,1.573,4.938,2.378,0,3.641,10.0,4.065,54.605,-0.117,1.546,0,0,0,OFFBOARD
161,OUTBOUND,16.34,30.297,0.878,1.6,1.573,0.34,-0.769,30.297,0.828,1.573,5.65,2.728,0,4.111,10.0,4.05,55.054,-0.185,1.55,0,0,0,OFFBOARD
162,OUTBOUND,16.44,30.501,0.825,1.593,1.573,0.34,-0.769,30.501,0.775,1.573,5.618,2.797,0,4.19,10.0,4.037,55.504,-0.222,1.55,0,0,0,OFFBOARD
163,OUTBOUND,16.54,30.703,0.758,1.587,1.573,0.34,-0.769,30.703,0.708,1.573,5.418,2.886,0,4.161,10.0,4.026,55.953,-0.223,1.544,0,0,0,OFFBOARD
164,OUTBOUND,16.64,30.907,0.679,1.582,1.573,0.34,-0.769,30.907,0.629,1.573,5.318,2.708,0,3.957,10.0,4.016,56.403,-0.205,1.54,0,0,0,OFFBOARD
165,OUTBOUND,16.75,31.109,0.591,1.576,1.573,0.34,-0.769,31.109,0.541,1.573,5.849,3.105,0,3.948,10.0,4.004,56.853,-0.154,1.539,0,0,0,OFFBOARD
166,OUTBOUND,16.85,31.311,0.496,1.572,1.573,0.34,-0.769,31.311,0.446,1.573,5.88,2.905,0,4.476,10.0,3.987,57.303,-0.105,1.541,0,0,0,OFFBOARD
167,OUTBOUND,16.95,31.513,0.399,1.567,1.573,0.34,-0.769,31.513,0.349,1.573,5.848,2.705,0,4.537,10.0,3.971,57.743,-0.025,1.534,0,0,0,OFFBOARD
168,OUTBOUND,17.05,31.717,0.301,1.564,1.573,0.34,-0.769,31.717,0.251,1.573,5.674,2.516,0,4.418,10.0,3.966,58.187,0.075,1.528,0,0,0,OFFBOARD
169,OUTBOUND,17.15,31.919,0.209,1.56,1.573,0.34,-0.769,31.919,0.159,1.573,5.658,2.344,0,4.218,10.0,3.964,58.63,0.204,1.518,0,0,0,OFFBOARD
170,OUTBOUND,17.25,32.121,0.125,1.556,1.573,0.34,-0.769,32.121,0.075,1.573,5.756,2.186,0,4.235,10.0,3.955,59.071,0.354,1.504,0,0,0,OFFBOARD
171,OUTBOUND,17.35,32.323,0.052,1.552,1.573,0.34,-0.769,32.323,0.002,1.573,5.734,2.048,0,4.625,10.0,3.941,59.479,0.503,1.489,0,0,0,OFFBOARD
172,OUTBOUND,17.46,32.527,-0.007,1.548,1.573,0.34,-0.769,32.527,-0.057,1.573,5.672,1.934,1,4.637,10.0,3.925,59.883,0.656,1.472,0,0,0,OFFBOARD
173,OUTBOUND,17.56,32.731,-0.049,1.542,1.573,0.34,-0.769,32.731,-0.099,1.573,5.619,1.848,1,4.518,10.0,3.909,60.298,0.78,1.465,0,0,0,OFFBOARD
174,OUTBOUND,17.66,32.933,-0.072,1.537,1.573,0.34,-0.769,32.933,-0.122,1.573,5.577,1.795,1,4.408,10.0,3.892,60.722,0.882,1.464,0,0,0,OFFBOARD
175,OUTBOUND,17.76,33.135,-0.075,1.53,1.573,0.34,-0.769,33.135,-0.125,1.573,5.537,1.777,1,4.208,10.0,3.871,61.152,0.968,1.469,0,0,0,OFFBOARD
176,OUTBOUND,17.86,33.339,-0.058,1.524,1.573,0.34,-0.769,33.339,-0.107,1.573,5.524,1.804,1,4.172,10.0,3.857,61.582,1.035,1.478,0,0,0,OFFBOARD
177,OUTBOUND,17.97,33.547,-0.018,1.518,1.573,0.34,-0.769,33.547,-0.068,1.573,5.526,1.868,1,4.666,10.0,3.846,62.013,1.046,1.49,0,0,0,OFFBOARD
178,OUTBOUND,18.07,33.749,0.038,1.513,1.573,0.34,-0.769,33.749,-0.012,1.573,5.546,3.608,0,4.731,10.0,3.84,62.451,0.991,1.5,0,0,0,OFFBOARD
179,OUTBOUND,18.17,33.953,0.112,1.509,1.573,0.34,-0.769,33.953,0.062,1.573,5.59,4.042,0,4.664,10.0,3.836,62.885,0.958,1.511,0,0,0,OFFBOARD
180,OUTBOUND,18.27,34.155,0.196,1.505,1.573,0.34,-0.769,34.155,0.146,1.573,5.662,3.897,0,4.464,10.0,3.833,63.28,0.945,1.523,0,0,0,OFFBOARD
181,OUTBOUND,18.37,34.357,0.289,1.504,1.573,0.34,-0.769,34.357,0.239,1.573,5.62,3.743,0,4.329,10.0,3.822,63.685,0.942,1.533,0,0,0,OFFBOARD
182,OUTBOUND,18.47,34.559,0.385,1.503,1.573,0.34,-0.769,34.559,0.335,1.573,5.74,3.587,0,4.3,10.0,3.815,64.081,0.935,1.54,0,0,0,OFFBOARD
183,OUTBOUND,18.57,34.763,0.48,1.504,1.573,0.34,-0.769,34.763,0.43,1.573,5.759,3.435,0,4.618,10.0,3.82,64.485,0.926,1.546,0,0,0,OFFBOARD
184,OUTBOUND,18.67,34.965,0.57,1.505,1.573,0.34,-0.769,34.965,0.521,1.573,5.703,3.296,0,4.569,10.0,3.828,64.905,0.927,1.545,0,0,0,OFFBOARD
185,OUTBOUND,18.78,35.169,0.655,1.507,1.573,0.34,-0.769,35.169,0.605,1.573,5.677,3.186,0,4.519,10.0,3.835,65.335,0.936,1.539,0,0,0,OFFBOARD
186,OUTBOUND,18.88,35.371,0.73,1.51,1.573,0.34,-0.769,35.371,0.68,1.573,5.67,3.093,0,4.478,6.839,3.841,65.773,0.948,1.529,0,0,0,OFFBOARD
187,OUTBOUND,18.98,35.575,0.797,1.513,1.573,0.34,-0.769,35.575,0.747,1.573,5.477,3.016,0,4.32,6.639,3.847,66.213,0.961,1.524,0,0,0,OFFBOARD
188,OUTBOUND,19.08,35.777,0.854,1.515,1.573,0.34,-0.769,35.777,0.805,1.573,5.277,2.864,0,4.12,6.439,3.853,66.657,0.978,1.524,0,0,0,OFFBOARD
189,OUTBOUND,19.18,35.979,0.904,1.517,1.573,0.34,-0.769,35.979,0.854,1.573,5.136,2.664,0,3.92,6.239,3.857,67.101,0.988,1.53,0,0,0,OFFBOARD
190,OUTBOUND,19.28,36.183,0.947,1.518,1.573,0.34,-0.769,36.183,0.897,1.573,5.036,2.462,0,3.718,6.037,3.86,67.547,0.988,1.538,0,0,0,OFFBOARD
191,OUTBOUND,19.38,36.385,0.984,1.52,1.573,0.34,-0.769,36.385,0.934,1.573,5.475,2.405,0,3.638,5.839,3.862,67.993,0.987,1.549,0,0,0,OFFBOARD
192,OUTBOUND,19.49,36.587,1.015,1.522,1.573,0.34,-0.769,36.587,0.965,1.573,5.477,2.644,0,4.075,5.639,3.865,68.436,0.995,1.562,0,0,0,OFFBOARD
193,OUTBOUND,19.59,36.791,1.041,1.524,1.573,0.34,-0.769,36.791,0.991,1.573,5.439,2.597,0,4.032,5.439,3.869,68.862,0.998,1.575,0,0,0,OFFBOARD
194,OUTBOUND,19.69,36.995,1.063,1.527,1.573,0.34,-0.769,36.995,1.013,1.573,5.239,2.556,0,4.01,5.239,3.875,69.277,0.996,1.589,0,0,0,OFFBOARD
195,OUTBOUND,19.79,37.197,1.08,1.531,1.573,0.34,-0.769,37.197,1.03,1.573,5.039,2.521,0,3.877,5.039,3.883,69.694,0.985,1.603,0,0,0,OFFBOARD
196,OUTBOUND,19.89,37.401,1.094,1.535,1.573,0.34,-0.769,37.401,1.044,1.573,4.839,2.492,0,3.677,4.9,3.892,70.117,0.982,1.617,0,0,0,OFFBOARD
197,OUTBOUND,19.99,37.605,1.103,1.541,1.573,0.34,-0.769,37.605,1.053,1.573,4.571,2.252,0,3.409,4.892,3.909,70.547,0.963,1.63,0,0,0,OFFBOARD
198,OUTBOUND,20.1,37.805,1.108,1.547,1.573,0.34,-0.769,37.805,1.058,1.573,4.371,2.187,0,3.37,4.924,3.923,70.984,0.935,1.643,0,0,0,OFFBOARD
199,OUTBOUND,20.2,38.013,1.11,1.554,1.573,0.34,-0.769,38.013,1.06,1.573,4.167,2.532,0,3.837,4.963,3.94,71.424,0.92,1.654,0,0,0,OFFBOARD
200,OUTBOUND,20.3,38.215,1.108,1.562,1.573,0.34,-0.769,38.215,1.058,1.573,3.971,2.534,0,3.89,5.02,3.957,71.867,0.901,1.665,0,0,0,OFFBOARD
201,OUTBOUND,20.4,38.417,1.102,1.57,1.573,0.34,-0.769,38.417,1.052,1.573,3.771,2.544,0,3.865,5.09,3.771,72.311,0.876,1.674,0,0,0,OFFBOARD
202,OUTBOUND,20.5,38.619,1.094,1.579,1.573,0.34,-0.769,38.619,1.044,1.573,3.571,2.409,0,3.665,5.06,3.571,72.756,0.85,1.682,0,0,0,OFFBOARD
203,OUTBOUND,20.6,38.821,1.082,1.588,1.573,0.34,-0.769,38.821,1.032,1.573,3.371,2.209,0,3.465,5.977,3.371,73.202,0.808,1.688,0,0,0,OFFBOARD
204,OUTBOUND,20.7,39.023,1.068,1.598,1.573,0.34,-0.769,39.023,1.018,1.573,3.171,2.201,0,3.318,5.777,3.171,73.65,0.729,1.693,0,0,0,OFFBOARD
205,OUTBOUND,20.81,39.225,1.051,1.607,1.573,0.34,-0.769,39.225,1.001,1.573,3.195,2.534,0,3.738,6.781,2.971,74.099,0.639,1.697,0,0,0,OFFBOARD
206,OUTBOUND,20.91,39.429,1.031,1.616,1.573,0.34,-0.769,39.429,0.981,1.573,3.292,2.532,0,3.876,6.634,2.771,74.548,0.519,1.699,0,0,0,OFFBOARD
207,OUTBOUND,21.01,39.629,1.008,1.625,1.573,0.34,-0.769,39.629,0.958,1.573,3.389,2.571,0,3.917,6.486,2.758,74.997,0.381,1.7,0,0,0,OFFBOARD
208,OUTBOUND,21.11,39.833,0.981,1.634,1.573,0.34,-0.769,39.833,0.931,1.573,3.494,2.371,0,3.721,10.0,2.839,75.447,0.223,1.699,0,0,0,OFFBOARD
209,OUTBOUND,21.21,40.035,0.949,1.641,1.573,0.34,-0.769,40.035,0.899,1.573,3.608,2.171,0,3.521,10.0,2.925,75.897,0.039,1.697,0,0,0,OFFBOARD
210,OUTBOUND,21.31,40.237,0.911,1.649,1.573,0.34,-0.769,40.237,0.861,1.573,4.577,2.242,0,3.466,10.0,3.026,76.346,-0.147,1.694,0,0,0,OFFBOARD
211,OUTBOUND,21.41,40.439,0.864,1.655,1.573,0.34,-0.769,40.439,0.814,1.573,5.47,2.343,0,3.965,10.0,3.15,76.796,-0.322,1.69,0,0,0,OFFBOARD
212,OUTBOUND,21.51,40.643,0.807,1.661,1.573,0.34,-0.769,40.643,0.757,1.573,5.434,2.445,0,4.044,6.934,4.126,77.246,-0.478,1.686,0,0,0,OFFBOARD
213,OUTBOUND,21.62,40.845,0.739,1.666,1.573,0.34,-0.769,40.845,0.689,1.573,5.234,2.532,0,3.977,6.712,4.208,77.696,-0.575,1.679,0,0,0,OFFBOARD
214,OUTBOUND,21.72,41.047,0.657,1.67,1.573,0.34,-0.769,41.047,0.607,1.573,5.12,2.572,0,3.777,6.507,4.217,78.146,-0.644,1.67,0,0,0,OFFBOARD
215,OUTBOUND,21.82,41.249,0.562,1.673,1.573,0.34,-0.769,41.249,0.512,1.573,5.888,3.072,0,3.799,10.0,4.225,78.596,-0.651,1.659,0,0,0,OFFBOARD
216,OUTBOUND,21.92,41.453,0.453,1.675,1.573,0.34,-0.769,41.453,0.403,1.573,5.888,3.248,0,4.281,10.0,4.234,79.046,-0.659,1.65,0,0,0,OFFBOARD
217,OUTBOUND,22.02,41.655,0.334,1.676,1.573,0.34,-0.769,41.655,0.284,1.573,5.69,3.177,0,4.347,10.0,4.239,79.496,-0.646,1.632,0,0,0,OFFBOARD
218,OUTBOUND,22.12,41.859,0.206,1.675,1.573,0.34,-0.769,41.859,0.156,1.573,5.619,3.211,0,4.234,10.0,4.234,79.946,-0.616,1.613,0,0,0,OFFBOARD
219,OUTBOUND,22.22,42.061,0.077,1.673,1.573,0.34,-0.769,42.061,0.027,1.573,6.003,3.745,0,4.034,10.0,4.226,80.395,-0.571,1.594,0,0,0,OFFBOARD
220,OUTBOUND,22.33,42.265,-0.053,1.67,1.573,0.34,-0.769,42.265,-0.103,1.573,6.109,3.834,0,4.009,10.0,4.222,80.842,-0.519,1.575,0,0,0,OFFBOARD
221,OUTBOUND,22.43,42.465,-0.176,1.665,1.573,0.34,-0.769,42.465,-0.226,1.573,6.146,3.634,0,4.403,10.0,4.219,81.21,-0.458,1.561,0,0,0,OFFBOARD
222,OUTBOUND,22.53,42.667,-0.29,1.659,1.573,0.34,-0.769,42.667,-0.34,1.573,5.946,3.434,0,4.409,10.0,4.203,81.48,-0.376,1.55,0,0,0,OFFBOARD
223,OUTBOUND,22.63,42.869,-0.392,1.651,1.573,0.34,-0.769,42.869,-0.442,1.573,5.746,3.234,0,4.289,10.0,4.18,81.665,-0.283,1.542,0,0,0,OFFBOARD
224,OUTBOUND,22.73,43.075,-0.481,1.643,1.573,0.34,-0.769,43.075,-0.531,1.573,5.502,2.968,0,4.127,10.0,4.15,81.795,-0.176,1.538,0,0,0,OFFBOARD
225,OUTBOUND,22.83,43.277,-0.551,1.634,1.573,0.34,-0.769,43.277,-0.601,1.573,5.45,2.832,0,4.024,10.0,4.126,81.908,-0.06,1.535,0,0,0,OFFBOARD
226,OUTBOUND,22.93,43.481,-0.604,1.625,1.573,0.34,-0.769,43.481,-0.654,1.573,5.897,2.773,0,3.837,10.0,4.102,82.016,0.056,1.535,0,0,0,OFFBOARD
227,OUTBOUND,23.04,43.685,-0.638,1.615,1.573,0.34,-0.769,43.685,-0.688,1.573,5.862,3.072,0,3.844,10.0,4.08,82.116,0.164,1.536,0,0,0,OFFBOARD
228,OUTBOUND,23.14,43.887,-0.654,1.607,1.573,0.34,-0.769,43.887,-0.704,1.573,5.834,3.043,0,4.332,10.0,4.06,82.216,0.274,1.539,0,0,0,OFFBOARD
229,OUTBOUND,23.24,44.089,-0.651,1.598,1.573,0.34,-0.769,44.089,-0.701,1.573,5.736,3.032,0,4.392,10.0,4.041,82.316,0.382,1.542,0,0,0,OFFBOARD
230,OUTBOUND,23.34,44.291,-0.63,1.591,1.573,0.34,-0.769,44.291,-0.68,1.573,5.536,3.024,0,4.28,10.0,4.024,82.416,0.48,1.548,0,0,0,OFFBOARD
231,OUTBOUND,23.44,44.495,-0.591,1.584,1.573,0.34,-0.769,44.495,-0.641,1.573,5.522,2.824,0,4.08,10.0,4.01,82.535,0.587,1.554,0,0,0,OFFBOARD
232,OUTBOUND,23.54,44.699,-0.535,1.578,1.573,0.34,-0.769,44.699,-0.585,1.573,5.789,3.176,0,4.054,10.0,3.999,82.68,0.677,1.561,0,0,0,OFFBOARD
233,OUTBOUND,23.64,44.901,-0.465,1.573,1.573,0.34,-0.769,44.901,-0.515,1.573,5.8,3.312,0,4.515,10.0,3.99,82.785,0.762,1.569,0,0,0,OFFBOARD
234,OUTBOUND,23.75,45.105,-0.381,1.57,1.573,0.34,-0.769,45.105,-0.431,1.573,5.819,3.434,0,4.569,10.0,3.985,82.885,0.842,1.576,0,0,0,OFFBOARD
235,OUTBOUND,23.85,45.307,-0.286,1.567,1.573,0.34,-0.769,45.307,-0.336,1.573,5.829,3.278,0,4.534,10.0,3.98,82.988,0.927,1.584,0,0,0,OFFBOARD
236,OUTBOUND,23.95,45.509,-0.181,1.566,1.573,0.34,-0.769,45.509,-0.231,1.573,5.87,3.67,0,4.336,6.855,3.977,83.142,1.001,1.593,0,0,0,OFFBOARD
237,OUTBOUND,24.05,45.711,-0.069,1.566,1.573,0.34,-0.769,45.711,-0.119,1.573,5.924,3.868,0,4.251,6.901,3.973,83.4,1.076,1.591,0,0,0,OFFBOARD
238,OUTBOUND,24.15,45.913,0.048,1.566,1.573,0.34,-0.769,45.913,-0.001,1.573,5.957,3.936,0,4.588,10.0,3.97,83.724,1.147,1.585,0,0,0,OFFBOARD
239,OUTBOUND,24.25,46.117,0.171,1.567,1.573,0.34,-0.769,46.117,0.121,1.573,5.956,3.736,0,4.615,10.0,3.97,84.088,1.216,1.583,0,0,0,OFFBOARD
240,OUTBOUND,24.35,46.319,0.294,1.568,1.573,0.34,-0.769,46.319,0.244,1.573,5.883,3.534,0,4.585,10.0,3.972,84.481,1.274,1.585,0,0,0,OFFBOARD
241,OUTBOUND,24.46,46.517,0.415,1.57,1.573,0.34,-0.769,46.517,0.365,1.573,5.849,3.336,0,4.552,10.0,3.975,84.893,1.324,1.588,0,0,0,OFFBOARD
242,OUTBOUND,24.56,46.721,0.539,1.571,1.573,0.34,-0.769,46.721,0.489,1.573,5.649,3.136,0,4.393,10.0,3.978,85.319,1.364,1.592,0,0,0,OFFBOARD
243,OUTBOUND,24.66,46.923,0.659,1.573,1.573,0.34,-0.769,46.923,0.609,1.573,5.447,2.934,0,4.191,10.0,3.983,85.754,1.384,1.597,0,0,0,OFFBOARD
244,OUTBOUND,24.76,47.127,0.777,1.574,1.573,0.34,-0.769,47.127,0.727,1.573,5.249,2.736,0,3.993,10.0,3.989,86.193,1.368,1.602,0,0,0,OFFBOARD
245,OUTBOUND,24.86,47.329,0.89,1.576,1.573,0.34,-0.769,47.329,0.84,1.573,5.049,2.536,0,3.793,10.0,3.995,86.637,1.32,1.606,0,0,0,OFFBOARD
246,OUTBOUND,24.96,47.535,0.999,1.579,1.573,0.34,-0.769,47.535,0.949,1.573,4.847,2.372,0,3.591,10.0,4.003,87.082,1.241,1.61,0,0,0,OFFBOARD
247,OUTBOUND,25.07,47.737,1.098,1.581,1.573,0.34,-0.769,47.737,1.048,1.573,4.583,2.183,0,3.383,10.0,4.012,87.53,1.135,1.613,0,0,0,OFFBOARD
248,OUTBOUND,25.17,47.939,1.189,1.584,1.573,0.34,-0.769,47.939,1.139,1.573,4.407,2.054,0,3.27,6.789,4.017,87.978,1.009,1.616,0,0,0,OFFBOARD
249,OUTBOUND,25.27,48.143,1.269,1.586,1.573,0.34,-0.769,48.143,1.219,1.573,4.252,2.262,0,3.589,5.656,4.019,88.427,0.915,1.619,0,0,0,OFFBOARD
250,OUTBOUND,25.37,48.347,1.335,1.589,1.573,0.34,-0.769,48.347,1.285,1.573,4.126,2.221,0,3.584,5.352,4.021,88.874,0.841,1.622,0,0,0,OFFBOARD
251,OUTBOUND,25.47,48.549,1.385,1.592,1.573,0.34,-0.769,48.549,1.335,1.573,4.648,2.134,0,3.58,5.113,4.021,89.319,0.77,1.626,0,0,0,OFFBOARD
252,OUTBOUND,25.57,48.751,1.417,1.595,1.573,0.34,-0.769,48.751,1.368,1.573,4.716,2.101,0,3.539,4.96,4.019,89.761,0.702,1.63,0,0,0,OFFBOARD
253,OUTBOUND,25.67,48.953,1.431,1.598,1.573,0.34,-0.769,48.953,1.381,1.573,4.639,2.072,0,3.383,5.524,4.01,90.198,0.633,1.634,0,0,0,OFFBOARD
254,OUTBOUND,25.77,49.155,1.427,1.602,1.573,0.34,-0.769,49.155,1.377,1.573,4.437,1.925,1,3.181,5.693,4.022,90.639,0.557,1.637,0,0,0,OFFBOARD
255,OUTBOUND,25.88,49.359,1.404,1.605,1.573,0.34,-0.769,49.359,1.354,1.573,4.239,1.727,1,2.983,5.495,4.053,91.077,0.438,1.628,0,0,0,OFFBOARD
256,OUTBOUND,25.98,49.561,1.366,1.608,1.573,0.34,-0.769,49.561,1.316,1.573,4.039,1.759,1,2.953,5.295,4.068,91.517,0.288,1.611,0,0,0,OFFBOARD
257,OUTBOUND,26.08,49.765,1.314,1.611,1.573,0.34,-0.769,49.765,1.264,1.573,4.021,2.129,0,3.527,5.331,4.078,91.959,0.144,1.588,0,0,0,OFFBOARD
258,OUTBOUND,26.18,49.967,1.25,1.612,1.573,0.34,-0.769,49.967,1.2,1.573,4.895,2.242,0,3.625,6.152,4.084,92.4,0.016,1.572,0,0,0,OFFBOARD
259,OUTBOUND,26.28,50.171,1.175,1.612,1.573,0.34,-0.769,50.171,1.125,1.573,4.695,2.183,0,3.439,5.952,4.087,92.843,-0.076,1.558,0,0,0,OFFBOARD
260,OUTBOUND,26.38,50.373,1.09,1.611,1.573,0.34,-0.769,50.373,1.041,1.573,4.493,2.125,0,3.303,10.0,4.085,93.285,-0.165,1.549,0,0,0,OFFBOARD
261,OUTBOUND,26.48,50.575,0.996,1.608,1.573,0.34,-0.769,50.575,0.946,1.573,5.286,2.56,0,3.903,6.808,4.08,93.73,-0.246,1.542,0,0,0,OFFBOARD
262,OUTBOUND,26.59,50.779,0.891,1.605,1.573,0.34,-0.769,50.779,0.842,1.573,5.352,2.726,0,4.095,10.0,4.072,94.176,-0.3,1.539,0,0,0,OFFBOARD
263,OUTBOUND,26.69,50.981,0.779,1.6,1.573,0.34,-0.769,50.981,0.73,1.573,5.152,2.639,0,3.895,10.0,4.062,94.623,-0.355,1.535,0,0,0,OFFBOARD
264,OUTBOUND,26.79,51.183,0.661,1.595,1.573,0.34,-0.769,51.183,0.611,1.573,5.743,3.025,0,3.818,10.0,4.047,95.071,-0.383,1.534,0,0,0,OFFBOARD
265,OUTBOUND,26.89,51.387,0.535,1.59,1.573,0.34,-0.769,51.387,0.485,1.573,5.849,3.243,0,4.387,10.0,4.031,95.52,-0.431,1.535,0,0,0,OFFBOARD
266,OUTBOUND,26.99,51.589,0.409,1.584,1.573,0.34,-0.769,51.589,0.359,1.573,5.808,3.295,0,4.484,10.0,4.016,95.969,-0.45,1.533,0,0,0,OFFBOARD
267,OUTBOUND,27.09,51.791,0.282,1.579,1.573,0.34,-0.769,51.791,0.232,1.573,5.661,3.263,0,4.352,10.0,4.004,96.419,-0.457,1.533,0,0,0,OFFBOARD
268,OUTBOUND,27.19,51.993,0.158,1.574,1.573,0.34,-0.769,51.993,0.108,1.573,5.786,3.784,0,4.192,10.0,3.994,96.868,-0.441,1.537,0,0,0,OFFBOARD
269,OUTBOUND,27.3,52.197,0.038,1.569,1.573,0.34,-0.769,52.197,-0.012,1.573,5.903,3.952,0,4.479,10.0,3.986,97.318,-0.401,1.542,0,0,0,OFFBOARD
270,OUTBOUND,27.4,52.401,-0.076,1.565,1.573,0.34,-0.769,52.401,-0.126,1.573,5.884,3.752,0,4.628,10.0,3.978,97.756,-0.348,1.549,0,0,0,OFFBOARD
271,OUTBOUND,27.5,52.605,-0.18,1.561,1.573,0.34,-0.769,52.605,-0.23,1.573,5.818,3.484,0,4.558,10.0,3.965,98.183,-0.272,1.557,0,0,0,OFFBOARD
272,OUTBOUND,27.6,52.807,-0.273,1.558,1.573,0.34,-0.769,52.807,-0.322,1.573,5.775,3.289,0,4.423,10.0,3.956,98.616,-0.183,1.566,0,0,0,OFFBOARD
273,OUTBOUND,27.7,53.011,-0.354,1.557,1.573,0.34,-0.769,53.011,-0.404,1.573,5.742,3.184,0,4.34,10.0,3.949,99.047,-0.091,1.575,0,0,0,OFFBOARD
274,OUTBOUND,27.8,53.215,-0.421,1.556,1.573,0.34,-0.769,53.215,-0.471,1.573,5.714,3.095,0,4.14,10.0,3.943,99.473,0.01,1.585,0,0,0,OFFBOARD
275,OUTBOUND,27.91,53.417,-0.472,1.556,1.573,0.34,-0.769,53.417,-0.522,1.573,5.695,3.352,0,4.034,10.0,3.941,99.844,0.106,1.595,0,0,0,OFFBOARD
276,OUTBOUND,28.01,53.619,-0.508,1.557,1.573,0.34,-0.769,53.619,-0.557,1.573,5.685,3.301,0,4.383,10.0,3.941,100.0,0.199,1.605,0,0,0,OFFBOARD
277,OUTBOUND,28.11,53.823,-0.526,1.559,1.573,0.34,-0.769,53.823,-0.576,1.573,5.684,3.256,0,4.523,10.0,3.944,100.0,0.298,1.615,0,0,0,OFFBOARD
278,OUTBOUND,28.21,54.025,-0.527,1.561,1.573,0.34,-0.769,54.025,-0.577,1.573,5.694,3.265,0,4.551,10.0,3.951,100.0,0.394,1.625,0,0,0,OFFBOARD
279,OUTBOUND,28.31,54.229,-0.511,1.565,1.573,0.34,-0.769,54.229,-0.561,1.573,5.693,3.14,0,4.396,10.0,3.96,100.0,0.495,1.634,0,0,0,OFFBOARD
280,OUTBOUND,28.41,54.431,-0.479,1.57,1.573,0.34,-0.769,54.431,-0.528,1.573,5.746,2.986,0,4.196,10.0,3.973,100.0,0.602,1.643,0,0,0,OFFBOARD
281,OUTBOUND,28.51,54.633,-0.431,1.575,1.573,0.34,-0.769,54.633,-0.481,1.573,5.784,3.338,0,4.144,10.0,3.988,100.0,0.699,1.651,0,0,0,OFFBOARD
282,OUTBOUND,28.61,54.837,-0.368,1.581,1.573,0.34,-0.769,54.837,-0.418,1.573,5.83,3.433,0,4.522,10.0,4.004,100.0,0.795,1.659,0,0,0,OFFBOARD
283,OUTBOUND,28.72,55.039,-0.294,1.587,1.573,0.34,-0.769,55.039,-0.344,1.573,5.88,3.529,0,4.568,10.0,4.021,100.0,0.885,1.665,0,0,0,OFFBOARD
284,OUTBOUND,28.82,55.241,-0.208,1.594,1.573,0.34,-0.769,55.241,-0.258,1.573,5.867,3.396,0,4.588,10.0,4.038,100.0,0.979,1.671,0,0,0,OFFBOARD
285,OUTBOUND,28.92,55.445,-0.112,1.601,1.573,0.34,-0.769,55.445,-0.162,1.573,5.892,3.419,0,4.452,10.0,4.055,100.0,1.071,1.676,0,0,0,OFFBOARD
286,OUTBOUND,29.02,55.649,-0.007,1.608,1.573,0.34,-0.769,55.649,-0.057,1.573,5.971,3.871,0,4.252,10.0,4.071,100.0,1.154,1.679,0,0,0,OFFBOARD
287,OUTBOUND,29.12,55.851,0.103,1.615,1.573,0.34,-0.769,55.851,0.053,1.573,5.774,3.965,0,4.134,10.0,4.084,100.0,1.223,1.681,0,0,0,OFFBOARD
288,OUTBOUND,29.22,56.053,0.217,1.622,1.573,0.34,-0.769,56.053,0.167,1.573,5.589,3.795,0,4.446,10.0,4.098,100.0,1.29,1.682,0,0,0,OFFBOARD
289,OUTBOUND,29.32,56.255,0.336,1.628,1.573,0.34,-0.769,56.255,0.286,1.573,5.377,3.617,0,4.422,6.817,4.112,100.0,1.349,1.68,0,0,0,OFFBOARD
290,OUTBOUND,29.43,56.459,0.458,1.635,1.573,0.34,-0.769,56.459,0.408,1.573,5.177,3.441,0,4.385,6.579,4.126,100.0,1.401,1.67,0,0,0,OFFBOARD
291,OUTBOUND,29.53,56.661,0.579,1.64,1.573,0.34,-0.769,56.661,0.529,1.573,4.977,3.252,0,4.291,10.0,4.138,100.0,1.447,1.653,0,0,0,OFFBOARD
292,OUTBOUND,29.63,56.865,0.7,1.645,1.573,0.34,-0.769,56.865,0.65,1.573,4.777,3.052,0,4.201,10.0,4.152,100.0,1.481,1.63,0,0,0,OFFBOARD
293,OUTBOUND,29.73,57.069,0.82,1.648,1.573,0.34,-0.769,57.069,0.77,1.573,4.59,2.852,0,4.009,10.0,4.163,100.0,1.491,1.601,0,0,0,OFFBOARD
294,OUTBOUND,29.83,57.271,0.934,1.649,1.573,0.34,-0.769,57.271,0.884,1.573,4.309,2.584,0,3.741,10.0,4.171,100.0,1.452,1.568,0,0,0,OFFBOARD
295,OUTBOUND,29.93,57.477,1.046,1.648,1.573,0.34,-0.769,57.477,0.996,1.573,4.111,2.386,0,3.543,10.0,4.107,100.0,1.366,1.532,0,0,0,OFFBOARD
296,OUTBOUND,30.04,57.679,1.15,1.645,1.573,0.34,-0.769,57.679,1.1,1.573,3.914,2.186,0,3.343,6.06,3.909,100.0,1.246,1.503,0,0,0,OFFBOARD
297,OUTBOUND,30.14,57.881,1.245,1.639,1.573,0.34,-0.769,57.881,1.195,1.573,3.778,1.986,1,3.143,5.665,3.715,100.0,1.122,1.472,0,0,0,OFFBOARD
298,OUTBOUND,30.24,58.083,1.33,1.63,1.573,0.34,-0.769,58.083,1.28,1.573,3.723,1.816,1,2.976,5.453,3.58,100.0,0.967,1.441,0,0,0,OFFBOARD
299,OUTBOUND,30.34,58.285,1.403,1.619,1.573,0.34,-0.769,58.285,1.353,1.573,3.999,2.013,0,2.914,5.255,3.526,100.0,0.82,1.411,0,0,0,OFFBOARD
300,OUTBOUND,30.44,58.487,1.46,1.605,1.573,0.34,-0.769,58.487,1.41,1.573,3.818,2.031,0,3.379,5.053,3.934,100.0,0.685,1.392,0,0,0,OFFBOARD
301,OUTBOUND,30.54,58.691,1.499,1.589,1.573,0.34,-0.769,58.691,1.449,1.573,3.794,1.967,1,3.441,4.855,3.97,100.0,0.574,1.382,0,0,0,OFFBOARD
302,OUTBOUND,30.64,58.893,1.518,1.572,1.573,0.34,-0.769,58.893,1.468,1.573,4.545,1.956,1,3.399,4.655,3.895,100.0,0.483,1.367,0,0,0,OFFBOARD
303,OUTBOUND,30.74,59.097,1.514,1.554,1.573,0.34,-0.769,59.097,1.464,1.573,4.455,1.943,1,3.199,4.578,3.85,100.0,0.393,1.35,0,0,0,OFFBOARD
304,OUTBOUND,30.85,59.299,1.488,1.536,1.573,0.34,-0.769,59.299,1.438,1.573,4.389,1.877,1,3.133,4.608,3.842,100.0,0.296,1.333,0,0,0,OFFBOARD
305,OUTBOUND,30.95,59.501,1.441,1.517,1.573,0.34,-0.769,59.501,1.391,1.573,4.063,1.726,1,3.559,5.311,3.841,100.0,0.225,1.316,0,0,0,OFFBOARD
306,OUTBOUND,31.05,59.705,1.374,1.498,1.573,0.34,-0.769,59.705,1.325,1.573,4.906,1.908,1,3.74,5.221,3.812,100.0,0.203,1.3,0,0,0,OFFBOARD
307,OUTBOUND,31.15,59.907,1.293,1.479,1.573,0.34,-0.769,59.907,1.243,1.573,4.909,1.719,1,3.653,6.166,3.774,100.0,0.203,1.286,0,0,0,OFFBOARD
308,OUTBOUND,31.25,60.111,1.197,1.46,1.573,0.34,-0.769,60.111,1.147,1.573,4.711,1.732,1,3.455,6.043,3.722,100.0,0.215,1.274,0,0,0,OFFBOARD
309,OUTBOUND,31.35,60.313,1.093,1.441,1.573,0.34,-0.769,60.313,1.043,1.573,5.297,1.783,1,3.998,10.0,1.751,100.0,0.247,1.264,0,0,0,OFFBOARD
310,OUTBOUND,31.45,60.515,0.983,1.423,1.573,0.34,-0.769,60.515,0.933,1.573,5.366,2.673,0,4.203,10.0,1.407,100.0,0.102,1.266,0,0,0,OFFBOARD
311,OUTBOUND,31.56,60.717,0.872,1.405,1.573,0.34,-0.769,60.717,0.823,1.573,5.368,2.855,0,4.111,10.0,1.274,100.0,-0.029,1.278,0,0,0,OFFBOARD
312,OUTBOUND,31.66,60.919,0.763,1.389,1.573,0.34,-0.769,60.919,0.713,1.573,5.168,2.771,0,4.044,10.0,1.206,100.0,-0.156,1.298,0,0,0,OFFBOARD
313,OUTBOUND,31.76,61.123,0.656,1.374,1.573,0.34,-0.769,61.123,0.606,1.573,5.203,3.246,0,4.68,10.0,1.175,100.0,-0.27,1.322,0,0,0,OFFBOARD
314,OUTBOUND,31.86,61.327,0.553,1.362,1.573,0.34,-0.769,61.327,0.503,1.573,5.271,3.419,0,4.766,10.0,3.491,100.0,-0.373,1.351,0,0,0,OFFBOARD
315,OUTBOUND,31.96,61.527,0.455,1.352,1.573,0.34,-0.769,61.527,0.405,1.573,5.269,3.3,0,4.541,10.0,3.458,100.0,-0.476,1.377,0,0,0,OFFBOARD
316,OUTBOUND,32.06,61.733,0.356,1.346,1.573,0.34,-0.769,61.733,0.306,1.573,5.271,3.702,0,4.76,10.0,3.447,100.0,-0.569,1.406,0,0,0,OFFBOARD
317,OUTBOUND,32.17,61.935,0.258,1.343,1.573,0.34,-0.769,61.935,0.208,1.573,5.246,3.88,0,5.052,10.0,3.436,100.0,-0.658,1.433,0,0,0,OFFBOARD
318,OUTBOUND,32.27,62.141,0.157,1.342,1.573,0.34,-0.769,62.141,0.107,1.573,5.221,3.902,0,5.002,10.0,3.434,100.0,-0.698,1.453,0,0,0,OFFBOARD
319,OUTBOUND,32.37,62.343,0.056,1.345,1.573,0.34,-0.769,62.343,0.006,1.573,5.231,3.838,0,4.942,10.0,3.44,100.0,-0.711,1.471,0,0,0,OFFBOARD
320,OUTBOUND,32.47,62.547,-0.048,1.351,1.573,0.34,-0.769,62.547,-0.098,1.573,5.267,4.163,0,4.758,10.0,3.451,100.0,-0.695,1.485,0,0,0,OFFBOARD
321,OUTBOUND,32.57,62.749,-0.152,1.358,1.573,0.34,-0.769,62.749,-0.202,1.573,5.302,4.01,0,4.563,10.0,3.469,100.0,-0.655,1.495,0,0,0,OFFBOARD
322,OUTBOUND,32.67,62.953,-0.256,1.368,1.573,0.34,-0.769,62.953,-0.306,1.573,5.283,3.857,0,4.52,10.0,3.491,100.0,-0.605,1.501,0,0,0,OFFBOARD
323,OUTBOUND,32.77,63.155,-0.356,1.378,1.573,0.34,-0.769,63.155,-0.406,1.573,5.266,3.754,0,4.538,10.0,3.51,100.0,-0.543,1.505,0,0,0,OFFBOARD
324,OUTBOUND,32.88,63.359,-0.45,1.389,1.573,0.34,-0.769,63.359,-0.5,1.573,5.236,3.563,0,4.898,10.0,3.548,100.0,-0.466,1.505,0,0,0,OFFBOARD
325,OUTBOUND,32.98,63.561,-0.534,1.4,1.573,0.34,-0.769,63.561,-0.584,1.573,5.225,3.437,0,4.89,10.0,3.572,100.0,-0.378,1.503,0,0,0,OFFBOARD
326,OUTBOUND,33.08,63.763,-0.606,1.411,1.573,0.34,-0.769,63.763,-0.656,1.573,5.224,3.326,0,4.814,10.0,3.595,100.0,-0.28,1.499,0,0,0,OFFBOARD
327,OUTBOUND,33.18,63.967,-0.664,1.422,1.573,0.34,-0.769,63.967,-0.714,1.573,5.232,3.23,0,4.612,10.0,3.617,100.0,-0.181,1.499,0,0,0,OFFBOARD
328,OUTBOUND,33.28,64.169,-0.707,1.431,1.573,0.34,-0.769,64.169,-0.757,1.573,5.249,3.158,0,4.414,10.0,3.637,100.0,-0.076,1.498,0,0,0,OFFBOARD
329,OUTBOUND,33.38,64.373,-0.733,1.44,1.573,0.34,-0.769,64.373,-0.783,1.573,5.27,2.958,0,4.22,10.0,3.657,100.0,0.034,1.505,0,0,0,OFFBOARD
330,OUTBOUND,33.48,64.575,-0.742,1.448,1.573,0.34,-0.769,64.575,-0.792,1.573,5.298,2.786,0,4.189,10.0,3.677,100.0,0.149,1.516,0,0,0,OFFBOARD
331,OUTBOUND,33.59,64.777,-0.734,1.456,1.573,0.34,-0.769,64.777,-0.784,1.573,5.329,2.783,0,4.685,10.0,3.695,100.0,0.266,1.526,0,0,0,OFFBOARD
332,OUTBOUND,33.69,64.981,-0.709,1.463,1.573,0.34,-0.769,64.981,-0.758,1.573,5.365,3.092,0,4.67,10.0,3.715,100.0,0.379,1.534,0,0,0,OFFBOARD
333,OUTBOUND,33.79,65.183,-0.668,1.47,1.573,0.34,-0.769,65.183,-0.718,1.573,5.402,3.131,0,4.67,10.0,3.733,100.0,0.495,1.545,0,0,0,OFFBOARD
334,OUTBOUND,33.89,65.387,-0.611,1.478,1.573,0.34,-0.769,65.387,-0.661,1.573,5.444,3.21,0,4.466,6.835,3.753,100.0,0.604,1.56,0,0,0,OFFBOARD
335,OUTBOUND,33.99,65.591,-0.541,1.485,1.573,0.34,-0.769,65.591,-0.591,1.573,5.489,3.014,0,4.27,6.639,3.771,100.0,0.717,1.566,0,0,0,OFFBOARD
336,OUTBOUND,34.09,65.793,-0.458,1.492,1.573,0.34,-0.769,65.793,-0.508,1.573,5.536,3.364,0,4.282,6.439,3.791,100.0,0.822,1.565,0,0,0,OFFBOARD
337,OUTBOUND,34.19,65.995,-0.364,1.5,1.573,0.34,-0.769,65.995,-0.414,1.573,5.588,3.524,0,4.732,6.239,3.81,100.0,0.925,1.557,0,0,0,OFFBOARD
338,OUTBOUND,34.3,66.195,-0.261,1.507,1.573,0.34,-0.769,66.195,-0.311,1.573,5.64,3.67,0,4.729,6.039,3.828,100.0,1.019,1.545,0,0,0,OFFBOARD
339,OUTBOUND,34.4,66.399,-0.147,1.513,1.573,0.34,-0.769,66.399,-0.197,1.573,5.695,3.47,0,4.727,5.839,3.844,100.0,1.116,1.529,0,0,0,OFFBOARD
340,OUTBOUND,34.5,66.603,-0.027,1.518,1.573,0.34,-0.769,66.603,-0.077,1.573,5.639,3.952,0,4.527,5.639,3.855,100.0,1.2,1.511,0,0,0,OFFBOARD
341,OUTBOUND,34.6,66.799,0.095,1.522,1.573,0.34,-0.769,66.799,0.045,1.573,5.714,4.012,0,4.334,6.167,3.865,100.0,1.275,1.492,0,0,0,OFFBOARD
342,OUTBOUND,34.7,67.011,0.23,1.524,1.573,0.34,-0.769,67.011,0.18,1.573,5.773,3.815,0,4.397,10.0,3.868,100.0,1.346,1.473,0,0,0,OFFBOARD
343,OUTBOUND,34.8,67.213,0.362,1.524,1.573,0.34,-0.769,67.213,0.312,1.573,5.822,3.628,0,4.601,10.0,3.868,100.0,1.405,1.463,0,0,0,OFFBOARD
344,OUTBOUND,34.91,67.415,0.494,1.523,1.573,0.34,-0.769,67.415,0.444,1.573,5.814,3.453,0,4.552,10.0,3.865,100.0,1.452,1.458,0,0,0,OFFBOARD
345,OUTBOUND,35.01,67.617,0.626,1.52,1.573,0.34,-0.769,67.617,0.576,1.573,5.758,3.28,0,4.476,10.0,3.86,100.0,1.479,1.454,0,0,0,OFFBOARD
346,OUTBOUND,35.11,67.821,0.757,1.516,1.573,0.34,-0.769,67.821,0.707,1.573,5.532,3.109,0,4.305,10.0,3.852,100.0,1.462,1.455,0,0,0,OFFBOARD
347,OUTBOUND,35.21,68.025,0.884,1.512,1.573,0.34,-0.769,68.025,0.834,1.573,5.311,2.941,0,4.162,5.346,3.844,100.0,1.405,1.462,0,0,0,OFFBOARD
348,OUTBOUND,35.31,68.227,1.004,1.507,1.573,0.34,-0.769,68.227,0.954,1.573,5.112,2.78,0,4.097,5.144,3.836,100.0,1.364,1.472,0,0,0,OFFBOARD
349,OUTBOUND,35.41,68.429,1.117,1.502,1.573,0.34,-0.769,68.429,1.067,1.573,4.89,2.622,0,3.915,4.968,3.826,100.0,1.327,1.485,0,0,0,OFFBOARD
350,OUTBOUND,35.51,68.633,1.222,1.498,1.573,0.34,-0.769,68.633,1.172,1.573,4.681,2.457,0,3.713,4.793,3.815,100.0,1.284,1.5,0,0,0,OFFBOARD
351,OUTBOUND,35.62,68.835,1.314,1.495,1.573,0.34,-0.769,68.835,1.264,1.573,4.481,2.259,0,3.515,4.618,3.804,100.0,1.222,1.516,0,0,0,OFFBOARD
352,OUTBOUND,35.72,69.037,1.393,1.494,1.573,0.34,-0.769,69.037,1.343,1.573,4.287,2.059,0,3.315,4.434,3.797,100.0,1.145,1.534,0,0,0,OFFBOARD
353,OUTBOUND,35.82,69.235,1.456,1.493,1.573,0.34,-0.769,69.235,1.406,1.573,4.161,1.927,1,3.183,4.31,3.794,100.0,1.055,1.553,0,0,0,OFFBOARD
354,OUTBOUND,35.92,69.441,1.506,1.494,1.573,0.34,-0.769,69.441,1.456,1.573,3.902,1.676,1,2.987,4.054,3.78,100.0,0.909,1.563,0,0,0,OFFBOARD
355,OUTBOUND,36.02,69.643,1.538,1.497,1.573,0.34,-0.769,69.643,1.488,1.573,3.703,1.621,1,2.918,3.846,3.728,100.0,0.729,1.573,0,0,0,OFFBOARD
356,OUTBOUND,36.12,69.845,1.555,1.501,1.573,0.34,-0.769,69.845,1.505,1.573,3.506,1.841,1,3.441,3.632,3.585,100.0,0.543,1.585,0,0,0,OFFBOARD
357,OUTBOUND,36.22,70.049,1.554,1.506,1.573,0.34,-0.769,70.049,1.504,1.573,3.307,1.823,1,3.442,3.421,3.378,100.0,0.348,1.598,0,0,0,OFFBOARD
358,OUTBOUND,36.32,70.251,1.536,1.512,1.573,0.34,-0.769,70.251,1.486,1.573,3.096,1.864,1,3.369,3.193,3.156,100.0,0.14,1.613,0,0,0,OFFBOARD
359,OUTBOUND,36.43,70.453,1.5,1.519,1.573,0.34,-0.769,70.453,1.45,1.573,2.898,1.915,1,3.171,2.978,2.946,100.0,-0.075,1.627,0,0,0,OFFBOARD
360,OUTBOUND,36.53,70.657,1.444,1.527,1.573,0.34,-0.769,70.657,1.394,1.573,2.698,1.715,1,3.047,2.766,2.733,100.0,-0.296,1.641,0,0,0,OFFBOARD
361,OUTBOUND,36.63,70.859,1.368,1.536,1.573,0.34,-0.769,70.859,1.318,1.573,2.505,2.072,0,3.664,2.653,2.518,100.0,-0.504,1.654,0,0,0,OFFBOARD
362,OUTBOUND,36.73,71.063,1.271,1.546,1.573,0.34,-0.769,71.063,1.221,1.573,2.453,2.2,0,3.797,6.135,2.323,100.0,-0.67,1.666,0,0,0,OFFBOARD
363,OUTBOUND,36.83,71.265,1.155,1.556,1.573,0.34,-0.769,71.265,1.105,1.573,4.884,2.094,0,3.627,6.14,3.694,100.0,-0.835,1.674,0,0,0,OFFBOARD
364,OUTBOUND,36.93,71.469,1.019,1.566,1.573,0.34,-0.769,71.469,0.969,1.573,4.774,1.873,1,3.539,10.0,3.954,100.0,-0.974,1.672,0,0,0,OFFBOARD
365,OUTBOUND,37.04,71.673,0.868,1.577,1.573,0.34,-0.769,71.673,0.818,1.573,5.674,1.617,1,4.198,10.0,3.997,100.0,-1.109,1.672,0,0,0,OFFBOARD
366,OUTBOUND,37.14,71.875,0.706,1.587,1.573,0.34,-0.769,71.875,0.656,1.573,5.474,2.961,0,4.218,10.0,4.025,100.0,-1.194,1.672,0,0,0,OFFBOARD
367,OUTBOUND,37.24,72.079,0.533,1.597,1.573,0.34,-0.769,72.079,0.483,1.573,5.478,2.9,0,4.016,10.0,4.046,100.0,-1.283,1.673,0,0,0,OFFBOARD
368,OUTBOUND,37.34,72.283,0.355,1.606,1.573,0.34,-0.769,72.283,0.305,1.573,5.997,3.454,0,4.265,10.0,4.063,100.0,-1.351,1.673,0,0,0,OFFBOARD
369,OUTBOUND,37.44,72.483,0.176,1.614,1.573,0.34,-0.769,72.483,0.126,1.573,6.109,3.618,0,4.486,10.0,4.082,100.0,-1.373,1.673,0,0,0,OFFBOARD
370,OUTBOUND,37.54,72.685,-0.006,1.622,1.573,0.34,-0.769,72.685,-0.056,1.573,5.93,3.599,0,4.46,10.0,4.099,100.0,-1.362,1.673,0,0,0,OFFBOARD
371,OUTBOUND,37.64,72.887,-0.19,1.629,1.573,0.34,-0.769,72.887,-0.24,1.573,5.794,3.418,0,4.315,10.0,4.116,100.0,-1.311,1.672,0,0,0,OFFBOARD
372,OUTBOUND,37.74,73.091,-0.375,1.636,1.573,0.34,-0.769,73.091,-0.425,1.573,5.649,3.154,0,4.135,10.0,4.133,100.0,-1.234,1.671,0,0,0,OFFBOARD
373,OUTBOUND,37.85,73.293,-0.554,1.641,1.573,0.34,-0.769,73.293,-0.604,1.573,5.406,2.894,0,4.022,10.0,4.152,100.0,-1.133,1.669,0,0,0,OFFBOARD
374,OUTBOUND,37.95,73.495,-0.726,1.646,1.573,0.34,-0.769,73.495,-0.776,1.573,5.168,2.646,0,3.872,10.0,4.164,100.0,-1.009,1.666,0,0,0,OFFBOARD
375,OUTBOUND,38.05,73.679,-0.867,1.647,1.573,0.34,-0.769,73.679,-0.917,1.573,4.936,2.423,0,3.674,10.0,4.165,100.0,-0.864,1.664,0,0,0,OFFBOARD
376,OUTBOUND,38.15,73.758,-0.886,1.64,1.573,0.34,-0.769,73.758,-0.936,1.573,3.417,2.001,0,2.547,3.692,3.583,100.0,-0.649,1.662,0,0,0,OFFBOARD
377,OUTBOUND,38.25,73.844,-0.883,1.635,1.573,0.34,-0.769,73.844,-0.933,1.573,2.534,1.533,1,2.286,2.598,2.572,100.0,-0.375,1.662,0,0,0,OFFBOARD
378,OUTBOUND,38.35,73.943,-0.856,1.632,1.573,0.34,-0.769,73.943,-0.906,1.573,2.156,1.542,1,2.019,2.169,2.185,100.0,-0.162,1.662,0,0,0,OFFBOARD
379,OUTBOUND,38.46,74.068,-0.813,1.631,1.573,0.34,-0.769,74.068,-0.863,1.573,1.934,1.519,1,1.695,1.87,1.93,100.0,-0.011,1.662,0,0,0,OFFBOARD
380,OUTBOUND,38.56,74.221,-0.764,1.631,1.573,0.34,-0.769,74.221,-0.814,1.573,1.78,1.57,1,1.635,1.845,1.956,100.0,0.092,1.662,0,0,0,OFFBOARD
381,OUTBOUND,38.66,74.399,-0.723,1.632,1.573,0.34,-0.769,74.399,-0.773,1.573,1.801,1.569,1,1.65,1.875,2.018,100.0,0.171,1.663,0,0,0,OFFBOARD
382,OUTBOUND,38.76,74.602,-0.696,1.634,1.573,0.34,-0.769,74.602,-0.746,1.573,1.986,1.609,1,1.751,1.983,2.06,100.0,0.229,1.662,0,0,0,OFFBOARD
383,OUTBOUND,38.86,74.822,-0.691,1.636,1.573,0.34,-0.769,74.822,-0.741,1.573,1.978,1.568,1,1.754,2.063,2.119,100.0,0.268,1.662,0,0,0,OFFBOARD
384,OUTBOUND,38.96,75.053,-0.709,1.638,1.573,0.34,-0.769,75.053,-0.759,1.573,1.957,1.47,1,1.732,2.024,2.091,100.0,0.292,1.661,0,0,0,OFFBOARD
385,OUTBOUND,39.07,75.291,-0.747,1.64,1.573,0.34,-0.769,75.29,-0.797,1.573,1.845,1.55,1,1.717,1.978,2.1,100.0,0.316,1.66,0,0,0,OFFBOARD
386,OUTBOUND,39.17,75.53,-0.799,1.642,1.573,0.34,-0.769,75.53,-0.849,1.573,1.666,1.476,1,1.57,1.79,1.978,100.0,0.35,1.659,0,0,0,OFFBOARD
387,OUTBOUND,39.27,75.778,-0.863,1.644,1.573,0.34,-0.769,75.778,-0.913,1.573,1.85,1.429,1,1.633,1.904,2.086,100.0,0.4,1.657,0,0,0,OFFBOARD
388,OUTBOUND,39.37,76.022,-0.928,1.646,1.573,0.34,-0.769,76.022,-0.978,1.573,1.758,1.4,1,1.656,1.913,2.05,100.0,0.472,1.655,0,0,0,OFFBOARD
389,OUTBOUND,39.47,76.278,-0.992,1.648,1.573,0.34,-0.769,76.278,-1.042,1.573,1.677,1.341,1,1.62,1.772,1.892,100.0,0.581,1.652,0,0,0,OFFBOARD
390,OUTBOUND,39.57,76.53,-1.046,1.649,1.573,0.34,-0.769,76.53,-1.096,1.573,1.948,1.359,1,1.743,2.035,2.217,100.0,0.72,1.65,0,0,0,OFFBOARD
391,OUTBOUND,39.67,76.783,-1.087,1.65,1.573,0.34,-0.769,76.783,-1.137,1.573,2.144,1.271,1,1.902,2.22,2.322,100.0,0.865,1.647,0,0,0,OFFBOARD
392,OUTBOUND,39.77,77.04,-1.111,1.651,1.573,0.34,-0.769,77.04,-1.161,1.573,2.029,1.483,1,1.96,2.154,2.287,100.0,0.994,1.645,0,0,0,OFFBOARD
393,OUTBOUND,39.88,77.3,-1.116,1.651,1.573,0.34,-0.769,77.3,-1.165,1.573,2.782,1.611,1,2.493,2.858,2.888,100.0,1.048,1.642,0,0,0,OFFBOARD
394,OUTBOUND,39.98,77.558,-1.1,1.651,1.573,0.34,-0.769,77.558,-1.15,1.573,3.53,1.915,1,2.519,3.662,3.675,100.0,1.104,1.639,0,0,0,OFFBOARD
395,OUTBOUND,40.08,77.819,-1.062,1.651,1.573,0.34,-0.769,77.819,-1.112,1.573,2.553,2.163,0,3.291,2.534,2.525,100.0,1.09,1.637,0,0,0,OFFBOARD
396,OUTBOUND,40.18,78.075,-1.002,1.65,1.573,0.34,-0.769,78.075,-1.052,1.573,2.195,2.195,0,3.678,2.249,2.195,100.0,1.112,1.631,0,0,0,OFFBOARD
397,OUTBOUND,40.28,78.328,-0.92,1.649,1.573,0.34,-0.769,78.328,-0.97,1.573,1.882,1.882,1,3.902,1.936,1.875,100.0,1.137,1.619,0,0,0,OFFBOARD
398,OUTBOUND,40.38,78.572,-0.822,1.648,1.573,0.34,-0.769,78.572,-0.872,1.573,1.575,1.575,1,3.738,1.593,1.546,100.0,1.185,1.61,0,0,0,OFFBOARD
399,OUTBOUND,40.49,78.809,-0.717,1.646,1.573,0.34,-0.769,78.809,-0.767,1.573,1.355,1.245,1,3.532,5.92,1.303,100.0,1.383,1.603,0,0,0,OFFBOARD
400,OUTBOUND,40.59,79.042,-0.62,1.644,1.573,0.34,-0.769,79.042,-0.67,1.573,4.538,0.917,1,3.346,5.837,4.508,100.0,1.511,1.598,0,0,0,OFFBOARD
401,OUTBOUND,40.69,79.27,-0.549,1.641,1.573,0.34,-0.769,79.27,-0.599,1.573,4.298,0.719,1,3.26,5.467,4.267,100.0,1.545,1.595,0,1,0,OFFBOARD
402,OUTBOUND,40.79,79.503,-0.516,1.637,1.573,0.34,-0.769,79.503,-0.566,1.573,4.066,3.077,0,3.28,5.174,4.039,100.0,1.425,1.593,0,0,0,OFFBOARD
403,OUTBOUND,40.89,79.738,-0.527,1.633,1.573,0.34,-0.769,79.738,-0.577,1.573,3.862,3.057,0,3.926,4.831,3.841,100.0,1.358,1.589,0,0,0,OFFBOARD
404,OUTBOUND,40.99,79.975,-0.577,1.63,1.573,0.34,-0.769,79.975,-0.626,1.573,3.654,3.017,0,3.854,4.393,3.645,100.0,1.32,1.577,0,0,0,OFFBOARD
405,OUTBOUND,41.09,80.102,-0.6,1.625,1.573,0.34,-0.769,80.102,-0.65,1.573,3.817,3.382,0,4.296,10.0,3.416,100.0,1.327,1.558,0,0,0,OFFBOARD
406,OUTBOUND,41.2,80.232,-0.65,1.62,1.573,0.34,-0.769,80.232,-0.699,1.573,4.658,2.45,0,3.434,5.847,3.596,100.0,1.413,1.545,0,0,0,OFFBOARD
407,OUTBOUND,41.3,80.366,-0.711,1.615,1.573,0.34,-0.769,80.366,-0.761,1.573,3.475,2.226,0,3.122,3.665,3.229,100.0,1.586,1.526,0,0,0,OFFBOARD
408,OUTBOUND,41.4,80.515,-0.771,1.609,1.573,0.34,-0.769,80.515,-0.821,1.573,2.946,1.924,1,2.701,3.072,2.771,100.0,1.762,1.515,0,0,0,OFFBOARD
409,OUTBOUND,41.5,80.685,-0.816,1.602,1.573,0.34,-0.769,80.685,-0.866,1.573,2.464,1.722,1,2.214,2.396,2.411,100.0,1.908,1.509,0,0,0,OFFBOARD
410,OUTBOUND,41.6,80.886,-0.839,1.594,1.573,0.34,-0.769,80.886,-0.889,1.573,2.232,1.615,1,2.044,2.201,2.277,100.0,2.04,1.507,0,0,0,OFFBOARD
411,OUTBOUND,41.7,81.12,-0.837,1.587,1.573,0.34,-0.769,81.12,-0.887,1.573,2.157,1.569,1,1.948,2.091,2.128,100.0,2.169,1.509,0,0,0,OFFBOARD
412,OUTBOUND,41.8,81.381,-0.813,1.579,1.573,0.34,-0.769,81.381,-0.863,1.573,2.191,1.585,1,2.065,2.299,2.296,100.0,2.308,1.514,0,0,0,OFFBOARD
413,OUTBOUND,41.9,81.653,-0.777,1.571,1.573,0.34,-0.769,81.653,-0.827,1.573,2.217,1.482,1,2.079,2.376,2.401,100.0,2.444,1.521,0,0,0,OFFBOARD
414,OUTBOUND,42.01,81.933,-0.735,1.564,1.573,0.34,-0.769,81.933,-0.785,1.573,2.221,1.691,1,2.113,2.357,2.446,100.0,2.5,1.529,0,0,0,OFFBOARD
415,OUTBOUND,42.11,82.217,-0.693,1.558,1.573,0.34,-0.769,82.217,-0.743,1.573,2.488,1.792,1,2.002,2.701,2.732,100.0,2.5,1.539,0,0,0,OFFBOARD
416,OUTBOUND,42.21,82.497,-0.657,1.553,1.573,0.34,-0.769,82.497,-0.707,1.573,2.703,1.777,1,2.361,2.898,2.985,100.0,2.5,1.551,0,0,0,OFFBOARD
417,OUTBOUND,42.31,82.775,-0.626,1.549,1.573,0.34,-0.769,82.775,-0.676,1.573,2.634,1.988,1,2.467,3.193,3.303,100.0,2.5,1.563,0,0,0,OFFBOARD
418,OUTBOUND,42.41,83.047,-0.598,1.547,1.573,0.34,-0.769,83.047,-0.648,1.573,3.244,2.132,0,2.802,3.494,3.63,100.0,2.5,1.575,0,0,0,OFFBOARD
419,OUTBOUND,42.51,83.314,-0.567,1.546,1.573,0.34,-0.769,83.314,-0.617,1.573,3.27,2.164,0,2.902,3.469,3.909,100.0,2.5,1.588,0,0,0,OFFBOARD
420,OUTBOUND,42.61,83.58,-0.526,1.546,1.573,0.34,-0.769,83.58,-0.576,1.573,3.986,2.513,0,3.419,5.017,4.641,100.0,2.5,1.601,0,0,0,OFFBOARD
421,OUTBOUND,42.72,83.838,-0.471,1.547,1.573,0.34,-0.769,83.838,-0.521,1.573,4.769,2.5,0,3.622,6.175,4.732,100.0,2.5,1.611,0,0,0,OFFBOARD
422,OUTBOUND,42.82,84.091,-0.397,1.55,1.573,0.34,-0.769,84.091,-0.447,1.573,4.764,3.047,0,3.507,10.0,4.685,100.0,2.5,1.617,0,0,0,OFFBOARD
423,OUTBOUND,42.92,84.34,-0.3,1.554,1.573,0.34,-0.769,84.34,-0.35,1.573,5.597,3.067,0,4.054,10.0,4.624,100.0,2.5,1.624,0,0,0,OFFBOARD
424,OUTBOUND,43.02,84.579,-0.182,1.559,1.573,0.34,-0.769,84.579,-0.232,1.573,5.363,3.729,0,4.055,10.0,4.585,100.0,2.5,1.632,0,0,0,OFFBOARD
425,OUTBOUND,43.12,84.81,-0.044,1.564,1.573,0.34,-0.769,84.81,-0.094,1.573,5.201,3.432,0,3.882,6.662,4.596,100.0,2.5,1.64,0,0,0,OFFBOARD
426,OUTBOUND,43.22,85.034,0.106,1.57,1.573,0.34,-0.769,85.034,0.056,1.573,4.768,2.846,0,3.706,6.347,4.648,100.0,2.5,1.641,0,0,0,OFFBOARD
427,OUTBOUND,43.32,85.25,0.26,1.576,1.573,0.34,-0.769,85.25,0.21,1.573,4.487,2.57,0,3.546,5.586,4.695,100.0,2.49,1.642,0,0,0,OFFBOARD
428,OUTBOUND,43.42,85.463,0.404,1.582,1.573,0.34,-0.769,85.463,0.354,1.573,4.349,2.371,0,3.356,4.73,4.662,100.0,2.469,1.642,0,0,0,OFFBOARD
429,OUTBOUND,43.52,85.674,0.525,1.589,1.573,0.34,-0.769,85.674,0.475,1.573,4.332,2.506,0,3.181,4.493,4.44,100.0,2.449,1.64,0,0,0,OFFBOARD
430,OUTBOUND,43.63,85.886,0.613,1.595,1.573,0.34,-0.769,85.886,0.563,1.573,4.157,2.46,0,3.576,4.355,4.243,100.0,2.429,1.629,0,0,0,OFFBOARD
431,OUTBOUND,43.73,86.103,0.663,1.6,1.573,0.34,-0.769,86.103,0.613,1.573,3.957,2.451,0,3.635,4.914,4.101,100.0,2.411,1.612,0,0,0,OFFBOARD
432,OUTBOUND,43.83,86.32,0.678,1.605,1.573,0.34,-0.769,86.32,0.628,1.573,4.499,2.456,0,3.621,5.004,4.177,100.0,2.394,1.592,0,0,0,OFFBOARD
433,OUTBOUND,43.93,86.54,0.666,1.608,1.573,0.34,-0.769,86.54,0.616,1.573,4.66,2.267,0,3.434,4.969,4.164,100.0,2.378,1.57,0,0,0,OFFBOARD
434,OUTBOUND,44.03,86.764,0.636,1.609,1.573,0.34,-0.769,86.764,0.586,1.573,4.475,2.681,0,3.365,5.788,4.122,100.0,2.381,1.552,0,0,0,OFFBOARD
435,OUTBOUND,44.13,86.99,0.603,1.609,1.573,0.34,-0.769,86.99,0.553,1.573,4.961,2.786,0,3.842,6.763,4.111,100.0,2.392,1.537,0,0,0,OFFBOARD
436,OUTBOUND,44.24,87.21,0.578,1.607,1.573,0.34,-0.769,87.21,0.528,1.573,5.173,2.745,0,3.873,10.0,4.179,100.0,2.416,1.521,0,0,0,OFFBOARD
437,OUTBOUND,44.34,87.43,0.574,1.603,1.573,0.34,-0.769,87.43,0.524,1.573,4.953,3.239,0,3.694,10.0,4.25,100.0,2.464,1.511,0,0,0,OFFBOARD
438,OUTBOUND,44.44,87.645,0.597,1.598,1.573,0.34,-0.769,87.645,0.547,1.573,4.921,3.326,0,3.559,10.0,4.323,100.0,2.5,1.506,0,0,0,OFFBOARD
439,OUTBOUND,44.54,87.857,0.654,1.592,1.573,0.34,-0.769,87.857,0.605,1.573,5.582,3.195,0,3.951,10.0,4.356,100.0,2.5,1.506,0,0,0,OFFBOARD
440,OUTBOUND,44.64,88.069,0.747,1.585,1.573,0.34,-0.769,88.069,0.697,1.573,5.519,2.965,0,4.011,10.0,4.325,100.0,2.5,1.508,0,0,0,OFFBOARD
441,OUTBOUND,44.74,88.274,0.868,1.578,1.573,0.34,-0.769,88.274,0.818,1.573,5.305,2.789,0,4.034,10.0,4.24,100.0,2.5,1.512,0,0,0,OFFBOARD
442,OUTBOUND,44.84,88.483,1.016,1.57,1.573,0.34,-0.769,88.483,0.966,1.573,5.093,2.594,0,3.821,10.0,4.12,100.0,2.5,1.519,0,0,0,OFFBOARD
443,OUTBOUND,44.95,88.689,1.177,1.564,1.573,0.34,-0.769,88.689,1.127,1.573,5.026,2.373,0,3.616,10.0,3.99,100.0,2.469,1.528,0,0,0,OFFBOARD
444,OUTBOUND,45.05,88.898,1.349,1.558,1.573,0.34,-0.769,88.898,1.299,1.573,5.238,2.123,0,3.41,10.0,3.862,100.0,2.395,1.538,0,0,0,OFFBOARD
445,OUTBOUND,45.15,89.105,1.52,1.553,1.573,0.34,-0.769,89.105,1.47,1.573,4.584,1.905,1,3.195,10.0,3.782,100.0,2.27,1.549,0,0,0,OFFBOARD
446,OUTBOUND,45.25,89.315,1.691,1.549,1.573,0.34,-0.769,89.315,1.641,1.573,4.237,1.71,1,2.984,6.721,3.753,100.0,2.099,1.559,0,0,0,OFFBOARD
447,OUTBOUND,45.35,89.526,1.859,1.547,1.573,0.34,-0.769,89.526,1.809,1.573,4.031,1.513,1,2.78,5.277,3.765,100.0,1.862,1.561,0,0,0,OFFBOARD
448,OUTBOUND,45.45,89.739,2.021,1.545,1.573,0.34,-0.769,89.739,1.971,1.573,2.729,1.316,1,2.558,3.831,3.684,100.0,1.575,1.56,0,0,0,OFFBOARD
449,OUTBOUND,45.55,89.954,2.177,1.545,1.573,0.34,-0.769,89.954,2.127,1.573,2.388,1.026,1,2.189,2.387,2.607,100.0,1.231,1.579,0,0,0,OFFBOARD
450,OUTBOUND,45.65,90.146,2.295,1.541,1.573,0.34,-0.769,90.146,2.246,1.573,2.173,0.756,1,1.112,2.177,2.17,100.0,0.881,1.604,0,1,0,OFFBOARD
451,OUTBOUND,45.76,90.261,2.313,1.529,1.573,0.34,-0.769,90.261,2.263,1.573,0.85,0.503,1,0.852,0.853,0.851,100.0,0.531,1.633,0,1,0,OFFBOARD
452,OUTBOUND,45.86,90.376,2.297,1.523,1.573,0.34,-0.769,90.376,2.247,1.573,0.668,0.411,1,0.658,0.647,0.67,100.0,0.188,1.666,0,1,0,OFFBOARD
453,OUTBOUND,45.96,90.502,2.244,1.522,1.573,0.34,-0.769,90.502,2.194,1.573,0.577,0.393,1,0.553,0.574,0.577,100.0,-0.031,1.701,0,1,0,OFFBOARD
454,OUTBOUND,46.06,90.647,2.165,1.526,1.573,0.34,-0.769,90.647,2.115,1.573,0.528,0.413,1,0.517,0.553,0.583,100.0,-0.217,1.715,0,1,0,OFFBOARD
455,OUTBOUND,46.16,90.811,2.076,1.534,1.573,0.34,-0.769,90.811,2.026,1.573,0.461,0.46,1,0.446,0.493,0.551,100.0,-0.398,1.728,0,1,0,OFFBOARD
456,OUTBOUND,46.27,90.999,1.99,1.545,1.573,0.34,-0.769,90.999,1.94,1.573,0.499,0.412,1,0.464,0.531,0.613,100.0,-0.593,1.74,0,1,0,OFFBOARD
457,OUTBOUND,46.37,91.202,1.922,1.559,1.573,0.34,-0.769,91.202,1.872,1.573,0.762,0.447,1,0.701,0.855,0.931,100.0,-0.768,1.749,0,1,0,OFFBOARD
458,OUTBOUND,46.47,91.427,1.874,1.574,1.573,0.34,-0.769,91.427,1.824,1.573,0.803,0.649,1,0.736,0.93,1.052,100.0,-0.91,1.753,0,1,0,OFFBOARD
459,OUTBOUND,46.57,91.657,1.851,1.589,1.573,0.34,-0.769,91.657,1.802,1.573,0.84,0.653,1,0.775,0.95,1.044,100.0,-1.081,1.753,0,1,0,OFFBOARD
460,OUTBOUND,46.67,91.907,1.85,1.606,1.573,0.34,-0.769,91.907,1.8,1.573,0.713,0.658,1,0.688,0.765,0.859,100.0,-1.265,1.748,0,1,0,OFFBOARD
461,OUTBOUND,46.77,92.156,1.862,1.621,1.573,0.34,-0.769,92.156,1.812,1.573,0.885,0.519,1,0.637,0.955,1.051,100.0,-1.472,1.739,0,1,0,OFFBOARD
462,OUTBOUND,46.87,92.413,1.882,1.636,1.573,0.34,-0.769,92.413,1.832,1.573,0.901,0.663,1,0.88,0.933,1.071,100.0,-1.685,1.724,0,1,0,OFFBOARD
463,OUTBOUND,46.98,92.669,1.901,1.649,1.573,0.34,-0.769,92.669,1.851,1.573,0.984,0.666,1,0.935,0.978,1.115,100.0,-1.962,1.706,0,1,0,OFFBOARD
464,OUTBOUND,47.08,92.926,1.912,1.66,1.573,0.34,-0.769,92.926,1.862,1.573,0.834,0.705,1,0.821,0.86,0.914,100.0,-2.302,1.688,0,1,0,OFFBOARD
465,OUTBOUND,47.18,93.185,1.912,1.67,1.573,0.34,-0.769,93.185,1.862,1.573,1.241,0.585,1,1.091,1.212,1.342,100.0,-2.5,1.671,0,1,0,OFFBOARD
466,OUTBOUND,47.28,93.441,1.895,1.676,1.573,0.34,-0.769,93.441,1.845,1.573,1.45,0.85,1,1.274,1.518,1.54,100.0,-2.5,1.654,0,0,0,OFFBOARD
467,OUTBOUND,47.38,93.697,1.86,1.681,1.573,0.34,-0.769,93.697,1.81,1.573,1.445,1.001,1,1.251,1.99,2.152,100.0,-2.5,1.639,0,0,0,OFFBOARD
468,OUTBOUND,47.48,93.949,1.805,1.683,1.573,0.34,-0.769,93.949,1.755,1.573,2.221,0.968,1,2.064,2.225,2.403,100.0,-2.5,1.626,0,0,0,OFFBOARD
469,OUTBOUND,47.58,94.201,1.729,1.683,1.573,0.34,-0.769,94.201,1.679,1.573,3.21,1.484,1,2.068,3.212,3.939,100.0,-2.5,1.615,0,0,0,OFFBOARD
470,OUTBOUND,47.69,94.445,1.633,1.682,1.573,0.34,-0.769,94.445,1.583,1.573,4.201,1.638,1,2.968,5.369,4.63,100.0,-2.5,1.605,0,0,0,OFFBOARD
471,OUTBOUND,47.79,94.684,1.518,1.678,1.573,0.34,-0.769,94.684,1.468,1.573,4.132,2.072,0,2.961,5.125,4.768,100.0,-2.5,1.594,0,0,0,OFFBOARD
472,OUTBOUND,47.89,94.914,1.384,1.674,1.573,0.34,-0.769,94.914,1.334,1.573,4.83,2.341,0,3.708,4.894,4.75,100.0,-2.5,1.585,0,0,0,OFFBOARD
473,RETURN,47.99,95.136,1.233,1.668,1.573,0.34,-0.769,95.136,1.183,1.573,4.625,2.76,0,3.622,4.681,4.548,95.136,1.233,1.668,0,0,0,OFFBOARD
474,RETURN,50.1,95.169,1.009,1.665,1.573,0.34,-0.769,-95.169,0.959,1.573,3.645,2.862,0,3.193,4.094,2.514,94.865,1.303,1.661,0,0,0,OFFBOARD
475,RETURN,50.2,95.133,1.045,1.666,1.573,0.34,-0.769,-95.133,0.995,1.573,4.206,3.199,0,3.255,4.817,2.69,94.532,1.352,1.649,0,0,0,OFFBOARD
476,RETURN,50.3,95.103,1.082,1.666,1.573,0.34,-0.769,-95.103,1.032,1.573,4.912,3.36,0,3.791,5.822,4.769,94.158,1.381,1.629,0,0,0,OFFBOARD
477,RETURN,50.4,95.076,1.123,1.665,1.573,0.34,-0.769,-95.076,1.073,1.573,6.061,3.304,0,4.299,6.834,4.181,93.757,1.37,1.604,0,0,0,OFFBOARD
478,RETURN,50.5,95.046,1.164,1.663,1.573,0.34,-0.769,-95.046,1.114,1.573,4.729,2.781,0,4.643,6.205,3.427,93.339,1.298,1.584,0,0,0,OFFBOARD
479,RETURN,50.61,95.004,1.212,1.659,1.573,0.34,-0.769,-95.004,1.162,1.573,3.958,2.264,0,4.532,5.654,2.993,92.91,1.233,1.57,0,0,0,OFFBOARD
480,RETURN,50.71,94.945,1.26,1.655,1.573,0.34,-0.769,-94.945,1.21,1.573,3.486,2.041,0,3.406,4.176,2.719,92.474,1.18,1.559,0,0,0,OFFBOARD
481,RETURN,50.81,94.863,1.31,1.648,1.573,0.34,-0.769,-94.863,1.26,1.573,3.246,1.815,1,3.218,3.469,2.613,92.033,1.131,1.55,0,0,0,OFFBOARD
482,RETURN,50.91,94.754,1.356,1.641,1.573,0.34,-0.769,-94.754,1.306,1.573,2.948,1.632,1,2.766,3.073,2.578,91.589,1.029,1.542,0,0,0,OFFBOARD
483,RETURN,51.01,94.618,1.395,1.634,1.573,0.34,-0.769,-94.618,1.345,1.573,2.699,1.522,1,2.18,2.782,2.386,91.144,0.891,1.537,0,0,0,OFFBOARD
484,RETURN,51.11,94.456,1.421,1.625,1.573,0.34,-0.769,-94.456,1.371,1.573,2.622,1.479,1,2.046,2.637,2.219,90.697,0.738,1.534,0,0,0,OFFBOARD
485,RETURN,51.22,94.274,1.429,1.617,1.573,0.34,-0.769,-94.274,1.379,1.573,2.608,1.462,1,2.335,2.637,2.393,90.251,0.567,1.533,0,0,0,OFFBOARD
486,RETURN,51.32,94.077,1.414,1.608,1.573,0.34,-0.769,-94.077,1.364,1.573,2.729,1.465,1,2.366,2.779,2.518,89.81,0.396,1.534,0,0,0,OFFBOARD
487,RETURN,51.42,93.866,1.374,1.6,1.573,0.34,-0.769,-93.866,1.324,1.573,2.573,1.378,1,2.482,2.644,2.686,89.374,0.227,1.536,0,0,0,OFFBOARD
488,RETURN,51.52,93.652,1.312,1.592,1.573,0.34,-0.769,-93.652,1.262,1.573,3.006,1.608,1,2.344,3.187,2.941,88.941,0.103,1.541,0,0,0,OFFBOARD
489,RETURN,51.62,93.431,1.229,1.585,1.573,0.34,-0.769,-93.431,1.179,1.573,3.353,1.764,1,2.754,3.441,3.337,88.503,-0.001,1.547,0,0,0,OFFBOARD
490,RETURN,51.72,93.208,1.13,1.579,1.573,0.34,-0.769,-93.208,1.08,1.573,3.271,1.944,1,3.087,3.685,3.624,88.062,-0.076,1.554,0,0,0,OFFBOARD
491,RETURN,51.82,92.981,1.017,1.574,1.573,0.34,-0.769,-92.981,0.967,1.573,3.427,2.213,0,2.949,3.454,3.378,87.619,-0.116,1.562,0,0,0,OFFBOARD
492,RETURN,51.92,92.756,0.896,1.57,1.573,0.34,-0.769,-92.756,0.846,1.573,3.193,2.503,0,3.699,3.213,3.139,87.174,-0.162,1.571,0,0,0,OFFBOARD
493,RETURN,52.03,92.528,0.766,1.566,1.573,0.34,-0.769,-92.528,0.716,1.573,2.922,2.452,0,3.675,2.951,2.882,86.8,-0.244,1.577,0,0,0,OFFBOARD
494,RETURN,52.13,92.304,0.632,1.564,1.573,0.34,-0.769,-92.304,0.582,1.573,2.659,2.659,0,4.128,2.684,2.619,86.526,-0.323,1.584,0,0,0,OFFBOARD
495,RETURN,52.23,92.081,0.496,1.563,1.573,0.34,-0.769,-92.081,0.446,1.573,2.4,2.377,0,4.27,2.419,2.376,86.348,-0.433,1.591,0,0,0,OFFBOARD
496,RETURN,52.33,91.859,0.359,1.563,1.573,0.34,-0.769,-91.859,0.309,1.573,5.559,2.092,0,4.131,10.0,4.134,86.075,-0.534,1.6,0,0,0,OFFBOARD
497,RETURN,52.43,91.642,0.229,1.564,1.573,0.34,-0.769,-91.642,0.179,1.573,5.49,1.81,1,3.985,10.0,4.376,85.74,-0.643,1.608,0,0,0,OFFBOARD
498,RETURN,52.53,91.428,0.106,1.566,1.573,0.34,-0.769,-91.428,0.056,1.573,5.298,1.586,1,3.84,6.825,4.412,85.365,-0.688,1.605,0,0,0,OFFBOARD
499,RETURN,52.63,91.216,-0.008,1.569,1.573,0.34,-0.769,-91.216,-0.058,1.573,5.169,3.458,0,3.727,6.613,4.402,84.967,-0.659,1.606,0,0,0,OFFBOARD
500,RETURN,52.74,91.011,-0.109,1.571,1.573,0.34,-0.769,-91.011,-0.159,1.573,5.59,3.348,0,3.704,6.786,4.353,84.551,-0.603,1.606,0,0,0,OFFBOARD
501,RETURN,52.84,90.801,-0.2,1.575,1.573,0.34,-0.769,-90.801,-0.25,1.573,5.56,3.263,0,4.176,10.0,4.28,84.123,-0.527,1.607,0,0,0,OFFBOARD
502,RETURN,52.94,90.6,-0.276,1.578,1.573,0.34,-0.769,-90.6,-0.326,1.573,5.507,3.064,0,4.212,6.829,4.174,83.687,-0.434,1.61,0,0,0,OFFBOARD
503,RETURN,53.04,90.394,-0.34,1.581,1.573,0.34,-0.769,-90.394,-0.39,1.573,5.302,2.865,0,4.033,6.706,4.105,83.247,-0.326,1.611,0,0,0,OFFBOARD
504,RETURN,53.14,90.189,-0.391,1.584,1.573,0.34,-0.769,-90.189,-0.441,1.573,5.242,2.848,0,3.919,10.0,4.053,82.803,-0.213,1.613,0,0,0,OFFBOARD
505,RETURN,53.24,89.985,-0.426,1.587,1.573,0.34,-0.769,-89.985,-0.476,1.573,5.831,3.141,0,4.378,10.0,4.021,82.357,-0.104,1.615,0,0,0,OFFBOARD
506,RETURN,53.34,89.781,-0.446,1.59,1.573,0.34,-0.769,-89.781,-0.496,1.573,5.797,3.166,0,4.416,10.0,4.009,81.909,0.009,1.618,0,0,0,OFFBOARD
507,RETURN,53.45,89.574,-0.451,1.593,1.573,0.34,-0.769,-89.574,-0.501,1.573,5.695,3.201,0,4.412,10.0,4.014,81.461,0.118,1.622,0,0,0,OFFBOARD
508,RETURN,53.55,89.366,-0.441,1.595,1.573,0.34,-0.769,-89.366,-0.491,1.573,5.542,2.987,0,4.222,6.947,4.031,81.012,0.234,1.626,0,0,0,OFFBOARD
509,RETURN,53.65,89.16,-0.416,1.598,1.573,0.34,-0.769,-89.16,-0.466,1.573,5.715,3.28,0,4.068,6.533,4.058,80.563,0.339,1.629,0,0,0,OFFBOARD
510,RETURN,53.75,88.952,-0.379,1.601,1.573,0.34,-0.769,-88.952,-0.429,1.573,5.447,3.409,0,4.323,5.156,4.087,80.113,0.441,1.632,0,0,0,OFFBOARD
511,RETURN,53.85,88.744,-0.33,1.604,1.573,0.34,-0.769,-88.744,-0.38,1.573,4.837,3.533,0,4.471,4.744,4.114,79.663,0.532,1.624,0,0,0,OFFBOARD
512,RETURN,53.95,88.539,-0.273,1.607,1.573,0.34,-0.769,-88.539,-0.323,1.573,4.291,3.377,0,4.498,4.365,4.002,79.214,0.615,1.609,0,0,0,OFFBOARD
513,RETURN,54.06,88.332,-0.209,1.609,1.573,0.34,-0.769,-88.332,-0.259,1.573,3.806,3.393,0,4.448,4.016,3.801,78.764,0.689,1.589,0,0,0,OFFBOARD
514,RETURN,54.16,88.129,-0.141,1.611,1.573,0.34,-0.769,-88.129,-0.191,1.573,3.603,3.603,0,4.255,3.687,3.6,78.314,0.746,1.576,0,0,0,OFFBOARD
515,RETURN,54.26,87.924,-0.07,1.611,1.573,0.34,-0.769,-87.924,-0.12,1.573,3.399,3.399,0,4.088,3.407,3.397,77.864,0.786,1.568,0,0,0,OFFBOARD
516,RETURN,54.36,87.72,0.003,1.61,1.573,0.34,-0.769,-87.72,-0.047,1.573,3.266,3.266,0,4.087,3.274,3.265,77.414,0.822,1.564,0,0,0,OFFBOARD
517,RETURN,54.46,87.518,0.076,1.608,1.573,0.34,-0.769,-87.518,0.026,1.573,2.998,2.998,0,4.449,3.005,2.997,76.964,0.837,1.562,0,0,0,OFFBOARD
518,RETURN,54.56,87.317,0.148,1.605,1.573,0.34,-0.769,-87.317,0.098,1.573,2.797,2.797,0,4.458,2.803,2.796,76.514,0.836,1.562,0,0,0,OFFBOARD
519,RETURN,54.66,87.114,0.219,1.602,1.573,0.34,-0.769,-87.114,0.169,1.573,2.594,2.594,0,4.329,2.599,2.594,76.064,0.794,1.564,0,0,0,OFFBOARD
520,RETURN,54.77,86.911,0.288,1.598,1.573,0.34,-0.769,-86.911,0.238,1.573,2.395,2.395,0,4.189,2.4,2.395,75.614,0.735,1.568,0,0,0,OFFBOARD
521,RETURN,54.87,86.71,0.354,1.595,1.573,0.34,-0.769,-86.71,0.304,1.573,2.195,2.195,0,4.115,2.198,2.195,75.312,0.656,1.572,0,0,0,OFFBOARD
522,RETURN,54.97,86.509,0.417,1.592,1.573,0.34,-0.769,-86.509,0.367,1.573,1.994,1.994,1,3.921,1.997,1.995,75.115,0.55,1.577,0,0,0,OFFBOARD
523,RETURN,55.07,86.308,0.474,1.589,1.573,0.34,-0.769,-86.308,0.424,1.573,1.794,1.794,1,3.9,1.797,1.795,74.962,0.401,1.582,0,0,0,OFFBOARD
524,RETURN,55.17,86.105,0.525,1.587,1.573,0.34,-0.769,-86.105,0.475,1.573,1.593,1.593,1,4.38,1.637,1.593,74.833,0.198,1.585,0,0,0,OFFBOARD
525,RETURN,55.27,85.905,0.568,1.585,1.573,0.34,-0.769,-85.905,0.518,1.573,1.329,1.329,1,4.457,1.574,1.329,74.733,-0.057,1.583,0,0,0,OFFBOARD
526,RETURN,55.37,85.7,0.601,1.584,1.573,0.34,-0.769,-85.7,0.551,1.573,1.129,1.129,1,4.302,1.545,1.129,74.633,-0.325,1.574,0,0,0,OFFBOARD
527,RETURN,55.47,85.5,0.621,1.583,1.573,0.34,-0.769,-85.5,0.571,1.573,0.995,0.994,1,4.168,1.537,0.995,74.533,-0.615,1.559,0,0,0,OFFBOARD
528,RETURN,55.58,85.304,0.625,1.582,1.573,0.34,-0.769,-85.304,0.575,1.573,0.728,0.728,1,4.041,1.532,0.727,74.433,-0.91,1.539,0,1,0,OFFBOARD
529,RETURN,55.68,85.095,0.61,1.58,1.573,0.34,-0.769,-85.095,0.56,1.573,0.586,0.586,1,4.514,3.316,0.528,74.333,-1.182,1.515,0,1,0,OFFBOARD
530,RETURN,55.78,84.891,0.572,1.577,1.573,0.34,-0.769,-84.891,0.522,1.573,0.594,0.594,1,4.581,3.106,0.403,74.233,-1.431,1.49,0,1,0,OFFBOARD
531,RETURN,55.88,84.688,0.509,1.573,1.573,0.34,-0.769,-84.688,0.459,1.573,0.632,0.632,1,4.557,2.865,0.431,74.031,-1.629,1.464,0,1,0,OFFBOARD
532,RETURN,55.98,84.486,0.42,1.567,1.573,0.34,-0.769,-84.486,0.37,1.573,0.694,0.694,1,4.361,2.599,0.482,73.744,-1.767,1.441,0,1,0,OFFBOARD
533,RETURN,56.08,84.285,0.307,1.56,1.573,0.34,-0.769,-84.285,0.257,1.573,2.352,2.205,0,4.279,2.342,2.331,73.399,-1.79,1.424,0,0,0,OFFBOARD
534,RETURN,56.19,84.085,0.171,1.551,1.573,0.34,-0.769,-84.085,0.121,1.573,2.081,1.998,1,4.679,2.079,2.007,73.101,-1.793,1.406,0,0,0,OFFBOARD
535,RETURN,56.29,83.882,0.017,1.54,1.573,0.34,-0.769,-83.882,-0.033,1.573,1.776,1.776,1,4.676,1.839,1.733,72.749,-1.791,1.398,0,0,0,OFFBOARD
536,RETURN,56.39,83.682,-0.149,1.529,1.573,0.34,-0.769,-83.681,-0.199,1.573,1.633,1.633,1,4.675,1.685,1.593,72.365,-1.777,1.389,0,0,0,OFFBOARD
537,RETURN,56.49,83.481,-0.323,1.517,1.573,0.34,-0.769,-83.481,-0.373,1.573,1.348,1.348,1,4.523,1.382,1.304,72.11,-1.847,1.379,0,0,0,OFFBOARD
538,RETURN,56.59,83.279,-0.502,1.505,1.573,0.34,-0.769,-83.279,-0.552,1.573,1.196,1.121,1,4.33,10.0,1.13,71.893,-2.137,1.379,0,0,0,OFFBOARD
539,RETURN,56.69,83.078,-0.681,1.492,1.573,0.34,-0.769,-83.078,-0.731,1.573,5.428,0.896,1,4.127,10.0,3.788,71.675,-2.36,1.374,0,0,0,OFFBOARD
540,RETURN,56.79,82.877,-0.858,1.48,1.573,0.34,-0.769,-82.877,-0.908,1.573,5.288,2.775,0,3.929,10.0,3.756,71.391,-2.303,1.368,0,0,0,OFFBOARD
541,RETURN,56.9,82.675,-1.034,1.468,1.573,0.34,-0.769,-82.675,-1.084,1.573,5.041,2.574,0,3.73,10.0,3.724,71.05,-2.209,1.371,0,0,0,OFFBOARD
542,RETURN,57.0,82.474,-1.207,1.457,1.573,0.34,-0.769,-82.474,-1.257,1.573,4.786,2.374,0,3.53,10.0,3.696,70.67,-2.083,1.383,0,0,0,OFFBOARD
543,RETURN,57.1,82.27,-1.378,1.446,1.573,0.34,-0.769,-82.27,-1.428,1.573,4.587,2.175,0,3.331,5.844,3.672,70.266,-1.926,1.401,0,0,0,OFFBOARD
544,RETURN,57.2,82.069,-1.544,1.437,1.573,0.34,-0.769,-82.069,-1.594,1.573,4.388,1.975,1,3.131,5.644,3.655,69.846,-1.787,1.413,0,0,0,OFFBOARD
545,RETURN,57.3,81.865,-1.703,1.43,1.573,0.34,-0.769,-81.865,-1.753,1.573,4.188,1.771,1,2.932,4.29,3.601,69.43,-1.642,1.42,0,0,0,OFFBOARD
546,RETURN,57.4,81.662,-1.849,1.424,1.573,0.34,-0.769,-81.662,-1.899,1.573,3.936,1.529,1,2.733,3.989,3.397,69.016,-1.493,1.431,0,0,0,OFFBOARD
547,RETURN,57.51,81.458,-1.975,1.42,1.573,0.34,-0.769,-81.458,-2.025,1.573,3.498,1.321,1,2.534,3.789,2.958,68.607,-1.335,1.448,0,0,0,OFFBOARD
548,RETURN,57.61,81.26,-2.075,1.418,1.573,0.34,-0.769,-81.26,-2.125,1.573,2.486,1.105,1,2.267,2.443,2.267,68.197,-1.152,1.469,0,0,0,OFFBOARD
549,RETURN,57.71,81.05,-2.15,1.418,1.573,0.34,-0.769,-81.05,-2.2,1.573,2.178,0.907,1,2.063,2.11,2.063,67.775,-0.95,1.492,0,0,0,OFFBOARD
550,RETURN,57.81,80.846,-2.191,1.419,1.573,0.34,-0.769,-80.846,-2.241,1.573,1.994,0.711,1,1.868,1.916,1.867,67.343,-0.746,1.521,0,1,0,OFFBOARD
551,RETURN,57.91,80.645,-2.2,1.423,1.573,0.34,-0.769,-80.645,-2.25,1.573,2.521,0.94,1,1.668,1.846,1.668,66.905,-0.563,1.552,0,0,0,OFFBOARD
552,RETURN,58.01,80.445,-2.178,1.428,1.573,0.34,-0.769,-80.445,-2.228,1.573,2.682,0.959,1,1.673,2.724,2.112,66.463,-0.38,1.586,0,0,0,OFFBOARD
553,RETURN,58.12,80.241,-2.125,1.436,1.573,0.34,-0.769,-80.241,-2.175,1.573,2.525,1.03,1,2.337,2.525,2.366,66.02,-0.197,1.621,0,0,0,OFFBOARD
554,RETURN,58.22,80.038,-2.043,1.447,1.573,0.34,-0.769,-80.038,-2.093,1.573,2.434,1.069,1,2.325,2.421,2.325,65.575,-0.021,1.646,0,0,0,OFFBOARD
555,RETURN,58.32,79.836,-1.938,1.46,1.573,0.34,-0.769,-79.836,-1.988,1.573,3.355,1.024,1,2.124,3.38,2.912,65.129,0.128,1.67,0,0,0,OFFBOARD
556,RETURN,58.42,79.634,-1.813,1.475,1.573,0.34,-0.769,-79.634,-1.863,1.573,3.18,1.441,1,2.826,3.344,3.234,64.685,0.252,1.692,0,0,0,OFFBOARD
557,RETURN,58.52,79.433,-1.672,1.492,1.573,0.34,-0.769,-79.433,-1.721,1.573,3.965,1.615,1,2.983,4.239,3.645,64.24,0.352,1.704,0,0,0,OFFBOARD
558,RETURN,58.62,79.231,-1.518,1.509,1.573,0.34,-0.769,-79.231,-1.568,1.573,4.039,1.571,1,2.783,5.296,3.821,63.795,0.435,1.706,0,0,0,OFFBOARD
559,RETURN,58.72,79.027,-1.355,1.528,1.573,0.34,-0.769,-79.027,-1.405,1.573,3.978,2.014,0,3.458,5.233,3.868,63.349,0.476,1.699,0,0,0,OFFBOARD
560,RETURN,58.82,78.825,-1.187,1.546,1.573,0.34,-0.769,-78.825,-1.237,1.573,4.896,2.239,0,3.639,5.033,3.908,62.903,0.503,1.684,0,0,0,OFFBOARD
561,RETURN,58.92,78.623,-1.015,1.563,1.573,0.34,-0.769,-78.623,-1.065,1.573,4.696,2.248,0,3.44,4.834,3.948,62.455,0.525,1.665,0,0,0,OFFBOARD
562,RETURN,59.03,78.421,-0.839,1.578,1.573,0.34,-0.769,-78.421,-0.889,1.573,4.634,2.772,0,4.109,4.634,3.984,62.006,0.539,1.64,0,0,0,OFFBOARD
563,RETURN,59.13,78.217,-0.659,1.592,1.573,0.34,-0.769,-78.217,-0.709,1.573,4.434,3.041,0,4.254,4.434,4.017,61.557,0.557,1.612,0,0,0,OFFBOARD
564,RETURN,59.23,78.015,-0.48,1.602,1.573,0.34,-0.769,-78.015,-0.53,1.573,4.232,2.959,0,4.095,4.232,4.044,61.107,0.566,1.581,0,0,0,OFFBOARD
565,RETURN,59.33,77.813,-0.303,1.609,1.573,0.34,-0.769,-77.813,-0.353,1.573,4.187,3.527,0,4.064,4.034,4.034,60.658,0.569,1.548,0,0,0,OFFBOARD
566,RETURN,59.43,77.611,-0.13,1.613,1.573,0.34,-0.769,-77.611,-0.18,1.573,5.284,3.698,0,4.459,4.791,4.085,60.208,0.563,1.514,0,0,0,OFFBOARD
567,RETURN,59.53,77.409,0.035,1.613,1.573,0.34,-0.769,-77.409,-0.015,1.573,5.989,3.572,0,4.497,10.0,4.089,59.758,0.567,1.483,0,0,0,OFFBOARD
568,RETURN,59.63,77.205,0.19,1.61,1.573,0.34,-0.769,-77.205,0.14,1.573,5.849,3.365,0,4.387,10.0,4.08,59.308,0.594,1.459,0,0,0,OFFBOARD
569,RETURN,59.74,77.003,0.33,1.604,1.573,0.34,-0.769,-77.003,0.28,1.573,5.819,3.188,0,4.269,10.0,4.063,58.858,0.639,1.44,0,0,0,OFFBOARD
570,RETURN,59.84,76.799,0.455,1.595,1.573,0.34,-0.769,-76.799,0.405,1.573,5.823,3.033,0,4.152,10.0,4.041,58.408,0.689,1.424,0,0,0,OFFBOARD
571,RETURN,59.94,76.593,0.564,1.584,1.573,0.34,-0.769,-76.593,0.514,1.573,5.788,2.889,0,3.952,10.0,4.017,57.958,0.742,1.413,0,0,0,OFFBOARD
572,RETURN,60.04,76.393,0.653,1.571,1.573,0.34,-0.769,-76.393,0.603,1.573,5.759,3.102,0,3.917,10.0,3.982,57.508,0.788,1.408,0,0,0,OFFBOARD
573,RETURN,60.14,76.185,0.73,1.557,1.573,0.34,-0.769,-76.185,0.68,1.573,5.749,2.999,0,4.408,10.0,3.954,57.058,0.825,1.408,0,0,0,OFFBOARD
574,RETURN,60.25,75.983,0.791,1.543,1.573,0.34,-0.769,-75.983,0.741,1.573,5.747,2.881,0,4.396,10.0,3.925,56.608,0.856,1.414,0,0,0,OFFBOARD
575,RETURN,60.35,75.779,0.842,1.529,1.573,0.34,-0.769,-75.779,0.792,1.573,5.599,2.72,0,4.342,10.0,3.894,56.158,0.877,1.424,0,0,0,OFFBOARD
576,RETURN,60.45,75.577,0.883,1.516,1.573,0.34,-0.769,-75.577,0.833,1.573,5.399,2.56,0,4.142,10.0,3.861,55.708,0.868,1.437,0,0,0,OFFBOARD
577,RETURN,60.55,75.373,0.918,1.504,1.573,0.34,-0.769,-75.373,0.868,1.573,5.199,2.404,0,3.943,10.0,3.83,55.258,0.848,1.453,0,0,0,OFFBOARD
578,RETURN,60.65,75.169,0.948,1.494,1.573,0.34,-0.769,-75.169,0.898,1.573,5.078,2.249,0,3.743,10.0,3.804,54.808,0.816,1.472,0,0,0,OFFBOARD
579,RETURN,60.75,74.967,0.972,1.486,1.573,0.34,-0.769,-74.967,0.922,1.573,5.337,2.096,0,3.698,10.0,3.784,54.358,0.776,1.492,0,0,0,OFFBOARD
580,RETURN,60.85,74.765,0.992,1.48,1.573,0.34,-0.769,-74.765,0.942,1.573,5.458,1.948,1,4.2,10.0,3.769,53.908,0.724,1.513,0,0,0,OFFBOARD
581,RETURN,60.96,74.561,1.006,1.476,1.573,0.34,-0.769,-74.561,0.956,1.573,5.512,1.804,1,4.215,6.995,3.761,53.458,0.658,1.524,0,0,0,OFFBOARD
582,RETURN,61.06,74.359,1.014,1.475,1.573,0.34,-0.769,-74.359,0.964,1.573,5.455,1.675,1,4.199,10.0,3.759,53.008,0.572,1.528,0,0,0,OFFBOARD
583,RETURN,61.16,74.155,1.014,1.476,1.573,0.34,-0.769,-74.155,0.965,1.573,5.255,1.528,1,3.999,10.0,3.76,52.558,0.514,1.526,0,0,0,OFFBOARD
584,RETURN,61.26,73.953,1.007,1.478,1.573,0.34,-0.769,-73.953,0.957,1.573,5.055,1.395,1,3.799,10.0,3.764,52.108,0.418,1.52,0,0,0,OFFBOARD
585,RETURN,61.36,73.751,0.992,1.48,1.573,0.34,-0.769,-73.751,0.942,1.573,5.064,1.346,1,3.718,10.0,3.77,51.658,0.294,1.51,0,0,0,OFFBOARD
586,RETURN,61.46,73.549,0.968,1.483,1.573,0.34,-0.769,-73.549,0.918,1.573,5.566,2.76,0,4.219,10.0,3.776,51.208,0.219,1.498,0,0,0,OFFBOARD
587,RETURN,61.56,73.345,0.934,1.486,1.573,0.34,-0.769,-73.345,0.884,1.573,5.575,2.831,0,4.333,10.0,3.783,50.758,0.171,1.495,0,0,0,OFFBOARD
588,RETURN,61.66,73.143,0.892,1.488,1.573,0.34,-0.769,-73.143,0.842,1.573,5.511,2.871,0,4.255,10.0,3.788,50.308,0.143,1.5,0,0,0,OFFBOARD
589,RETURN,61.77,72.941,0.841,1.49,1.573,0.34,-0.769,-72.941,0.791,1.573,5.311,2.798,0,4.055,10.0,3.793,49.858,0.135,1.509,0,0,0,OFFBOARD
590,RETURN,61.87,72.739,0.782,1.492,1.573,0.34,-0.769,-72.739,0.732,1.573,5.446,2.67,0,3.933,10.0,3.797,49.408,0.137,1.522,0,0,0,OFFBOARD
591,RETURN,61.97,72.535,0.716,1.494,1.573,0.34,-0.769,-72.535,0.666,1.573,5.676,3.106,0,4.392,10.0,3.798,48.958,0.16,1.537,0,0,0,OFFBOARD
592,RETURN,62.07,72.335,0.646,1.496,1.573,0.34,-0.769,-72.335,0.596,1.573,5.73,3.183,0,4.476,10.0,3.8,48.508,0.188,1.553,0,0,0,OFFBOARD
593,RETURN,62.17,72.133,0.574,1.499,1.573,0.34,-0.769,-72.133,0.524,1.573,5.738,3.255,0,4.361,10.0,3.805,48.058,0.23,1.57,0,0,0,OFFBOARD
594,RETURN,62.27,71.931,0.502,1.503,1.573,0.34,-0.769,-71.931,0.452,1.573,5.501,3.104,0,4.245,10.0,3.818,47.608,0.274,1.587,0,0,0,OFFBOARD
595,RETURN,62.37,71.727,0.432,1.508,1.573,0.34,-0.769,-71.727,0.382,1.573,5.508,3.46,0,4.111,10.0,3.828,47.158,0.33,1.604,0,0,0,OFFBOARD
596,RETURN,62.48,71.521,0.367,1.514,1.573,0.34,-0.769,-71.521,0.317,1.573,5.654,3.632,0,4.062,10.0,3.851,46.708,0.387,1.621,0,0,0,OFFBOARD
597,RETURN,62.58,71.319,0.311,1.522,1.573,0.34,-0.769,-71.319,0.261,1.573,5.698,3.645,0,4.596,10.0,3.869,46.258,0.451,1.637,0,0,0,OFFBOARD
598,RETURN,62.68,71.115,0.264,1.53,1.573,0.34,-0.769,-71.115,0.214,1.573,5.709,3.46,0,4.658,10.0,3.887,45.808,0.513,1.652,0,0,0,OFFBOARD
599,RETURN,62.78,70.911,0.228,1.539,1.573,0.34,-0.769,-70.911,0.178,1.573,5.727,3.793,0,4.499,10.0,3.908,45.358,0.584,1.665,0,0,0,OFFBOARD
600,RETURN,62.88,70.709,0.203,1.549,1.573,0.34,-0.769,-70.709,0.153,1.573,5.628,3.853,0,4.301,10.0,3.931,44.908,0.654,1.677,0,0,0,OFFBOARD
601,RETURN,62.98,70.507,0.189,1.56,1.573,0.34,-0.769,-70.507,0.139,1.573,5.679,3.883,0,4.218,10.0,3.956,44.458,0.727,1.688,0,0,0,OFFBOARD
602,RETURN,63.08,70.305,0.187,1.571,1.573,0.34,-0.769,-70.305,0.137,1.573,5.802,3.901,0,4.516,10.0,3.982,44.008,0.805,1.697,0,0,0,OFFBOARD
603,RETURN,63.19,70.101,0.196,1.583,1.573,0.34,-0.769,-70.101,0.146,1.573,5.838,3.701,0,4.551,10.0,4.01,43.558,0.882,1.704,0,0,0,OFFBOARD
604,RETURN,63.29,69.899,0.216,1.594,1.573,0.34,-0.769,-69.899,0.166,1.573,5.868,3.499,0,4.52,10.0,4.038,43.108,0.949,1.71,0,0,0,OFFBOARD
605,RETURN,63.39,69.697,0.246,1.606,1.573,0.34,-0.769,-69.697,0.196,1.573,5.814,3.424,0,4.496,10.0,4.065,42.658,1.014,1.713,0,0,0,OFFBOARD
606,RETURN,63.49,69.493,0.286,1.617,1.573,0.34,-0.769,-69.493,0.236,1.573,5.638,3.654,0,4.355,10.0,4.093,42.208,1.082,1.716,0,0,0,OFFBOARD
607,RETURN,63.59,69.291,0.334,1.628,1.573,0.34,-0.769,-69.291,0.284,1.573,5.612,3.628,0,4.157,10.0,4.119,41.758,1.148,1.716,0,0,0,OFFBOARD
608,RETURN,63.69,69.089,0.391,1.638,1.573,0.34,-0.769,-69.089,0.341,1.573,5.726,3.535,0,3.975,10.0,4.143,41.308,1.213,1.715,0,0,0,OFFBOARD
609,RETURN,63.79,68.885,0.455,1.648,1.573,0.34,-0.769,-68.885,0.405,1.573,5.807,3.43,0,3.915,10.0,4.165,40.858,1.267,1.713,0,0,0,OFFBOARD
610,RETURN,63.9,68.683,0.525,1.657,1.573,0.34,-0.769,-68.683,0.475,1.573,5.814,3.317,0,4.098,10.0,4.184,40.408,1.314,1.709,0,0,0,OFFBOARD
611,RETURN,64.0,68.483,0.599,1.664,1.573,0.34,-0.769,-68.483,0.549,1.573,5.82,3.203,0,4.106,10.0,4.201,39.958,1.354,1.703,0,0,0,OFFBOARD
612,RETURN,64.1,68.279,0.678,1.671,1.573,0.34,-0.769,-68.279,0.628,1.573,5.67,3.085,0,4.078,10.0,4.215,39.508,1.389,1.697,0,0,0,OFFBOARD
613,RETURN,64.2,68.077,0.759,1.677,1.573,0.34,-0.769,-68.077,0.709,1.573,5.47,2.957,0,4.035,10.0,4.228,39.058,1.415,1.69,0,0,0,OFFBOARD
614,RETURN,64.3,67.875,0.842,1.681,1.573,0.34,-0.769,-67.875,0.792,1.573,5.27,2.757,0,3.995,10.0,4.24,38.608,1.436,1.682,0,0,0,OFFBOARD
615,RETURN,64.4,67.673,0.924,1.685,1.573,0.34,-0.769,-67.673,0.874,1.573,5.07,2.557,0,3.814,10.0,4.248,38.158,1.445,1.674,0,0,0,OFFBOARD
616,RETURN,64.5,67.471,1.006,1.687,1.573,0.34,-0.769,-67.471,0.956,1.573,4.87,2.357,0,3.614,10.0,4.255,37.708,1.441,1.665,0,0,0,OFFBOARD
617,RETURN,64.6,67.267,1.085,1.688,1.573,0.34,-0.769,-67.267,1.035,1.573,4.67,2.157,0,3.414,6.159,4.26,37.258,1.424,1.656,0,0,0,OFFBOARD
618,RETURN,64.71,67.063,1.161,1.688,1.573,0.34,-0.769,-67.063,1.111,1.573,4.47,2.029,0,3.214,5.898,4.263,36.808,1.393,1.647,0,0,0,OFFBOARD
619,RETURN,64.81,66.863,1.231,1.687,1.573,0.34,-0.769,-66.863,1.181,1.573,4.27,1.929,1,3.014,5.649,4.263,36.358,1.352,1.638,0,0,0,OFFBOARD
620,RETURN,64.91,66.663,1.295,1.685,1.573,0.34,-0.769,-66.663,1.245,1.573,4.0,2.087,0,2.847,5.32,4.232,35.916,1.313,1.63,0,0,0,OFFBOARD
621,RETURN,65.01,66.453,1.354,1.682,1.573,0.34,-0.769,-66.453,1.304,1.573,3.8,2.002,0,2.772,5.084,4.048,35.47,1.267,1.622,0,0,0,OFFBOARD
622,RETURN,65.11,66.249,1.404,1.678,1.573,0.34,-0.769,-66.249,1.354,1.573,3.64,1.931,1,3.244,4.884,3.899,35.023,1.219,1.615,0,0,0,OFFBOARD
623,RETURN,65.21,66.047,1.443,1.674,1.573,0.34,-0.769,-66.047,1.393,1.573,3.566,1.877,1,3.198,4.723,3.771,34.578,1.168,1.608,0,0,0,OFFBOARD
624,RETURN,65.31,65.847,1.473,1.669,1.573,0.34,-0.769,-65.847,1.423,1.573,4.187,1.84,1,3.162,4.601,3.675,34.132,1.072,1.602,0,0,0,OFFBOARD
625,RETURN,65.42,65.643,1.492,1.663,1.573,0.34,-0.769,-65.643,1.442,1.573,4.221,1.746,1,3.002,5.307,3.975,33.684,0.946,1.596,0,0,0,OFFBOARD
626,RETURN,65.52,65.441,1.501,1.658,1.573,0.34,-0.769,-65.441,1.451,1.573,4.058,1.546,1,2.802,5.314,4.106,33.235,0.801,1.584,0,0,0,OFFBOARD
627,RETURN,65.62,65.237,1.499,1.652,1.573,0.34,-0.769,-65.237,1.449,1.573,3.858,1.534,1,2.605,5.114,4.153,32.786,0.642,1.566,0,0,0,OFFBOARD
628,RETURN,65.72,65.043,1.486,1.645,1.573,0.34,-0.769,-65.043,1.436,1.573,3.658,1.803,1,3.106,4.914,4.131,32.337,0.531,1.546,0,0,0,OFFBOARD
629,RETURN,65.82,64.833,1.46,1.638,1.573,0.34,-0.769,-64.833,1.41,1.573,3.63,1.861,1,3.251,4.714,4.105,31.888,0.438,1.527,0,0,0,OFFBOARD
630,RETURN,65.92,64.631,1.421,1.63,1.573,0.34,-0.769,-64.631,1.371,1.573,4.514,1.962,1,3.258,5.671,4.101,31.438,0.359,1.508,0,0,0,OFFBOARD
631,RETURN,66.03,64.427,1.368,1.621,1.573,0.34,-0.769,-64.427,1.318,1.573,4.314,1.802,1,3.058,5.471,4.107,30.989,0.292,1.488,0,0,0,OFFBOARD
632,RETURN,66.13,64.225,1.303,1.611,1.573,0.34,-0.769,-64.225,1.253,1.573,4.112,1.835,1,3.018,5.355,4.085,30.539,0.201,1.465,0,0,0,OFFBOARD
633,RETURN,66.23,64.021,1.224,1.6,1.573,0.34,-0.769,-64.021,1.174,1.573,5.017,2.146,0,3.66,6.327,4.061,30.125,0.141,1.452,0,0,0,OFFBOARD
634,RETURN,66.33,63.819,1.135,1.588,1.573,0.34,-0.769,-63.819,1.085,1.573,4.871,2.435,0,3.714,6.127,3.975,29.699,0.018,1.436,0,0,0,OFFBOARD
635,RETURN,66.43,63.617,1.037,1.575,1.573,0.34,-0.769,-63.617,0.987,1.573,4.671,2.258,0,3.514,10.0,3.896,29.265,-0.069,1.429,0,0,0,OFFBOARD
636,RETURN,66.53,63.415,0.932,1.562,1.573,0.34,-0.769,-63.415,0.883,1.573,5.511,2.727,0,4.008,6.996,3.91,28.825,-0.102,1.428,0,0,0,OFFBOARD
637,RETURN,66.63,63.211,0.822,1.549,1.573,0.34,-0.769,-63.211,0.772,1.573,5.527,2.891,0,4.266,10.0,3.938,28.381,-0.123,1.433,0,0,0,OFFBOARD
638,RETURN,66.74,63.009,0.71,1.536,1.573,0.34,-0.769,-63.009,0.66,1.573,5.327,2.914,0,4.071,10.0,3.905,27.935,-0.119,1.442,0,0,0,OFFBOARD
639,RETURN,66.84,62.805,0.596,1.524,1.573,0.34,-0.769,-62.805,0.546,1.573,5.499,3.181,0,3.997,10.0,3.87,27.488,-0.092,1.454,0,0,0,OFFBOARD
640,RETURN,66.94,62.603,0.483,1.513,1.573,0.34,-0.769,-62.603,0.433,1.573,5.724,3.393,0,4.511,10.0,3.85,27.04,-0.051,1.469,0,0,0,OFFBOARD
641,RETURN,67.04,62.399,0.372,1.504,1.573,0.34,-0.769,-62.399,0.322,1.573,5.739,3.471,0,4.533,10.0,3.829,26.591,0.006,1.486,0,0,0,OFFBOARD
642,RETURN,67.14,62.197,0.268,1.496,1.573,0.34,-0.769,-62.197,0.218,1.573,5.678,3.411,0,4.468,10.0,3.815,26.142,0.071,1.505,0,0,0,OFFBOARD
643,RETURN,67.24,61.997,0.172,1.491,1.573,0.34,-0.769,-61.997,0.122,1.573,5.567,3.726,0,4.261,10.0,3.798,25.692,0.155,1.525,0,0,0,OFFBOARD
644,RETURN,67.34,61.793,0.085,1.488,1.573,0.34,-0.769,-61.793,0.035,1.573,5.534,3.555,0,4.25,10.0,3.741,25.243,0.252,1.546,0,0,0,OFFBOARD
645,RETURN,67.45,61.591,0.011,1.487,1.573,0.34,-0.769,-61.591,-0.039,1.573,5.497,3.382,0,4.702,10.0,3.553,24.793,0.356,1.568,0,0,0,OFFBOARD
646,RETURN,67.55,61.381,-0.051,1.489,1.573,0.34,-0.769,-61.381,-0.101,1.573,5.475,3.206,0,4.774,10.0,3.256,24.343,0.475,1.589,0,0,0,OFFBOARD
647,RETURN,67.65,61.179,-0.095,1.493,1.573,0.34,-0.769,-61.179,-0.145,1.573,5.469,3.048,0,4.715,10.0,3.077,23.893,0.604,1.609,0,0,0,OFFBOARD
648,RETURN,67.75,60.975,-0.121,1.498,1.573,0.34,-0.769,-60.975,-0.171,1.573,5.475,2.908,0,4.517,10.0,2.941,23.443,0.734,1.629,0,0,0,OFFBOARD
649,RETURN,67.85,60.773,-0.13,1.506,1.573,0.34,-0.769,-60.773,-0.18,1.573,5.494,2.764,0,4.416,10.0,2.828,22.993,0.869,1.648,0,0,0,OFFBOARD
650,RETURN,67.95,60.569,-0.12,1.515,1.573,0.34,-0.769,-60.569,-0.17,1.573,5.524,2.617,0,4.623,6.917,2.807,22.543,1.01,1.666,0,0,0,OFFBOARD
651,RETURN,68.06,60.367,-0.092,1.526,1.573,0.34,-0.769,-60.367,-0.142,1.573,5.564,2.472,0,4.745,10.0,3.738,22.093,1.156,1.673,0,0,0,OFFBOARD
652,RETURN,68.16,60.165,-0.046,1.538,1.573,0.34,-0.769,-60.165,-0.096,1.573,5.612,2.306,0,4.721,10.0,3.844,21.643,1.357,1.68,0,0,0,OFFBOARD
653,RETURN,68.26,59.961,0.017,1.55,1.573,0.34,-0.769,-59.961,-0.033,1.573,5.663,2.144,0,4.682,10.0,3.919,21.193,1.571,1.681,0,0,0,OFFBOARD
654,RETURN,68.36,59.759,0.095,1.563,1.573,0.34,-0.769,-59.759,0.045,1.573,5.715,1.979,1,4.573,10.0,3.95,20.743,1.77,1.676,0,0,0,OFFBOARD
655,RETURN,68.46,59.557,0.19,1.575,1.573,0.34,-0.769,-59.557,0.14,1.573,5.643,1.808,1,4.373,10.0,3.98,20.296,1.875,1.662,0,0,0,OFFBOARD
656,RETURN,68.56,59.353,0.301,1.587,1.573,0.34,-0.769,-59.353,0.251,1.573,5.588,3.803,0,4.173,10.0,4.009,19.853,1.869,1.642,0,0,0,OFFBOARD
657,RETURN,68.66,59.151,0.426,1.597,1.573,0.34,-0.769,-59.151,0.376,1.573,5.55,3.608,0,4.029,10.0,4.036,19.407,1.882,1.628,0,0,0,OFFBOARD
658,RETURN,68.77,58.949,0.564,1.605,1.573,0.34,-0.769,-58.949,0.514,1.573,5.566,3.393,0,3.911,10.0,4.061,18.959,1.897,1.619,0,0,0,OFFBOARD
659,RETURN,68.87,58.745,0.715,1.611,1.573,0.34,-0.769,-58.745,0.665,1.573,5.575,3.159,0,3.74,10.0,4.082,18.511,1.911,1.613,0,0,0,OFFBOARD
660,RETURN,68.97,58.543,0.872,1.616,1.573,0.34,-0.769,-58.543,0.822,1.573,5.51,2.924,0,3.562,10.0,4.088,18.062,1.922,1.609,0,0,0,OFFBOARD
661,RETURN,69.07,58.341,1.031,1.619,1.573,0.34,-0.769,-58.341,0.981,1.573,4.633,2.69,0,3.382,6.942,4.093,17.613,1.923,1.606,0,0,0,OFFBOARD
662,RETURN,69.17,58.137,1.19,1.621,1.573,0.34,-0.769,-58.137,1.14,1.573,4.342,2.46,0,3.193,6.74,4.103,17.163,1.912,1.605,0,0,0,OFFBOARD
663,RETURN,69.27,57.933,1.342,1.622,1.573,0.34,-0.769,-57.933,1.292,1.573,4.047,2.237,0,2.999,5.48,4.111,16.714,1.875,1.604,0,0,0,OFFBOARD
664,RETURN,69.37,57.733,1.481,1.623,1.573,0.34,-0.769,-57.733,1.432,1.573,3.83,2.007,0,2.796,5.086,4.107,16.264,1.817,1.604,0,0,0,OFFBOARD
665,RETURN,69.48,57.527,1.612,1.622,1.573,0.34,-0.769,-57.527,1.562,1.573,3.63,1.783,1,2.586,4.886,4.039,15.814,1.736,1.604,0,0,0,OFFBOARD
666,RETURN,69.58,57.325,1.725,1.621,1.573,0.34,-0.769,-57.325,1.675,1.573,3.362,1.536,1,2.3,4.346,3.802,15.436,1.623,1.605,0,0,0,OFFBOARD
667,RETURN,69.68,57.121,1.823,1.62,1.573,0.34,-0.769,-57.121,1.773,1.573,3.164,1.397,1,2.101,3.198,3.31,15.082,1.49,1.607,0,0,0,OFFBOARD
668,RETURN,69.78,56.919,1.903,1.619,1.573,0.34,-0.769,-56.919,1.853,1.573,2.964,1.282,1,1.934,2.964,2.97,14.747,1.337,1.608,0,0,0,OFFBOARD
669,RETURN,69.88,56.717,1.964,1.618,1.573,0.34,-0.769,-56.717,1.914,1.573,2.764,1.197,1,2.368,2.764,2.764,14.419,1.165,1.61,0,0,0,OFFBOARD
670,RETURN,69.98,56.513,2.006,1.617,1.573,0.34,-0.769,-56.513,1.957,1.573,2.564,1.141,1,2.309,2.564,2.564,14.113,0.963,1.612,0,0,0,OFFBOARD
671,RETURN,70.08,56.309,2.028,1.616,1.573,0.34,-0.769,-56.309,1.978,1.573,2.364,1.107,1,2.277,2.364,2.373,13.856,0.742,1.615,0,0,0,OFFBOARD
672,RETURN,70.19,56.107,2.028,1.615,1.573,0.34,-0.769,-56.107,1.978,1.573,2.164,0.907,1,2.164,2.264,2.334,13.648,0.473,1.617,0,0,0,OFFBOARD
673,RETURN,70.29,55.903,2.004,1.615,1.573,0.34,-0.769,-55.903,1.954,1.573,2.932,0.837,1,1.964,3.22,2.909,13.496,0.208,1.62,0,0,0,OFFBOARD
674,RETURN,70.39,55.701,1.956,1.614,1.573,0.34,-0.769,-55.701,1.906,1.573,3.018,1.191,1,1.871,3.018,3.018,13.279,-0.008,1.623,0,0,0,OFFBOARD
675,RETURN,70.49,55.499,1.884,1.614,1.573,0.34,-0.769,-55.499,1.834,1.573,2.818,1.302,1,2.621,2.83,2.818,13.006,-0.203,1.625,0,0,0,OFFBOARD
676,RETURN,70.59,55.295,1.786,1.615,1.573,0.34,-0.769,-55.295,1.736,1.573,3.581,1.364,1,2.62,3.876,3.496,12.746,-0.372,1.628,0,0,0,OFFBOARD
677,RETURN,70.69,55.093,1.666,1.615,1.573,0.34,-0.769,-55.093,1.616,1.573,3.676,1.293,1,2.42,3.717,3.676,12.451,-0.515,1.631,0,0,0,OFFBOARD
678,RETURN,70.79,54.889,1.526,1.616,1.573,0.34,-0.769,-54.889,1.476,1.573,3.484,1.713,1,3.193,4.732,3.98,12.176,-0.619,1.633,0,0,0,OFFBOARD
679,RETURN,70.9,54.687,1.373,1.617,1.573,0.34,-0.769,-54.687,1.323,1.573,4.532,1.977,1,3.276,5.789,4.085,11.909,-0.691,1.636,0,0,0,OFFBOARD
680,RETURN,71.0,54.483,1.207,1.618,1.573,0.34,-0.769,-54.483,1.157,1.573,4.332,1.918,1,3.076,5.633,4.101,11.625,-0.744,1.638,0,0,0,OFFBOARD
681,RETURN,71.1,54.281,1.035,1.62,1.573,0.34,-0.769,-54.281,0.985,1.573,5.064,2.485,0,3.795,6.643,4.1,11.34,-0.755,1.64,0,0,0,OFFBOARD
682,RETURN,71.2,54.079,0.859,1.621,1.573,0.34,-0.769,-54.079,0.809,1.573,5.187,2.674,0,3.93,6.526,4.1,10.997,-0.747,1.642,0,0,0,OFFBOARD
683,RETURN,71.3,53.877,0.68,1.623,1.573,0.34,-0.769,-53.877,0.63,1.573,5.091,2.645,0,3.732,6.42,4.103,10.617,-0.728,1.643,0,0,0,OFFBOARD
684,RETURN,71.4,53.675,0.5,1.625,1.573,0.34,-0.769,-53.675,0.45,1.573,5.85,3.199,0,4.236,10.0,4.106,10.213,-0.692,1.644,0,0,0,OFFBOARD
685,RETURN,71.5,53.471,0.317,1.627,1.573,0.34,-0.769,-53.471,0.267,1.573,5.845,3.332,0,4.413,10.0,4.111,9.792,-0.64,1.645,0,0,0,OFFBOARD
686,RETURN,71.61,53.269,0.139,1.628,1.573,0.34,-0.769,-53.269,0.089,1.573,5.728,3.718,0,4.389,10.0,4.118,9.361,-0.572,1.645,0,0,0,OFFBOARD
687,RETURN,71.71,53.067,-0.034,1.63,1.573,0.34,-0.769,-53.067,-0.084,1.573,5.882,3.913,0,4.187,10.0,4.129,8.924,-0.491,1.645,0,0,0,OFFBOARD
688,RETURN,71.81,52.863,-0.199,1.632,1.573,0.34,-0.769,-52.863,-0.249,1.573,6.021,3.659,0,4.117,10.0,4.129,8.482,-0.401,1.645,0,0,0,OFFBOARD
689,RETURN,71.91,52.661,-0.349,1.634,1.573,0.34,-0.769,-52.661,-0.399,1.573,5.958,3.434,0,4.407,10.0,4.124,8.037,-0.295,1.644,0,0,0,OFFBOARD
690,RETURN,72.01,52.457,-0.482,1.635,1.573,0.34,-0.769,-52.457,-0.531,1.573,5.891,3.199,0,4.412,10.0,4.117,7.591,-0.179,1.643,0,0,0,OFFBOARD
691,RETURN,72.11,52.253,-0.593,1.636,1.573,0.34,-0.769,-52.253,-0.642,1.573,5.833,3.07,0,4.347,10.0,4.115,7.143,-0.056,1.641,0,0,0,OFFBOARD
692,RETURN,72.21,52.051,-0.678,1.637,1.573,0.34,-0.769,-52.051,-0.728,1.573,5.633,2.979,0,4.199,10.0,4.114,6.694,0.073,1.638,0,0,0,OFFBOARD
693,RETURN,72.32,51.849,-0.739,1.638,1.573,0.34,-0.769,-51.849,-0.789,1.573,5.433,2.919,0,4.113,10.0,4.115,6.245,0.201,1.635,0,0,0,OFFBOARD
694,RETURN,72.42,51.647,-0.773,1.639,1.573,0.34,-0.769,-51.647,-0.823,1.573,5.233,2.721,0,3.977,10.0,4.117,5.796,0.337,1.632,0,0,0,OFFBOARD
695,RETURN,72.52,51.443,-0.781,1.639,1.573,0.34,-0.769,-51.443,-0.831,1.573,5.168,2.521,0,3.777,10.0,4.119,5.346,0.481,1.629,0,0,0,OFFBOARD
696,RETURN,72.62,51.241,-0.765,1.639,1.573,0.34,-0.769,-51.241,-0.815,1.573,5.713,2.537,0,3.77,10.0,4.122,4.897,0.623,1.626,0,0,0,OFFBOARD
697,RETURN,72.72,51.039,-0.726,1.638,1.573,0.34,-0.769,-51.039,-0.776,1.573,5.839,2.922,0,4.254,10.0,4.125,4.447,0.752,1.623,0,0,0,OFFBOARD
698,RETURN,72.82,50.835,-0.665,1.638,1.573,0.34,-0.769,-50.835,-0.715,1.573,5.689,2.972,0,4.306,10.0,4.128,3.997,0.884,1.62,0,0,0,OFFBOARD
699,RETURN,72.92,50.633,-0.585,1.637,1.573,0.34,-0.769,-50.633,-0.634,1.573,5.489,2.977,0,4.233,10.0,4.13,3.547,1.007,1.617,0,0,0,OFFBOARD
700,RETURN,73.03,50.429,-0.485,1.636,1.573,0.34,-0.769,-50.429,-0.535,1.573,5.466,2.878,0,4.033,10.0,4.132,3.097,1.13,1.614,0,0,0,OFFBOARD
701,RETURN,73.13,50.227,-0.371,1.634,1.573,0.34,-0.769,-50.227,-0.421,1.573,6.002,3.36,0,4.035,10.0,4.133,2.647,1.239,1.612,0,0,0,OFFBOARD
702,RETURN,73.23,50.023,-0.242,1.632,1.573,0.34,-0.769,-50.023,-0.292,1.573,6.037,3.503,0,4.46,10.0,4.134,2.197,1.343,1.61,0,0,0,OFFBOARD
703,RETURN,73.33,49.821,-0.103,1.631,1.573,0.34,-0.769,-49.821,-0.153,1.573,5.946,3.433,0,4.5,10.0,4.132,1.747,1.439,1.609,0,0,0,OFFBOARD
704,RETURN,73.43,49.617,0.047,1.629,1.573,0.34,-0.769,-49.617,-0.003,1.573,5.822,3.881,0,4.489,10.0,4.128,1.297,1.522,1.607,0,0,0,OFFBOARD
705,RETURN,73.53,49.415,0.203,1.627,1.573,0.34,-0.769,-49.415,0.153,1.573,5.746,3.788,0,4.287,10.0,4.119,0.847,1.595,1.607,0,0,0,OFFBOARD
706,RETURN,73.63,49.213,0.363,1.625,1.573,0.34,-0.769,-49.213,0.313,1.573,5.757,3.55,0,4.089,10.0,4.111,0.397,1.66,1.607,0,0,0,OFFBOARD
707,RETURN,73.74,49.009,0.527,1.623,1.573,0.34,-0.769,-49.009,0.477,1.573,5.784,3.313,0,3.944,10.0,4.105,-0.053,1.711,1.608,0,0,0,OFFBOARD
708,RETURN,73.84,48.807,0.689,1.621,1.573,0.34,-0.769,-48.807,0.639,1.573,5.109,3.087,0,3.804,10.0,4.101,-0.503,1.751,1.609,0,0,0,OFFBOARD
709,RETURN,73.94,48.605,0.849,1.619,1.573,0.34,-0.769,-48.605,0.799,1.573,4.829,2.879,0,3.641,6.147,4.099,-0.953,1.781,1.61,0,0,0,OFFBOARD
710,RETURN,74.04,48.403,1.004,1.618,1.573,0.34,-0.769,-48.403,0.954,1.573,4.631,2.68,0,3.467,5.8,4.1,-1.403,1.794,1.612,0,0,0,OFFBOARD
711,RETURN,74.14,48.199,1.154,1.617,1.573,0.34,-0.769,-48.199,1.104,1.573,4.433,2.479,0,3.284,5.602,4.099,-1.853,1.791,1.614,0,0,0,OFFBOARD
712,RETURN,74.24,47.995,1.295,1.616,1.573,0.34,-0.769,-47.995,1.245,1.573,4.179,2.29,0,3.091,5.369,4.097,-2.303,1.764,1.617,0,0,0,OFFBOARD
713,RETURN,74.35,47.795,1.424,1.615,1.573,0.34,-0.769,-47.795,1.374,1.573,3.88,2.02,0,2.827,4.95,3.967,-2.753,1.712,1.619,0,0,0,OFFBOARD
714,RETURN,74.45,47.587,1.546,1.615,1.573,0.34,-0.769,-47.587,1.496,1.573,3.68,1.823,1,2.632,4.638,3.767,-3.0,1.638,1.622,0,0,0,OFFBOARD
715,RETURN,74.55,47.383,1.653,1.615,1.573,0.34,-0.769,-47.383,1.603,1.573,3.48,1.654,1,2.443,4.257,3.567,-3.0,1.544,1.625,0,0,0,OFFBOARD
716,RETURN,74.65,47.181,1.744,1.615,1.573,0.34,-0.769,-47.181,1.694,1.573,3.28,1.518,1,2.739,3.694,3.367,-3.0,1.428,1.628,0,0,0,OFFBOARD
717,RETURN,74.75,46.977,1.82,1.615,1.573,0.34,-0.769,-46.977,1.771,1.573,3.08,1.404,1,2.676,3.225,3.167,-3.0,1.299,1.63,0,0,0,OFFBOARD
718,RETURN,74.85,46.775,1.879,1.616,1.573,0.34,-0.769,-46.775,1.829,1.573,2.88,1.314,1,2.577,2.955,2.967,-3.0,1.156,1.633,0,0,0,OFFBOARD
719,RETURN,74.95,46.571,1.92,1.617,1.573,0.34,-0.769,-46.571,1.87,1.573,2.68,1.251,1,2.484,2.764,2.767,-3.0,0.998,1.633,0,0,0,OFFBOARD
720,RETURN,75.06,46.369,1.941,1.618,1.573,0.34,-0.769,-46.369,1.891,1.573,2.48,1.213,1,2.443,2.655,2.567,-3.0,0.841,1.628,0,0,0,OFFBOARD
721,RETURN,75.16,46.169,1.941,1.619,1.573,0.34,-0.769,-46.169,1.891,1.573,2.363,1.019,1,2.276,3.391,2.363,-3.0,0.67,1.615,0,0,0,OFFBOARD
722,RETURN,75.26,45.967,1.921,1.62,1.573,0.34,-0.769,-45.967,1.871,1.573,2.167,0.951,1,2.08,3.336,2.167,-3.0,0.514,1.596,0,0,0,OFFBOARD
723,RETURN,75.36,45.763,1.879,1.62,1.573,0.34,-0.769,-45.763,1.829,1.573,1.967,1.304,1,1.989,3.136,1.967,-3.0,0.379,1.573,0,0,0,OFFBOARD
724,RETURN,75.46,45.561,1.816,1.619,1.573,0.34,-0.769,-45.561,1.766,1.573,1.777,1.397,1,2.689,3.119,1.765,-3.0,0.251,1.547,0,0,0,OFFBOARD
725,RETURN,75.56,45.359,1.734,1.617,1.573,0.34,-0.769,-45.359,1.684,1.573,1.907,1.478,1,2.734,3.99,1.565,-3.0,0.127,1.518,0,0,0,OFFBOARD
726,RETURN,75.66,45.155,1.631,1.613,1.573,0.34,-0.769,-45.155,1.582,1.573,1.889,1.343,1,2.536,3.886,1.367,-3.0,-0.011,1.487,0,0,0,OFFBOARD
727,RETURN,75.77,44.953,1.514,1.607,1.573,0.34,-0.769,-44.953,1.464,1.573,2.007,1.746,1,3.204,4.848,1.308,-3.0,-0.152,1.466,0,0,0,OFFBOARD
728,RETURN,75.87,44.749,1.38,1.599,1.573,0.34,-0.769,-44.749,1.33,1.573,1.949,1.949,1,3.391,5.805,1.367,-3.0,-0.312,1.449,0,0,0,OFFBOARD
729,RETURN,75.97,44.547,1.236,1.589,1.573,0.34,-0.769,-44.547,1.186,1.573,2.152,1.936,1,3.192,5.605,1.596,-3.0,-0.481,1.44,0,0,0,OFFBOARD
730,RETURN,76.07,44.345,1.082,1.578,1.573,0.34,-0.769,-44.345,1.032,1.573,5.158,1.974,1,3.8,6.661,3.858,-3.0,-0.61,1.436,0,0,0,OFFBOARD
731,RETURN,76.17,44.141,0.919,1.565,1.573,0.34,-0.769,-44.141,0.869,1.573,5.205,2.57,0,4.048,10.0,3.984,-3.0,-0.65,1.438,0,0,0,OFFBOARD
732,RETURN,76.27,43.939,0.752,1.553,1.573,0.34,-0.769,-43.939,0.702,1.573,5.169,2.592,0,3.848,10.0,3.951,-3.0,-0.657,1.444,0,0,0,OFFBOARD
733,RETURN,76.37,43.737,0.58,1.541,1.573,0.34,-0.769,-43.737,0.53,1.573,5.791,3.198,0,4.386,10.0,3.92,-3.0,-0.634,1.454,0,0,0,OFFBOARD
734,RETURN,76.48,43.533,0.404,1.53,1.573,0.34,-0.769,-43.533,0.354,1.573,5.763,3.448,0,4.571,10.0,3.891,-3.0,-0.589,1.466,0,0,0,OFFBOARD
735,RETURN,76.58,43.331,0.231,1.52,1.573,0.34,-0.769,-43.331,0.181,1.573,5.795,3.382,0,4.539,10.0,3.882,-3.0,-0.541,1.481,0,0,0,OFFBOARD
736,RETURN,76.68,43.129,0.063,1.511,1.573,0.34,-0.769,-43.129,0.013,1.573,5.672,3.977,0,4.341,10.0,3.852,-3.0,-0.474,1.497,0,0,0,OFFBOARD
737,RETURN,76.78,42.925,-0.099,1.505,1.573,0.34,-0.769,-42.925,-0.149,1.573,5.589,3.91,0,4.76,10.0,3.828,-3.0,-0.397,1.515,0,0,0,OFFBOARD
738,RETURN,76.88,42.725,-0.245,1.5,1.573,0.34,-0.769,-42.725,-0.295,1.573,5.509,3.715,0,4.762,6.901,3.808,-3.0,-0.308,1.534,0,0,0,OFFBOARD
739,RETURN,76.98,42.525,-0.375,1.497,1.573,0.34,-0.769,-42.525,-0.425,1.573,5.453,3.539,0,4.622,6.701,3.794,-3.0,-0.213,1.554,0,0,0,OFFBOARD
740,RETURN,77.09,42.313,-0.491,1.497,1.573,0.34,-0.769,-42.313,-0.541,1.573,5.42,3.339,0,4.501,6.501,3.788,-3.0,-0.112,1.574,0,0,0,OFFBOARD
741,RETURN,77.19,42.111,-0.58,1.498,1.573,0.34,-0.769,-42.111,-0.63,1.573,5.407,3.139,0,4.395,6.301,3.788,-3.0,-0.001,1.593,0,0,0,OFFBOARD
742,RETURN,77.29,41.907,-0.646,1.502,1.573,0.34,-0.769,-41.907,-0.696,1.573,5.413,2.939,0,4.195,6.101,3.794,-3.0,0.122,1.612,0,0,0,OFFBOARD
743,RETURN,77.39,41.705,-0.688,1.507,1.573,0.34,-0.769,-41.705,-0.738,1.573,5.433,2.794,0,4.108,5.901,3.807,-3.0,0.258,1.628,0,0,0,OFFBOARD
744,RETURN,77.49,41.503,-0.707,1.514,1.573,0.34,-0.769,-41.503,-0.757,1.573,5.465,2.756,0,4.442,5.701,3.825,-3.0,0.403,1.64,0,0,0,OFFBOARD
745,RETURN,77.59,41.301,-0.704,1.523,1.573,0.34,-0.769,-41.301,-0.754,1.573,5.501,2.93,0,4.544,5.501,3.846,-3.0,0.537,1.643,0,0,0,OFFBOARD
746,RETURN,77.69,41.099,-0.679,1.532,1.573,0.34,-0.769,-41.099,-0.729,1.573,5.301,2.671,0,4.563,5.301,3.87,-3.0,0.688,1.64,0,0,0,OFFBOARD
747,RETURN,77.79,40.895,-0.634,1.542,1.573,0.34,-0.769,-40.895,-0.684,1.573,5.101,2.405,0,4.451,5.101,3.896,-3.0,0.841,1.629,0,0,0,OFFBOARD
748,RETURN,77.9,40.693,-0.57,1.552,1.573,0.34,-0.769,-40.693,-0.62,1.573,4.901,2.189,0,4.251,4.901,3.921,-3.0,0.95,1.614,0,0,0,OFFBOARD
749,RETURN,78.0,40.491,-0.488,1.561,1.573,0.34,-0.769,-40.491,-0.538,1.573,4.701,2.946,0,4.145,4.701,3.945,-3.0,1.015,1.594,0,0,0,OFFBOARD
750,RETURN,78.1,40.289,-0.389,1.569,1.573,0.34,-0.769,-40.289,-0.439,1.573,4.501,3.408,0,4.53,4.501,3.968,-3.0,1.062,1.571,0,0,0,OFFBOARD
751,RETURN,78.2,40.087,-0.276,1.575,1.573,0.34,-0.769,-40.087,-0.326,1.573,4.301,3.525,0,4.604,4.301,3.987,-3.0,1.091,1.546,0,0,0,OFFBOARD
752,RETURN,78.3,39.883,-0.148,1.578,1.573,0.34,-0.769,-39.883,-0.198,1.573,4.722,3.451,0,4.626,4.797,4.002,-3.0,1.111,1.518,0,0,0,OFFBOARD
753,RETURN,78.4,39.681,-0.012,1.58,1.573,0.34,-0.769,-39.681,-0.062,1.573,5.764,3.859,0,4.507,10.0,4.009,-3.0,1.113,1.489,0,0,0,OFFBOARD
754,RETURN,78.5,39.477,0.132,1.578,1.573,0.34,-0.769,-39.477,0.082,1.573,5.794,3.699,0,4.305,10.0,4.001,-3.0,1.145,1.471,0,0,0,OFFBOARD
755,RETURN,78.6,39.275,0.276,1.574,1.573,0.34,-0.769,-39.275,0.226,1.573,5.89,3.501,0,4.199,10.0,3.989,-3.0,1.194,1.461,0,0,0,OFFBOARD
756,RETURN,78.71,39.073,0.419,1.569,1.573,0.34,-0.769,-39.073,0.369,1.573,5.957,3.301,0,4.302,10.0,3.982,-3.0,1.255,1.457,0,0,0,OFFBOARD
757,RETURN,78.81,38.871,0.558,1.561,1.573,0.34,-0.769,-38.871,0.508,1.573,5.905,3.099,0,4.475,10.0,3.971,-3.0,1.318,1.457,0,0,0,OFFBOARD
758,RETURN,78.91,38.667,0.69,1.553,1.573,0.34,-0.769,-38.667,0.64,1.573,5.808,3.11,0,4.434,10.0,3.953,-3.0,1.374,1.462,0,0,0,OFFBOARD
759,RETURN,79.01,38.465,0.812,1.544,1.573,0.34,-0.769,-38.465,0.762,1.573,5.697,2.966,0,4.358,10.0,3.933,-3.0,1.414,1.469,0,0,0,OFFBOARD
760,RETURN,79.11,38.265,0.924,1.536,1.573,0.34,-0.769,-38.265,0.874,1.573,5.552,2.809,0,4.275,10.0,3.906,-3.0,1.438,1.48,0,0,0,OFFBOARD
761,RETURN,79.21,38.057,1.03,1.528,1.573,0.34,-0.769,-38.057,0.98,1.573,5.352,2.673,0,4.096,6.81,3.888,-3.0,1.438,1.493,0,0,0,OFFBOARD
762,RETURN,79.32,37.853,1.126,1.521,1.573,0.34,-0.769,-37.853,1.076,1.573,5.152,2.538,0,3.896,6.427,3.871,-3.0,1.428,1.507,0,0,0,OFFBOARD
763,RETURN,79.42,37.649,1.214,1.516,1.573,0.34,-0.769,-37.649,1.164,1.573,4.952,2.391,0,3.696,6.208,3.858,-3.0,1.407,1.523,0,0,0,OFFBOARD
764,RETURN,79.52,37.447,1.293,1.512,1.573,0.34,-0.769,-37.447,1.243,1.573,4.752,2.239,0,3.496,6.008,3.848,-3.0,1.375,1.54,0,0,0,OFFBOARD
765,RETURN,79.62,37.245,1.365,1.51,1.573,0.34,-0.769,-37.245,1.315,1.573,4.552,2.039,0,3.296,5.808,3.843,-3.0,1.337,1.557,0,0,0,OFFBOARD
766,RETURN,79.72,37.041,1.428,1.509,1.573,0.34,-0.769,-37.041,1.378,1.573,4.352,1.839,1,3.096,5.608,3.842,-3.0,1.284,1.575,0,0,0,OFFBOARD
767,RETURN,79.82,36.839,1.481,1.511,1.573,0.34,-0.769,-36.839,1.431,1.573,4.152,1.685,1,2.909,5.408,3.843,-3.0,1.216,1.592,0,0,0,OFFBOARD
768,RETURN,79.92,36.637,1.524,1.514,1.573,0.34,-0.769,-36.637,1.474,1.573,3.952,1.619,1,2.832,5.208,3.846,-3.0,1.138,1.609,0,0,0,OFFBOARD
769,RETURN,80.03,36.433,1.556,1.518,1.573,0.34,-0.769,-36.433,1.506,1.573,3.752,1.869,1,3.263,5.008,3.838,-3.0,1.068,1.626,0,0,0,OFFBOARD
770,RETURN,80.13,36.231,1.576,1.525,1.573,0.34,-0.769,-36.231,1.526,1.573,3.622,1.847,1,3.264,4.808,3.847,-3.0,1.002,1.641,0,0,0,OFFBOARD
771,RETURN,80.23,36.027,1.582,1.532,1.573,0.34,-0.769,-36.027,1.532,1.573,3.582,1.835,1,3.227,4.606,3.849,-3.0,0.929,1.656,0,0,0,OFFBOARD
772,RETURN,80.33,35.825,1.576,1.541,1.573,0.34,-0.769,-35.825,1.526,1.573,4.269,1.839,1,3.152,4.408,3.855,-3.0,0.853,1.669,0,0,0,OFFBOARD
773,RETURN,80.43,35.623,1.557,1.551,1.573,0.34,-0.769,-35.623,1.507,1.573,4.208,1.696,1,2.952,4.433,3.894,-3.0,0.768,1.682,0,0,0,OFFBOARD
774,RETURN,80.53,35.421,1.527,1.561,1.573,0.34,-0.769,-35.421,1.477,1.573,4.008,1.556,1,2.752,5.264,3.949,-3.0,0.685,1.692,0,0,0,OFFBOARD
775,RETURN,80.63,35.219,1.485,1.572,1.573,0.34,-0.769,-35.219,1.435,1.573,3.808,1.849,1,2.754,5.064,3.977,-3.0,0.618,1.701,0,0,0,OFFBOARD
776,RETURN,80.73,35.015,1.433,1.584,1.573,0.34,-0.769,-35.015,1.383,1.573,3.758,1.899,1,3.347,4.879,4.012,-3.0,0.562,1.708,0,0,0,OFFBOARD
777,RETURN,80.84,34.813,1.373,1.596,1.573,0.34,-0.769,-34.813,1.323,1.573,4.625,1.991,1,3.389,5.921,4.04,-3.0,0.509,1.714,0,0,0,OFFBOARD
778,RETURN,80.94,34.611,1.304,1.608,1.573,0.34,-0.769,-34.611,1.254,1.573,4.464,1.952,1,3.208,5.721,4.067,-3.0,0.466,1.717,0,0,0,OFFBOARD
779,RETURN,81.04,34.407,1.229,1.619,1.573,0.34,-0.769,-34.407,1.179,1.573,4.262,1.921,1,3.029,5.656,4.092,-3.0,0.424,1.719,0,0,0,OFFBOARD
780,RETURN,81.14,34.205,1.148,1.63,1.573,0.34,-0.769,-34.205,1.099,1.573,4.229,2.342,0,3.538,6.098,4.115,-3.0,0.409,1.72,0,0,0,OFFBOARD
781,RETURN,81.24,34.003,1.065,1.641,1.573,0.34,-0.769,-34.003,1.015,1.573,5.121,2.485,0,3.734,6.377,4.138,-3.0,0.399,1.719,0,0,0,OFFBOARD
782,RETURN,81.34,33.799,0.978,1.65,1.573,0.34,-0.769,-33.799,0.928,1.573,4.919,2.406,0,3.662,6.175,4.161,-3.0,0.394,1.716,0,0,0,OFFBOARD
783,RETURN,81.45,33.595,0.891,1.659,1.573,0.34,-0.769,-33.595,0.842,1.573,4.721,2.361,0,3.464,10.0,4.182,-3.0,0.391,1.712,0,0,0,OFFBOARD
784,RETURN,81.55,33.393,0.807,1.667,1.573,0.34,-0.769,-33.393,0.757,1.573,4.98,2.876,0,3.896,10.0,4.21,-3.0,0.413,1.707,0,0,0,OFFBOARD
785,RETURN,81.65,33.189,0.725,1.674,1.573,0.34,-0.769,-33.189,0.675,1.573,4.9,2.978,0,4.02,10.0,4.228,-3.0,0.44,1.7,0,0,0,OFFBOARD
786,RETURN,81.75,32.985,0.647,1.68,1.573,0.34,-0.769,-32.985,0.597,1.573,5.216,2.798,0,4.055,10.0,4.245,-3.0,0.472,1.693,0,0,0,OFFBOARD
787,RETURN,81.85,32.783,0.576,1.684,1.573,0.34,-0.769,-32.783,0.526,1.573,5.136,3.112,0,3.853,10.0,4.259,-3.0,0.516,1.684,0,0,0,OFFBOARD
788,RETURN,81.95,32.581,0.513,1.688,1.573,0.34,-0.769,-32.581,0.463,1.573,5.727,3.283,0,3.744,10.0,4.268,-3.0,0.561,1.676,0,0,0,OFFBOARD
789,RETURN,82.05,32.379,0.458,1.69,1.573,0.34,-0.769,-32.379,0.408,1.573,5.836,3.366,0,4.077,10.0,4.273,-3.0,0.608,1.666,0,0,0,OFFBOARD
790,RETURN,82.16,32.177,0.413,1.691,1.573,0.34,-0.769,-32.177,0.363,1.573,5.765,3.253,0,4.169,10.0,4.275,-3.0,0.656,1.656,0,0,0,OFFBOARD
791,RETURN,82.26,31.973,0.377,1.691,1.573,0.34,-0.769,-31.973,0.328,1.573,5.567,3.14,0,4.111,10.0,4.275,-3.0,0.7,1.644,0,0,0,OFFBOARD
792,RETURN,82.36,31.771,0.353,1.69,1.573,0.34,-0.769,-31.771,0.303,1.573,5.487,3.368,0,3.983,10.0,4.272,-3.0,0.749,1.633,0,0,0,OFFBOARD
793,RETURN,82.46,31.567,0.339,1.687,1.573,0.34,-0.769,-31.567,0.289,1.573,5.781,3.172,0,3.852,10.0,4.267,-3.0,0.793,1.623,0,0,0,OFFBOARD
794,RETURN,82.56,31.365,0.336,1.684,1.573,0.34,-0.769,-31.365,0.286,1.573,5.908,2.971,0,3.709,10.0,4.26,-3.0,0.83,1.614,0,0,0,OFFBOARD
795,RETURN,82.66,31.163,0.343,1.679,1.573,0.34,-0.769,-31.163,0.293,1.573,5.92,2.775,0,3.682,10.0,4.25,-3.0,0.852,1.605,0,0,0,OFFBOARD
796,RETURN,82.76,30.959,0.359,1.674,1.573,0.34,-0.769,-30.959,0.309,1.573,5.823,2.618,0,4.173,10.0,4.239,-3.0,0.866,1.597,0,0,0,OFFBOARD
797,RETURN,82.87,30.759,0.384,1.669,1.573,0.34,-0.769,-30.759,0.334,1.573,5.623,2.513,0,4.269,10.0,4.226,-3.0,0.893,1.589,0,0,0,OFFBOARD
798,RETURN,82.97,30.557,0.416,1.662,1.573,0.34,-0.769,-30.557,0.366,1.573,5.477,2.492,0,4.167,10.0,4.209,-3.0,0.922,1.583,0,0,0,OFFBOARD
799,RETURN,83.07,30.353,0.454,1.655,1.573,0.34,-0.769,-30.353,0.404,1.573,5.442,2.529,0,3.967,10.0,4.19,-3.0,0.954,1.578,0,0,0,OFFBOARD
800,RETURN,83.17,30.151,0.497,1.649,1.573,0.34,-0.769,-30.151,0.447,1.573,5.809,3.176,0,3.868,10.0,4.171,-3.0,1.0,1.575,0,0,0,OFFBOARD
801,RETURN,83.27,29.949,0.543,1.641,1.573,0.34,-0.769,-29.949,0.493,1.573,5.848,3.246,0,4.144,10.0,4.154,-3.0,1.045,1.572,0,0,0,OFFBOARD
802,RETURN,83.37,29.745,0.591,1.634,1.573,0.34,-0.769,-29.745,0.541,1.573,5.862,3.187,0,4.247,10.0,4.136,-3.0,1.086,1.571,0,0,0,OFFBOARD
803,RETURN,83.47,29.543,0.64,1.628,1.573,0.34,-0.769,-29.543,0.59,1.573,5.68,3.132,0,4.205,10.0,4.12,-3.0,1.125,1.571,0,0,0,OFFBOARD
804,RETURN,83.58,29.339,0.691,1.621,1.573,0.34,-0.769,-29.339,0.641,1.573,5.478,2.965,0,4.199,10.0,4.104,-3.0,1.165,1.572,0,0,0,OFFBOARD
805,RETURN,83.68,29.135,0.742,1.615,1.573,0.34,-0.769,-29.135,0.692,1.573,5.28,2.767,0,4.023,10.0,4.09,-3.0,1.196,1.574,0,0,0,OFFBOARD
806,RETURN,83.78,28.933,0.794,1.609,1.573,0.34,-0.769,-28.933,0.744,1.573,5.08,2.612,0,3.823,10.0,4.076,-3.0,1.214,1.577,0,0,0,OFFBOARD
807,RETURN,83.88,28.733,0.845,1.605,1.573,0.34,-0.769,-28.733,0.795,1.573,4.957,2.545,0,3.623,10.0,4.06,-3.0,1.231,1.58,0,0,0,OFFBOARD
808,RETURN,83.98,28.533,0.896,1.6,1.573,0.34,-0.769,-28.533,0.846,1.573,4.847,2.82,0,3.531,10.0,4.048,-3.0,1.255,1.585,0,0,0,OFFBOARD
809,RETURN,84.09,28.319,0.95,1.597,1.573,0.34,-0.769,-28.319,0.9,1.573,5.384,2.751,0,3.894,10.0,4.041,-3.0,1.271,1.59,0,0,0,OFFBOARD
810,RETURN,84.19,28.117,1.001,1.594,1.573,0.34,-0.769,-28.117,0.951,1.573,5.336,2.665,0,3.88,6.821,4.035,-3.0,1.279,1.595,0,0,0,OFFBOARD
811,RETURN,84.29,27.913,1.05,1.592,1.573,0.34,-0.769,-27.913,1.0,1.573,5.257,2.593,0,3.853,6.619,4.03,-3.0,1.278,1.601,0,0,0,OFFBOARD
812,RETURN,84.39,27.709,1.097,1.591,1.573,0.34,-0.769,-27.709,1.047,1.573,5.07,2.516,0,3.814,6.423,4.028,-3.0,1.269,1.607,0,0,0,OFFBOARD
813,RETURN,84.49,27.507,1.141,1.59,1.573,0.34,-0.769,-27.507,1.091,1.573,4.87,2.357,0,3.614,6.232,4.027,-3.0,1.257,1.614,0,0,0,OFFBOARD
814,RETURN,84.59,27.305,1.181,1.59,1.573,0.34,-0.769,-27.305,1.132,1.573,4.67,2.157,0,3.414,6.055,4.028,-3.0,1.234,1.62,0,0,0,OFFBOARD
815,RETURN,84.69,27.101,1.218,1.591,1.573,0.34,-0.769,-27.101,1.168,1.573,4.47,2.001,0,3.214,5.894,4.031,-3.0,1.199,1.626,0,0,0,OFFBOARD
816,RETURN,84.8,26.899,1.25,1.593,1.573,0.34,-0.769,-26.899,1.2,1.573,4.268,1.952,1,3.081,5.747,4.035,-3.0,1.157,1.632,0,0,0,OFFBOARD
817,RETURN,84.9,26.697,1.277,1.595,1.573,0.34,-0.769,-26.697,1.227,1.573,4.106,2.185,0,3.038,6.218,4.041,-3.0,1.126,1.638,0,0,0,OFFBOARD
818,RETURN,85.0,26.493,1.298,1.598,1.573,0.34,-0.769,-26.493,1.248,1.573,4.053,2.154,0,3.524,6.08,4.048,-3.0,1.095,1.643,0,0,0,OFFBOARD
819,RETURN,85.1,26.291,1.313,1.601,1.573,0.34,-0.769,-26.291,1.264,1.573,4.699,2.13,0,3.499,5.942,4.056,-3.0,1.058,1.648,0,0,0,OFFBOARD
820,RETURN,85.2,26.089,1.322,1.605,1.573,0.34,-0.769,-26.089,1.272,1.573,4.714,2.115,0,3.47,5.802,4.065,-3.0,1.015,1.652,0,0,0,OFFBOARD
821,RETURN,85.3,25.887,1.325,1.608,1.573,0.34,-0.769,-25.887,1.275,1.573,4.526,2.014,0,3.27,5.664,4.074,-3.0,0.975,1.656,0,0,0,OFFBOARD
822,RETURN,85.4,25.685,1.32,1.612,1.573,0.34,-0.769,-25.685,1.27,1.573,4.326,1.823,1,3.07,5.527,4.083,-3.0,0.924,1.659,0,0,0,OFFBOARD
823,RETURN,85.5,25.481,1.309,1.617,1.573,0.34,-0.769,-25.481,1.26,1.573,4.124,1.833,1,2.938,5.38,4.093,-3.0,0.871,1.661,0,0,0,OFFBOARD
824,RETURN,85.61,25.279,1.293,1.621,1.573,0.34,-0.769,-25.279,1.243,1.573,3.985,2.099,0,3.395,5.192,4.102,-3.0,0.838,1.663,0,0,0,OFFBOARD
825,RETURN,85.71,25.077,1.27,1.625,1.573,0.34,-0.769,-25.077,1.22,1.573,4.593,2.144,0,3.482,5.029,4.111,-3.0,0.805,1.664,0,0,0,OFFBOARD
826,RETURN,85.81,24.873,1.242,1.629,1.573,0.34,-0.769,-24.873,1.192,1.573,4.69,2.21,0,3.508,4.864,4.12,-3.0,0.769,1.665,0,0,0,OFFBOARD
827,RETURN,85.91,24.669,1.209,1.633,1.573,0.34,-0.769,-24.669,1.159,1.573,4.58,2.068,0,3.324,4.697,4.129,-3.0,0.736,1.665,0,0,0,OFFBOARD
828,RETURN,86.01,24.467,1.171,1.637,1.573,0.34,-0.769,-24.467,1.121,1.573,4.38,2.002,0,3.124,4.531,4.136,-3.0,0.698,1.664,0,0,0,OFFBOARD
829,RETURN,86.11,24.263,1.13,1.641,1.573,0.34,-0.769,-24.263,1.08,1.573,4.247,2.361,0,3.124,4.365,4.12,-3.0,0.682,1.663,0,0,0,OFFBOARD
830,RETURN,86.22,24.063,1.087,1.644,1.573,0.34,-0.769,-24.063,1.037,1.573,4.151,2.45,0,3.685,4.203,4.124,-3.0,0.666,1.662,0,0,0,OFFBOARD
831,RETURN,86.32,23.855,1.04,1.646,1.573,0.34,-0.769,-23.855,0.99,1.573,4.35,2.458,0,3.714,4.081,4.058,-3.0,0.647,1.659,0,0,0,OFFBOARD
832,RETURN,86.42,23.657,0.993,1.649,1.573,0.34,-0.769,-23.657,0.943,1.573,4.671,2.263,0,3.514,5.927,3.986,-3.0,0.629,1.655,0,0,0,OFFBOARD
833,RETURN,86.52,23.455,0.946,1.651,1.573,0.34,-0.769,-23.455,0.896,1.573,4.597,2.649,0,3.351,6.983,4.11,-3.0,0.632,1.65,0,0,0,OFFBOARD
834,RETURN,86.62,23.245,0.897,1.652,1.573,0.34,-0.769,-23.245,0.847,1.573,5.347,2.761,0,3.881,6.783,4.173,-3.0,0.638,1.646,0,0,0,OFFBOARD
835,RETURN,86.72,23.043,0.851,1.653,1.573,0.34,-0.769,-23.043,0.801,1.573,5.327,2.813,0,3.998,10.0,4.176,-3.0,0.646,1.642,0,0,0,OFFBOARD
836,RETURN,86.82,22.839,0.806,1.654,1.573,0.34,-0.769,-22.839,0.756,1.573,5.127,2.714,0,3.871,10.0,4.178,-3.0,0.658,1.638,0,0,0,OFFBOARD
837,RETURN,86.93,22.637,0.764,1.653,1.573,0.34,-0.769,-22.637,0.714,1.573,4.927,2.587,0,3.671,10.0,4.178,-3.0,0.675,1.634,0,0,0,OFFBOARD
838,RETURN,87.03,22.435,0.726,1.653,1.573,0.34,-0.769,-22.435,0.676,1.573,5.482,2.806,0,3.599,10.0,4.178,-3.0,0.71,1.63,0,0,0,OFFBOARD
839,RETURN,87.13,22.231,0.692,1.652,1.573,0.34,-0.769,-22.231,0.642,1.573,5.711,2.648,0,4.022,10.0,4.157,-3.0,0.743,1.625,0,0,0,OFFBOARD
840,RETURN,87.23,22.029,0.663,1.65,1.573,0.34,-0.769,-22.029,0.613,1.573,5.583,2.492,0,4.084,10.0,4.117,-3.0,0.779,1.619,0,0,0,OFFBOARD
841,RETURN,87.33,21.825,0.639,1.648,1.573,0.34,-0.769,-21.825,0.589,1.573,5.383,2.334,0,3.955,10.0,4.072,-3.0,0.843,1.613,0,0,0,OFFBOARD
842,RETURN,87.43,21.623,0.62,1.646,1.573,0.34,-0.769,-21.623,0.571,1.573,5.183,2.178,0,3.861,10.0,4.029,-3.0,0.916,1.607,0,0,0,OFFBOARD
843,RETURN,87.53,21.421,0.609,1.644,1.573,0.34,-0.769,-21.421,0.559,1.573,5.202,2.106,0,3.727,10.0,4.061,-3.0,0.999,1.599,0,0,0,OFFBOARD
844,RETURN,87.64,21.219,0.603,1.64,1.573,0.34,-0.769,-21.219,0.553,1.573,5.714,2.683,0,3.619,10.0,4.123,-3.0,1.132,1.587,0,0,0,OFFBOARD
845,RETURN,87.74,21.017,0.606,1.637,1.573,0.34,-0.769,-21.017,0.556,1.573,5.742,2.483,0,3.983,10.0,4.148,-3.0,1.277,1.573,0,0,0,OFFBOARD
846,RETURN,87.84,20.813,0.616,1.633,1.573,0.34,-0.769,-20.813,0.566,1.573,5.639,2.283,0,4.132,10.0,4.14,-3.0,1.441,1.556,0,0,0,OFFBOARD
847,RETURN,87.94,20.611,0.635,1.628,1.573,0.34,-0.769,-20.611,0.585,1.573,5.439,2.083,0,4.161,10.0,4.128,-3.0,1.611,1.535,0,0,0,OFFBOARD
848,RETURN,88.04,20.407,0.665,1.622,1.573,0.34,-0.769,-20.407,0.615,1.573,5.239,1.883,1,3.983,10.0,4.113,-3.0,1.768,1.513,0,0,0,OFFBOARD
849,RETURN,88.14,20.205,0.707,1.615,1.573,0.34,-0.769,-20.205,0.657,1.573,5.109,1.763,1,3.783,10.0,4.095,-3.0,1.889,1.487,0,0,0,OFFBOARD
850,RETURN,88.24,20.003,0.761,1.606,1.573,0.34,-0.769,-20.003,0.711,1.573,5.03,1.845,1,3.625,10.0,4.073,-3.0,1.964,1.46,0,0,0,OFFBOARD
851,RETURN,88.34,19.799,0.83,1.596,1.573,0.34,-0.769,-19.799,0.78,1.573,5.36,1.945,1,3.559,10.0,4.051,-3.0,1.962,1.433,0,0,0,OFFBOARD
852,RETURN,88.45,19.597,0.912,1.585,1.573,0.34,-0.769,-19.597,0.862,1.573,5.355,2.073,0,3.887,10.0,4.027,-3.0,1.949,1.407,0,0,0,OFFBOARD
853,RETURN,88.55,19.393,1.008,1.572,1.573,0.34,-0.769,-19.393,0.958,1.573,5.313,2.649,0,3.821,10.0,4.001,-3.0,1.887,1.392,0,0,0,OFFBOARD
854,RETURN,88.65,19.191,1.113,1.558,1.573,0.34,-0.769,-19.191,1.063,1.573,5.138,2.451,0,3.73,6.498,3.96,-3.0,1.83,1.387,0,0,0,OFFBOARD
855,RETURN,88.75,18.991,1.223,1.543,1.573,0.34,-0.769,-18.991,1.173,1.573,4.957,2.295,0,3.654,6.286,3.917,-3.0,1.769,1.389,0,0,0,OFFBOARD
856,RETURN,88.85,18.785,1.338,1.528,1.573,0.34,-0.769,-18.785,1.288,1.573,4.787,2.14,0,3.573,6.086,3.882,-3.0,1.703,1.397,0,0,0,OFFBOARD
857,RETURN,88.95,18.583,1.448,1.513,1.573,0.34,-0.769,-18.583,1.398,1.573,4.628,1.991,1,3.373,5.886,3.854,-3.0,1.631,1.409,0,0,0,OFFBOARD
858,RETURN,89.06,18.379,1.551,1.499,1.573,0.34,-0.769,-18.379,1.501,1.573,4.43,1.857,1,3.173,4.623,3.798,-3.0,1.55,1.425,0,0,0,OFFBOARD
859,RETURN,89.16,18.242,1.606,1.489,1.573,0.34,-0.769,-18.242,1.556,1.573,3.074,1.527,1,2.701,3.103,3.102,-3.0,1.42,1.443,0,0,0,OFFBOARD
860,RETURN,89.26,18.154,1.609,1.488,1.573,0.34,-0.769,-18.154,1.559,1.573,1.856,1.247,1,1.812,1.882,1.912,-3.0,1.251,1.463,0,0,0,OFFBOARD
861,RETURN,89.36,18.057,1.593,1.483,1.573,0.34,-0.769,-18.057,1.543,1.573,1.754,1.118,1,1.631,1.753,1.691,-3.0,1.088,1.482,0,0,0,OFFBOARD
862,RETURN,89.46,17.942,1.554,1.477,1.573,0.34,-0.769,-17.942,1.504,1.573,1.569,0.941,1,1.494,1.557,1.526,-3.0,0.95,1.498,0,0,0,OFFBOARD
863,RETURN,89.56,17.801,1.495,1.474,1.573,0.34,-0.769,-17.801,1.445,1.573,1.483,1.043,1,1.424,1.523,1.501,-3.0,0.819,1.506,0,0,0,OFFBOARD
864,RETURN,89.66,17.63,1.427,1.473,1.573,0.34,-0.769,-17.63,1.377,1.573,1.494,1.075,1,1.399,1.532,1.521,-3.0,0.671,1.507,0,0,0,OFFBOARD
865,RETURN,89.77,17.433,1.362,1.472,1.573,0.34,-0.769,-17.433,1.312,1.573,1.483,1.132,1,1.387,1.554,1.545,-3.0,0.515,1.503,0,0,0,OFFBOARD
866,RETURN,89.87,17.215,1.308,1.473,1.573,0.34,-0.769,-17.215,1.258,1.573,1.376,1.236,1,1.303,1.47,1.595,-3.0,0.336,1.497,0,0,0,OFFBOARD
867,RETURN,89.97,16.978,1.268,1.474,1.573,0.34,-0.769,-16.978,1.218,1.573,1.671,1.224,1,1.367,1.691,1.733,-3.0,0.15,1.489,0,0,0,OFFBOARD
868,RETURN,90.07,16.731,1.245,1.476,1.573,0.34,-0.769,-16.731,1.195,1.573,1.687,1.11,1,1.562,1.756,1.764,-3.0,-0.041,1.481,0,0,0,OFFBOARD
869,RETURN,90.17,16.478,1.235,1.477,1.573,0.34,-0.769,-16.478,1.185,1.573,1.751,1.281,1,1.647,1.848,1.845,-3.0,-0.223,1.473,0,0,0,OFFBOARD
870,RETURN,90.27,16.219,1.233,1.478,1.573,0.34,-0.769,-16.219,1.183,1.573,1.63,1.315,1,1.511,1.722,1.873,-3.0,-0.409,1.466,0,0,0,OFFBOARD
871,RETURN,90.37,15.961,1.233,1.478,1.573,0.34,-0.769,-15.961,1.183,1.573,2.019,1.316,1,1.803,2.111,2.18,-3.0,-0.605,1.464,0,0,0,OFFBOARD
872,RETURN,90.48,15.701,1.23,1.478,1.573,0.34,-0.769,-15.701,1.18,1.573,2.121,1.461,1,1.998,2.187,2.218,-3.0,-0.776,1.47,0,0,0,OFFBOARD
873,RETURN,90.58,15.445,1.216,1.478,1.573,0.34,-0.769,-15.445,1.166,1.573,2.547,1.595,1,1.955,2.724,2.765,-3.0,-0.925,1.481,0,0,0,OFFBOARD
874,RETURN,90.68,15.191,1.187,1.478,1.573,0.34,-0.769,-15.191,1.137,1.573,2.77,1.569,1,2.614,2.872,2.982,-3.0,-1.048,1.495,0,0,0,OFFBOARD
875,RETURN,90.78,14.937,1.14,1.478,1.573,0.34,-0.769,-14.937,1.09,1.573,3.692,1.962,1,2.998,3.736,3.717,-3.0,-1.128,1.513,0,0,0,OFFBOARD
876,RETURN,90.88,14.69,1.072,1.478,1.573,0.34,-0.769,-14.69,1.022,1.573,4.578,2.161,0,3.411,4.847,4.209,-3.0,-1.166,1.531,0,0,0,OFFBOARD
877,RETURN,90.98,14.444,0.982,1.48,1.573,0.34,-0.769,-14.444,0.932,1.573,5.395,2.658,0,4.091,6.874,4.171,-3.0,-1.163,1.551,0,0,0,OFFBOARD
878,RETURN,91.08,14.203,0.871,1.483,1.573,0.34,-0.769,-14.203,0.821,1.573,5.397,2.837,0,4.09,10.0,4.169,-3.0,-1.131,1.571,0,0,0,OFFBOARD
879,RETURN,91.19,13.972,0.746,1.488,1.573,0.34,-0.769,-13.972,0.696,1.573,6.001,3.577,0,4.044,10.0,4.263,-3.0,-1.069,1.591,0,0,0,OFFBOARD
880,RETURN,91.29,13.745,0.614,1.494,1.573,0.34,-0.769,-13.745,0.564,1.573,5.203,3.77,0,3.97,10.0,4.385,-3.0,-0.981,1.611,0,0,0,OFFBOARD
881,RETURN,91.39,13.52,0.487,1.501,1.573,0.34,-0.769,-13.52,0.437,1.573,4.941,3.417,0,3.978,6.415,4.495,-3.0,-0.879,1.629,0,0,0,OFFBOARD
882,RETURN,91.49,13.298,0.387,1.51,1.573,0.34,-0.769,-13.298,0.337,1.573,4.849,3.244,0,4.09,6.093,4.546,-3.0,-0.773,1.645,0,0,0,OFFBOARD
883,RETURN,91.59,13.073,0.324,1.519,1.573,0.34,-0.769,-13.073,0.275,1.573,5.291,3.143,0,4.15,5.896,4.537,-3.0,-0.681,1.651,0,0,0,OFFBOARD
884,RETURN,91.69,12.845,0.311,1.53,1.573,0.34,-0.769,-12.845,0.261,1.573,5.363,3.053,0,4.106,6.407,4.425,-3.0,-0.592,1.651,0,0,0,OFFBOARD
885,RETURN,91.79,12.61,0.345,1.541,1.573,0.34,-0.769,-12.61,0.295,1.573,5.202,3.05,0,4.019,6.593,4.248,-3.0,-0.51,1.648,0,0,0,OFFBOARD
886,RETURN,91.9,12.372,0.418,1.552,1.573,0.34,-0.769,-12.372,0.368,1.573,5.885,3.462,0,4.454,10.0,4.093,-3.0,-0.444,1.646,0,0,0,OFFBOARD
887,RETURN,92.0,12.129,0.521,1.563,1.573,0.34,-0.769,-12.129,0.471,1.573,5.813,3.27,0,4.356,10.0,4.018,-3.0,-0.396,1.647,0,0,0,OFFBOARD
888,RETURN,92.1,11.885,0.64,1.573,1.573,0.34,-0.769,-11.885,0.591,1.573,5.935,3.097,0,4.171,10.0,4.024,-3.0,-0.37,1.649,0,0,0,OFFBOARD
889,RETURN,92.2,11.642,0.767,1.582,1.573,0.34,-0.769,-11.642,0.717,1.573,5.913,3.455,0,3.967,10.0,3.27,-3.0,-0.325,1.65,0,0,0,OFFBOARD
890,RETURN,92.3,11.4,0.89,1.591,1.573,0.34,-0.769,-11.4,0.84,1.573,5.049,2.67,0,3.775,10.0,2.822,-3.0,-0.303,1.652,0,0,0,OFFBOARD
891,RETURN,92.4,11.158,1.0,1.599,1.573,0.34,-0.769,-11.158,0.95,1.573,4.833,2.351,0,3.58,10.0,2.91,-3.0,-0.306,1.654,0,0,0,OFFBOARD
892,RETURN,92.5,10.924,1.087,1.606,1.573,0.34,-0.769,-10.924,1.037,1.573,4.621,2.123,0,3.374,5.86,2.96,-3.0,-0.329,1.656,0,0,0,OFFBOARD
893,RETURN,92.6,10.697,1.141,1.612,1.573,0.34,-0.769,-10.697,1.091,1.573,4.409,1.973,1,3.167,5.612,2.894,-3.0,-0.368,1.657,0,0,0,OFFBOARD
894,RETURN,92.71,10.472,1.159,1.618,1.573,0.34,-0.769,-10.472,1.109,1.573,4.192,1.889,1,3.082,5.363,2.836,-3.0,-0.415,1.658,0,0,0,OFFBOARD
895,RETURN,92.81,10.253,1.135,1.624,1.573,0.34,-0.769,-10.253,1.085,1.573,3.974,2.181,0,3.427,5.121,3.896,-3.0,-0.453,1.659,0,0,0,OFFBOARD
896,RETURN,92.91,10.036,1.071,1.629,1.573,0.34,-0.769,-10.036,1.021,1.573,3.825,2.174,0,3.468,5.01,4.282,-3.0,-0.488,1.659,0,0,0,OFFBOARD
897,RETURN,93.01,9.823,0.973,1.633,1.573,0.34,-0.769,-9.823,0.924,1.573,4.459,2.238,0,3.507,4.816,4.292,-3.0,-0.521,1.659,0,0,0,OFFBOARD
898,RETURN,93.11,9.609,0.85,1.637,1.573,0.34,-0.769,-9.609,0.8,1.573,4.558,2.108,0,3.309,5.68,4.275,-3.0,-0.546,1.658,0,0,0,OFFBOARD
899,RETURN,93.21,9.396,0.71,1.64,1.573,0.34,-0.769,-9.396,0.66,1.573,4.366,2.549,0,3.742,5.674,4.148,-3.0,-0.544,1.656,0,0,0,OFFBOARD
900,RETURN,93.32,9.18,0.56,1.643,1.573,0.34,-0.769,-9.18,0.51,1.573,5.326,2.797,0,4.008,6.703,4.052,-3.0,-0.531,1.655,0,0,0,OFFBOARD
901,RETURN,93.42,8.966,0.408,1.646,1.573,0.34,-0.769,-8.966,0.358,1.573,5.18,2.741,0,3.901,10.0,4.012,-3.0,-0.508,1.653,0,0,0,OFFBOARD
902,RETURN,93.52,8.749,0.253,1.648,1.573,0.34,-0.769,-8.749,0.203,1.573,5.761,3.325,0,4.311,10.0,4.049,-3.0,-0.46,1.65,0,0,0,OFFBOARD
903,RETURN,93.62,8.526,0.095,1.649,1.573,0.34,-0.769,-8.526,0.045,1.573,5.889,3.456,0,4.428,10.0,4.117,-3.0,-0.391,1.648,0,0,0,OFFBOARD
904,RETURN,93.72,8.303,-0.063,1.65,1.573,0.34,-0.769,-8.303,-0.113,1.573,5.717,3.508,0,4.371,10.0,4.212,-3.0,-0.305,1.645,0,0,0,OFFBOARD
905,RETURN,93.82,8.085,-0.217,1.651,1.573,0.34,-0.769,-8.085,-0.267,1.573,5.633,3.33,0,4.19,10.0,4.304,-3.0,-0.208,1.642,0,0,0,OFFBOARD
906,RETURN,93.92,7.868,-0.365,1.651,1.573,0.34,-0.769,-7.868,-0.415,1.573,5.379,3.151,0,3.996,10.0,4.382,-3.0,-0.093,1.638,0,0,0,OFFBOARD
907,RETURN,94.03,7.651,-0.505,1.651,1.573,0.34,-0.769,-7.651,-0.555,1.573,5.135,2.979,0,3.796,10.0,4.412,-3.0,0.043,1.634,0,0,0,OFFBOARD
908,RETURN,94.13,7.439,-0.625,1.65,1.573,0.34,-0.769,-7.439,-0.675,1.573,4.966,2.767,0,3.693,10.0,4.408,-3.0,0.19,1.625,0,0,0,OFFBOARD
909,RETURN,94.23,7.229,-0.722,1.649,1.573,0.34,-0.769,-7.229,-0.772,1.573,5.296,2.577,0,4.037,10.0,4.342,-3.0,0.347,1.615,0,0,0,OFFBOARD
910,RETURN,94.33,7.019,-0.789,1.648,1.573,0.34,-0.769,-7.019,-0.839,1.573,5.422,2.398,0,4.034,6.936,4.265,-3.0,0.511,1.602,0,0,0,OFFBOARD
911,RETURN,94.43,6.812,-0.82,1.646,1.573,0.34,-0.769,-6.812,-0.87,1.573,5.464,2.258,0,4.018,6.737,4.295,-3.0,0.679,1.585,0,0,0,OFFBOARD
912,RETURN,94.53,6.606,-0.815,1.643,1.573,0.34,-0.769,-6.606,-0.865,1.573,5.261,2.136,0,3.995,6.538,4.247,-3.0,0.866,1.567,0,0,0,OFFBOARD
913,RETURN,94.63,6.4,-0.773,1.638,1.573,0.34,-0.769,-6.4,-0.822,1.573,5.059,1.931,1,3.797,6.345,4.191,-3.0,1.031,1.548,0,0,0,OFFBOARD
914,RETURN,94.73,6.191,-0.696,1.633,1.573,0.34,-0.769,-6.191,-0.746,1.573,5.026,1.836,1,3.761,10.0,4.14,-3.0,1.152,1.533,0,0,0,OFFBOARD
915,RETURN,94.84,5.984,-0.592,1.627,1.573,0.34,-0.769,-5.984,-0.642,1.573,5.723,2.943,0,4.267,10.0,4.104,-3.0,1.195,1.512,0,0,0,OFFBOARD
916,RETURN,94.94,5.776,-0.466,1.619,1.573,0.34,-0.769,-5.776,-0.516,1.573,5.686,3.108,0,4.37,10.0,4.083,-3.0,1.259,1.496,0,0,0,OFFBOARD
917,RETURN,95.04,5.566,-0.323,1.61,1.573,0.34,-0.769,-5.566,-0.373,1.573,5.526,3.004,0,4.216,10.0,4.071,-3.0,1.325,1.483,0,0,0,OFFBOARD
918,RETURN,95.14,5.357,-0.172,1.601,1.573,0.34,-0.769,-5.357,-0.222,1.573,10.0,3.55,0,4.137,10.0,4.06,-3.0,1.338,1.474,0,0,0,OFFBOARD
919,RETURN,95.24,5.146,-0.013,1.59,1.573,0.34,-0.769,-5.146,-0.063,1.573,10.0,3.783,0,4.52,10.0,4.049,-3.0,1.316,1.466,0,0,0,OFFBOARD
920,RETURN,95.34,4.937,0.149,1.579,1.573,0.34,-0.769,-4.937,0.099,1.573,10.0,3.633,0,4.569,10.0,4.044,-3.0,1.273,1.462,0,0,0,OFFBOARD
921,RETURN,95.44,4.728,0.312,1.568,1.573,0.34,-0.769,-4.728,0.263,1.573,10.0,3.377,0,4.523,10.0,4.04,-3.0,1.238,1.458,0,0,0,OFFBOARD
922,RETURN,95.55,4.518,0.477,1.557,1.573,0.34,-0.769,-4.518,0.428,1.573,10.0,3.176,0,4.441,10.0,4.032,-3.0,1.188,1.458,0,0,0,OFFBOARD
923,RETURN,95.65,4.311,0.637,1.546,1.573,0.34,-0.769,-4.311,0.587,1.573,10.0,2.978,0,4.242,10.0,4.022,-3.0,1.15,1.463,0,0,0,OFFBOARD
924,RETURN,95.75,4.103,0.792,1.536,1.573,0.34,-0.769,-4.103,0.742,1.573,10.0,2.779,0,4.04,10.0,4.003,-3.0,1.116,1.471,0,0,0,OFFBOARD
925,RETURN,95.85,3.902,0.93,1.527,1.573,0.34,-0.769,-3.902,0.88,1.573,10.0,2.512,0,3.77,10.0,10.0,-3.0,1.035,1.482,0,0,0,OFFBOARD
926,RETURN,95.95,3.687,1.062,1.519,1.573,0.34,-0.769,-3.687,1.012,1.573,10.0,2.31,0,3.581,10.0,10.0,-3.0,0.965,1.486,0,0,0,OFFBOARD
927,RETURN,96.05,3.484,1.168,1.512,1.573,0.34,-0.769,-3.484,1.118,1.573,10.0,2.118,0,10.0,10.0,10.0,-3.0,0.899,1.485,0,0,0,OFFBOARD
928,RETURN,96.16,3.28,1.254,1.506,1.573,0.34,-0.769,-3.28,1.204,1.573,10.0,2.005,0,10.0,10.0,10.0,-3.0,0.835,1.49,0,0,0,OFFBOARD
929,RETURN,96.26,3.077,1.317,1.502,1.573,0.34,-0.769,-3.077,1.268,1.573,10.0,1.919,1,10.0,10.0,10.0,-3.0,0.787,1.5,0,0,0,OFFBOARD
930,RETURN,96.36,2.872,1.359,1.498,1.573,0.34,-0.769,-2.872,1.309,1.573,10.0,2.219,0,10.0,10.0,10.0,-3.0,0.752,1.511,0,0,0,OFFBOARD
931,RETURN,96.46,2.669,1.38,1.496,1.573,0.34,-0.769,-2.669,1.33,1.573,10.0,2.17,0,10.0,10.0,10.0,-3.0,0.7,1.513,0,0,0,OFFBOARD
932,RETURN,96.56,2.463,1.38,1.495,1.573,0.34,-0.769,-2.463,1.33,1.573,10.0,2.131,0,10.0,10.0,10.0,-3.0,0.632,1.514,0,0,0,OFFBOARD
933,RETURN,96.66,2.26,1.364,1.495,1.573,0.34,-0.769,-2.26,1.314,1.573,10.0,2.135,0,10.0,10.0,10.0,-3.0,0.596,1.515,0,0,0,OFFBOARD
934,RETURN,96.76,2.057,1.334,1.495,1.573,0.34,-0.769,-2.057,1.284,1.573,10.0,1.945,1,10.0,10.0,10.0,-3.0,0.517,1.511,0,0,0,OFFBOARD
