step,phase,t_s,x_m,y_m,z_m,vx_ms,vy_ms,vz_ms,fwd_progress_m,lat_offset_m,speed_ms,front_d_m,min_depth_m,prox_alarm,depth_top,depth_mid,depth_bot,tgt_x,tgt_y,tgt_z,collision,near_miss,armed,mode
0,OUTBOUND,0.0,0.0,0.15,1.576,1.583,0.639,-0.677,0.0,-0.0,1.583,6.023,3.511,0,4.575,10.0,3.985,0.225,0.137,1.489,0,0,0,OFFBOARD
1,OUTBOUND,0.1,0.0,0.15,1.569,1.583,0.639,-0.677,0.0,-0.0,1.583,5.949,3.517,0,4.649,10.0,3.925,0.529,0.1,1.473,0,0,0,OFFBOARD
2,OUTBOUND,0.2,0.001,0.15,1.562,1.583,0.639,-0.677,0.001,-0.0,1.583,5.585,3.599,0,4.719,10.0,3.745,0.884,0.046,1.455,0,0,0,OFFBOARD
3,OUTBOUND,0.3,0.004,0.15,1.553,1.583,0.639,-0.677,0.004,-0.0,1.583,4.942,4.084,0,5.23,10.0,3.445,1.272,-0.012,1.442,0,0,0,OFFBOARD
4,OUTBOUND,0.41,0.015,0.149,1.545,1.583,0.639,-0.677,0.015,-0.001,1.583,4.231,4.139,0,5.781,6.702,3.084,1.682,-0.071,1.438,0,0,0,OFFBOARD
5,OUTBOUND,0.51,0.037,0.146,1.535,1.583,0.639,-0.677,0.037,-0.004,1.583,3.604,3.54,0,6.992,5.272,2.742,2.106,-0.13,1.441,0,0,0,OFFBOARD
6,OUTBOUND,0.61,0.079,0.142,1.526,1.583,0.639,-0.677,0.079,-0.008,1.583,3.165,3.092,0,10.0,4.395,2.487,2.525,-0.158,1.445,0,0,0,OFFBOARD
7,OUTBOUND,0.71,0.145,0.134,1.517,1.583,0.639,-0.677,0.145,-0.016,1.583,2.954,2.872,0,10.0,4.008,2.359,2.894,-0.148,1.444,0,0,0,OFFBOARD
8,OUTBOUND,0.81,0.24,0.121,1.508,1.583,0.639,-0.677,0.24,-0.028,1.583,2.94,2.849,0,10.0,3.995,2.35,3.241,-0.111,1.438,0,0,0,OFFBOARD
9,OUTBOUND,0.91,0.361,0.104,1.5,1.583,0.639,-0.677,0.361,-0.045,1.583,3.104,3.007,0,10.0,4.319,2.446,3.573,-0.057,1.431,0,0,0,OFFBOARD
10,OUTBOUND,1.01,0.507,0.083,1.492,1.583,0.639,-0.677,0.507,-0.067,1.583,3.442,3.35,0,10.0,5.013,2.638,3.892,0.006,1.422,0,0,0,OFFBOARD
11,OUTBOUND,1.11,0.671,0.059,1.485,1.583,0.639,-0.677,0.671,-0.091,1.583,3.951,3.895,0,6.35,6.152,2.906,4.186,0.07,1.414,0,0,0,OFFBOARD
12,OUTBOUND,1.22,0.845,0.033,1.478,1.583,0.639,-0.677,0.845,-0.117,1.583,4.563,4.066,0,5.276,6.58,3.213,4.525,0.108,1.415,0,0,0,OFFBOARD
13,OUTBOUND,1.32,1.025,0.009,1.471,1.583,0.639,-0.677,1.025,-0.141,1.583,5.115,3.921,0,4.981,10.0,3.496,4.903,0.117,1.425,0,0,0,OFFBOARD
14,OUTBOUND,1.42,1.207,-0.011,1.464,1.583,0.639,-0.677,1.207,-0.161,1.583,5.491,3.784,0,4.851,10.0,3.687,5.306,0.105,1.439,0,0,0,OFFBOARD
15,OUTBOUND,1.52,1.39,-0.026,1.459,1.583,0.639,-0.677,1.39,-0.176,1.583,5.611,4.046,0,4.688,10.0,3.752,5.726,0.071,1.457,0,0,0,OFFBOARD
16,OUTBOUND,1.62,1.574,-0.034,1.455,1.583,0.639,-0.677,1.574,-0.184,1.583,5.525,4.082,0,4.502,10.0,3.712,6.156,0.025,1.478,0,0,0,OFFBOARD
17,OUTBOUND,1.72,1.757,-0.036,1.452,1.583,0.639,-0.677,1.757,-0.186,1.583,5.348,4.093,0,4.937,10.0,3.618,6.592,-0.031,1.499,0,0,0,OFFBOARD
18,OUTBOUND,1.82,1.942,-0.032,1.451,1.583,0.639,-0.677,1.942,-0.182,1.583,5.183,4.115,0,5.113,10.0,3.521,7.034,-0.096,1.523,0,0,0,OFFBOARD
19,OUTBOUND,1.93,2.129,-0.025,1.452,1.583,0.639,-0.677,2.129,-0.175,1.583,5.094,3.931,0,5.066,10.0,3.455,7.478,-0.164,1.547,0,0,0,OFFBOARD
20,OUTBOUND,2.03,2.316,-0.018,1.455,1.583,0.639,-0.677,2.316,-0.168,1.583,5.057,3.935,0,4.954,10.0,3.434,7.924,-0.231,1.571,0,0,0,OFFBOARD
21,OUTBOUND,2.13,2.511,-0.011,1.461,1.583,0.639,-0.677,2.511,-0.161,1.583,5.054,4.217,0,4.774,10.0,3.456,8.372,-0.304,1.595,0,0,0,OFFBOARD
22,OUTBOUND,2.23,2.708,-0.009,1.468,1.583,0.639,-0.677,2.708,-0.159,1.583,5.128,4.227,0,4.601,10.0,3.515,8.82,-0.38,1.618,0,0,0,OFFBOARD
23,OUTBOUND,2.33,2.904,-0.012,1.477,1.583,0.639,-0.677,2.904,-0.162,1.583,5.258,4.199,0,4.497,10.0,3.598,9.269,-0.459,1.64,0,0,0,OFFBOARD
24,OUTBOUND,2.43,3.105,-0.022,1.488,1.583,0.639,-0.677,3.105,-0.172,1.583,5.466,4.156,0,4.358,10.0,3.715,9.718,-0.543,1.661,0,0,0,OFFBOARD
25,OUTBOUND,2.54,3.304,-0.039,1.501,1.583,0.639,-0.677,3.304,-0.189,1.583,5.616,3.979,0,4.628,10.0,3.796,10.168,-0.631,1.68,0,0,0,OFFBOARD
26,OUTBOUND,2.64,3.51,-0.065,1.515,1.583,0.639,-0.677,3.51,-0.215,1.583,5.734,3.788,0,4.626,10.0,3.859,10.618,-0.722,1.697,0,0,0,OFFBOARD
27,OUTBOUND,2.74,3.71,-0.097,1.53,1.583,0.639,-0.677,3.71,-0.247,1.583,5.815,3.67,0,4.633,10.0,3.906,11.068,-0.812,1.712,0,0,0,OFFBOARD
28,OUTBOUND,2.84,3.912,-0.137,1.546,1.583,0.639,-0.677,3.912,-0.287,1.583,5.866,3.603,0,4.621,10.0,3.938,11.517,-0.895,1.725,0,0,0,OFFBOARD
29,OUTBOUND,2.94,4.112,-0.184,1.562,1.583,0.639,-0.677,4.112,-0.334,1.583,5.708,3.807,0,4.451,10.0,3.962,11.967,-0.98,1.735,0,0,0,OFFBOARD
30,OUTBOUND,3.04,4.312,-0.237,1.578,1.583,0.639,-0.677,4.312,-0.387,1.583,5.679,3.743,0,4.25,10.0,3.983,12.417,-1.059,1.743,0,0,0,OFFBOARD
31,OUTBOUND,3.14,4.512,-0.297,1.595,1.583,0.639,-0.677,4.512,-0.447,1.583,5.737,3.655,0,4.15,10.0,4.007,12.867,-1.134,1.749,0,0,0,OFFBOARD
32,OUTBOUND,3.25,4.715,-0.363,1.611,1.583,0.639,-0.677,4.714,-0.513,1.583,5.818,3.554,0,4.135,10.0,4.036,13.317,-1.198,1.751,0,0,0,OFFBOARD
33,OUTBOUND,3.35,4.915,-0.435,1.626,1.583,0.639,-0.677,4.915,-0.585,1.583,5.839,3.35,0,4.376,10.0,4.07,13.767,-1.241,1.749,0,0,0,OFFBOARD
34,OUTBOUND,3.45,5.116,-0.511,1.641,1.583,0.639,-0.677,5.116,-0.661,1.583,5.843,3.275,0,4.366,10.0,4.083,14.217,-1.266,1.745,0,0,0,OFFBOARD
35,OUTBOUND,3.55,5.318,-0.592,1.654,1.583,0.639,-0.677,5.318,-0.742,1.583,5.767,2.925,0,4.215,10.0,4.148,14.666,-1.239,1.74,0,0,0,OFFBOARD
36,OUTBOUND,3.65,5.52,-0.676,1.666,1.583,0.639,-0.677,5.52,-0.826,1.583,5.569,2.685,0,4.108,10.0,4.186,15.115,-1.166,1.733,0,0,0,OFFBOARD
37,OUTBOUND,3.75,5.724,-0.762,1.677,1.583,0.639,-0.677,5.724,-0.912,1.583,5.371,2.41,0,4.028,10.0,4.213,15.565,-1.047,1.723,0,0,0,OFFBOARD
38,OUTBOUND,3.85,5.926,-0.847,1.686,1.583,0.639,-0.677,5.926,-0.997,1.583,5.172,2.136,0,3.916,10.0,4.251,16.014,-0.904,1.713,0,0,0,OFFBOARD
39,OUTBOUND,3.96,6.13,-0.929,1.694,1.583,0.639,-0.677,6.129,-1.079,1.583,4.972,1.864,1,3.716,10.0,4.279,16.464,-0.745,1.701,0,0,0,OFFBOARD
40,OUTBOUND,4.06,6.331,-1.003,1.699,1.583,0.639,-0.677,6.331,-1.153,1.583,4.773,1.602,1,3.517,10.0,4.297,16.907,-0.562,1.689,0,0,0,OFFBOARD
41,OUTBOUND,4.16,6.535,-1.067,1.703,1.583,0.639,-0.677,6.535,-1.217,1.583,4.573,1.399,1,3.317,10.0,4.299,17.335,-0.357,1.677,0,0,0,OFFBOARD
42,OUTBOUND,4.26,6.737,-1.115,1.706,1.583,0.639,-0.677,6.737,-1.265,1.583,4.373,2.039,0,3.212,6.791,4.294,17.738,-0.179,1.664,0,0,0,OFFBOARD
43,OUTBOUND,4.36,6.941,-1.146,1.706,1.583,0.639,-0.677,6.941,-1.295,1.583,4.327,2.266,0,3.613,6.623,4.287,18.157,-0.012,1.641,0,0,0,OFFBOARD
44,OUTBOUND,4.46,7.145,-1.154,1.705,1.583,0.639,-0.677,7.145,-1.304,1.583,5.02,2.256,0,3.741,6.485,4.278,18.572,0.138,1.616,0,0,0,OFFBOARD
45,OUTBOUND,4.56,7.347,-1.138,1.702,1.583,0.639,-0.677,7.347,-1.288,1.583,5.029,2.311,0,3.773,6.286,4.269,18.966,0.255,1.584,0,0,0,OFFBOARD
46,OUTBOUND,4.67,7.548,-1.098,1.697,1.583,0.639,-0.677,7.548,-1.248,1.583,4.829,2.317,0,3.573,6.086,4.259,19.321,0.348,1.556,0,0,0,OFFBOARD
47,OUTBOUND,4.77,7.752,-1.034,1.69,1.583,0.639,-0.677,7.752,-1.184,1.583,4.63,2.117,0,3.373,6.912,4.247,19.647,0.424,1.529,0,0,0,OFFBOARD
48,OUTBOUND,4.87,7.954,-0.949,1.68,1.583,0.639,-0.677,7.954,-1.099,1.583,5.144,2.497,0,3.803,6.943,4.234,20.016,0.502,1.499,0,0,0,OFFBOARD
49,OUTBOUND,4.97,8.154,-0.846,1.669,1.583,0.639,-0.677,8.154,-0.996,1.583,5.486,2.642,0,3.997,6.932,4.218,20.359,0.59,1.466,0,0,0,OFFBOARD
50,OUTBOUND,5.07,8.362,-0.723,1.655,1.583,0.639,-0.677,8.362,-0.873,1.583,5.218,2.706,0,3.962,10.0,4.19,20.725,0.671,1.431,0,0,0,OFFBOARD
51,OUTBOUND,5.17,8.564,-0.592,1.639,1.583,0.639,-0.677,8.564,-0.742,1.583,5.882,3.04,0,3.762,10.0,4.157,21.12,0.751,1.408,0,0,0,OFFBOARD
52,OUTBOUND,5.28,8.768,-0.453,1.622,1.583,0.639,-0.677,8.768,-0.603,1.583,6.008,3.279,0,3.844,10.0,4.11,21.534,0.836,1.393,0,0,0,OFFBOARD
53,OUTBOUND,5.38,8.97,-0.31,1.603,1.583,0.639,-0.677,8.97,-0.46,1.583,5.875,3.362,0,4.441,10.0,4.062,21.959,0.911,1.382,0,0,0,OFFBOARD
54,OUTBOUND,5.48,9.174,-0.165,1.583,1.583,0.639,-0.677,9.174,-0.315,1.583,5.766,3.716,0,4.416,10.0,4.011,22.392,0.974,1.379,0,0,0,OFFBOARD
55,OUTBOUND,5.58,9.376,-0.022,1.563,1.583,0.639,-0.677,9.376,-0.172,1.583,5.92,3.97,0,4.241,10.0,3.969,22.831,0.991,1.377,0,0,0,OFFBOARD
56,OUTBOUND,5.68,9.581,0.121,1.543,1.583,0.639,-0.677,9.58,-0.029,1.583,5.938,3.923,0,4.522,10.0,3.923,23.274,0.974,1.374,0,0,0,OFFBOARD
57,OUTBOUND,5.78,9.783,0.26,1.524,1.583,0.639,-0.677,9.782,0.11,1.583,5.839,3.739,0,4.69,10.0,3.88,23.719,0.929,1.377,0,0,0,OFFBOARD
58,OUTBOUND,5.88,9.985,0.393,1.507,1.583,0.639,-0.677,9.985,0.243,1.583,5.737,3.56,0,4.693,10.0,3.84,24.166,0.863,1.383,0,0,0,OFFBOARD
59,OUTBOUND,5.99,10.189,0.522,1.49,1.583,0.639,-0.677,10.189,0.372,1.583,5.634,3.396,0,4.674,10.0,3.804,24.614,0.782,1.386,0,0,0,OFFBOARD
60,OUTBOUND,6.09,10.391,0.64,1.476,1.583,0.639,-0.677,10.391,0.49,1.583,5.532,3.218,0,4.474,10.0,3.768,25.062,0.687,1.393,0,0,0,OFFBOARD
61,OUTBOUND,6.19,10.595,0.749,1.463,1.583,0.639,-0.677,10.595,0.599,1.583,5.436,3.018,0,4.274,6.867,3.732,25.512,0.578,1.402,0,0,0,OFFBOARD
62,OUTBOUND,6.29,10.797,0.842,1.451,1.583,0.639,-0.677,10.797,0.692,1.583,5.353,2.818,0,4.078,6.667,3.699,25.961,0.461,1.417,0,0,0,OFFBOARD
63,OUTBOUND,6.39,10.999,0.918,1.442,1.583,0.639,-0.677,10.999,0.768,1.583,5.284,2.616,0,4.033,6.465,3.671,26.41,0.358,1.437,0,0,0,OFFBOARD
64,OUTBOUND,6.49,11.203,0.976,1.435,1.583,0.639,-0.677,11.203,0.826,1.583,5.236,2.499,0,4.471,6.508,3.649,26.859,0.288,1.461,0,0,0,OFFBOARD
65,OUTBOUND,6.59,11.405,1.013,1.431,1.583,0.639,-0.677,11.405,0.863,1.583,5.205,2.448,0,4.473,6.787,3.635,27.308,0.235,1.487,0,0,0,OFFBOARD
66,OUTBOUND,6.7,11.609,1.028,1.429,1.583,0.639,-0.677,11.609,0.878,1.583,5.197,2.772,0,4.43,6.946,3.628,27.758,0.203,1.515,0,0,0,OFFBOARD
67,OUTBOUND,6.8,11.813,1.022,1.429,1.583,0.639,-0.677,11.813,0.872,1.583,5.214,2.769,0,4.328,6.841,3.63,28.208,0.176,1.544,0,0,0,OFFBOARD
68,OUTBOUND,6.9,12.015,0.997,1.433,1.583,0.639,-0.677,12.015,0.848,1.583,5.252,2.768,0,4.13,6.643,3.641,28.657,0.153,1.57,0,0,0,OFFBOARD
69,OUTBOUND,7.0,12.217,0.956,1.439,1.583,0.639,-0.677,12.217,0.806,1.583,5.284,2.674,0,3.93,6.655,3.659,29.107,0.14,1.597,0,0,0,OFFBOARD
70,OUTBOUND,7.1,12.419,0.902,1.447,1.583,0.639,-0.677,12.419,0.752,1.583,5.43,2.565,0,4.312,10.0,3.69,29.555,0.125,1.623,0,0,0,OFFBOARD
71,OUTBOUND,7.2,12.625,0.836,1.458,1.583,0.639,-0.677,12.625,0.686,1.583,5.532,3.002,0,4.4,10.0,3.714,30.003,0.088,1.648,0,0,0,OFFBOARD
72,OUTBOUND,7.31,12.831,0.764,1.471,1.583,0.639,-0.677,12.831,0.614,1.583,5.64,3.108,0,4.338,10.0,3.74,30.451,0.027,1.667,0,0,0,OFFBOARD
73,OUTBOUND,7.41,13.033,0.689,1.486,1.583,0.639,-0.677,13.033,0.539,1.583,5.558,3.064,0,4.266,6.833,3.772,30.899,-0.043,1.68,0,0,0,OFFBOARD
74,OUTBOUND,7.51,13.235,0.613,1.501,1.583,0.639,-0.677,13.235,0.463,1.583,5.27,2.928,0,4.121,5.195,3.805,31.346,-0.101,1.693,0,0,0,OFFBOARD
75,OUTBOUND,7.61,13.439,0.536,1.518,1.583,0.639,-0.677,13.439,0.386,1.583,4.754,3.339,0,3.984,4.808,3.848,31.74,-0.113,1.704,0,0,0,OFFBOARD
76,OUTBOUND,7.71,13.643,0.46,1.535,1.583,0.639,-0.677,13.643,0.31,1.583,4.34,3.412,0,4.327,4.468,3.801,32.049,-0.099,1.712,0,0,0,OFFBOARD
77,OUTBOUND,7.81,13.845,0.384,1.553,1.583,0.639,-0.677,13.845,0.234,1.583,3.921,3.508,0,4.536,4.113,3.599,32.308,-0.059,1.718,0,0,0,OFFBOARD
78,OUTBOUND,7.92,14.049,0.309,1.57,1.583,0.639,-0.677,14.049,0.159,1.583,3.506,3.321,0,4.576,3.793,3.401,32.498,0.001,1.721,0,0,0,OFFBOARD
79,OUTBOUND,8.02,14.251,0.237,1.586,1.583,0.639,-0.677,14.251,0.087,1.583,3.201,3.201,0,4.377,3.498,3.201,32.626,0.096,1.718,0,0,0,OFFBOARD
80,OUTBOUND,8.12,14.453,0.167,1.602,1.583,0.639,-0.677,14.453,0.017,1.583,3.001,3.001,0,4.177,3.259,3.001,32.726,0.215,1.712,0,0,0,OFFBOARD
81,OUTBOUND,8.22,14.657,0.101,1.616,1.583,0.639,-0.677,14.657,-0.049,1.583,2.801,2.801,0,4.125,3.098,2.801,32.826,0.36,1.701,0,0,0,OFFBOARD
82,OUTBOUND,8.32,14.859,0.043,1.629,1.583,0.639,-0.677,14.859,-0.107,1.583,2.601,2.601,0,4.444,3.028,2.601,32.926,0.523,1.686,0,0,0,OFFBOARD
83,OUTBOUND,8.42,15.061,-0.004,1.64,1.583,0.639,-0.677,15.061,-0.154,1.583,2.401,2.401,0,4.455,3.037,2.401,33.026,0.707,1.669,0,0,0,OFFBOARD
84,OUTBOUND,8.52,15.265,-0.038,1.649,1.583,0.639,-0.677,15.265,-0.188,1.583,2.199,2.199,0,4.463,3.106,2.199,33.126,0.92,1.649,0,0,0,OFFBOARD
85,OUTBOUND,8.62,15.467,-0.055,1.656,1.583,0.639,-0.677,15.467,-0.205,1.583,2.001,2.001,0,4.433,10.0,2.001,33.226,1.15,1.627,0,0,0,OFFBOARD
86,OUTBOUND,8.73,15.671,-0.053,1.66,1.583,0.639,-0.677,15.671,-0.203,1.583,1.801,1.801,1,4.233,10.0,1.801,33.326,1.412,1.609,0,0,0,OFFBOARD
87,OUTBOUND,8.83,15.873,-0.03,1.662,1.583,0.639,-0.677,15.873,-0.18,1.583,1.601,1.601,1,4.069,10.0,1.601,33.485,1.656,1.596,0,0,0,OFFBOARD
88,OUTBOUND,8.93,16.075,0.016,1.661,1.583,0.639,-0.677,16.075,-0.134,1.583,1.559,1.401,1,4.383,10.0,1.401,33.7,1.88,1.585,0,0,0,OFFBOARD
89,OUTBOUND,9.03,16.279,0.087,1.659,1.583,0.639,-0.677,16.279,-0.062,1.583,1.807,1.342,1,4.428,10.0,1.407,33.948,2.077,1.576,0,0,0,OFFBOARD
90,OUTBOUND,9.13,16.481,0.182,1.655,1.583,0.639,-0.677,16.481,0.033,1.583,5.696,1.414,1,4.379,10.0,1.733,34.226,2.236,1.569,0,0,0,OFFBOARD
91,OUTBOUND,9.23,16.685,0.301,1.65,1.583,0.639,-0.677,16.685,0.151,1.583,5.646,1.42,1,4.33,10.0,4.159,34.558,2.417,1.564,0,0,0,OFFBOARD
92,OUTBOUND,9.34,16.889,0.44,1.644,1.583,0.639,-0.677,16.889,0.29,1.583,5.486,1.378,1,4.187,10.0,4.154,34.93,2.5,1.56,0,0,0,OFFBOARD
93,OUTBOUND,9.44,17.091,0.593,1.637,1.583,0.639,-0.677,17.091,0.443,1.583,5.244,2.597,0,3.923,10.0,4.146,35.33,2.422,1.557,0,0,0,OFFBOARD
94,OUTBOUND,9.54,17.291,0.756,1.63,1.583,0.639,-0.677,17.291,0.606,1.583,4.982,2.369,0,3.723,10.0,4.132,35.732,2.298,1.556,0,0,0,OFFBOARD
95,OUTBOUND,9.64,17.497,0.931,1.623,1.583,0.639,-0.677,17.497,0.781,1.583,4.778,2.134,0,3.521,10.0,4.109,36.149,2.133,1.555,0,0,0,OFFBOARD
96,OUTBOUND,9.74,17.699,1.107,1.616,1.583,0.639,-0.677,17.699,0.957,1.583,4.58,1.903,1,3.323,10.0,4.089,36.577,1.932,1.556,0,0,0,OFFBOARD
97,OUTBOUND,9.84,17.901,1.283,1.609,1.583,0.639,-0.677,17.901,1.133,1.583,4.38,1.67,1,3.123,5.642,4.076,37.013,1.673,1.558,0,0,0,OFFBOARD
98,OUTBOUND,9.94,18.105,1.456,1.603,1.583,0.639,-0.677,18.105,1.306,1.583,3.827,1.434,1,2.921,5.434,1.614,37.454,1.377,1.549,0,0,0,OFFBOARD
99,OUTBOUND,10.05,18.309,1.617,1.597,1.583,0.639,-0.677,18.309,1.467,1.583,1.279,1.204,1,2.721,4.013,1.228,37.898,1.04,1.534,0,0,0,OFFBOARD
100,OUTBOUND,10.15,18.511,1.758,1.591,1.583,0.639,-0.677,18.511,1.608,1.583,1.002,0.968,1,2.523,1.053,0.968,38.344,0.69,1.525,0,0,0,OFFBOARD
101,OUTBOUND,10.25,18.715,1.874,1.585,1.583,0.639,-0.677,18.715,1.724,1.583,0.742,0.728,1,2.323,0.734,0.737,38.714,0.34,1.511,0,1,0,OFFBOARD
102,OUTBOUND,10.35,18.917,1.954,1.579,1.583,0.639,-0.677,18.917,1.804,1.583,0.484,0.484,1,0.499,0.488,0.518,39.07,0.137,1.5,0,1,0,OFFBOARD
103,OUTBOUND,10.45,19.119,1.994,1.572,1.583,0.639,-0.677,19.119,1.844,1.583,0.233,0.233,1,0.243,0.243,0.282,39.458,0.045,1.485,1,0,0,OFFBOARD
104,OUTBOUND,10.55,19.112,1.98,1.578,1.583,0.639,-0.677,19.112,1.83,1.583,0.156,0.156,1,0.179,0.157,0.169,39.868,-0.05,1.464,1,0,0,OFFBOARD
105,OUTBOUND,10.65,19.079,1.933,1.586,1.583,0.639,-0.677,19.078,1.784,1.583,0.153,0.153,1,0.182,0.154,0.162,40.293,-0.4,1.44,1,0,0,OFFBOARD
106,OUTBOUND,10.76,19.04,1.851,1.588,1.583,0.639,-0.677,19.04,1.701,1.583,0.167,0.156,1,0.184,0.171,0.167,40.723,-0.75,1.413,1,0,0,OFFBOARD
107,OUTBOUND,10.86,19.012,1.727,1.576,1.583,0.639,-0.677,19.012,1.577,1.583,0.263,0.192,1,0.255,0.251,0.274,41.139,-1.1,1.395,1,0,0,OFFBOARD
108,OUTBOUND,10.96,18.997,1.584,1.56,1.583,0.639,-0.677,18.997,1.434,1.583,0.286,0.283,1,1.746,0.32,0.278,41.562,-1.45,1.377,1,0,0,OFFBOARD
109,OUTBOUND,11.06,19.007,1.439,1.544,1.583,0.639,-0.677,19.007,1.29,1.583,1.999,0.293,1,1.976,2.054,0.399,41.988,-1.8,1.358,1,0,0,OFFBOARD
110,OUTBOUND,11.16,19.056,1.301,1.528,1.583,0.639,-0.677,19.056,1.151,1.583,2.204,0.433,1,2.16,2.24,1.969,42.423,-2.018,1.34,0,1,0,OFFBOARD
111,OUTBOUND,11.26,19.152,1.177,1.511,1.583,0.639,-0.677,19.152,1.027,1.583,2.228,1.612,1,2.418,2.525,1.891,42.747,-2.138,1.333,0,0,0,OFFBOARD
112,OUTBOUND,11.36,19.294,1.069,1.493,1.583,0.639,-0.677,19.294,0.919,1.583,2.244,1.69,1,2.778,2.624,1.898,42.973,-2.253,1.336,0,0,0,OFFBOARD
113,OUTBOUND,11.47,19.476,0.971,1.477,1.583,0.639,-0.677,19.476,0.821,1.583,2.688,1.932,1,3.098,3.379,2.17,43.13,-2.373,1.346,0,0,0,OFFBOARD
114,OUTBOUND,11.57,19.688,0.88,1.461,1.583,0.639,-0.677,19.688,0.73,1.583,3.345,2.263,0,3.793,4.157,2.561,43.242,-2.5,1.363,0,0,0,OFFBOARD
115,OUTBOUND,11.67,19.913,0.79,1.446,1.583,0.639,-0.677,19.913,0.64,1.583,4.42,2.504,0,3.727,5.112,3.149,43.342,-2.5,1.384,0,0,0,OFFBOARD
116,OUTBOUND,11.77,20.14,0.696,1.434,1.583,0.639,-0.677,20.14,0.546,1.583,4.763,2.466,0,3.517,6.037,4.118,43.524,-2.5,1.408,0,0,0,OFFBOARD
117,OUTBOUND,11.87,20.37,0.591,1.424,1.583,0.639,-0.677,20.37,0.441,1.583,4.583,2.948,0,3.857,10.0,4.64,43.799,-2.5,1.436,0,0,0,OFFBOARD
118,OUTBOUND,11.97,20.591,0.473,1.417,1.583,0.639,-0.677,20.591,0.323,1.583,5.424,3.027,0,4.047,10.0,4.729,44.095,-2.5,1.462,0,0,0,OFFBOARD
119,OUTBOUND,12.08,20.796,0.345,1.412,1.583,0.639,-0.677,20.796,0.195,1.583,5.387,3.559,0,4.122,10.0,4.468,44.429,-2.5,1.483,0,0,0,OFFBOARD
120,OUTBOUND,12.18,20.998,0.196,1.411,1.583,0.639,-0.677,20.998,0.047,1.583,5.867,3.73,0,4.098,10.0,4.115,44.76,-2.5,1.504,0,0,0,OFFBOARD
121,OUTBOUND,12.28,21.192,0.037,1.413,1.583,0.639,-0.677,21.192,-0.113,1.583,5.643,3.662,0,4.547,10.0,3.818,45.065,-2.5,1.528,0,0,0,OFFBOARD
122,OUTBOUND,12.38,21.383,-0.129,1.417,1.583,0.639,-0.677,21.383,-0.279,1.583,5.327,3.469,0,4.657,6.9,3.519,45.366,-2.499,1.554,0,0,0,OFFBOARD
123,OUTBOUND,12.48,21.573,-0.287,1.423,1.583,0.639,-0.677,21.573,-0.437,1.583,3.324,3.243,0,4.536,3.376,3.314,45.694,-2.471,1.58,0,0,0,OFFBOARD
124,OUTBOUND,12.58,21.767,-0.425,1.432,1.583,0.639,-0.677,21.767,-0.575,1.583,3.09,3.09,0,4.352,3.124,3.093,46.014,-2.419,1.604,0,0,0,OFFBOARD
125,OUTBOUND,12.68,21.967,-0.531,1.443,1.583,0.639,-0.677,21.967,-0.681,1.583,2.835,2.835,0,4.257,2.905,2.87,46.368,-2.366,1.625,0,0,0,OFFBOARD
126,OUTBOUND,12.78,22.172,-0.594,1.455,1.583,0.639,-0.677,22.172,-0.744,1.583,2.611,2.611,0,4.621,2.68,2.643,46.604,-2.288,1.637,0,0,0,OFFBOARD
127,OUTBOUND,12.89,22.383,-0.614,1.469,1.583,0.639,-0.677,22.383,-0.764,1.583,2.388,2.388,0,4.579,2.456,2.417,46.766,-2.185,1.642,0,0,0,OFFBOARD
128,OUTBOUND,12.99,22.599,-0.595,1.484,1.583,0.639,-0.677,22.599,-0.745,1.583,2.169,2.169,0,4.452,2.23,2.188,46.876,-2.045,1.641,0,0,0,OFFBOARD
129,OUTBOUND,13.09,22.814,-0.549,1.5,1.583,0.639,-0.677,22.814,-0.699,1.583,2.001,1.938,1,4.289,2.025,1.981,46.976,-1.881,1.638,0,0,0,OFFBOARD
130,OUTBOUND,13.19,23.03,-0.49,1.514,1.583,0.639,-0.677,23.03,-0.64,1.583,1.937,1.866,1,4.24,1.976,1.915,47.076,-1.751,1.64,0,0,0,OFFBOARD
131,OUTBOUND,13.29,23.247,-0.431,1.529,1.583,0.639,-0.677,23.247,-0.581,1.583,1.723,1.494,1,3.982,1.66,1.701,47.176,-1.58,1.644,0,0,0,OFFBOARD
132,OUTBOUND,13.39,23.459,-0.386,1.542,1.583,0.639,-0.677,23.459,-0.535,1.583,5.181,1.274,1,3.819,1.515,1.629,47.276,-1.324,1.649,0,0,0,OFFBOARD
133,OUTBOUND,13.49,23.67,-0.362,1.555,1.583,0.639,-0.677,23.67,-0.512,1.583,5.369,1.055,1,3.572,1.448,1.474,47.376,-1.026,1.656,0,0,0,OFFBOARD
134,OUTBOUND,13.6,23.881,-0.365,1.567,1.583,0.639,-0.677,23.881,-0.515,1.583,1.027,0.839,1,1.025,1.031,1.256,47.476,-0.676,1.662,0,0,0,OFFBOARD
135,OUTBOUND,13.7,24.088,-0.396,1.578,1.583,0.639,-0.677,24.088,-0.546,1.583,0.786,0.633,1,0.789,0.792,0.847,47.576,-0.326,1.667,0,1,0,OFFBOARD
136,OUTBOUND,13.8,24.296,-0.45,1.588,1.583,0.639,-0.677,24.296,-0.6,1.583,0.576,0.46,1,0.578,0.577,0.529,47.676,0.024,1.672,0,1,0,OFFBOARD
137,OUTBOUND,13.9,24.501,-0.519,1.598,1.583,0.639,-0.677,24.501,-0.669,1.583,0.38,0.377,1,0.38,0.381,0.318,47.776,-0.203,1.676,0,1,0,OFFBOARD
138,OUTBOUND,14.0,24.581,-0.577,1.606,1.583,0.639,-0.677,24.581,-0.726,1.583,5.55,0.26,1,3.953,10.0,4.248,47.95,-0.553,1.667,1,0,0,OFFBOARD
139,OUTBOUND,14.1,24.613,-0.627,1.611,1.583,0.639,-0.677,24.613,-0.777,1.583,5.391,0.307,1,4.155,6.71,4.098,48.222,-0.903,1.661,1,0,0,OFFBOARD
140,OUTBOUND,14.2,24.647,-0.673,1.617,1.583,0.639,-0.677,24.647,-0.823,1.583,3.762,0.427,1,4.355,3.792,3.167,48.555,-1.229,1.657,0,1,0,OFFBOARD
141,OUTBOUND,14.31,24.697,-0.72,1.622,1.583,0.639,-0.677,24.697,-0.87,1.583,3.395,0.546,1,4.458,3.813,2.701,48.93,-1.471,1.654,0,1,0,OFFBOARD
142,OUTBOUND,14.41,24.774,-0.766,1.626,1.583,0.639,-0.677,24.773,-0.916,1.583,2.983,0.69,1,4.508,3.779,2.456,49.331,-1.574,1.652,0,1,0,OFFBOARD
143,OUTBOUND,14.51,24.887,-0.811,1.631,1.583,0.639,-0.677,24.887,-0.961,1.583,2.849,2.493,0,4.502,3.687,2.373,49.722,-1.517,1.649,0,0,0,OFFBOARD
144,OUTBOUND,14.61,25.041,-0.855,1.634,1.583,0.639,-0.677,25.041,-1.005,1.583,2.913,2.56,0,4.471,3.637,2.415,49.982,-1.446,1.645,0,0,0,OFFBOARD
145,OUTBOUND,14.71,25.234,-0.9,1.637,1.583,0.639,-0.677,25.234,-1.05,1.583,3.16,2.828,0,4.358,3.524,2.569,50.161,-1.376,1.639,0,0,0,OFFBOARD
146,OUTBOUND,14.81,25.457,-0.942,1.639,1.583,0.639,-0.677,25.457,-1.092,1.583,3.454,3.264,0,4.555,3.457,2.84,50.281,-1.334,1.634,0,0,0,OFFBOARD
147,OUTBOUND,14.92,25.699,-0.983,1.641,1.583,0.639,-0.677,25.699,-1.133,1.583,4.348,3.051,0,4.498,5.37,3.226,50.381,-1.348,1.629,0,0,0,OFFBOARD
148,OUTBOUND,15.02,25.954,-1.024,1.641,1.583,0.639,-0.677,25.954,-1.174,1.583,5.069,2.75,0,4.329,5.923,3.724,50.481,-1.406,1.614,0,0,0,OFFBOARD
149,OUTBOUND,15.12,26.212,-1.064,1.641,1.583,0.639,-0.677,26.212,-1.214,1.583,5.296,3.43,0,4.055,6.461,4.285,50.581,-1.403,1.591,0,0,0,OFFBOARD
150,OUTBOUND,15.22,26.469,-1.107,1.64,1.583,0.639,-0.677,26.469,-1.257,1.583,5.115,3.755,0,3.707,6.62,4.796,50.681,-1.364,1.566,0,0,0,OFFBOARD
151,OUTBOUND,15.32,26.721,-1.157,1.638,1.583,0.639,-0.677,26.721,-1.306,1.583,4.843,2.916,0,3.347,10.0,5.12,50.781,-1.281,1.537,0,0,0,OFFBOARD
152,OUTBOUND,15.42,26.97,-1.216,1.633,1.583,0.639,-0.677,26.97,-1.366,1.583,4.214,2.689,0,2.989,10.0,5.167,50.956,-1.161,1.505,0,0,0,OFFBOARD
153,OUTBOUND,15.52,27.21,-1.29,1.627,1.583,0.639,-0.677,27.21,-1.44,1.583,3.943,2.279,0,2.706,6.397,5.004,51.227,-0.997,1.475,0,0,0,OFFBOARD
154,OUTBOUND,15.63,27.444,-1.379,1.618,1.583,0.639,-0.677,27.444,-1.529,1.583,3.634,1.956,1,2.479,4.955,4.78,51.56,-0.835,1.444,0,0,0,OFFBOARD
155,OUTBOUND,15.73,27.675,-1.483,1.608,1.583,0.639,-0.677,27.675,-1.633,1.583,3.201,1.69,1,2.261,3.519,4.495,51.924,-0.622,1.425,0,0,0,OFFBOARD
156,OUTBOUND,15.83,27.901,-1.589,1.595,1.583,0.639,-0.677,27.901,-1.739,1.583,2.905,1.479,1,2.044,3.3,3.297,52.28,-0.381,1.415,0,0,0,OFFBOARD
157,OUTBOUND,15.93,28.123,-1.683,1.581,1.583,0.639,-0.677,28.123,-1.833,1.583,2.694,1.341,1,1.851,2.778,2.746,52.668,-0.11,1.411,0,0,0,OFFBOARD
158,OUTBOUND,16.03,28.346,-1.748,1.566,1.583,0.639,-0.677,28.345,-1.898,1.583,2.499,1.252,1,1.814,2.476,2.261,52.995,0.156,1.413,0,0,0,OFFBOARD
159,OUTBOUND,16.13,28.573,-1.773,1.551,1.583,0.639,-0.677,28.573,-1.923,1.583,2.33,1.198,1,2.197,2.346,2.062,53.233,0.439,1.42,0,0,0,OFFBOARD
160,OUTBOUND,16.23,28.803,-1.751,1.536,1.583,0.639,-0.677,28.803,-1.901,1.583,2.361,1.182,1,2.208,2.414,2.079,53.449,0.731,1.43,0,0,0,OFFBOARD
161,OUTBOUND,16.34,29.037,-1.686,1.523,1.583,0.639,-0.677,29.037,-1.836,1.583,2.188,1.057,1,2.163,2.212,2.215,53.632,1.025,1.444,0,0,0,OFFBOARD
162,OUTBOUND,16.44,29.272,-1.586,1.51,1.583,0.639,-0.677,29.272,-1.736,1.583,2.697,1.365,1,1.974,2.747,2.564,53.764,1.288,1.461,0,0,0,OFFBOARD
163,OUTBOUND,16.54,29.517,-1.46,1.5,1.583,0.639,-0.677,29.517,-1.61,1.583,2.965,1.548,1,2.491,3.012,3.016,53.864,1.531,1.479,0,0,0,OFFBOARD
164,OUTBOUND,16.64,29.754,-1.325,1.492,1.583,0.639,-0.677,29.754,-1.475,1.583,3.472,1.58,1,2.644,3.934,3.76,53.964,1.719,1.5,0,0,0,OFFBOARD
165,OUTBOUND,16.74,30.001,-1.181,1.485,1.583,0.639,-0.677,30.001,-1.331,1.583,3.675,2.065,0,3.086,4.157,3.886,54.185,1.876,1.521,0,0,0,OFFBOARD
166,OUTBOUND,16.84,30.239,-1.041,1.482,1.583,0.639,-0.677,30.239,-1.19,1.583,3.935,2.202,0,3.406,3.95,3.919,54.388,1.983,1.538,0,0,0,OFFBOARD
167,OUTBOUND,16.94,30.477,-0.9,1.481,1.583,0.639,-0.677,30.477,-1.05,1.583,3.706,2.51,0,3.293,3.725,3.697,54.536,2.092,1.546,0,0,0,OFFBOARD
168,OUTBOUND,17.05,30.71,-0.761,1.482,1.583,0.639,-0.677,30.71,-0.911,1.583,3.472,2.819,0,3.988,3.493,3.459,54.661,2.208,1.547,0,0,0,OFFBOARD
169,OUTBOUND,17.15,30.94,-0.619,1.484,1.583,0.639,-0.677,30.94,-0.769,1.583,3.313,2.788,0,4.059,3.335,3.298,54.761,2.332,1.544,0,0,0,OFFBOARD
170,OUTBOUND,17.25,31.165,-0.47,1.488,1.583,0.639,-0.677,31.165,-0.62,1.583,3.433,2.994,0,3.927,3.409,2.997,54.861,2.467,1.54,0,0,0,OFFBOARD
171,OUTBOUND,17.35,31.386,-0.313,1.492,1.583,0.639,-0.677,31.386,-0.462,1.583,5.989,2.753,0,4.371,10.0,3.716,54.961,2.5,1.541,0,0,0,OFFBOARD
172,OUTBOUND,17.45,31.603,-0.145,1.496,1.583,0.639,-0.677,31.603,-0.295,1.583,5.827,2.526,0,4.392,10.0,4.217,55.061,2.5,1.548,0,0,0,OFFBOARD
173,OUTBOUND,17.55,31.815,0.033,1.501,1.583,0.639,-0.677,31.815,-0.117,1.583,5.604,2.312,0,4.337,10.0,4.182,55.161,2.5,1.557,0,0,0,OFFBOARD
174,OUTBOUND,17.65,32.026,0.22,1.506,1.583,0.639,-0.677,32.026,0.07,1.583,5.461,2.498,0,4.17,10.0,4.139,55.261,2.5,1.569,0,0,0,OFFBOARD
175,OUTBOUND,17.75,32.231,0.41,1.511,1.583,0.639,-0.677,32.231,0.261,1.583,5.244,2.902,0,3.983,10.0,4.092,55.361,2.473,1.582,0,0,0,OFFBOARD
176,OUTBOUND,17.86,32.436,0.601,1.516,1.583,0.639,-0.677,32.436,0.451,1.583,5.028,2.709,0,3.771,10.0,4.069,55.461,2.418,1.595,0,0,0,OFFBOARD
177,OUTBOUND,17.96,32.637,0.782,1.522,1.583,0.639,-0.677,32.637,0.632,1.583,4.815,2.485,0,3.621,6.271,4.036,55.655,2.323,1.609,0,0,0,OFFBOARD
178,OUTBOUND,18.06,32.839,0.95,1.529,1.583,0.639,-0.677,32.839,0.8,1.583,4.604,2.291,0,3.511,5.881,3.997,55.939,2.214,1.623,0,0,0,OFFBOARD
179,OUTBOUND,18.16,33.039,1.096,1.536,1.583,0.639,-0.677,33.039,0.946,1.583,4.419,2.122,0,3.817,5.668,3.965,56.281,2.109,1.635,0,0,0,OFFBOARD
180,OUTBOUND,18.26,33.24,1.22,1.544,1.583,0.639,-0.677,33.239,1.07,1.583,4.253,2.28,0,3.785,5.452,3.94,56.661,2.026,1.647,0,0,0,OFFBOARD
181,OUTBOUND,18.36,33.44,1.32,1.552,1.583,0.639,-0.677,33.44,1.17,1.583,4.088,2.188,0,3.665,5.243,3.928,57.065,1.941,1.658,0,0,0,OFFBOARD
182,OUTBOUND,18.46,33.643,1.399,1.561,1.583,0.639,-0.677,33.643,1.249,1.583,3.919,2.09,0,3.546,5.032,3.897,57.486,1.854,1.668,0,0,0,OFFBOARD
183,OUTBOUND,18.57,33.845,1.458,1.57,1.583,0.639,-0.677,33.845,1.309,1.583,3.762,1.979,1,3.434,4.826,3.932,57.916,1.761,1.677,0,0,0,OFFBOARD
184,OUTBOUND,18.67,34.049,1.503,1.58,1.583,0.639,-0.677,34.049,1.353,1.583,4.222,1.884,1,3.318,4.618,3.947,58.349,1.62,1.674,0,0,0,OFFBOARD
185,OUTBOUND,18.77,34.252,1.537,1.59,1.583,0.639,-0.677,34.252,1.387,1.583,4.135,1.812,1,3.149,4.5,3.986,58.772,1.443,1.664,0,0,0,OFFBOARD
186,OUTBOUND,18.87,34.457,1.565,1.599,1.583,0.639,-0.677,34.457,1.415,1.583,4.069,1.691,1,2.948,5.21,4.023,59.178,1.238,1.648,0,0,0,OFFBOARD
187,OUTBOUND,18.97,34.659,1.588,1.607,1.583,0.639,-0.677,34.659,1.439,1.583,3.931,1.454,1,2.677,5.183,4.063,59.596,1.013,1.627,0,0,0,OFFBOARD
188,OUTBOUND,19.07,34.86,1.609,1.614,1.583,0.639,-0.677,34.86,1.459,1.583,3.731,1.425,1,2.477,4.979,4.086,60.024,0.772,1.602,0,0,0,OFFBOARD
189,OUTBOUND,19.18,35.065,1.627,1.618,1.583,0.639,-0.677,35.065,1.477,1.583,3.53,1.642,1,2.419,4.778,4.089,60.459,0.534,1.574,0,0,0,OFFBOARD
190,OUTBOUND,19.28,35.273,1.639,1.621,1.583,0.639,-0.677,35.273,1.489,1.583,3.328,1.634,1,2.986,4.574,4.062,60.898,0.295,1.544,0,0,0,OFFBOARD
191,OUTBOUND,19.38,35.475,1.643,1.621,1.583,0.639,-0.677,35.475,1.493,1.583,3.337,1.67,1,3.062,4.377,4.033,61.341,0.05,1.514,0,0,0,OFFBOARD
192,OUTBOUND,19.48,35.677,1.633,1.618,1.583,0.639,-0.677,35.677,1.483,1.583,4.182,1.663,1,2.93,4.968,4.01,61.782,-0.195,1.484,0,0,0,OFFBOARD
193,OUTBOUND,19.58,35.881,1.607,1.613,1.583,0.639,-0.677,35.88,1.457,1.583,3.986,1.469,1,2.734,5.13,3.974,62.225,-0.439,1.455,0,0,0,OFFBOARD
194,OUTBOUND,19.68,36.082,1.561,1.605,1.583,0.639,-0.677,36.082,1.411,1.583,3.789,1.796,1,3.335,4.934,3.946,62.67,-0.665,1.426,0,0,0,OFFBOARD
195,OUTBOUND,19.78,36.282,1.492,1.595,1.583,0.639,-0.677,36.282,1.342,1.583,4.704,1.914,1,3.537,4.817,3.947,63.117,-0.87,1.396,0,0,0,OFFBOARD
196,OUTBOUND,19.89,36.485,1.398,1.582,1.583,0.639,-0.677,36.485,1.249,1.583,4.549,2.118,0,3.394,5.709,3.95,63.552,-1.069,1.369,0,0,0,OFFBOARD
197,OUTBOUND,19.99,36.685,1.282,1.567,1.583,0.639,-0.677,36.685,1.132,1.583,4.429,1.935,1,3.303,5.6,3.962,63.992,-1.227,1.354,0,0,0,OFFBOARD
198,OUTBOUND,20.09,36.884,1.144,1.551,1.583,0.639,-0.677,36.884,0.994,1.583,5.31,2.468,0,3.993,5.405,3.931,64.434,-1.361,1.338,0,0,0,OFFBOARD
199,OUTBOUND,20.19,37.086,0.988,1.533,1.583,0.639,-0.677,37.086,0.838,1.583,5.118,2.659,0,3.956,5.579,3.896,64.879,-1.468,1.333,0,0,0,OFFBOARD
200,OUTBOUND,20.29,37.286,0.82,1.515,1.583,0.639,-0.677,37.286,0.67,1.583,4.923,2.602,0,3.836,5.86,3.853,65.326,-1.552,1.336,0,0,0,OFFBOARD
201,OUTBOUND,20.39,37.488,0.643,1.496,1.583,0.639,-0.677,37.488,0.493,1.583,4.893,3.168,0,4.495,6.226,3.797,65.774,-1.589,1.347,0,0,0,OFFBOARD
202,OUTBOUND,20.49,37.688,0.463,1.479,1.583,0.639,-0.677,37.688,0.313,1.583,5.591,3.366,0,4.479,10.0,3.746,66.222,-1.589,1.362,0,0,0,OFFBOARD
203,OUTBOUND,20.59,37.889,0.281,1.463,1.583,0.639,-0.677,37.889,0.131,1.583,5.625,3.351,0,4.418,10.0,3.701,66.577,-1.618,1.382,0,0,0,OFFBOARD
204,OUTBOUND,20.7,38.09,0.098,1.449,1.583,0.639,-0.677,38.09,-0.052,1.583,5.575,3.939,0,4.375,10.0,3.664,66.808,-1.655,1.406,0,0,0,OFFBOARD
205,OUTBOUND,20.8,38.293,-0.088,1.437,1.583,0.639,-0.677,38.293,-0.238,1.583,5.527,3.942,0,4.88,10.0,3.635,66.96,-1.706,1.433,0,0,0,OFFBOARD
206,OUTBOUND,20.9,38.495,-0.273,1.428,1.583,0.639,-0.677,38.495,-0.423,1.583,5.49,3.742,0,4.919,10.0,3.616,67.086,-1.766,1.46,0,0,0,OFFBOARD
207,OUTBOUND,21.0,38.699,-0.462,1.422,1.583,0.639,-0.677,38.698,-0.612,1.583,5.468,3.545,0,4.871,10.0,3.604,67.235,-1.829,1.487,0,0,0,OFFBOARD
208,OUTBOUND,21.1,38.901,-0.651,1.42,1.583,0.639,-0.677,38.901,-0.801,1.583,5.474,3.406,0,4.673,10.0,3.601,67.411,-1.882,1.514,0,0,0,OFFBOARD
209,OUTBOUND,21.2,39.103,-0.841,1.42,1.583,0.639,-0.677,39.103,-0.99,1.583,5.507,3.08,0,4.473,10.0,3.6,67.656,-1.895,1.542,0,0,0,OFFBOARD
210,OUTBOUND,21.31,39.308,-1.031,1.424,1.583,0.639,-0.677,39.308,-1.181,1.583,5.505,2.978,0,4.409,10.0,3.608,67.904,-1.892,1.569,0,0,0,OFFBOARD
211,OUTBOUND,21.41,39.51,-1.217,1.43,1.583,0.639,-0.677,39.51,-1.367,1.583,5.267,2.391,0,3.982,6.522,3.647,68.176,-1.857,1.594,0,0,0,OFFBOARD
212,OUTBOUND,21.51,39.709,-1.391,1.439,1.583,0.639,-0.677,39.709,-1.541,1.583,5.068,2.134,0,3.738,6.224,3.67,68.51,-1.764,1.613,0,0,0,OFFBOARD
213,OUTBOUND,21.61,39.914,-1.56,1.45,1.583,0.639,-0.677,39.913,-1.71,1.583,4.546,1.897,1,3.504,4.866,3.681,68.884,-1.621,1.626,0,0,0,OFFBOARD
214,OUTBOUND,21.71,40.124,-1.718,1.463,1.583,0.639,-0.677,40.124,-1.868,1.583,3.531,1.672,1,3.192,4.663,3.54,69.251,-1.447,1.641,0,0,0,OFFBOARD
215,OUTBOUND,21.81,40.328,-1.851,1.477,1.583,0.639,-0.677,40.328,-2.001,1.583,3.213,1.472,1,2.955,3.366,3.211,69.51,-1.225,1.657,0,0,0,OFFBOARD
216,OUTBOUND,21.92,40.531,-1.959,1.492,1.583,0.639,-0.677,40.531,-2.109,1.583,3.012,1.298,1,2.749,3.012,2.966,69.703,-0.965,1.673,0,0,0,OFFBOARD
217,OUTBOUND,22.02,40.733,-2.04,1.508,1.583,0.639,-0.677,40.733,-2.19,1.583,2.812,1.151,1,2.556,2.812,2.646,69.901,-0.673,1.706,0,0,0,OFFBOARD
218,OUTBOUND,22.12,40.935,-2.092,1.524,1.583,0.639,-0.677,40.935,-2.242,1.583,2.61,1.06,1,2.408,2.61,2.479,70.18,-0.359,1.74,0,0,0,OFFBOARD
219,OUTBOUND,22.22,41.139,-2.11,1.542,1.583,0.639,-0.677,41.139,-2.26,1.583,2.41,1.03,1,2.359,2.41,2.409,70.518,-0.024,1.777,0,0,0,OFFBOARD
220,OUTBOUND,22.32,41.342,-2.092,1.56,1.583,0.639,-0.677,41.342,-2.242,1.583,2.21,0.953,1,2.209,2.21,2.21,70.892,0.318,1.814,0,0,0,OFFBOARD
221,OUTBOUND,22.42,41.544,-2.04,1.581,1.583,0.639,-0.677,41.544,-2.189,1.583,3.048,0.82,1,2.011,2.226,2.056,71.292,0.648,1.853,0,0,0,OFFBOARD
222,OUTBOUND,22.52,41.748,-1.953,1.602,1.583,0.639,-0.677,41.748,-2.103,1.583,3.067,1.125,1,1.932,3.068,2.783,71.708,0.962,1.857,0,0,0,OFFBOARD
223,OUTBOUND,22.62,41.95,-1.84,1.625,1.583,0.639,-0.677,41.95,-1.99,1.583,2.867,1.243,1,2.657,2.925,2.923,72.04,1.27,1.857,0,0,0,OFFBOARD
224,OUTBOUND,22.73,42.154,-1.704,1.648,1.583,0.639,-0.677,42.154,-1.854,1.583,2.895,1.411,1,2.667,3.924,3.813,72.266,1.555,1.855,0,0,0,OFFBOARD
225,OUTBOUND,22.83,42.357,-1.555,1.67,1.583,0.639,-0.677,42.357,-1.705,1.583,3.723,1.378,1,2.467,4.752,4.117,72.497,1.802,1.849,0,0,0,OFFBOARD
226,OUTBOUND,22.93,42.559,-1.396,1.692,1.583,0.639,-0.677,42.559,-1.546,1.583,3.523,1.925,1,3.025,4.78,4.25,72.803,2.003,1.84,0,0,0,OFFBOARD
227,OUTBOUND,23.03,42.764,-1.229,1.711,1.583,0.639,-0.677,42.763,-1.379,1.583,4.458,2.067,0,3.316,5.835,4.304,73.097,2.196,1.828,0,0,0,OFFBOARD
228,OUTBOUND,23.13,42.966,-1.061,1.729,1.583,0.639,-0.677,42.966,-1.21,1.583,4.378,2.021,0,3.122,6.814,4.346,73.304,2.38,1.813,0,0,0,OFFBOARD
229,OUTBOUND,23.23,43.168,-0.889,1.744,1.583,0.639,-0.677,43.168,-1.039,1.583,4.384,2.564,0,3.594,6.691,4.385,73.484,2.5,1.795,0,0,0,OFFBOARD
230,OUTBOUND,23.33,43.373,-0.713,1.756,1.583,0.639,-0.677,43.373,-0.863,1.583,5.234,2.721,0,3.76,10.0,4.418,73.623,2.5,1.773,0,0,0,OFFBOARD
231,OUTBOUND,23.44,43.575,-0.535,1.766,1.583,0.639,-0.677,43.575,-0.685,1.583,5.034,2.667,0,3.7,10.0,4.445,73.867,2.5,1.742,0,0,0,OFFBOARD
232,OUTBOUND,23.54,43.779,-0.352,1.773,1.583,0.639,-0.677,43.779,-0.502,1.583,5.752,3.217,0,3.577,10.0,4.465,74.182,2.5,1.711,0,0,0,OFFBOARD
233,OUTBOUND,23.64,43.981,-0.167,1.776,1.583,0.639,-0.677,43.981,-0.317,1.583,5.889,3.376,0,3.546,10.0,4.476,74.402,2.5,1.67,0,0,0,OFFBOARD
234,OUTBOUND,23.74,44.186,0.023,1.776,1.583,0.639,-0.677,44.186,-0.127,1.583,5.623,3.745,0,4.098,10.0,4.477,74.57,2.5,1.627,0,0,0,OFFBOARD
235,OUTBOUND,23.84,44.39,0.217,1.772,1.583,0.639,-0.677,44.39,0.067,1.583,5.423,3.57,0,4.119,10.0,4.468,74.721,2.5,1.586,0,0,0,OFFBOARD
236,OUTBOUND,23.94,44.592,0.411,1.765,1.583,0.639,-0.677,44.592,0.262,1.583,5.223,3.278,0,3.966,10.0,4.45,74.934,2.5,1.545,0,0,0,OFFBOARD
237,OUTBOUND,24.05,44.796,0.61,1.754,1.583,0.639,-0.677,44.796,0.46,1.583,5.023,2.718,0,3.767,10.0,4.423,75.23,2.494,1.504,0,0,0,OFFBOARD
238,OUTBOUND,24.15,44.998,0.808,1.739,1.583,0.639,-0.677,44.998,0.658,1.583,4.823,2.468,0,3.566,10.0,4.389,75.58,2.432,1.467,0,0,0,OFFBOARD
239,OUTBOUND,24.25,45.2,1.006,1.721,1.583,0.639,-0.677,45.2,0.856,1.583,4.623,2.217,0,3.366,10.0,4.343,75.965,2.322,1.437,0,0,0,OFFBOARD
240,OUTBOUND,24.35,45.404,1.206,1.701,1.583,0.639,-0.677,45.404,1.056,1.583,4.421,1.955,1,3.164,5.78,4.299,76.373,2.168,1.41,0,0,0,OFFBOARD
241,OUTBOUND,24.45,45.606,1.403,1.678,1.583,0.639,-0.677,45.606,1.253,1.583,4.222,1.71,1,2.966,5.479,4.25,76.795,1.977,1.38,0,0,0,OFFBOARD
242,OUTBOUND,24.55,45.808,1.594,1.654,1.583,0.639,-0.677,45.808,1.444,1.583,4.022,1.51,1,2.766,4.236,4.144,77.227,1.75,1.349,0,0,0,OFFBOARD
243,OUTBOUND,24.65,46.012,1.776,1.628,1.583,0.639,-0.677,46.012,1.626,1.583,3.664,1.31,1,2.566,3.822,3.822,77.661,1.477,1.32,0,0,0,OFFBOARD
244,OUTBOUND,24.75,46.214,1.938,1.601,1.583,0.639,-0.677,46.214,1.788,1.583,2.6,1.11,1,2.366,3.622,3.124,78.09,1.163,1.293,0,0,0,OFFBOARD
245,OUTBOUND,24.86,46.415,2.076,1.574,1.583,0.639,-0.677,46.415,1.926,1.583,2.295,0.91,1,2.166,2.263,2.166,78.428,0.819,1.28,0,0,0,OFFBOARD
246,OUTBOUND,24.96,46.617,2.181,1.546,1.583,0.639,-0.677,46.617,2.031,1.583,1.966,0.71,1,1.966,1.966,1.966,78.649,0.469,1.277,0,1,0,OFFBOARD
247,OUTBOUND,25.06,46.821,2.247,1.518,1.583,0.639,-0.677,46.821,2.097,1.583,1.766,0.567,1,1.766,1.766,1.766,78.792,0.119,1.284,0,1,0,OFFBOARD
248,OUTBOUND,25.16,47.023,2.269,1.491,1.583,0.639,-0.677,47.023,2.119,1.583,1.564,0.528,1,1.564,1.564,1.564,78.892,-0.231,1.298,0,1,0,OFFBOARD
249,OUTBOUND,25.26,47.227,2.244,1.466,1.583,0.639,-0.677,47.227,2.094,1.583,2.296,0.843,1,1.555,1.562,1.366,78.992,-0.578,1.317,0,0,0,OFFBOARD
250,OUTBOUND,25.36,47.429,2.178,1.443,1.583,0.639,-0.677,47.429,2.028,1.583,2.422,0.93,1,2.398,2.422,2.097,79.092,-0.926,1.342,0,0,0,OFFBOARD
251,OUTBOUND,25.46,47.631,2.077,1.424,1.583,0.639,-0.677,47.631,1.927,1.583,2.269,0.966,1,2.222,2.222,2.222,79.192,-1.265,1.371,0,0,0,OFFBOARD
252,OUTBOUND,25.57,47.835,1.948,1.408,1.583,0.639,-0.677,47.835,1.798,1.583,3.128,0.927,1,2.088,3.345,2.452,79.292,-1.581,1.403,0,0,0,OFFBOARD
253,OUTBOUND,25.67,48.037,1.803,1.396,1.583,0.639,-0.677,48.037,1.653,1.583,3.079,1.417,1,2.865,4.123,3.278,79.392,-1.864,1.437,0,0,0,OFFBOARD
254,OUTBOUND,25.77,48.239,1.649,1.388,1.583,0.639,-0.677,48.239,1.499,1.583,4.002,1.622,1,2.879,4.135,3.524,79.492,-2.117,1.473,0,0,0,OFFBOARD
255,OUTBOUND,25.87,48.439,1.49,1.385,1.583,0.639,-0.677,48.439,1.34,1.583,3.842,1.931,1,2.886,3.895,3.538,79.592,-2.335,1.51,0,0,0,OFFBOARD
256,OUTBOUND,25.97,48.641,1.326,1.385,1.583,0.639,-0.677,48.641,1.177,1.583,3.616,2.234,0,3.735,3.639,3.515,79.692,-2.5,1.546,0,0,0,OFFBOARD
257,OUTBOUND,26.07,48.845,1.159,1.39,1.583,0.639,-0.677,48.845,1.009,1.583,3.414,2.279,0,3.535,3.41,3.35,79.849,-2.5,1.582,0,0,0,OFFBOARD
258,OUTBOUND,26.17,49.045,0.992,1.398,1.583,0.639,-0.677,49.045,0.842,1.583,5.21,2.65,0,4.222,10.0,3.505,80.101,-2.5,1.617,0,0,0,OFFBOARD
259,OUTBOUND,26.27,49.247,0.82,1.41,1.583,0.639,-0.677,49.247,0.67,1.583,5.395,2.844,0,4.391,10.0,3.585,80.423,-2.5,1.641,0,0,0,OFFBOARD
260,OUTBOUND,26.37,49.451,0.641,1.424,1.583,0.639,-0.677,49.451,0.491,1.583,5.43,2.568,0,4.191,10.0,3.618,80.789,-2.5,1.655,0,0,0,OFFBOARD
261,OUTBOUND,26.48,49.649,0.463,1.441,1.583,0.639,-0.677,49.649,0.313,1.583,5.509,2.365,0,4.765,10.0,3.67,81.185,-2.5,1.661,0,0,0,OFFBOARD
262,OUTBOUND,26.58,49.859,0.269,1.46,1.583,0.639,-0.677,49.859,0.119,1.583,5.588,2.839,0,4.838,10.0,3.712,81.599,-2.5,1.666,0,0,0,OFFBOARD
263,OUTBOUND,26.68,50.061,0.078,1.479,1.583,0.639,-0.677,50.061,-0.072,1.583,5.676,2.503,0,4.78,10.0,3.756,82.022,-2.5,1.674,0,0,0,OFFBOARD
264,OUTBOUND,26.78,50.265,-0.118,1.498,1.583,0.639,-0.677,50.265,-0.268,1.583,5.772,2.158,0,4.58,10.0,3.8,82.412,-2.472,1.684,0,0,0,OFFBOARD
265,OUTBOUND,26.88,50.467,-0.315,1.517,1.583,0.639,-0.677,50.467,-0.465,1.583,5.666,1.873,1,4.38,10.0,3.844,82.819,-2.421,1.694,0,0,0,OFFBOARD
266,OUTBOUND,26.98,50.669,-0.512,1.535,1.583,0.639,-0.677,50.669,-0.662,1.583,5.563,1.673,1,4.18,10.0,3.887,83.229,-2.326,1.703,0,0,0,OFFBOARD
267,OUTBOUND,27.09,50.873,-0.712,1.553,1.583,0.639,-0.677,50.873,-0.862,1.583,5.385,1.473,1,3.98,10.0,3.926,83.568,-2.169,1.712,0,0,0,OFFBOARD
268,OUTBOUND,27.19,51.075,-0.91,1.57,1.583,0.639,-0.677,51.075,-1.06,1.583,2.439,1.273,1,3.78,6.418,2.043,83.83,-1.945,1.719,0,0,0,OFFBOARD
269,OUTBOUND,27.29,51.279,-1.11,1.587,1.583,0.639,-0.677,51.279,-1.26,1.583,1.346,1.073,1,3.58,2.084,1.094,84.065,-1.649,1.724,0,0,0,OFFBOARD
270,OUTBOUND,27.39,51.481,-1.303,1.603,1.583,0.639,-0.677,51.481,-1.453,1.583,0.871,0.871,1,3.378,1.843,0.871,84.218,-1.299,1.727,0,0,0,OFFBOARD
271,OUTBOUND,27.49,51.683,-1.488,1.617,1.583,0.639,-0.677,51.683,-1.638,1.583,0.721,0.721,1,3.18,1.791,0.673,84.319,-1.023,1.729,0,1,0,OFFBOARD
272,OUTBOUND,27.59,51.887,-1.658,1.631,1.583,0.639,-0.677,51.887,-1.808,1.583,0.746,0.574,1,2.98,1.574,0.524,84.542,-1.17,1.727,0,1,0,OFFBOARD
273,OUTBOUND,27.69,52.089,-1.801,1.644,1.583,0.639,-0.677,52.089,-1.95,1.583,0.771,0.552,1,2.78,3.721,0.549,84.844,-1.341,1.715,0,1,0,OFFBOARD
274,OUTBOUND,27.8,52.291,-1.909,1.655,1.583,0.639,-0.677,52.291,-2.059,1.583,0.801,0.552,1,2.58,2.795,0.573,85.198,-1.529,1.693,0,1,0,OFFBOARD
275,OUTBOUND,27.9,52.493,-1.981,1.664,1.583,0.639,-0.677,52.493,-2.131,1.583,0.834,0.576,1,2.38,2.485,0.597,85.585,-1.716,1.689,0,1,0,OFFBOARD
276,OUTBOUND,28.0,52.695,-2.018,1.672,1.583,0.639,-0.677,52.695,-2.168,1.583,0.871,0.628,1,2.18,2.261,0.619,85.958,-1.872,1.685,0,1,0,OFFBOARD
277,OUTBOUND,28.1,52.897,-2.026,1.678,1.583,0.639,-0.677,52.897,-2.176,1.583,2.019,0.76,1,1.98,2.167,0.641,86.358,-1.636,1.672,0,1,0,OFFBOARD
278,OUTBOUND,28.2,53.101,-2.016,1.682,1.583,0.639,-0.677,53.101,-2.165,1.583,1.874,0.745,1,1.778,2.968,3.034,86.775,-1.355,1.656,0,1,0,OFFBOARD
279,OUTBOUND,28.3,53.303,-1.995,1.685,1.583,0.639,-0.677,53.303,-2.145,1.583,2.4,1.103,1,1.58,2.836,2.896,87.192,-1.077,1.657,0,0,0,OFFBOARD
280,OUTBOUND,28.4,53.505,-1.971,1.686,1.583,0.639,-0.677,53.505,-2.121,1.583,2.472,1.139,1,1.414,2.636,3.421,87.612,-0.778,1.635,0,0,0,OFFBOARD
281,OUTBOUND,28.5,53.707,-1.945,1.685,1.583,0.639,-0.677,53.707,-2.095,1.583,2.436,1.162,1,1.992,2.446,3.606,87.89,-0.462,1.617,0,0,0,OFFBOARD
282,OUTBOUND,28.61,53.911,-1.914,1.683,1.583,0.639,-0.677,53.911,-2.064,1.583,2.236,0.98,1,2.131,3.314,3.492,88.07,-0.134,1.603,0,0,0,OFFBOARD
283,OUTBOUND,28.71,54.115,-1.873,1.68,1.583,0.639,-0.677,54.115,-2.023,1.583,2.966,0.942,1,2.034,3.29,3.29,88.315,0.158,1.591,0,0,0,OFFBOARD
284,OUTBOUND,28.81,54.315,-1.816,1.675,1.583,0.639,-0.677,54.315,-1.966,1.583,3.083,1.235,1,1.97,3.226,3.226,88.498,0.441,1.582,0,0,0,OFFBOARD
285,OUTBOUND,28.91,54.521,-1.734,1.669,1.583,0.639,-0.677,54.521,-1.884,1.583,3.029,1.451,1,2.826,4.083,3.634,88.618,0.702,1.574,0,0,0,OFFBOARD
286,OUTBOUND,29.01,54.725,-1.626,1.662,1.583,0.639,-0.677,54.725,-1.776,1.583,3.883,1.37,1,2.626,3.883,3.883,88.797,0.917,1.568,0,0,0,OFFBOARD
287,OUTBOUND,29.11,54.929,-1.493,1.654,1.583,0.639,-0.677,54.929,-1.643,1.583,3.749,1.695,1,2.672,5.005,3.942,88.978,1.087,1.564,0,0,0,OFFBOARD
288,OUTBOUND,29.22,55.131,-1.34,1.646,1.583,0.639,-0.677,55.131,-1.49,1.583,4.618,2.047,0,3.431,5.851,4.14,89.245,1.205,1.561,0,0,0,OFFBOARD
289,OUTBOUND,29.32,55.335,-1.169,1.638,1.583,0.639,-0.677,55.335,-1.319,1.583,4.537,2.024,0,3.281,5.719,4.15,89.439,1.336,1.557,0,0,0,OFFBOARD
290,OUTBOUND,29.42,55.537,-0.99,1.63,1.583,0.639,-0.677,55.537,-1.14,1.583,5.106,2.523,0,3.796,5.63,4.129,89.575,1.447,1.551,0,0,0,OFFBOARD
291,OUTBOUND,29.52,55.739,-0.806,1.622,1.583,0.639,-0.677,55.739,-0.956,1.583,5.295,2.823,0,4.047,5.509,4.105,89.819,1.561,1.543,0,0,0,OFFBOARD
292,OUTBOUND,29.62,55.941,-0.62,1.614,1.583,0.639,-0.677,55.941,-0.77,1.583,5.121,2.773,0,3.939,5.366,4.082,90.135,1.667,1.534,0,0,0,OFFBOARD
293,OUTBOUND,29.72,56.143,-0.435,1.606,1.583,0.639,-0.677,56.143,-0.585,1.583,5.148,3.349,0,4.313,5.223,4.068,90.498,1.762,1.524,0,0,0,OFFBOARD
294,OUTBOUND,29.82,56.347,-0.248,1.598,1.583,0.639,-0.677,56.347,-0.398,1.583,5.016,3.539,0,4.503,5.079,4.046,90.891,1.848,1.516,0,0,0,OFFBOARD
295,OUTBOUND,29.92,56.549,-0.064,1.591,1.583,0.639,-0.677,56.549,-0.214,1.583,4.912,3.846,0,4.495,4.937,4.031,91.303,1.925,1.508,0,0,0,OFFBOARD
296,OUTBOUND,30.03,56.753,0.124,1.583,1.583,0.639,-0.677,56.753,-0.026,1.583,4.863,3.926,0,4.295,4.84,4.013,91.716,1.996,1.498,0,0,0,OFFBOARD
297,OUTBOUND,30.13,56.955,0.311,1.575,1.583,0.639,-0.677,56.955,0.161,1.583,4.665,3.678,0,4.176,10.0,3.995,92.141,2.06,1.492,0,0,0,OFFBOARD
298,OUTBOUND,30.23,57.159,0.504,1.567,1.583,0.639,-0.677,57.159,0.354,1.583,4.458,3.455,0,4.074,10.0,3.976,92.574,2.111,1.486,0,0,0,OFFBOARD
299,OUTBOUND,30.33,57.363,0.699,1.559,1.583,0.639,-0.677,57.363,0.549,1.583,4.26,3.208,0,3.902,10.0,3.957,93.013,2.11,1.481,0,0,0,OFFBOARD
300,OUTBOUND,30.43,57.565,0.895,1.551,1.583,0.639,-0.677,57.565,0.745,1.583,4.062,2.942,0,3.693,10.0,3.937,93.455,2.07,1.478,0,0,0,OFFBOARD
301,OUTBOUND,30.53,57.769,1.093,1.543,1.583,0.639,-0.677,57.769,0.943,1.583,3.862,2.615,0,3.469,10.0,3.859,93.9,1.988,1.469,0,0,0,OFFBOARD
302,OUTBOUND,30.64,57.973,1.287,1.536,1.583,0.639,-0.677,57.973,1.137,1.583,3.698,2.028,0,3.237,5.804,3.661,94.347,1.857,1.456,0,0,0,OFFBOARD
303,OUTBOUND,30.74,58.175,1.472,1.528,1.583,0.639,-0.677,58.175,1.322,1.583,4.065,1.767,1,3.002,5.408,3.589,94.795,1.731,1.444,0,0,0,OFFBOARD
304,OUTBOUND,30.84,58.377,1.644,1.521,1.583,0.639,-0.677,58.377,1.494,1.583,4.085,1.684,1,2.925,5.342,3.634,95.24,1.578,1.431,0,0,0,OFFBOARD
305,OUTBOUND,30.94,58.575,1.794,1.513,1.583,0.639,-0.677,58.575,1.644,1.583,3.685,1.273,1,2.464,3.685,3.492,95.686,1.388,1.417,0,0,0,OFFBOARD
306,OUTBOUND,31.04,58.785,1.93,1.505,1.583,0.639,-0.677,58.785,1.78,1.583,3.485,1.073,1,2.248,3.485,3.03,96.126,1.17,1.405,0,0,0,OFFBOARD
307,OUTBOUND,31.14,58.989,2.032,1.496,1.583,0.639,-0.677,58.989,1.882,1.583,3.233,0.918,1,2.05,3.285,2.254,96.497,0.906,1.4,0,0,0,OFFBOARD
308,OUTBOUND,31.25,59.191,2.103,1.487,1.583,0.639,-0.677,59.191,1.953,1.583,3.011,0.806,1,1.892,3.057,1.949,96.749,0.621,1.403,0,0,0,OFFBOARD
309,OUTBOUND,31.35,59.393,2.14,1.479,1.583,0.639,-0.677,59.393,1.99,1.583,2.885,1.036,1,1.807,2.885,1.786,96.939,0.337,1.413,0,0,0,OFFBOARD
310,OUTBOUND,31.45,59.595,2.143,1.47,1.583,0.639,-0.677,59.595,1.993,1.583,2.685,1.024,1,2.425,2.685,2.323,97.083,0.013,1.429,0,0,0,OFFBOARD
311,OUTBOUND,31.55,59.799,2.109,1.463,1.583,0.639,-0.677,59.799,1.959,1.583,2.483,1.065,1,2.483,2.483,2.426,97.213,-0.317,1.448,0,0,0,OFFBOARD
312,OUTBOUND,31.65,60.001,2.043,1.457,1.583,0.639,-0.677,60.001,1.893,1.583,2.47,1.029,1,2.285,2.421,2.285,97.384,-0.642,1.47,0,0,0,OFFBOARD
313,OUTBOUND,31.75,60.203,1.947,1.453,1.583,0.639,-0.677,60.203,1.797,1.583,3.342,1.027,1,2.181,3.342,2.841,97.506,-0.943,1.494,0,0,0,OFFBOARD
314,OUTBOUND,31.85,60.407,1.825,1.45,1.583,0.639,-0.677,60.407,1.675,1.583,3.142,1.47,1,2.946,3.319,3.142,97.606,-1.217,1.519,0,0,0,OFFBOARD
315,OUTBOUND,31.95,60.609,1.685,1.45,1.583,0.639,-0.677,60.609,1.535,1.583,4.126,1.669,1,2.942,4.198,3.558,97.706,-1.468,1.545,0,0,0,OFFBOARD
316,OUTBOUND,32.06,60.813,1.531,1.453,1.583,0.639,-0.677,60.813,1.381,1.583,3.996,1.595,1,2.821,5.252,3.699,97.806,-1.706,1.571,0,0,0,OFFBOARD
317,OUTBOUND,32.16,61.015,1.37,1.458,1.583,0.639,-0.677,61.015,1.221,1.583,4.641,2.124,0,3.617,5.289,3.711,97.992,-1.897,1.596,0,0,0,OFFBOARD
318,OUTBOUND,32.26,61.217,1.204,1.465,1.583,0.639,-0.677,61.217,1.054,1.583,4.854,2.342,0,3.598,6.11,3.723,98.259,-2.034,1.62,0,0,0,OFFBOARD
319,OUTBOUND,32.36,61.419,1.034,1.474,1.583,0.639,-0.677,61.419,0.884,1.583,4.818,2.294,0,3.558,10.0,3.743,98.577,-2.131,1.643,0,0,0,OFFBOARD
320,OUTBOUND,32.46,61.621,0.861,1.485,1.583,0.639,-0.677,61.621,0.711,1.583,5.537,2.82,0,4.278,10.0,3.768,98.942,-2.222,1.659,0,0,0,OFFBOARD
321,OUTBOUND,32.56,61.823,0.685,1.497,1.583,0.639,-0.677,61.823,0.535,1.583,5.51,2.998,0,4.254,10.0,3.797,99.337,-2.312,1.663,0,0,0,OFFBOARD
322,OUTBOUND,32.66,62.027,0.504,1.511,1.583,0.639,-0.677,62.027,0.354,1.583,5.546,3.001,0,4.138,10.0,3.829,99.751,-2.406,1.662,0,0,0,OFFBOARD
323,OUTBOUND,32.77,62.231,0.319,1.526,1.583,0.639,-0.677,62.231,0.169,1.583,5.815,3.539,0,4.615,10.0,3.863,100.0,-2.493,1.662,0,0,0,OFFBOARD
324,OUTBOUND,32.87,62.433,0.132,1.54,1.583,0.639,-0.677,62.433,-0.018,1.583,5.881,3.654,0,4.674,10.0,3.896,100.0,-2.5,1.663,0,0,0,OFFBOARD
325,OUTBOUND,32.97,62.635,-0.058,1.553,1.583,0.639,-0.677,62.635,-0.208,1.583,5.94,3.688,0,4.545,10.0,3.928,100.0,-2.5,1.665,0,0,0,OFFBOARD
326,OUTBOUND,33.07,62.839,-0.253,1.566,1.583,0.639,-0.677,62.839,-0.403,1.583,5.767,3.482,0,4.382,10.0,3.959,100.0,-2.5,1.668,0,0,0,OFFBOARD
327,OUTBOUND,33.17,63.041,-0.449,1.578,1.583,0.639,-0.677,63.041,-0.598,1.583,5.63,3.202,0,4.235,10.0,3.987,100.0,-2.469,1.672,0,0,0,OFFBOARD
328,OUTBOUND,33.27,63.201,-0.591,1.59,1.583,0.639,-0.677,63.201,-0.741,1.583,5.457,2.921,0,4.097,10.0,4.015,100.0,-2.4,1.675,0,0,0,OFFBOARD
329,OUTBOUND,33.38,63.278,-0.619,1.597,1.583,0.639,-0.677,63.278,-0.769,1.583,3.241,2.025,0,2.991,4.063,3.95,100.0,-2.228,1.677,0,0,0,OFFBOARD
330,OUTBOUND,33.48,63.363,-0.6,1.612,1.583,0.639,-0.677,63.363,-0.75,1.583,2.814,1.916,1,2.523,2.937,2.901,100.0,-2.008,1.673,0,0,0,OFFBOARD
331,OUTBOUND,33.58,63.458,-0.591,1.613,1.583,0.639,-0.677,63.458,-0.741,1.583,2.235,1.776,1,2.05,2.322,2.402,100.0,-1.798,1.671,0,0,0,OFFBOARD
332,OUTBOUND,33.68,63.579,-0.575,1.616,1.583,0.639,-0.677,63.579,-0.725,1.583,2.133,1.745,1,2.006,2.276,2.212,100.0,-1.665,1.67,0,0,0,OFFBOARD
333,OUTBOUND,33.78,63.73,-0.558,1.619,1.583,0.639,-0.677,63.73,-0.708,1.583,2.103,1.733,1,1.961,2.238,2.169,100.0,-1.573,1.669,0,0,0,OFFBOARD
334,OUTBOUND,33.88,63.91,-0.548,1.623,1.583,0.639,-0.677,63.91,-0.698,1.583,2.039,1.725,1,1.914,2.19,2.163,100.0,-1.504,1.669,0,0,0,OFFBOARD
335,OUTBOUND,33.98,64.12,-0.55,1.627,1.583,0.639,-0.677,64.12,-0.7,1.583,1.937,1.717,1,1.826,2.119,2.17,100.0,-1.449,1.668,0,0,0,OFFBOARD
336,OUTBOUND,34.09,64.35,-0.568,1.631,1.583,0.639,-0.677,64.35,-0.718,1.583,1.867,1.707,1,1.722,1.999,2.176,100.0,-1.408,1.667,0,0,0,OFFBOARD
337,OUTBOUND,34.19,64.591,-0.603,1.635,1.583,0.639,-0.677,64.591,-0.753,1.583,1.945,1.662,1,1.866,2.101,2.199,100.0,-1.372,1.665,0,0,0,OFFBOARD
338,OUTBOUND,34.29,64.841,-0.653,1.639,1.583,0.639,-0.677,64.841,-0.803,1.583,1.894,1.488,1,1.802,2.076,2.149,100.0,-1.336,1.664,0,0,0,OFFBOARD
339,OUTBOUND,34.39,65.091,-0.715,1.642,1.583,0.639,-0.677,65.091,-0.865,1.583,1.875,1.539,1,1.726,2.004,2.137,100.0,-1.311,1.662,0,0,0,OFFBOARD
340,OUTBOUND,34.49,65.341,-0.784,1.645,1.583,0.639,-0.677,65.341,-0.934,1.583,1.674,1.502,1,1.595,1.807,1.985,100.0,-1.271,1.659,0,0,0,OFFBOARD
341,OUTBOUND,34.59,65.594,-0.856,1.648,1.583,0.639,-0.677,65.593,-1.006,1.583,1.811,1.423,1,1.73,1.974,2.123,100.0,-1.21,1.657,0,0,0,OFFBOARD
342,OUTBOUND,34.69,65.843,-0.924,1.65,1.583,0.639,-0.677,65.843,-1.074,1.583,1.862,1.285,1,1.759,2.036,2.145,100.0,-1.117,1.654,0,0,0,OFFBOARD
343,OUTBOUND,34.8,66.096,-0.984,1.652,1.583,0.639,-0.677,66.096,-1.134,1.583,1.79,1.393,1,1.719,1.879,2.02,100.0,-1.0,1.651,0,0,0,OFFBOARD
344,OUTBOUND,34.9,66.349,-1.03,1.653,1.583,0.639,-0.677,66.349,-1.18,1.583,2.151,1.445,1,1.927,2.232,2.424,100.0,-0.864,1.648,0,0,0,OFFBOARD
345,OUTBOUND,35.0,66.607,-1.06,1.654,1.583,0.639,-0.677,66.607,-1.21,1.583,2.302,1.382,1,2.162,2.39,2.447,100.0,-0.732,1.645,0,0,0,OFFBOARD
346,OUTBOUND,35.1,66.864,-1.07,1.654,1.583,0.639,-0.677,66.864,-1.22,1.583,2.867,1.704,1,2.155,3.095,3.061,100.0,-0.626,1.641,0,0,0,OFFBOARD
347,OUTBOUND,35.2,67.121,-1.058,1.654,1.583,0.639,-0.677,67.121,-1.208,1.583,3.026,1.702,1,2.849,3.816,3.72,100.0,-0.539,1.638,0,0,0,OFFBOARD
348,OUTBOUND,35.3,67.384,-1.024,1.653,1.583,0.639,-0.677,67.384,-1.174,1.583,3.835,2.135,0,3.278,4.845,4.391,100.0,-0.461,1.635,0,0,0,OFFBOARD
349,OUTBOUND,35.4,67.641,-0.968,1.653,1.583,0.639,-0.677,67.641,-1.118,1.583,4.559,2.259,0,3.549,4.589,4.532,100.0,-0.372,1.632,0,0,0,OFFBOARD
350,OUTBOUND,35.51,67.893,-0.891,1.652,1.583,0.639,-0.677,67.893,-1.041,1.583,4.256,2.878,0,3.48,4.298,4.217,100.0,-0.292,1.626,0,0,0,OFFBOARD
351,OUTBOUND,35.61,68.142,-0.804,1.65,1.583,0.639,-0.677,68.142,-0.954,1.583,4.666,2.917,0,3.846,10.0,4.788,100.0,-0.217,1.612,0,0,0,OFFBOARD
352,OUTBOUND,35.71,68.382,-0.722,1.648,1.583,0.639,-0.677,68.382,-0.871,1.583,4.49,3.268,0,3.781,6.911,5.122,100.0,-0.167,1.602,0,0,0,OFFBOARD
353,OUTBOUND,35.81,68.619,-0.66,1.646,1.583,0.639,-0.677,68.619,-0.81,1.583,4.931,3.049,0,3.669,6.362,4.854,100.0,-0.111,1.594,0,0,0,OFFBOARD
354,OUTBOUND,35.91,68.858,-0.633,1.642,1.583,0.639,-0.677,68.858,-0.783,1.583,4.746,2.871,0,3.519,6.087,4.596,100.0,-0.054,1.589,0,0,0,OFFBOARD
355,OUTBOUND,36.01,69.093,-0.647,1.639,1.583,0.639,-0.677,69.093,-0.797,1.583,4.787,2.761,0,3.332,6.164,4.366,100.0,0.03,1.585,0,0,0,OFFBOARD
356,OUTBOUND,36.11,69.346,-0.705,1.634,1.583,0.639,-0.677,69.346,-0.854,1.583,5.232,2.549,0,3.435,6.082,4.647,100.0,0.139,1.583,0,0,0,OFFBOARD
357,OUTBOUND,36.22,69.594,-0.794,1.63,1.583,0.639,-0.677,69.594,-0.943,1.583,5.511,2.343,0,4.091,6.99,4.382,100.0,0.276,1.582,0,0,0,OFFBOARD
358,OUTBOUND,36.32,69.843,-0.904,1.626,1.583,0.639,-0.677,69.843,-1.054,1.583,5.937,2.133,0,4.116,10.0,4.203,100.0,0.453,1.582,0,0,0,OFFBOARD
359,OUTBOUND,36.42,70.099,-1.028,1.621,1.583,0.639,-0.677,70.099,-1.178,1.583,5.958,1.926,1,4.46,10.0,4.114,100.0,0.688,1.583,0,0,0,OFFBOARD
360,OUTBOUND,36.52,70.355,-1.158,1.617,1.583,0.639,-0.677,70.355,-1.308,1.583,1.817,1.715,1,4.344,1.813,1.808,100.0,0.929,1.585,0,0,0,OFFBOARD
361,OUTBOUND,36.62,70.609,-1.285,1.613,1.583,0.639,-0.677,70.609,-1.435,1.583,1.57,1.507,1,3.982,1.57,1.561,100.0,1.202,1.587,0,0,0,OFFBOARD
362,OUTBOUND,36.72,70.86,-1.411,1.609,1.583,0.639,-0.677,70.86,-1.561,1.583,1.325,1.297,1,2.994,1.33,1.317,100.0,1.471,1.591,0,0,0,OFFBOARD
363,OUTBOUND,36.82,71.109,-1.534,1.606,1.583,0.639,-0.677,71.109,-1.684,1.583,1.085,1.076,1,2.618,1.094,1.077,100.0,1.633,1.595,0,0,0,OFFBOARD
364,OUTBOUND,36.93,71.351,-1.644,1.603,1.583,0.639,-0.677,71.351,-1.794,1.583,0.852,0.852,1,2.379,0.86,0.844,100.0,1.556,1.599,0,0,0,OFFBOARD
365,OUTBOUND,37.03,71.588,-1.73,1.601,1.583,0.639,-0.677,71.588,-1.88,1.583,0.619,0.611,1,2.22,0.625,0.614,100.0,1.41,1.603,0,1,0,OFFBOARD
366,OUTBOUND,37.13,71.816,-1.777,1.6,1.583,0.639,-0.677,71.816,-1.927,1.583,0.395,0.386,1,0.404,0.398,0.392,100.0,1.315,1.608,0,1,0,OFFBOARD
367,OUTBOUND,37.23,71.976,-1.789,1.598,1.583,0.639,-0.677,71.976,-1.939,1.583,0.187,0.182,1,0.19,0.188,0.186,100.0,1.316,1.613,1,0,0,OFFBOARD
368,OUTBOUND,37.33,71.981,-1.779,1.599,1.583,0.639,-0.677,71.981,-1.929,1.583,0.18,0.18,1,0.182,0.181,0.179,100.0,1.342,1.618,1,0,0,OFFBOARD
369,OUTBOUND,37.43,71.975,-1.737,1.608,1.583,0.639,-0.677,71.975,-1.887,1.583,0.177,0.174,1,0.176,0.178,0.18,100.0,1.385,1.621,1,0,0,OFFBOARD
370,OUTBOUND,37.53,71.974,-1.66,1.616,1.583,0.639,-0.677,71.974,-1.81,1.583,0.167,0.164,1,0.164,0.171,0.179,100.0,1.439,1.623,1,0,0,OFFBOARD
371,OUTBOUND,37.63,71.98,-1.566,1.629,1.583,0.639,-0.677,71.98,-1.716,1.583,0.156,0.154,1,0.151,0.162,0.174,100.0,1.501,1.623,1,0,0,OFFBOARD
372,OUTBOUND,37.73,71.978,-1.482,1.645,1.583,0.639,-0.677,71.977,-1.632,1.583,0.15,0.148,1,0.144,0.157,0.173,100.0,1.567,1.62,1,0,0,OFFBOARD
373,OUTBOUND,37.84,71.972,-1.417,1.662,1.583,0.639,-0.677,71.972,-1.567,1.583,0.152,0.145,1,0.145,0.161,0.183,100.0,1.631,1.615,1,0,0,OFFBOARD
374,OUTBOUND,37.94,71.969,-1.371,1.679,1.583,0.639,-0.677,71.969,-1.521,1.583,0.157,0.145,1,0.149,0.169,0.197,100.0,1.688,1.606,1,0,0,OFFBOARD
375,OUTBOUND,38.04,71.971,-1.334,1.697,1.583,0.639,-0.677,71.971,-1.484,1.583,0.163,0.145,1,0.153,0.178,0.214,100.0,1.73,1.594,1,0,0,OFFBOARD
376,OUTBOUND,38.14,71.978,-1.302,1.715,1.583,0.639,-0.677,71.978,-1.452,1.583,0.168,0.144,1,0.155,0.185,0.232,100.0,1.746,1.575,1,0,0,OFFBOARD
377,OUTBOUND,38.24,71.99,-1.276,1.734,1.583,0.639,-0.677,71.99,-1.426,1.583,0.17,0.142,1,0.154,0.191,0.253,100.0,1.76,1.549,1,0,0,OFFBOARD
378,OUTBOUND,38.34,72.007,-1.255,1.757,1.583,0.639,-0.677,72.007,-1.405,1.583,0.169,0.138,1,0.152,0.196,0.279,100.0,1.768,1.516,1,0,0,OFFBOARD
379,OUTBOUND,38.45,72.033,-1.241,1.784,1.583,0.639,-0.677,72.033,-1.391,1.583,0.161,0.127,1,0.139,0.197,0.341,100.0,1.78,1.474,1,0,0,OFFBOARD
380,OUTBOUND,38.55,72.073,-1.237,1.816,1.583,0.639,-0.677,72.073,-1.387,1.583,0.14,0.108,1,0.116,0.187,0.495,100.0,1.799,1.423,1,0,0,OFFBOARD
381,OUTBOUND,38.65,72.1,-1.241,1.855,1.583,0.639,-0.677,72.1,-1.391,1.583,0.146,0.112,1,0.11,0.246,1.701,100.0,1.819,1.367,1,0,0,OFFBOARD
382,OUTBOUND,38.75,72.12,-1.259,1.886,1.583,0.639,-0.677,72.12,-1.409,1.583,0.192,0.166,1,0.121,0.563,1.736,100.0,1.828,1.31,1,0,0,OFFBOARD
383,OUTBOUND,38.85,72.125,-1.285,1.874,1.583,0.639,-0.677,72.125,-1.435,1.583,0.119,0.107,1,0.078,0.279,1.704,100.0,1.855,1.252,1,0,0,OFFBOARD
384,OUTBOUND,38.95,72.113,-1.3,1.835,1.583,0.639,-0.677,72.113,-1.45,1.583,0.066,0.061,1,0.051,0.1,1.778,100.0,1.859,1.193,1,0,0,OFFBOARD
385,OUTBOUND,39.05,72.105,-1.295,1.812,1.583,0.639,-0.677,72.105,-1.445,1.583,0.053,0.053,1,0.051,0.072,0.255,100.0,1.84,1.14,1,0,0,OFFBOARD
386,OUTBOUND,39.15,72.105,-1.303,1.8,1.583,0.639,-0.677,72.104,-1.453,1.583,0.053,0.053,1,0.051,0.061,0.162,100.0,1.845,1.088,1,0,0,OFFBOARD
387,OUTBOUND,39.26,72.104,-1.321,1.793,1.583,0.639,-0.677,72.104,-1.47,1.583,0.053,0.053,1,2.017,0.052,0.097,100.0,1.87,1.038,1,0,0,OFFBOARD
388,OUTBOUND,39.36,72.104,-1.323,1.793,1.583,0.639,-0.677,72.104,-1.473,1.583,0.053,0.053,1,2.069,0.052,0.084,100.0,1.873,0.99,1,0,0,OFFBOARD
389,OUTBOUND,39.46,72.104,-1.329,1.793,1.583,0.639,-0.677,72.104,-1.479,1.583,0.053,0.053,1,2.057,0.052,0.087,100.0,1.856,0.945,1,0,0,OFFBOARD
390,OUTBOUND,39.56,72.104,-1.334,1.796,1.583,0.639,-0.677,72.104,-1.484,1.583,0.053,0.053,1,2.058,0.051,0.091,100.0,1.828,0.902,1,0,0,OFFBOARD
391,OUTBOUND,39.66,72.105,-1.332,1.798,1.583,0.639,-0.677,72.105,-1.482,1.583,0.053,0.053,1,2.049,0.052,0.09,100.0,1.793,0.86,1,0,0,OFFBOARD
392,OUTBOUND,39.76,72.105,-1.332,1.798,1.583,0.639,-0.677,72.105,-1.482,1.583,0.053,0.053,1,2.042,0.052,0.092,100.0,1.752,0.817,1,0,0,OFFBOARD
393,OUTBOUND,39.86,72.105,-1.329,1.797,1.583,0.639,-0.677,72.105,-1.479,1.583,0.053,0.053,1,2.04,0.052,0.091,100.0,1.708,0.775,1,0,0,OFFBOARD
394,OUTBOUND,39.97,72.105,-1.327,1.795,1.583,0.639,-0.677,72.105,-1.477,1.583,0.053,0.053,1,2.042,0.052,0.09,100.0,1.667,0.734,1,0,0,OFFBOARD
395,OUTBOUND,40.07,72.105,-1.326,1.794,1.583,0.639,-0.677,72.104,-1.476,1.583,0.053,0.053,1,2.052,0.052,0.087,100.0,1.623,0.692,1,0,0,OFFBOARD
396,OUTBOUND,40.17,72.104,-1.326,1.792,1.583,0.639,-0.677,72.104,-1.476,1.583,0.053,0.053,1,2.072,0.052,0.083,100.0,1.577,0.652,1,0,0,OFFBOARD
397,OUTBOUND,40.27,72.104,-1.326,1.792,1.583,0.639,-0.677,72.104,-1.476,1.583,0.053,0.053,1,2.071,0.052,0.083,100.0,1.528,0.612,1,0,0,OFFBOARD
398,OUTBOUND,40.37,72.104,-1.326,1.792,1.583,0.639,-0.677,72.104,-1.476,1.583,0.053,0.053,1,2.071,0.052,0.083,100.0,1.475,0.6,1,0,0,OFFBOARD
399,OUTBOUND,40.47,72.104,-1.326,1.791,1.583,0.639,-0.677,72.104,-1.476,1.583,0.053,0.053,1,2.071,0.052,0.083,100.0,1.418,0.6,1,0,0,OFFBOARD
400,OUTBOUND,40.57,72.104,-1.326,1.791,1.583,0.639,-0.677,72.104,-1.476,1.583,0.053,0.053,1,2.071,0.052,0.083,100.0,1.361,0.6,1,0,0,OFFBOARD
401,OUTBOUND,40.67,72.104,-1.326,1.791,1.583,0.639,-0.677,72.104,-1.476,1.583,0.053,0.053,1,2.07,0.052,0.083,100.0,1.308,0.6,1,0,0,OFFBOARD
402,OUTBOUND,40.78,72.104,-1.326,1.791,1.583,0.639,-0.677,72.104,-1.476,1.583,0.053,0.053,1,2.07,0.052,0.083,100.0,1.258,0.6,1,0,0,OFFBOARD
403,OUTBOUND,40.88,72.104,-1.326,1.791,1.583,0.639,-0.677,72.104,-1.476,1.583,0.053,0.053,1,2.07,0.052,0.083,100.0,1.205,0.6,1,0,0,OFFBOARD
404,OUTBOUND,40.98,72.104,-1.326,1.791,1.583,0.639,-0.677,72.104,-1.475,1.583,0.053,0.053,1,2.07,0.052,0.083,100.0,1.15,0.6,1,0,0,OFFBOARD
405,OUTBOUND,41.08,72.104,-1.325,1.791,1.583,0.639,-0.677,72.104,-1.475,1.583,0.053,0.053,1,2.07,0.052,0.083,100.0,1.094,0.6,1,0,0,OFFBOARD
406,OUTBOUND,41.18,72.104,-1.325,1.79,1.583,0.639,-0.677,72.104,-1.475,1.583,0.053,0.053,1,2.069,0.052,0.083,100.0,1.038,0.6,1,0,0,OFFBOARD
407,OUTBOUND,41.29,72.104,-1.325,1.79,1.583,0.639,-0.677,72.104,-1.475,1.583,0.053,0.053,1,2.069,0.052,0.083,100.0,0.979,0.6,1,0,0,OFFBOARD
408,OUTBOUND,41.39,72.104,-1.325,1.79,1.583,0.639,-0.677,72.104,-1.475,1.583,0.053,0.053,1,2.069,0.052,0.083,100.0,0.919,0.6,1,0,0,OFFBOARD
409,OUTBOUND,41.49,72.104,-1.325,1.79,1.583,0.639,-0.677,72.104,-1.475,1.583,0.053,0.053,1,2.069,0.052,0.083,100.0,0.86,0.6,1,0,0,OFFBOARD
410,OUTBOUND,41.59,72.104,-1.325,1.79,1.583,0.639,-0.677,72.104,-1.475,1.583,0.053,0.053,1,2.069,0.052,0.083,100.0,0.803,0.6,1,0,0,OFFBOARD
411,OUTBOUND,41.69,72.104,-1.325,1.79,1.583,0.639,-0.677,72.104,-1.475,1.583,0.053,0.053,1,2.068,0.052,0.083,100.0,0.744,0.6,1,0,0,OFFBOARD
412,OUTBOUND,41.79,72.104,-1.325,1.79,1.583,0.639,-0.677,72.104,-1.475,1.583,0.053,0.053,1,2.068,0.052,0.083,100.0,0.683,0.6,1,0,0,OFFBOARD
413,OUTBOUND,41.89,72.104,-1.325,1.789,1.583,0.639,-0.677,72.104,-1.475,1.583,0.053,0.053,1,2.068,0.052,0.083,100.0,0.625,0.6,1,0,0,OFFBOARD
414,OUTBOUND,42.0,72.104,-1.325,1.789,1.583,0.639,-0.677,72.104,-1.475,1.583,0.053,0.053,1,2.068,0.052,0.083,100.0,0.57,0.6,1,0,0,OFFBOARD
415,OUTBOUND,42.1,72.104,-1.324,1.789,1.583,0.639,-0.677,72.104,-1.474,1.583,0.053,0.053,1,2.068,0.052,0.083,100.0,0.516,0.6,1,0,0,OFFBOARD
416,OUTBOUND,42.2,72.104,-1.324,1.789,1.583,0.639,-0.677,72.104,-1.474,1.583,0.053,0.053,1,2.067,0.052,0.083,100.0,0.46,0.6,1,0,0,OFFBOARD
417,OUTBOUND,42.3,72.104,-1.324,1.789,1.583,0.639,-0.677,72.104,-1.474,1.583,0.053,0.053,1,2.067,0.052,0.083,100.0,0.404,0.6,1,0,0,OFFBOARD
418,OUTBOUND,42.4,72.104,-1.324,1.789,1.583,0.639,-0.677,72.104,-1.474,1.583,0.053,0.053,1,2.067,0.052,0.083,100.0,0.345,0.6,1,0,0,OFFBOARD
419,OUTBOUND,42.5,72.104,-1.324,1.788,1.583,0.639,-0.677,72.104,-1.474,1.583,0.053,0.053,1,2.067,0.052,0.083,100.0,0.285,0.6,1,0,0,OFFBOARD
420,OUTBOUND,42.6,72.104,-1.324,1.788,1.583,0.639,-0.677,72.104,-1.474,1.583,0.053,0.053,1,2.067,0.052,0.083,100.0,0.226,0.6,1,0,0,OFFBOARD
421,OUTBOUND,42.7,72.104,-1.324,1.788,1.583,0.639,-0.677,72.104,-1.474,1.583,0.053,0.053,1,2.067,0.052,0.083,100.0,0.166,0.6,1,0,0,OFFBOARD
422,OUTBOUND,42.81,72.104,-1.324,1.788,1.583,0.639,-0.677,72.104,-1.474,1.583,0.053,0.053,1,2.066,0.052,0.083,100.0,0.106,0.6,1,0,0,OFFBOARD
423,OUTBOUND,42.91,72.104,-1.324,1.788,1.583,0.639,-0.677,72.104,-1.474,1.583,0.053,0.053,1,2.066,0.052,0.083,100.0,0.048,0.6,1,0,0,OFFBOARD
424,OUTBOUND,43.01,72.104,-1.324,1.788,1.583,0.639,-0.677,72.104,-1.474,1.583,0.053,0.053,1,2.066,0.052,0.083,100.0,-0.009,0.6,1,0,0,OFFBOARD
425,OUTBOUND,43.11,72.104,-1.324,1.788,1.583,0.639,-0.677,72.104,-1.473,1.583,0.053,0.053,1,2.066,0.052,0.083,100.0,-0.069,0.6,1,0,0,OFFBOARD
426,OUTBOUND,43.21,72.104,-1.323,1.787,1.583,0.639,-0.677,72.104,-1.473,1.583,0.053,0.053,1,2.066,0.052,0.083,100.0,-0.127,0.6,1,0,0,OFFBOARD
427,OUTBOUND,43.31,72.104,-1.323,1.787,1.583,0.639,-0.677,72.104,-1.473,1.583,0.053,0.053,1,2.065,0.052,0.083,100.0,-0.188,0.6,1,0,0,OFFBOARD
428,OUTBOUND,43.42,72.104,-1.323,1.787,1.583,0.639,-0.677,72.104,-1.473,1.583,0.053,0.053,1,2.065,0.052,0.083,100.0,-0.245,0.6,1,0,0,OFFBOARD
429,OUTBOUND,43.52,72.104,-1.323,1.787,1.583,0.639,-0.677,72.104,-1.473,1.583,0.053,0.053,1,2.065,0.052,0.083,100.0,-0.303,0.6,1,0,0,OFFBOARD
430,OUTBOUND,43.62,72.104,-1.323,1.787,1.583,0.639,-0.677,72.104,-1.473,1.583,0.053,0.053,1,2.065,0.052,0.083,100.0,-0.361,0.6,1,0,0,OFFBOARD
431,OUTBOUND,43.72,72.104,-1.323,1.787,1.583,0.639,-0.677,72.104,-1.473,1.583,0.053,0.053,1,2.065,0.052,0.083,100.0,-0.42,0.6,1,0,0,OFFBOARD
432,OUTBOUND,43.82,72.104,-1.323,1.786,1.583,0.639,-0.677,72.104,-1.473,1.583,0.053,0.053,1,2.064,0.052,0.083,100.0,-0.481,0.6,1,0,0,OFFBOARD
433,OUTBOUND,43.92,72.104,-1.323,1.786,1.583,0.639,-0.677,72.104,-1.473,1.583,0.053,0.053,1,2.064,0.052,0.083,100.0,-0.543,0.6,1,0,0,OFFBOARD
434,OUTBOUND,44.03,72.104,-1.323,1.786,1.583,0.639,-0.677,72.104,-1.473,1.583,0.053,0.053,1,2.064,0.052,0.083,100.0,-0.603,0.6,1,0,0,OFFBOARD
435,OUTBOUND,44.13,72.104,-1.323,1.786,1.583,0.639,-0.677,72.104,-1.472,1.583,0.053,0.053,1,2.064,0.052,0.083,100.0,-0.664,0.6,1,0,0,OFFBOARD
436,OUTBOUND,44.23,72.104,-1.322,1.786,1.583,0.639,-0.677,72.104,-1.472,1.583,0.053,0.053,1,2.064,0.052,0.083,100.0,-0.726,0.6,1,0,0,OFFBOARD
437,OUTBOUND,44.33,72.104,-1.322,1.786,1.583,0.639,-0.677,72.104,-1.472,1.583,0.053,0.053,1,2.063,0.052,0.083,100.0,-0.788,0.6,1,0,0,OFFBOARD
438,OUTBOUND,44.43,72.104,-1.322,1.786,1.583,0.639,-0.677,72.104,-1.472,1.583,0.053,0.053,1,2.063,0.052,0.083,100.0,-0.85,0.6,1,0,0,OFFBOARD
439,OUTBOUND,44.53,72.104,-1.322,1.785,1.583,0.639,-0.677,72.104,-1.472,1.583,0.053,0.053,1,2.063,0.052,0.083,100.0,-0.912,0.6,1,0,0,OFFBOARD
440,OUTBOUND,44.63,72.104,-1.322,1.785,1.583,0.639,-0.677,72.104,-1.472,1.583,0.053,0.053,1,2.063,0.052,0.083,100.0,-0.972,0.6,1,0,0,OFFBOARD
441,OUTBOUND,44.74,72.104,-1.322,1.785,1.583,0.639,-0.677,72.104,-1.472,1.583,0.053,0.053,1,2.063,0.052,0.083,100.0,-1.032,0.6,1,0,0,OFFBOARD
442,OUTBOUND,44.84,72.104,-1.322,1.785,1.583,0.639,-0.677,72.104,-1.472,1.583,0.053,0.053,1,2.063,0.052,0.083,100.0,-1.09,0.6,1,0,0,OFFBOARD
443,OUTBOUND,44.94,72.104,-1.322,1.785,1.583,0.639,-0.677,72.104,-1.472,1.583,0.053,0.053,1,2.062,0.052,0.083,100.0,-1.15,0.6,1,0,0,OFFBOARD
444,OUTBOUND,45.04,72.104,-1.322,1.785,1.583,0.639,-0.677,72.104,-1.472,1.583,0.053,0.053,1,2.062,0.052,0.083,100.0,-1.21,0.6,1,0,0,OFFBOARD
445,OUTBOUND,45.14,72.104,-1.322,1.785,1.583,0.639,-0.677,72.104,-1.472,1.583,0.053,0.053,1,2.062,0.052,0.083,100.0,-1.271,0.6,1,0,0,OFFBOARD
446,OUTBOUND,45.24,72.104,-1.321,1.784,1.583,0.639,-0.677,72.104,-1.471,1.583,0.053,0.053,1,2.062,0.052,0.083,100.0,-1.332,0.6,1,0,0,OFFBOARD
447,OUTBOUND,45.34,72.104,-1.321,1.784,1.583,0.639,-0.677,72.104,-1.471,1.583,0.053,0.053,1,2.062,0.052,0.083,100.0,-1.394,0.6,1,0,0,OFFBOARD
448,OUTBOUND,45.45,72.104,-1.321,1.784,1.583,0.639,-0.677,72.104,-1.471,1.583,0.053,0.053,1,2.061,0.052,0.083,100.0,-1.456,0.6,1,0,0,OFFBOARD
449,OUTBOUND,45.55,72.104,-1.321,1.784,1.583,0.639,-0.677,72.104,-1.471,1.583,0.053,0.053,1,2.061,0.052,0.083,100.0,-1.52,0.6,1,0,0,OFFBOARD
450,OUTBOUND,45.65,72.104,-1.321,1.784,1.583,0.639,-0.677,72.104,-1.471,1.583,0.053,0.053,1,2.061,0.052,0.083,100.0,-1.582,0.6,1,0,0,OFFBOARD
451,OUTBOUND,45.75,72.104,-1.321,1.784,1.583,0.639,-0.677,72.104,-1.471,1.583,0.053,0.053,1,2.061,0.052,0.083,100.0,-1.643,0.6,1,0,0,OFFBOARD
452,OUTBOUND,45.85,72.104,-1.321,1.783,1.583,0.639,-0.677,72.104,-1.471,1.583,0.053,0.053,1,2.061,0.052,0.083,100.0,-1.705,0.6,1,0,0,OFFBOARD
453,OUTBOUND,45.95,72.104,-1.321,1.783,1.583,0.639,-0.677,72.104,-1.471,1.583,0.053,0.053,1,2.06,0.052,0.083,100.0,-1.767,0.6,1,0,0,OFFBOARD
454,OUTBOUND,46.05,72.104,-1.321,1.783,1.583,0.639,-0.677,72.104,-1.471,1.583,0.053,0.053,1,2.06,0.052,0.083,100.0,-1.83,0.6,1,0,0,OFFBOARD
455,OUTBOUND,46.16,72.104,-1.321,1.783,1.583,0.639,-0.677,72.104,-1.471,1.583,0.053,0.053,1,2.06,0.052,0.083,100.0,-1.894,0.6,1,0,0,OFFBOARD
456,OUTBOUND,46.26,72.104,-1.321,1.783,1.583,0.639,-0.677,72.104,-1.47,1.583,0.053,0.053,1,2.06,0.052,0.083,100.0,-1.954,0.6,1,0,0,OFFBOARD
457,OUTBOUND,46.36,72.104,-1.32,1.783,1.583,0.639,-0.677,72.104,-1.47,1.583,0.053,0.053,1,2.06,0.052,0.083,100.0,-2.014,0.6,1,0,0,OFFBOARD
458,OUTBOUND,46.46,72.104,-1.32,1.783,1.583,0.639,-0.677,72.104,-1.47,1.583,0.053,0.053,1,2.06,0.052,0.083,100.0,-2.074,0.6,1,0,0,OFFBOARD
459,OUTBOUND,46.56,72.104,-1.32,1.782,1.583,0.639,-0.677,72.104,-1.47,1.583,0.053,0.053,1,2.059,0.052,0.083,100.0,-2.135,0.6,1,0,0,OFFBOARD
460,OUTBOUND,46.66,72.104,-1.32,1.782,1.583,0.639,-0.677,72.104,-1.47,1.583,0.053,0.053,1,2.059,0.052,0.083,100.0,-2.196,0.6,1,0,0,OFFBOARD
461,OUTBOUND,46.76,72.104,-1.32,1.782,1.583,0.639,-0.677,72.104,-1.47,1.583,0.053,0.053,1,2.059,0.052,0.083,100.0,-2.259,0.6,1,0,0,OFFBOARD
462,OUTBOUND,46.87,72.104,-1.32,1.782,1.583,0.639,-0.677,72.104,-1.47,1.583,0.053,0.053,1,2.059,0.052,0.083,100.0,-2.321,0.6,1,0,0,OFFBOARD
463,OUTBOUND,46.97,72.104,-1.32,1.782,1.583,0.639,-0.677,72.104,-1.47,1.583,0.053,0.053,1,2.059,0.052,0.083,100.0,-2.385,0.6,1,0,0,OFFBOARD
464,OUTBOUND,47.07,72.104,-1.32,1.782,1.583,0.639,-0.677,72.104,-1.47,1.583,0.053,0.053,1,2.058,0.052,0.083,100.0,-2.449,0.6,1,0,0,OFFBOARD
465,OUTBOUND,47.17,72.104,-1.32,1.781,1.583,0.639,-0.677,72.104,-1.47,1.583,0.053,0.053,1,2.058,0.052,0.083,100.0,-2.5,0.6,1,0,0,OFFBOARD
466,OUTBOUND,47.27,72.104,-1.32,1.781,1.583,0.639,-0.677,72.104,-1.469,1.583,0.053,0.053,1,2.058,0.052,0.083,100.0,-2.5,0.6,1,0,0,OFFBOARD
467,OUTBOUND,47.37,72.104,-1.319,1.781,1.583,0.639,-0.677,72.104,-1.469,1.583,0.053,0.053,1,2.058,0.052,0.083,100.0,-2.5,0.6,1,0,0,OFFBOARD
468,OUTBOUND,47.47,72.104,-1.319,1.781,1.583,0.639,-0.677,72.104,-1.469,1.583,0.053,0.053,1,2.058,0.052,0.083,100.0,-2.5,0.6,1,0,0,OFFBOARD
469,OUTBOUND,47.58,72.104,-1.319,1.781,1.583,0.639,-0.677,72.104,-1.469,1.583,0.053,0.053,1,2.058,0.052,0.083,100.0,-2.5,0.6,1,0,0,OFFBOARD
470,OUTBOUND,47.68,72.104,-1.319,1.781,1.583,0.639,-0.677,72.104,-1.469,1.583,0.053,0.053,1,2.057,0.052,0.083,100.0,-2.5,0.6,1,0,0,OFFBOARD
471,OUTBOUND,47.78,72.104,-1.319,1.781,1.583,0.639,-0.677,72.104,-1.469,1.583,0.053,0.053,1,2.057,0.052,0.083,100.0,-2.5,0.6,1,0,0,OFFBOARD
472,OUTBOUND,47.88,72.104,-1.319,1.78,1.583,0.639,-0.677,72.104,-1.469,1.583,0.053,0.053,1,2.057,0.052,0.083,100.0,-2.5,0.6,1,0,0,OFFBOARD
473,OUTBOUND,47.98,72.104,-1.319,1.78,1.583,0.639,-0.677,72.104,-1.469,1.583,0.053,0.053,1,2.057,0.052,0.083,100.0,-2.5,0.6,1,0,0,OFFBOARD
474,OUTBOUND,48.08,72.104,-1.319,1.78,1.583,0.639,-0.677,72.104,-1.469,1.583,0.053,0.053,1,2.057,0.052,0.083,100.0,-2.5,0.6,1,0,0,OFFBOARD
475,OUTBOUND,48.18,72.104,-1.319,1.78,1.583,0.639,-0.677,72.104,-1.469,1.583,0.053,0.053,1,2.056,0.052,0.083,100.0,-2.5,0.6,1,0,0,OFFBOARD
476,OUTBOUND,48.29,72.104,-1.319,1.78,1.583,0.639,-0.677,72.104,-1.468,1.583,0.053,0.053,1,2.056,0.052,0.083,100.0,-2.5,0.6,1,0,0,OFFBOARD
477,OUTBOUND,48.39,72.104,-1.318,1.78,1.583,0.639,-0.677,72.104,-1.468,1.583,0.053,0.053,1,2.056,0.052,0.083,100.0,-2.5,0.6,1,0,0,OFFBOARD
478,OUTBOUND,48.49,72.104,-1.318,1.78,1.583,0.639,-0.677,72.104,-1.468,1.583,0.053,0.053,1,2.056,0.052,0.083,100.0,-2.5,0.6,1,0,0,OFFBOARD
479,OUTBOUND,48.59,72.104,-1.318,1.779,1.583,0.639,-0.677,72.104,-1.468,1.583,0.053,0.053,1,2.056,0.052,0.083,100.0,-2.5,0.6,1,0,0,OFFBOARD
480,OUTBOUND,48.69,72.104,-1.318,1.779,1.583,0.639,-0.677,72.104,-1.468,1.583,0.053,0.053,1,2.055,0.052,0.083,100.0,-2.5,0.6,1,0,0,OFFBOARD
481,OUTBOUND,48.79,72.104,-1.318,1.779,1.583,0.639,-0.677,72.104,-1.468,1.583,0.053,0.053,1,2.055,0.052,0.083,100.0,-2.5,0.6,1,0,0,OFFBOARD
482,OUTBOUND,48.9,72.104,-1.318,1.779,1.583,0.639,-0.677,72.104,-1.468,1.583,0.053,0.053,1,2.055,0.052,0.083,100.0,-2.5,0.6,1,0,0,OFFBOARD
483,OUTBOUND,49.0,72.104,-1.318,1.779,1.583,0.639,-0.677,72.104,-1.468,1.583,0.053,0.053,1,2.055,0.052,0.083,100.0,-2.5,0.6,1,0,0,OFFBOARD
484,OUTBOUND,49.1,72.104,-1.318,1.779,1.583,0.639,-0.677,72.104,-1.468,1.583,0.053,0.053,1,2.055,0.052,0.083,100.0,-2.5,0.6,1,0,0,OFFBOARD
485,OUTBOUND,49.2,72.104,-1.318,1.778,1.583,0.639,-0.677,72.104,-1.468,1.583,0.053,0.053,1,2.054,0.052,0.083,100.0,-2.5,0.6,1,0,0,OFFBOARD
486,OUTBOUND,49.3,72.104,-1.318,1.778,1.583,0.639,-0.677,72.104,-1.468,1.583,0.053,0.053,1,2.054,0.052,0.083,100.0,-2.5,0.6,1,0,0,OFFBOARD
487,OUTBOUND,49.4,72.104,-1.317,1.778,1.583,0.639,-0.677,72.104,-1.467,1.583,0.053,0.053,1,2.054,0.052,0.083,100.0,-2.5,0.6,1,0,0,OFFBOARD
488,OUTBOUND,49.5,72.104,-1.317,1.778,1.583,0.639,-0.677,72.104,-1.467,1.583,0.053,0.053,1,2.054,0.052,0.083,100.0,-2.5,0.6,1,0,0,OFFBOARD
489,OUTBOUND,49.6,72.104,-1.317,1.778,1.583,0.639,-0.677,72.104,-1.467,1.583,0.053,0.053,1,2.054,0.052,0.083,100.0,-2.5,0.6,1,0,0,OFFBOARD
490,OUTBOUND,49.71,72.104,-1.317,1.778,1.583,0.639,-0.677,72.104,-1.467,1.583,0.053,0.053,1,2.054,0.052,0.083,100.0,-2.5,0.6,1,0,0,OFFBOARD
491,OUTBOUND,49.81,72.104,-1.317,1.778,1.583,0.639,-0.677,72.104,-1.467,1.583,0.053,0.053,1,2.053,0.052,0.083,100.0,-2.5,0.6,1,0,0,OFFBOARD
492,OUTBOUND,49.91,72.104,-1.317,1.777,1.583,0.639,-0.677,72.104,-1.467,1.583,0.053,0.053,1,2.053,0.052,0.083,100.0,-2.5,0.6,1,0,0,OFFBOARD
493,OUTBOUND,50.01,72.104,-1.317,1.777,1.583,0.639,-0.677,72.104,-1.467,1.583,0.053,0.053,1,2.053,0.052,0.083,100.0,-2.5,0.6,1,0,0,OFFBOARD
494,OUTBOUND,50.11,72.104,-1.317,1.777,1.583,0.639,-0.677,72.104,-1.467,1.583,0.053,0.053,1,2.053,0.052,0.083,100.0,-2.5,0.6,1,0,0,OFFBOARD
495,OUTBOUND,50.21,72.104,-1.317,1.777,1.583,0.639,-0.677,72.104,-1.467,1.583,0.053,0.053,1,2.053,0.052,0.083,100.0,-2.5,0.6,1,0,0,OFFBOARD
496,OUTBOUND,50.32,72.104,-1.317,1.777,1.583,0.639,-0.677,72.104,-1.467,1.583,0.053,0.053,1,2.052,0.052,0.083,100.0,-2.5,0.6,1,0,0,OFFBOARD
497,OUTBOUND,50.42,72.104,-1.316,1.777,1.583,0.639,-0.677,72.104,-1.466,1.583,0.053,0.053,1,2.052,0.052,0.083,100.0,-2.5,0.6,1,0,0,OFFBOARD
498,OUTBOUND,50.52,72.104,-1.316,1.776,1.583,0.639,-0.677,72.104,-1.466,1.583,0.053,0.053,1,2.052,0.052,0.083,100.0,-2.5,0.6,1,0,0,OFFBOARD
499,OUTBOUND,50.62,72.104,-1.316,1.776,1.583,0.639,-0.677,72.104,-1.466,1.583,0.053,0.053,1,2.052,0.052,0.083,100.0,-2.5,0.6,1,0,0,OFFBOARD
500,OUTBOUND,50.72,72.104,-1.316,1.776,1.583,0.639,-0.677,72.104,-1.466,1.583,0.053,0.053,1,2.052,0.052,0.083,100.0,-2.5,0.6,1,0,0,OFFBOARD
501,OUTBOUND,50.82,72.104,-1.316,1.776,1.583,0.639,-0.677,72.104,-1.466,1.583,0.053,0.053,1,2.052,0.052,0.083,100.0,-2.5,0.6,1,0,0,OFFBOARD
502,OUTBOUND,50.93,72.104,-1.316,1.776,1.583,0.639,-0.677,72.104,-1.466,1.583,0.053,0.053,1,2.051,0.052,0.083,100.0,-2.5,0.6,1,0,0,OFFBOARD
503,OUTBOUND,51.03,72.104,-1.316,1.776,1.583,0.639,-0.677,72.104,-1.466,1.583,0.053,0.053,1,2.051,0.052,0.083,100.0,-2.5,0.6,1,0,0,OFFBOARD
504,OUTBOUND,51.13,72.104,-1.316,1.776,1.583,0.639,-0.677,72.104,-1.466,1.583,0.053,0.053,1,2.051,0.052,0.083,100.0,-2.5,0.6,1,0,0,OFFBOARD
505,OUTBOUND,51.23,72.104,-1.316,1.775,1.583,0.639,-0.677,72.104,-1.466,1.583,0.053,0.053,1,2.051,0.052,0.083,100.0,-2.5,0.6,1,0,0,OFFBOARD
506,OUTBOUND,51.33,72.104,-1.316,1.775,1.583,0.639,-0.677,72.104,-1.466,1.583,0.053,0.053,1,2.051,0.052,0.083,100.0,-2.5,0.6,1,0,0,OFFBOARD
507,OUTBOUND,51.43,72.104,-1.316,1.775,1.583,0.639,-0.677,72.104,-1.465,1.583,0.053,0.053,1,2.05,0.052,0.083,100.0,-2.5,0.6,1,0,0,OFFBOARD
508,OUTBOUND,51.53,72.104,-1.315,1.775,1.583,0.639,-0.677,72.104,-1.465,1.583,0.053,0.053,1,2.05,0.052,0.083,100.0,-2.5,0.6,1,0,0,OFFBOARD
509,OUTBOUND,51.64,72.104,-1.315,1.775,1.583,0.639,-0.677,72.104,-1.465,1.583,0.053,0.053,1,2.05,0.052,0.083,100.0,-2.5,0.6,1,0,0,OFFBOARD
510,OUTBOUND,51.74,72.104,-1.315,1.775,1.583,0.639,-0.677,72.104,-1.465,1.583,0.053,0.053,1,2.05,0.052,0.083,100.0,-2.5,0.6,1,0,0,OFFBOARD
511,OUTBOUND,51.84,72.104,-1.315,1.775,1.583,0.639,-0.677,72.104,-1.465,1.583,0.053,0.053,1,2.05,0.052,0.083,100.0,-2.5,0.6,1,0,0,OFFBOARD
512,OUTBOUND,51.94,72.104,-1.315,1.774,1.583,0.639,-0.677,72.104,-1.465,1.583,0.053,0.053,1,2.05,0.052,0.083,100.0,-2.5,0.6,1,0,0,OFFBOARD
513,OUTBOUND,52.04,72.104,-1.315,1.774,1.583,0.639,-0.677,72.104,-1.465,1.583,0.053,0.053,1,2.049,0.052,0.083,100.0,-2.5,0.6,1,0,0,OFFBOARD
514,OUTBOUND,52.14,72.104,-1.315,1.774,1.583,0.639,-0.677,72.104,-1.465,1.583,0.053,0.053,1,2.049,0.052,0.083,100.0,-2.5,0.6,1,0,0,OFFBOARD
515,OUTBOUND,52.24,72.104,-1.315,1.774,1.583,0.639,-0.677,72.104,-1.465,1.583,0.053,0.053,1,2.049,0.052,0.083,100.0,-2.5,0.6,1,0,0,OFFBOARD
516,OUTBOUND,52.34,72.104,-1.315,1.774,1.583,0.639,-0.677,72.104,-1.465,1.583,0.053,0.053,1,2.049,0.052,0.083,100.0,-2.5,0.6,1,0,0,OFFBOARD
517,OUTBOUND,52.45,72.104,-1.315,1.774,1.583,0.639,-0.677,72.104,-1.464,1.583,0.053,0.053,1,2.049,0.052,0.083,100.0,-2.5,0.6,1,0,0,OFFBOARD
518,OUTBOUND,52.55,72.104,-1.314,1.773,1.583,0.639,-0.677,72.104,-1.464,1.583,0.053,0.053,1,2.048,0.052,0.083,100.0,-2.5,0.6,1,0,0,OFFBOARD
519,OUTBOUND,52.65,72.104,-1.314,1.773,1.583,0.639,-0.677,72.104,-1.464,1.583,0.053,0.053,1,2.048,0.052,0.083,100.0,-2.5,0.6,1,0,0,OFFBOARD
520,OUTBOUND,52.75,72.104,-1.314,1.773,1.583,0.639,-0.677,72.104,-1.464,1.583,0.053,0.053,1,2.048,0.052,0.083,100.0,-2.5,0.6,1,0,0,OFFBOARD
521,OUTBOUND,52.85,72.104,-1.314,1.773,1.583,0.639,-0.677,72.104,-1.464,1.583,0.053,0.053,1,2.048,0.052,0.083,100.0,-2.5,0.6,1,0,0,OFFBOARD
522,OUTBOUND,52.95,72.104,-1.314,1.773,1.583,0.639,-0.677,72.104,-1.464,1.583,0.053,0.053,1,2.048,0.052,0.083,100.0,-2.5,0.6,1,0,0,OFFBOARD
523,OUTBOUND,53.05,72.104,-1.314,1.773,1.583,0.639,-0.677,72.104,-1.464,1.583,0.053,0.053,1,2.047,0.052,0.083,100.0,-2.5,0.6,1,0,0,OFFBOARD
524,OUTBOUND,53.16,72.104,-1.314,1.773,1.583,0.639,-0.677,72.104,-1.464,1.583,0.053,0.053,1,2.047,0.052,0.083,100.0,-2.5,0.6,1,0,0,OFFBOARD
525,OUTBOUND,53.26,72.104,-1.314,1.772,1.583,0.639,-0.677,72.104,-1.464,1.583,0.053,0.053,1,2.047,0.052,0.083,100.0,-2.5,0.6,1,0,0,OFFBOARD
526,OUTBOUND,53.36,72.104,-1.314,1.772,1.583,0.639,-0.677,72.104,-1.464,1.583,0.053,0.053,1,2.047,0.052,0.083,100.0,-2.5,0.6,1,0,0,OFFBOARD
527,OUTBOUND,53.46,72.104,-1.314,1.772,1.583,0.639,-0.677,72.104,-1.463,1.583,0.053,0.053,1,2.047,0.052,0.083,100.0,-2.5,0.6,1,0,0,OFFBOARD
528,OUTBOUND,53.56,72.104,-1.313,1.772,1.583,0.639,-0.677,72.104,-1.463,1.583,0.053,0.053,1,2.047,0.052,0.083,100.0,-2.5,0.6,1,0,0,OFFBOARD
529,OUTBOUND,53.66,72.104,-1.313,1.772,1.583,0.639,-0.677,72.104,-1.463,1.583,0.053,0.053,1,2.046,0.052,0.083,100.0,-2.5,0.6,1,0,0,OFFBOARD
530,OUTBOUND,53.76,72.104,-1.313,1.772,1.583,0.639,-0.677,72.104,-1.463,1.583,0.053,0.053,1,2.046,0.052,0.083,100.0,-2.5,0.6,1,0,0,OFFBOARD
531,OUTBOUND,53.87,72.104,-1.313,1.772,1.583,0.639,-0.677,72.104,-1.463,1.583,0.053,0.053,1,2.046,0.052,0.083,100.0,-2.5,0.6,1,0,0,OFFBOARD
532,OUTBOUND,53.97,72.104,-1.313,1.771,1.583,0.639,-0.677,72.104,-1.463,1.583,0.053,0.053,1,2.046,0.052,0.083,100.0,-2.5,0.6,1,0,0,OFFBOARD
533,OUTBOUND,54.07,72.104,-1.313,1.771,1.583,0.639,-0.677,72.104,-1.463,1.583,0.053,0.053,1,2.046,0.052,0.083,100.0,-2.5,0.6,1,0,0,OFFBOARD
534,OUTBOUND,54.17,72.104,-1.313,1.771,1.583,0.639,-0.677,72.104,-1.463,1.583,0.053,0.053,1,2.045,0.052,0.083,100.0,-2.5,0.6,1,0,0,OFFBOARD
535,OUTBOUND,54.27,72.104,-1.313,1.771,1.583,0.639,-0.677,72.104,-1.463,1.583,0.053,0.053,1,2.045,0.052,0.083,100.0,-2.5,0.6,1,0,0,OFFBOARD
536,OUTBOUND,54.37,72.104,-1.313,1.771,1.583,0.639,-0.677,72.104,-1.463,1.583,0.053,0.053,1,2.045,0.052,0.083,100.0,-2.5,0.6,1,0,0,OFFBOARD
537,OUTBOUND,54.47,72.104,-1.313,1.771,1.583,0.639,-0.677,72.104,-1.462,1.583,0.053,0.053,1,2.045,0.052,0.083,100.0,-2.5,0.6,1,0,0,OFFBOARD
538,OUTBOUND,54.58,72.104,-1.312,1.77,1.583,0.639,-0.677,72.104,-1.462,1.583,0.053,0.053,1,2.045,0.052,0.083,100.0,-2.5,0.6,1,0,0,OFFBOARD
539,OUTBOUND,54.68,72.104,-1.312,1.77,1.583,0.639,-0.677,72.104,-1.462,1.583,0.053,0.053,1,2.045,0.052,0.083,100.0,-2.5,0.6,1,0,0,OFFBOARD
540,OUTBOUND,54.78,72.104,-1.312,1.77,1.583,0.639,-0.677,72.104,-1.462,1.583,0.053,0.053,1,2.044,0.052,0.083,100.0,-2.5,0.6,1,0,0,OFFBOARD
541,OUTBOUND,54.88,72.104,-1.312,1.77,1.583,0.639,-0.677,72.104,-1.462,1.583,0.053,0.053,1,2.044,0.052,0.083,100.0,-2.5,0.6,1,0,0,OFFBOARD
542,OUTBOUND,54.98,72.104,-1.312,1.77,1.583,0.639,-0.677,72.104,-1.462,1.583,0.053,0.053,1,2.044,0.052,0.083,100.0,-2.5,0.6,1,0,0,OFFBOARD
543,OUTBOUND,55.08,72.104,-1.312,1.77,1.583,0.639,-0.677,72.104,-1.462,1.583,0.053,0.053,1,2.044,0.052,0.083,100.0,-2.5,0.6,1,0,0,OFFBOARD
544,OUTBOUND,55.19,72.104,-1.312,1.77,1.583,0.639,-0.677,72.104,-1.462,1.583,0.053,0.053,1,2.044,0.052,0.083,100.0,-2.5,0.6,1,0,0,OFFBOARD
545,OUTBOUND,55.29,72.104,-1.312,1.769,1.583,0.639,-0.677,72.104,-1.462,1.583,0.053,0.053,1,2.043,0.052,0.083,100.0,-2.5,0.6,1,0,0,OFFBOARD
546,OUTBOUND,55.39,72.104,-1.312,1.769,1.583,0.639,-0.677,72.104,-1.462,1.583,0.053,0.053,1,2.043,0.052,0.083,100.0,-2.5,0.6,1,0,0,OFFBOARD
547,OUTBOUND,55.49,72.104,-1.312,1.769,1.583,0.639,-0.677,72.104,-1.461,1.583,0.053,0.053,1,2.043,0.052,0.083,100.0,-2.5,0.6,1,0,0,OFFBOARD
548,OUTBOUND,55.59,72.104,-1.311,1.769,1.583,0.639,-0.677,72.104,-1.461,1.583,0.053,0.053,1,2.043,0.052,0.083,100.0,-2.5,0.6,1,0,0,OFFBOARD
549,OUTBOUND,55.69,72.104,-1.311,1.769,1.583,0.639,-0.677,72.104,-1.461,1.583,0.053,0.053,1,2.043,0.052,0.083,100.0,-2.5,0.6,1,0,0,OFFBOARD
550,OUTBOUND,55.79,72.104,-1.311,1.769,1.583,0.639,-0.677,72.104,-1.461,1.583,0.053,0.053,1,2.042,0.052,0.083,100.0,-2.5,0.6,1,0,0,OFFBOARD
551,OUTBOUND,55.9,72.104,-1.311,1.769,1.583,0.639,-0.677,72.104,-1.461,1.583,0.053,0.053,1,2.042,0.052,0.083,100.0,-2.5,0.6,1,0,0,OFFBOARD
552,OUTBOUND,56.0,72.104,-1.311,1.768,1.583,0.639,-0.677,72.104,-1.461,1.583,0.053,0.053,1,2.042,0.052,0.083,100.0,-2.5,0.6,1,0,0,OFFBOARD
553,OUTBOUND,56.1,72.104,-1.311,1.768,1.583,0.639,-0.677,72.104,-1.461,1.583,0.053,0.053,1,2.042,0.052,0.083,100.0,-2.5,0.6,1,0,0,OFFBOARD
554,OUTBOUND,56.2,72.104,-1.311,1.768,1.583,0.639,-0.677,72.104,-1.461,1.583,0.053,0.053,1,2.042,0.052,0.083,100.0,-2.5,0.6,1,0,0,OFFBOARD
555,OUTBOUND,56.3,72.104,-1.311,1.768,1.583,0.639,-0.677,72.104,-1.461,1.583,0.053,0.053,1,2.042,0.052,0.083,100.0,-2.5,0.6,1,0,0,OFFBOARD
556,OUTBOUND,56.4,72.104,-1.311,1.768,1.583,0.639,-0.677,72.104,-1.461,1.583,0.053,0.053,1,2.041,0.052,0.083,100.0,-2.5,0.6,1,0,0,OFFBOARD
557,OUTBOUND,56.5,72.104,-1.311,1.768,1.583,0.639,-0.677,72.104,-1.46,1.583,0.053,0.053,1,2.041,0.052,0.083,100.0,-2.5,0.6,1,0,0,OFFBOARD
558,OUTBOUND,56.61,72.104,-1.31,1.767,1.583,0.639,-0.677,72.104,-1.46,1.583,0.053,0.053,1,2.041,0.052,0.083,100.0,-2.5,0.6,1,0,0,OFFBOARD
559,OUTBOUND,56.71,72.104,-1.31,1.767,1.583,0.639,-0.677,72.104,-1.46,1.583,0.053,0.053,1,2.041,0.052,0.083,100.0,-2.5,0.6,1,0,0,OFFBOARD
560,OUTBOUND,56.81,72.104,-1.31,1.767,1.583,0.639,-0.677,72.104,-1.46,1.583,0.053,0.053,1,2.041,0.052,0.083,100.0,-2.5,0.6,1,0,0,OFFBOARD
561,OUTBOUND,56.91,72.104,-1.31,1.767,1.583,0.639,-0.677,72.104,-1.46,1.583,0.053,0.053,1,2.041,0.052,0.083,100.0,-2.5,0.6,1,0,0,OFFBOARD
562,OUTBOUND,57.01,72.104,-1.31,1.767,1.583,0.639,-0.677,72.104,-1.46,1.583,0.053,0.053,1,2.04,0.052,0.083,100.0,-2.5,0.6,1,0,0,OFFBOARD
563,OUTBOUND,57.11,72.104,-1.31,1.767,1.583,0.639,-0.677,72.104,-1.46,1.583,0.053,0.053,1,2.04,0.052,0.083,100.0,-2.5,0.6,1,0,0,OFFBOARD
564,OUTBOUND,57.21,72.104,-1.31,1.767,1.583,0.639,-0.677,72.104,-1.46,1.583,0.053,0.053,1,2.04,0.052,0.083,100.0,-2.5,0.6,1,0,0,OFFBOARD
565,OUTBOUND,57.32,72.104,-1.31,1.766,1.583,0.639,-0.677,72.104,-1.46,1.583,0.053,0.053,1,2.04,0.052,0.083,100.0,-2.5,0.6,1,0,0,OFFBOARD
566,OUTBOUND,57.42,72.104,-1.31,1.766,1.583,0.639,-0.677,72.104,-1.46,1.583,0.053,0.053,1,2.04,0.052,0.083,100.0,-2.5,0.6,1,0,0,OFFBOARD
567,OUTBOUND,57.52,72.104,-1.31,1.766,1.583,0.639,-0.677,72.104,-1.459,1.583,0.053,0.053,1,2.039,0.052,0.083,100.0,-2.5,0.6,1,0,0,OFFBOARD
568,OUTBOUND,57.62,72.104,-1.309,1.766,1.583,0.639,-0.677,72.104,-1.459,1.583,0.053,0.053,1,2.039,0.052,0.083,100.0,-2.5,0.6,1,0,0,OFFBOARD
569,OUTBOUND,57.72,72.104,-1.309,1.766,1.583,0.639,-0.677,72.104,-1.459,1.583,0.053,0.053,1,2.039,0.052,0.083,100.0,-2.5,0.6,1,0,0,OFFBOARD
570,OUTBOUND,57.82,72.104,-1.309,1.766,1.583,0.639,-0.677,72.104,-1.459,1.583,0.053,0.053,1,2.039,0.052,0.083,100.0,-2.5,0.6,1,0,0,OFFBOARD
571,OUTBOUND,57.92,72.104,-1.309,1.766,1.583,0.639,-0.677,72.104,-1.459,1.583,0.053,0.053,1,2.039,0.052,0.083,100.0,-2.5,0.6,1,0,0,OFFBOARD
572,OUTBOUND,58.03,72.104,-1.309,1.765,1.583,0.639,-0.677,72.104,-1.459,1.583,0.053,0.053,1,2.038,0.052,0.083,100.0,-2.5,0.6,1,0,0,OFFBOARD
573,OUTBOUND,58.13,72.104,-1.309,1.765,1.583,0.639,-0.677,72.104,-1.459,1.583,0.053,0.053,1,2.038,0.052,0.083,100.0,-2.5,0.6,1,0,0,OFFBOARD
574,OUTBOUND,58.23,72.104,-1.309,1.765,1.583,0.639,-0.677,72.104,-1.459,1.583,0.053,0.053,1,2.038,0.052,0.083,100.0,-2.5,0.6,1,0,0,OFFBOARD
575,OUTBOUND,58.33,72.104,-1.309,1.765,1.583,0.639,-0.677,72.104,-1.459,1.583,0.053,0.053,1,2.038,0.052,0.083,100.0,-2.5,0.6,1,0,0,OFFBOARD
576,OUTBOUND,58.43,72.104,-1.309,1.765,1.583,0.639,-0.677,72.104,-1.459,1.583,0.053,0.053,1,2.038,0.052,0.083,100.0,-2.5,0.6,1,0,0,OFFBOARD
577,OUTBOUND,58.53,72.104,-1.309,1.765,1.583,0.639,-0.677,72.104,-1.458,1.583,0.053,0.053,1,2.038,0.052,0.083,100.0,-2.5,0.6,1,0,0,OFFBOARD
578,OUTBOUND,58.63,72.104,-1.308,1.764,1.583,0.639,-0.677,72.104,-1.458,1.583,0.053,0.053,1,2.037,0.052,0.083,100.0,-2.5,0.6,1,0,0,OFFBOARD
579,OUTBOUND,58.74,72.104,-1.308,1.764,1.583,0.639,-0.677,72.104,-1.458,1.583,0.053,0.053,1,2.037,0.052,0.083,100.0,-2.5,0.6,1,0,0,OFFBOARD
580,OUTBOUND,58.84,72.104,-1.308,1.764,1.583,0.639,-0.677,72.104,-1.458,1.583,0.053,0.053,1,2.037,0.052,0.083,100.0,-2.5,0.6,1,0,0,OFFBOARD
581,OUTBOUND,58.94,72.104,-1.308,1.764,1.583,0.639,-0.677,72.104,-1.458,1.583,0.053,0.053,1,2.037,0.052,0.083,100.0,-2.5,0.6,1,0,0,OFFBOARD
582,OUTBOUND,59.04,72.104,-1.308,1.764,1.583,0.639,-0.677,72.104,-1.458,1.583,0.053,0.053,1,2.037,0.052,0.083,100.0,-2.5,0.6,1,0,0,OFFBOARD
583,OUTBOUND,59.14,72.104,-1.308,1.764,1.583,0.639,-0.677,72.104,-1.458,1.583,0.053,0.053,1,2.036,0.052,0.083,100.0,-2.5,0.6,1,0,0,OFFBOARD
584,OUTBOUND,59.24,72.104,-1.308,1.764,1.583,0.639,-0.677,72.104,-1.458,1.583,0.053,0.053,1,2.036,0.052,0.083,100.0,-2.5,0.6,1,0,0,OFFBOARD
585,OUTBOUND,59.34,72.104,-1.308,1.763,1.583,0.639,-0.677,72.104,-1.458,1.583,0.053,0.053,1,2.036,0.052,0.083,100.0,-2.5,0.6,1,0,0,OFFBOARD
586,OUTBOUND,59.45,72.104,-1.308,1.763,1.583,0.639,-0.677,72.104,-1.458,1.583,0.053,0.053,1,2.036,0.052,0.083,100.0,-2.5,0.6,1,0,0,OFFBOARD
587,OUTBOUND,59.55,72.104,-1.308,1.763,1.583,0.639,-0.677,72.104,-1.457,1.583,0.053,0.053,1,2.036,0.052,0.083,100.0,-2.5,0.6,1,0,0,OFFBOARD
588,OUTBOUND,59.65,72.104,-1.307,1.763,1.583,0.639,-0.677,72.104,-1.457,1.583,0.053,0.053,1,2.036,0.052,0.083,100.0,-2.5,0.6,1,0,0,OFFBOARD
589,OUTBOUND,59.75,72.104,-1.307,1.763,1.583,0.639,-0.677,72.104,-1.457,1.583,0.053,0.053,1,2.035,0.052,0.083,100.0,-2.5,0.6,1,0,0,OFFBOARD
590,OUTBOUND,59.85,72.104,-1.307,1.763,1.583,0.639,-0.677,72.104,-1.457,1.583,0.053,0.053,1,2.035,0.052,0.083,100.0,-2.5,0.6,1,0,0,OFFBOARD
591,OUTBOUND,59.96,72.104,-1.307,1.763,1.583,0.639,-0.677,72.104,-1.457,1.583,0.053,0.053,1,2.035,0.052,0.083,100.0,-2.5,0.6,1,0,0,OFFBOARD
592,OUTBOUND,60.06,72.104,-1.307,1.762,1.583,0.639,-0.677,72.104,-1.457,1.583,0.053,0.053,1,2.035,0.052,0.083,100.0,-2.5,0.6,1,0,0,OFFBOARD
593,OUTBOUND,60.16,72.104,-1.307,1.762,1.583,0.639,-0.677,72.104,-1.457,1.583,0.053,0.053,1,2.035,0.052,0.083,100.0,-2.5,0.6,1,0,0,OFFBOARD
594,OUTBOUND,60.26,72.104,-1.307,1.762,1.583,0.639,-0.677,72.104,-1.457,1.583,0.053,0.053,1,2.034,0.052,0.083,100.0,-2.5,0.6,1,0,0,OFFBOARD
595,OUTBOUND,60.36,72.104,-1.307,1.762,1.583,0.639,-0.677,72.104,-1.457,1.583,0.053,0.053,1,2.034,0.052,0.083,100.0,-2.5,0.6,1,0,0,OFFBOARD
596,OUTBOUND,60.46,72.104,-1.307,1.762,1.583,0.639,-0.677,72.104,-1.457,1.583,0.053,0.053,1,2.034,0.052,0.083,100.0,-2.5,0.6,1,0,0,OFFBOARD
597,OUTBOUND,60.56,72.104,-1.307,1.762,1.583,0.639,-0.677,72.104,-1.456,1.583,0.053,0.053,1,2.034,0.052,0.083,100.0,-2.5,0.6,1,0,0,OFFBOARD
598,OUTBOUND,60.66,72.104,-1.306,1.762,1.583,0.639,-0.677,72.104,-1.456,1.583,0.053,0.053,1,2.034,0.052,0.083,100.0,-2.5,0.6,1,0,0,OFFBOARD
599,OUTBOUND,60.77,72.104,-1.306,1.761,1.583,0.639,-0.677,72.104,-1.456,1.583,0.053,0.053,1,2.034,0.052,0.083,100.0,-2.5,0.6,1,0,0,OFFBOARD
600,OUTBOUND,60.87,72.104,-1.306,1.761,1.583,0.639,-0.677,72.104,-1.456,1.583,0.053,0.053,1,2.033,0.052,0.083,100.0,-2.5,0.6,1,0,0,OFFBOARD
601,OUTBOUND,60.97,72.104,-1.306,1.761,1.583,0.639,-0.677,72.104,-1.456,1.583,0.053,0.053,1,2.033,0.052,0.083,100.0,-2.5,0.6,1,0,0,OFFBOARD
602,OUTBOUND,61.07,72.104,-1.306,1.761,1.583,0.639,-0.677,72.104,-1.456,1.583,0.053,0.053,1,2.033,0.052,0.083,100.0,-2.5,0.6,1,0,0,OFFBOARD
603,OUTBOUND,61.17,72.104,-1.306,1.761,1.583,0.639,-0.677,72.104,-1.456,1.583,0.053,0.053,1,2.033,0.052,0.083,100.0,-2.5,0.6,1,0,0,OFFBOARD
604,OUTBOUND,61.27,72.104,-1.306,1.761,1.583,0.639,-0.677,72.104,-1.456,1.583,0.053,0.053,1,2.033,0.052,0.083,100.0,-2.5,0.6,1,0,0,OFFBOARD
605,OUTBOUND,61.37,72.104,-1.306,1.76,1.583,0.639,-0.677,72.104,-1.456,1.583,0.053,0.053,1,2.032,0.052,0.083,100.0,-2.5,0.6,1,0,0,OFFBOARD
606,OUTBOUND,61.48,72.104,-1.306,1.76,1.583,0.639,-0.677,72.104,-1.456,1.583,0.053,0.053,1,2.032,0.052,0.083,100.0,-2.5,0.6,1,0,0,OFFBOARD
607,OUTBOUND,61.58,72.104,-1.305,1.76,1.583,0.639,-0.677,72.104,-1.455,1.583,0.053,0.053,1,2.032,0.052,0.083,100.0,-2.5,0.6,1,0,0,OFFBOARD
608,OUTBOUND,61.68,72.104,-1.305,1.76,1.583,0.639,-0.677,72.104,-1.455,1.583,0.053,0.053,1,2.032,0.052,0.083,100.0,-2.5,0.6,1,0,0,OFFBOARD
609,OUTBOUND,61.78,72.104,-1.305,1.76,1.583,0.639,-0.677,72.104,-1.455,1.583,0.053,0.053,1,2.032,0.052,0.083,100.0,-2.5,0.6,1,0,0,OFFBOARD
610,OUTBOUND,61.88,72.104,-1.305,1.76,1.583,0.639,-0.677,72.104,-1.455,1.583,0.053,0.053,1,2.032,0.052,0.083,100.0,-2.5,0.6,1,0,0,OFFBOARD
611,OUTBOUND,61.98,72.104,-1.305,1.76,1.583,0.639,-0.677,72.104,-1.455,1.583,0.053,0.053,1,2.031,0.052,0.083,100.0,-2.5,0.6,1,0,0,OFFBOARD
612,OUTBOUND,62.09,72.104,-1.305,1.759,1.583,0.639,-0.677,72.104,-1.455,1.583,0.053,0.053,1,2.031,0.052,0.083,100.0,-2.5,0.6,1,0,0,OFFBOARD
613,OUTBOUND,62.19,72.104,-1.305,1.759,1.583,0.639,-0.677,72.104,-1.455,1.583,0.053,0.053,1,2.031,0.052,0.083,100.0,-2.5,0.6,1,0,0,OFFBOARD
614,OUTBOUND,62.29,72.104,-1.305,1.759,1.583,0.639,-0.677,72.104,-1.455,1.583,0.053,0.053,1,2.031,0.052,0.083,100.0,-2.5,0.6,1,0,0,OFFBOARD
615,OUTBOUND,62.39,72.104,-1.305,1.759,1.583,0.639,-0.677,72.104,-1.455,1.583,0.053,0.053,1,2.031,0.052,0.083,100.0,-2.5,0.6,1,0,0,OFFBOARD
616,OUTBOUND,62.49,72.104,-1.305,1.759,1.583,0.639,-0.677,72.104,-1.455,1.583,0.053,0.053,1,2.03,0.052,0.083,100.0,-2.5,0.6,1,0,0,OFFBOARD
617,OUTBOUND,62.59,72.104,-1.304,1.759,1.583,0.639,-0.677,72.104,-1.454,1.583,0.053,0.053,1,2.03,0.052,0.083,100.0,-2.5,0.6,1,0,0,OFFBOARD
618,OUTBOUND,62.69,72.104,-1.304,1.759,1.583,0.639,-0.677,72.104,-1.454,1.583,0.053,0.053,1,2.03,0.052,0.083,100.0,-2.5,0.6,1,0,0,OFFBOARD
619,OUTBOUND,62.8,72.104,-1.304,1.758,1.583,0.639,-0.677,72.104,-1.454,1.583,0.053,0.053,1,2.03,0.052,0.083,100.0,-2.5,0.6,1,0,0,OFFBOARD
620,OUTBOUND,62.9,72.104,-1.304,1.758,1.583,0.639,-0.677,72.104,-1.454,1.583,0.053,0.053,1,2.03,0.052,0.083,100.0,-2.5,0.6,1,0,0,OFFBOARD
621,OUTBOUND,63.0,72.104,-1.304,1.758,1.583,0.639,-0.677,72.104,-1.454,1.583,0.053,0.053,1,2.03,0.052,0.083,100.0,-2.5,0.6,1,0,0,OFFBOARD
622,OUTBOUND,63.1,72.104,-1.304,1.758,1.583,0.639,-0.677,72.104,-1.454,1.583,0.053,0.053,1,2.029,0.052,0.083,100.0,-2.5,0.6,1,0,0,OFFBOARD
623,OUTBOUND,63.2,72.104,-1.304,1.758,1.583,0.639,-0.677,72.104,-1.454,1.583,0.053,0.053,1,2.029,0.052,0.083,100.0,-2.5,0.6,1,0,0,OFFBOARD
624,OUTBOUND,63.3,72.104,-1.304,1.758,1.583,0.639,-0.677,72.104,-1.454,1.583,0.053,0.053,1,2.029,0.052,0.083,100.0,-2.5,0.6,1,0,0,OFFBOARD
625,OUTBOUND,63.4,72.104,-1.304,1.757,1.583,0.639,-0.677,72.104,-1.454,1.583,0.053,0.053,1,2.029,0.052,0.083,100.0,-2.5,0.6,1,0,0,OFFBOARD
626,OUTBOUND,63.5,72.104,-1.304,1.757,1.583,0.639,-0.677,72.104,-1.453,1.583,0.053,0.053,1,2.029,0.052,0.083,100.0,-2.5,0.6,1,0,0,OFFBOARD
627,OUTBOUND,63.61,72.104,-1.303,1.757,1.583,0.639,-0.677,72.104,-1.453,1.583,0.053,0.053,1,2.028,0.052,0.083,100.0,-2.5,0.6,1,0,0,OFFBOARD
628,OUTBOUND,63.71,72.104,-1.303,1.757,1.583,0.639,-0.677,72.104,-1.453,1.583,0.053,0.053,1,2.028,0.052,0.083,100.0,-2.5,0.6,1,0,0,OFFBOARD
629,OUTBOUND,63.81,72.104,-1.303,1.757,1.583,0.639,-0.677,72.104,-1.453,1.583,0.053,0.053,1,2.028,0.052,0.083,100.0,-2.5,0.6,1,0,0,OFFBOARD
630,OUTBOUND,63.91,72.104,-1.303,1.757,1.583,0.639,-0.677,72.104,-1.453,1.583,0.053,0.053,1,2.028,0.052,0.083,100.0,-2.5,0.6,1,0,0,OFFBOARD
631,OUTBOUND,64.01,72.104,-1.303,1.757,1.583,0.639,-0.677,72.104,-1.453,1.583,0.053,0.053,1,2.028,0.052,0.083,100.0,-2.5,0.6,1,0,0,OFFBOARD
632,OUTBOUND,64.11,72.104,-1.303,1.756,1.583,0.639,-0.677,72.104,-1.453,1.583,0.053,0.053,1,2.028,0.052,0.083,100.0,-2.5,0.6,1,0,0,OFFBOARD
633,OUTBOUND,64.21,72.104,-1.303,1.756,1.583,0.639,-0.677,72.104,-1.453,1.583,0.053,0.053,1,2.027,0.052,0.083,100.0,-2.5,0.6,1,0,0,OFFBOARD
634,OUTBOUND,64.32,72.104,-1.303,1.756,1.583,0.639,-0.677,72.104,-1.453,1.583,0.053,0.053,1,2.027,0.052,0.083,100.0,-2.5,0.6,1,0,0,OFFBOARD
635,OUTBOUND,64.42,72.104,-1.303,1.756,1.583,0.639,-0.677,72.104,-1.453,1.583,0.053,0.053,1,2.027,0.052,0.083,100.0,-2.5,0.6,1,0,0,OFFBOARD
636,OUTBOUND,64.52,72.104,-1.303,1.756,1.583,0.639,-0.677,72.104,-1.452,1.583,0.053,0.053,1,2.027,0.052,0.083,100.0,-2.5,0.6,1,0,0,OFFBOARD
637,OUTBOUND,64.62,72.104,-1.302,1.756,1.583,0.639,-0.677,72.104,-1.452,1.583,0.053,0.053,1,2.027,0.052,0.083,100.0,-2.5,0.6,1,0,0,OFFBOARD
638,OUTBOUND,64.72,72.104,-1.302,1.756,1.583,0.639,-0.677,72.104,-1.452,1.583,0.053,0.053,1,2.026,0.052,0.083,100.0,-2.5,0.6,1,0,0,OFFBOARD
639,OUTBOUND,64.82,72.104,-1.302,1.755,1.583,0.639,-0.677,72.104,-1.452,1.583,0.053,0.053,1,2.026,0.052,0.083,100.0,-2.5,0.6,1,0,0,OFFBOARD
640,OUTBOUND,64.93,72.104,-1.302,1.755,1.583,0.639,-0.677,72.104,-1.452,1.583,0.053,0.053,1,2.026,0.052,0.083,100.0,-2.5,0.6,1,0,0,OFFBOARD
641,OUTBOUND,65.03,72.104,-1.302,1.755,1.583,0.639,-0.677,72.104,-1.452,1.583,0.053,0.053,1,2.026,0.052,0.083,100.0,-2.5,0.6,1,0,0,OFFBOARD
642,OUTBOUND,65.13,72.104,-1.302,1.755,1.583,0.639,-0.677,72.104,-1.452,1.583,0.053,0.053,1,2.026,0.052,0.083,100.0,-2.5,0.6,1,0,0,OFFBOARD
643,OUTBOUND,65.23,72.104,-1.302,1.755,1.583,0.639,-0.677,72.104,-1.452,1.583,0.053,0.053,1,2.026,0.052,0.083,100.0,-2.5,0.6,1,0,0,OFFBOARD
644,OUTBOUND,65.33,72.104,-1.302,1.755,1.583,0.639,-0.677,72.104,-1.452,1.583,0.053,0.053,1,2.025,0.052,0.083,100.0,-2.5,0.6,1,0,0,OFFBOARD
645,OUTBOUND,65.43,72.104,-1.302,1.755,1.583,0.639,-0.677,72.104,-1.452,1.583,0.053,0.053,1,2.025,0.052,0.083,100.0,-2.5,0.6,1,0,0,OFFBOARD
646,OUTBOUND,65.53,72.104,-1.302,1.754,1.583,0.639,-0.677,72.104,-1.451,1.583,0.053,0.053,1,2.025,0.052,0.083,100.0,-2.5,0.6,1,0,0,OFFBOARD
647,OUTBOUND,65.63,72.104,-1.301,1.754,1.583,0.639,-0.677,72.104,-1.451,1.583,0.053,0.053,1,2.025,0.052,0.083,100.0,-2.5,0.6,1,0,0,OFFBOARD
648,OUTBOUND,65.74,72.104,-1.301,1.754,1.583,0.639,-0.677,72.104,-1.451,1.583,0.053,0.053,1,2.025,0.052,0.083,100.0,-2.5,0.6,1,0,0,OFFBOARD
649,OUTBOUND,65.84,72.104,-1.301,1.754,1.583,0.639,-0.677,72.104,-1.451,1.583,0.053,0.053,1,2.024,0.052,0.083,100.0,-2.5,0.6,1,0,0,OFFBOARD
650,OUTBOUND,65.94,72.104,-1.301,1.754,1.583,0.639,-0.677,72.104,-1.451,1.583,0.053,0.053,1,2.024,0.052,0.083,100.0,-2.5,0.6,1,0,0,OFFBOARD
651,OUTBOUND,66.04,72.104,-1.301,1.754,1.583,0.639,-0.677,72.104,-1.451,1.583,0.053,0.053,1,2.024,0.052,0.083,100.0,-2.5,0.6,1,0,0,OFFBOARD
652,OUTBOUND,66.14,72.104,-1.301,1.753,1.583,0.639,-0.677,72.104,-1.451,1.583,0.053,0.053,1,2.024,0.052,0.083,100.0,-2.5,0.6,1,0,0,OFFBOARD
653,OUTBOUND,66.24,72.104,-1.301,1.753,1.583,0.639,-0.677,72.104,-1.451,1.583,0.053,0.053,1,2.024,0.052,0.083,100.0,-2.5,0.6,1,0,0,OFFBOARD
654,OUTBOUND,66.34,72.104,-1.301,1.753,1.583,0.639,-0.677,72.104,-1.451,1.583,0.053,0.053,1,2.024,0.052,0.083,100.0,-2.5,0.6,1,0,0,OFFBOARD
655,OUTBOUND,66.44,72.104,-1.301,1.753,1.583,0.639,-0.677,72.104,-1.451,1.583,0.053,0.053,1,2.023,0.052,0.083,100.0,-2.5,0.6,1,0,0,OFFBOARD
656,OUTBOUND,66.55,72.104,-1.3,1.753,1.583,0.639,-0.677,72.104,-1.45,1.583,0.053,0.053,1,2.023,0.052,0.083,100.0,-2.5,0.6,1,0,0,OFFBOARD
657,OUTBOUND,66.65,72.104,-1.3,1.753,1.583,0.639,-0.677,72.104,-1.45,1.583,0.053,0.053,1,2.023,0.052,0.083,100.0,-2.5,0.6,1,0,0,OFFBOARD
658,OUTBOUND,66.75,72.104,-1.3,1.753,1.583,0.639,-0.677,72.104,-1.45,1.583,0.053,0.053,1,2.023,0.052,0.083,100.0,-2.5,0.6,1,0,0,OFFBOARD
659,OUTBOUND,66.85,72.104,-1.3,1.752,1.583,0.639,-0.677,72.104,-1.45,1.583,0.053,0.053,1,2.023,0.052,0.083,100.0,-2.5,0.6,1,0,0,OFFBOARD
660,OUTBOUND,66.95,72.104,-1.3,1.752,1.583,0.639,-0.677,72.104,-1.45,1.583,0.053,0.053,1,2.023,0.052,0.083,100.0,-2.5,0.6,1,0,0,OFFBOARD
661,OUTBOUND,67.05,72.104,-1.3,1.752,1.583,0.639,-0.677,72.104,-1.45,1.583,0.053,0.053,1,2.022,0.052,0.083,100.0,-2.5,0.6,1,0,0,OFFBOARD
662,OUTBOUND,67.16,72.104,-1.3,1.752,1.583,0.639,-0.677,72.104,-1.45,1.583,0.053,0.053,1,2.022,0.052,0.083,100.0,-2.5,0.6,1,0,0,OFFBOARD
663,OUTBOUND,67.26,72.104,-1.3,1.752,1.583,0.639,-0.677,72.104,-1.45,1.583,0.053,0.053,1,2.022,0.052,0.083,100.0,-2.5,0.6,1,0,0,OFFBOARD
664,OUTBOUND,67.36,72.104,-1.3,1.752,1.583,0.639,-0.677,72.104,-1.45,1.583,0.053,0.053,1,2.022,0.052,0.083,100.0,-2.5,0.6,1,0,0,OFFBOARD
665,OUTBOUND,67.46,72.104,-1.3,1.752,1.583,0.639,-0.677,72.104,-1.449,1.583,0.053,0.053,1,2.022,0.052,0.083,100.0,-2.5,0.6,1,0,0,OFFBOARD
666,OUTBOUND,67.56,72.104,-1.299,1.751,1.583,0.639,-0.677,72.104,-1.449,1.583,0.053,0.053,1,2.021,0.052,0.083,100.0,-2.5,0.6,1,0,0,OFFBOARD
667,OUTBOUND,67.66,72.104,-1.299,1.751,1.583,0.639,-0.677,72.104,-1.449,1.583,0.053,0.053,1,2.021,0.052,0.083,100.0,-2.5,0.6,1,0,0,OFFBOARD
668,OUTBOUND,67.76,72.104,-1.299,1.751,1.583,0.639,-0.677,72.104,-1.449,1.583,0.053,0.053,1,2.021,0.052,0.083,100.0,-2.5,0.6,1,0,0,OFFBOARD
669,OUTBOUND,67.87,72.104,-1.299,1.751,1.583,0.639,-0.677,72.104,-1.449,1.583,0.053,0.053,1,2.021,0.052,0.083,100.0,-2.5,0.6,1,0,0,OFFBOARD
670,OUTBOUND,67.97,72.104,-1.299,1.751,1.583,0.639,-0.677,72.104,-1.449,1.583,0.053,0.053,1,2.021,0.052,0.083,100.0,-2.5,0.6,1,0,0,OFFBOARD
671,OUTBOUND,68.07,72.104,-1.299,1.751,1.583,0.639,-0.677,72.104,-1.449,1.583,0.053,0.053,1,2.021,0.052,0.083,100.0,-2.5,0.6,1,0,0,OFFBOARD
672,OUTBOUND,68.17,72.104,-1.299,1.751,1.583,0.639,-0.677,72.104,-1.449,1.583,0.053,0.053,1,2.02,0.052,0.083,100.0,-2.5,0.6,1,0,0,OFFBOARD
673,OUTBOUND,68.27,72.104,-1.299,1.75,1.583,0.639,-0.677,72.104,-1.449,1.583,0.053,0.053,1,2.02,0.052,0.083,100.0,-2.5,0.6,1,0,0,OFFBOARD
674,OUTBOUND,68.37,72.104,-1.299,1.75,1.583,0.639,-0.677,72.104,-1.449,1.583,0.053,0.053,1,2.02,0.052,0.083,100.0,-2.5,0.6,1,0,0,OFFBOARD
675,OUTBOUND,68.47,72.104,-1.299,1.75,1.583,0.639,-0.677,72.104,-1.448,1.583,0.053,0.053,1,2.02,0.052,0.083,100.0,-2.5,0.6,1,0,0,OFFBOARD
676,OUTBOUND,68.58,72.104,-1.298,1.75,1.583,0.639,-0.677,72.104,-1.448,1.583,0.053,0.053,1,2.02,0.052,0.083,100.0,-2.5,0.6,1,0,0,OFFBOARD
677,OUTBOUND,68.68,72.104,-1.298,1.75,1.583,0.639,-0.677,72.104,-1.448,1.583,0.053,0.053,1,2.019,0.052,0.083,100.0,-2.5,0.6,1,0,0,OFFBOARD
678,OUTBOUND,68.78,72.104,-1.298,1.75,1.583,0.639,-0.677,72.104,-1.448,1.583,0.053,0.053,1,2.019,0.052,0.083,100.0,-2.5,0.6,1,0,0,OFFBOARD
679,OUTBOUND,68.88,72.104,-1.298,1.749,1.583,0.639,-0.677,72.104,-1.448,1.583,0.053,0.053,1,2.019,0.052,0.083,100.0,-2.5,0.6,1,0,0,OFFBOARD
680,OUTBOUND,68.98,72.104,-1.298,1.749,1.583,0.639,-0.677,72.104,-1.448,1.583,0.053,0.053,1,2.019,0.052,0.083,100.0,-2.5,0.6,1,0,0,OFFBOARD
681,OUTBOUND,69.08,72.104,-1.298,1.749,1.583,0.639,-0.677,72.104,-1.448,1.583,0.053,0.053,1,2.019,0.052,0.083,100.0,-2.5,0.6,1,0,0,OFFBOARD
682,OUTBOUND,69.18,72.104,-1.298,1.749,1.583,0.639,-0.677,72.104,-1.448,1.583,0.053,0.053,1,2.019,0.052,0.083,100.0,-2.5,0.6,1,0,0,OFFBOARD
683,OUTBOUND,69.29,72.104,-1.298,1.749,1.583,0.639,-0.677,72.104,-1.448,1.583,0.053,0.053,1,2.018,0.052,0.083,100.0,-2.5,0.6,1,0,0,OFFBOARD
684,OUTBOUND,69.39,72.104,-1.298,1.749,1.583,0.639,-0.677,72.104,-1.448,1.583,0.053,0.053,1,2.018,0.052,0.083,100.0,-2.5,0.6,1,0,0,OFFBOARD
685,OUTBOUND,69.49,72.104,-1.298,1.749,1.583,0.639,-0.677,72.104,-1.447,1.583,0.053,0.053,1,2.018,0.052,0.083,100.0,-2.5,0.6,1,0,0,OFFBOARD
686,OUTBOUND,69.59,72.104,-1.297,1.748,1.583,0.639,-0.677,72.104,-1.447,1.583,0.053,0.053,1,2.018,0.052,0.083,100.0,-2.5,0.6,1,0,0,OFFBOARD
687,OUTBOUND,69.69,72.104,-1.297,1.748,1.583,0.639,-0.677,72.104,-1.447,1.583,0.053,0.053,1,2.018,0.052,0.083,100.0,-2.5,0.6,1,0,0,OFFBOARD
688,OUTBOUND,69.79,72.104,-1.297,1.748,1.583,0.639,-0.677,72.104,-1.447,1.583,0.053,0.053,1,2.017,0.052,0.083,100.0,-2.5,0.6,1,0,0,OFFBOARD
689,OUTBOUND,69.89,72.104,-1.297,1.748,1.583,0.639,-0.677,72.104,-1.447,1.583,0.053,0.053,1,2.017,0.052,0.083,100.0,-2.5,0.6,1,0,0,OFFBOARD
690,OUTBOUND,70.0,72.104,-1.297,1.748,1.583,0.639,-0.677,72.104,-1.447,1.583,0.053,0.053,1,2.017,0.052,0.083,100.0,-2.5,0.6,1,0,0,OFFBOARD
691,OUTBOUND,70.1,72.104,-1.297,1.748,1.583,0.639,-0.677,72.104,-1.447,1.583,0.053,0.053,1,2.017,0.052,0.083,100.0,-2.5,0.6,1,0,0,OFFBOARD
692,OUTBOUND,70.2,72.104,-1.297,1.748,1.583,0.639,-0.677,72.104,-1.447,1.583,0.053,0.053,1,2.017,0.052,0.083,100.0,-2.5,0.6,1,0,0,OFFBOARD
693,OUTBOUND,70.3,72.104,-1.297,1.747,1.583,0.639,-0.677,72.104,-1.447,1.583,0.053,0.053,1,2.017,0.052,0.083,100.0,-2.5,0.6,1,0,0,OFFBOARD
694,OUTBOUND,70.4,72.104,-1.297,1.747,1.583,0.639,-0.677,72.104,-1.447,1.583,0.053,0.053,1,2.016,0.052,0.083,100.0,-2.5,0.6,1,0,0,OFFBOARD
695,OUTBOUND,70.5,72.104,-1.296,1.747,1.583,0.639,-0.677,72.104,-1.446,1.583,0.053,0.053,1,2.016,0.052,0.083,100.0,-2.5,0.6,1,0,0,OFFBOARD
696,OUTBOUND,70.6,72.104,-1.296,1.747,1.583,0.639,-0.677,72.104,-1.446,1.583,0.053,0.053,1,2.016,0.052,0.083,100.0,-2.5,0.6,1,0,0,OFFBOARD
697,OUTBOUND,70.7,72.104,-1.296,1.747,1.583,0.639,-0.677,72.104,-1.446,1.583,0.053,0.053,1,2.016,0.052,0.083,100.0,-2.5,0.6,1,0,0,OFFBOARD
698,OUTBOUND,70.81,72.104,-1.296,1.747,1.583,0.639,-0.677,72.104,-1.446,1.583,0.053,0.053,1,2.016,0.052,0.083,100.0,-2.5,0.6,1,0,0,OFFBOARD
699,OUTBOUND,70.91,72.104,-1.296,1.747,1.583,0.639,-0.677,72.104,-1.446,1.583,0.053,0.053,1,2.016,0.052,0.083,100.0,-2.5,0.6,1,0,0,OFFBOARD
700,OUTBOUND,71.01,72.104,-1.296,1.746,1.583,0.639,-0.677,72.104,-1.446,1.583,0.053,0.053,1,2.015,0.052,0.083,100.0,-2.5,0.6,1,0,0,OFFBOARD
701,OUTBOUND,71.11,72.104,-1.296,1.746,1.583,0.639,-0.677,72.104,-1.446,1.583,0.053,0.053,1,2.015,0.052,0.083,100.0,-2.5,0.6,1,0,0,OFFBOARD
702,OUTBOUND,71.21,72.104,-1.296,1.746,1.583,0.639,-0.677,72.104,-1.446,1.583,0.053,0.053,1,2.015,0.052,0.083,100.0,-2.5,0.6,1,0,0,OFFBOARD
703,OUTBOUND,71.31,72.104,-1.296,1.746,1.583,0.639,-0.677,72.104,-1.446,1.583,0.053,0.053,1,2.015,0.052,0.083,100.0,-2.5,0.6,1,0,0,OFFBOARD
704,OUTBOUND,71.41,72.104,-1.296,1.746,1.583,0.639,-0.677,72.104,-1.445,1.583,0.053,0.053,1,2.015,0.052,0.083,100.0,-2.5,0.6,1,0,0,OFFBOARD
705,OUTBOUND,71.52,72.104,-1.295,1.746,1.583,0.639,-0.677,72.104,-1.445,1.583,0.053,0.053,1,2.014,0.052,0.083,100.0,-2.5,0.6,1,0,0,OFFBOARD
706,OUTBOUND,71.62,72.104,-1.295,1.746,1.583,0.639,-0.677,72.104,-1.445,1.583,0.053,0.053,1,2.014,0.052,0.083,100.0,-2.5,0.6,1,0,0,OFFBOARD
707,OUTBOUND,71.72,72.104,-1.295,1.745,1.583,0.639,-0.677,72.104,-1.445,1.583,0.053,0.053,1,2.014,0.052,0.083,100.0,-2.5,0.6,1,0,0,OFFBOARD
708,OUTBOUND,71.82,72.104,-1.295,1.745,1.583,0.639,-0.677,72.104,-1.445,1.583,0.053,0.053,1,2.014,0.052,0.083,100.0,-2.5,0.6,1,0,0,OFFBOARD
709,OUTBOUND,71.92,72.104,-1.295,1.745,1.583,0.639,-0.677,72.104,-1.445,1.583,0.053,0.053,1,2.014,0.052,0.083,100.0,-2.5,0.6,1,0,0,OFFBOARD
710,OUTBOUND,72.02,72.104,-1.295,1.745,1.583,0.639,-0.677,72.104,-1.445,1.583,0.053,0.053,1,2.014,0.052,0.083,100.0,-2.5,0.6,1,0,0,OFFBOARD
711,OUTBOUND,72.13,72.104,-1.295,1.745,1.583,0.639,-0.677,72.104,-1.445,1.583,0.053,0.053,1,2.013,0.052,0.083,100.0,-2.5,0.6,1,0,0,OFFBOARD
712,OUTBOUND,72.23,72.104,-1.295,1.745,1.583,0.639,-0.677,72.104,-1.445,1.583,0.053,0.053,1,2.013,0.052,0.083,100.0,-2.5,0.6,1,0,0,OFFBOARD
713,OUTBOUND,72.33,72.104,-1.295,1.744,1.583,0.639,-0.677,72.104,-1.445,1.583,0.053,0.053,1,2.013,0.052,0.083,100.0,-2.5,0.6,1,0,0,OFFBOARD
714,OUTBOUND,72.43,72.104,-1.295,1.744,1.583,0.639,-0.677,72.104,-1.444,1.583,0.053,0.053,1,2.013,0.052,0.083,100.0,-2.5,0.6,1,0,0,OFFBOARD
715,OUTBOUND,72.53,72.104,-1.294,1.744,1.583,0.639,-0.677,72.104,-1.444,1.583,0.053,0.053,1,2.013,0.052,0.083,100.0,-2.5,0.6,1,0,0,OFFBOARD
716,OUTBOUND,72.63,72.104,-1.294,1.744,1.583,0.639,-0.677,72.104,-1.444,1.583,0.053,0.053,1,2.013,0.052,0.083,100.0,-2.5,0.6,1,0,0,OFFBOARD
717,OUTBOUND,72.73,72.104,-1.294,1.744,1.583,0.639,-0.677,72.104,-1.444,1.583,0.053,0.053,1,2.012,0.052,0.083,100.0,-2.5,0.6,1,0,0,OFFBOARD
718,OUTBOUND,72.83,72.104,-1.294,1.744,1.583,0.639,-0.677,72.104,-1.444,1.583,0.053,0.053,1,2.012,0.052,0.083,100.0,-2.5,0.6,1,0,0,OFFBOARD
719,OUTBOUND,72.93,72.104,-1.294,1.744,1.583,0.639,-0.677,72.104,-1.444,1.583,0.053,0.053,1,2.012,0.052,0.083,100.0,-2.5,0.6,1,0,0,OFFBOARD
720,OUTBOUND,73.04,72.104,-1.294,1.743,1.583,0.639,-0.677,72.104,-1.444,1.583,0.053,0.053,1,2.012,0.052,0.083,100.0,-2.5,0.6,1,0,0,OFFBOARD
721,OUTBOUND,73.14,72.104,-1.294,1.743,1.583,0.639,-0.677,72.104,-1.444,1.583,0.053,0.053,1,2.012,0.052,0.083,100.0,-2.5,0.6,1,0,0,OFFBOARD
722,OUTBOUND,73.24,72.104,-1.294,1.743,1.583,0.639,-0.677,72.104,-1.444,1.583,0.053,0.053,1,2.011,0.052,0.083,100.0,-2.5,0.6,1,0,0,OFFBOARD
723,OUTBOUND,73.34,72.104,-1.294,1.743,1.583,0.639,-0.677,72.104,-1.443,1.583,0.053,0.053,1,2.011,0.052,0.083,100.0,-2.5,0.6,1,0,0,OFFBOARD
724,OUTBOUND,73.44,72.104,-1.293,1.743,1.583,0.639,-0.677,72.104,-1.443,1.583,0.053,0.053,1,2.011,0.052,0.083,100.0,-2.5,0.6,1,0,0,OFFBOARD
725,OUTBOUND,73.54,72.104,-1.293,1.743,1.583,0.639,-0.677,72.104,-1.443,1.583,0.053,0.053,1,2.011,0.052,0.083,100.0,-2.5,0.6,1,0,0,OFFBOARD
726,OUTBOUND,73.64,72.104,-1.293,1.743,1.583,0.639,-0.677,72.104,-1.443,1.583,0.053,0.053,1,2.011,0.052,0.083,100.0,-2.5,0.6,1,0,0,OFFBOARD
727,OUTBOUND,73.75,72.104,-1.293,1.742,1.583,0.639,-0.677,72.104,-1.443,1.583,0.053,0.053,1,2.011,0.052,0.083,100.0,-2.5,0.6,1,0,0,OFFBOARD
728,OUTBOUND,73.85,72.104,-1.293,1.742,1.583,0.639,-0.677,72.104,-1.443,1.583,0.053,0.053,1,2.011,0.052,0.083,100.0,-2.5,0.6,1,0,0,OFFBOARD
729,OUTBOUND,73.95,72.104,-1.293,1.742,1.583,0.639,-0.677,72.104,-1.443,1.583,0.053,0.053,1,2.01,0.052,0.083,100.0,-2.5,0.6,1,0,0,OFFBOARD
730,OUTBOUND,74.05,72.104,-1.293,1.742,1.583,0.639,-0.677,72.104,-1.443,1.583,0.053,0.053,1,2.01,0.052,0.083,100.0,-2.5,0.6,1,0,0,OFFBOARD
731,OUTBOUND,74.15,72.104,-1.293,1.742,1.583,0.639,-0.677,72.104,-1.443,1.583,0.053,0.053,1,2.01,0.052,0.083,100.0,-2.5,0.6,1,0,0,OFFBOARD
732,OUTBOUND,74.25,72.104,-1.293,1.742,1.583,0.639,-0.677,72.104,-1.443,1.583,0.053,0.053,1,2.01,0.052,0.083,100.0,-2.5,0.6,1,0,0,OFFBOARD
733,OUTBOUND,74.35,72.104,-1.293,1.742,1.583,0.639,-0.677,72.104,-1.442,1.583,0.053,0.053,1,2.01,0.052,0.083,100.0,-2.5,0.6,1,0,0,OFFBOARD
734,OUTBOUND,74.46,72.104,-1.292,1.741,1.583,0.639,-0.677,72.104,-1.442,1.583,0.053,0.053,1,2.009,0.052,0.083,100.0,-2.5,0.6,1,0,0,OFFBOARD
735,OUTBOUND,74.56,72.104,-1.292,1.741,1.583,0.639,-0.677,72.104,-1.442,1.583,0.053,0.053,1,2.009,0.052,0.083,100.0,-2.5,0.6,1,0,0,OFFBOARD
736,OUTBOUND,74.66,72.104,-1.292,1.741,1.583,0.639,-0.677,72.104,-1.442,1.583,0.053,0.053,1,2.009,0.052,0.083,100.0,-2.5,0.6,1,0,0,OFFBOARD
737,OUTBOUND,74.76,72.104,-1.292,1.741,1.583,0.639,-0.677,72.104,-1.442,1.583,0.053,0.053,1,2.009,0.052,0.083,100.0,-2.5,0.6,1,0,0,OFFBOARD
738,OUTBOUND,74.86,72.104,-1.292,1.741,1.583,0.639,-0.677,72.104,-1.442,1.583,0.053,0.053,1,2.009,0.052,0.083,100.0,-2.5,0.6,1,0,0,OFFBOARD
739,OUTBOUND,74.96,72.104,-1.292,1.741,1.583,0.639,-0.677,72.104,-1.442,1.583,0.053,0.053,1,2.008,0.052,0.083,100.0,-2.5,0.6,1,0,0,OFFBOARD
740,OUTBOUND,75.06,72.104,-1.292,1.741,1.583,0.639,-0.677,72.104,-1.442,1.583,0.053,0.053,1,2.008,0.052,0.083,100.0,-2.5,0.6,1,0,0,OFFBOARD
741,OUTBOUND,75.17,72.104,-1.292,1.74,1.583,0.639,-0.677,72.104,-1.442,1.583,0.053,0.053,1,2.008,0.052,0.083,100.0,-2.5,0.6,1,0,0,OFFBOARD
742,OUTBOUND,75.27,72.104,-1.292,1.74,1.583,0.639,-0.677,72.104,-1.442,1.583,0.053,0.053,1,2.008,0.052,0.083,100.0,-2.5,0.6,1,0,0,OFFBOARD
743,OUTBOUND,75.37,72.104,-1.291,1.74,1.583,0.639,-0.677,72.104,-1.441,1.583,0.053,0.053,1,2.008,0.052,0.083,100.0,-2.5,0.6,1,0,0,OFFBOARD
744,OUTBOUND,75.47,72.104,-1.291,1.74,1.583,0.639,-0.677,72.104,-1.441,1.583,0.053,0.053,1,2.007,0.052,0.083,100.0,-2.5,0.6,1,0,0,OFFBOARD
745,OUTBOUND,75.57,72.104,-1.291,1.74,1.583,0.639,-0.677,72.104,-1.441,1.583,0.053,0.053,1,2.007,0.052,0.083,100.0,-2.5,0.6,1,0,0,OFFBOARD
746,OUTBOUND,75.67,72.104,-1.291,1.74,1.583,0.639,-0.677,72.104,-1.441,1.583,0.053,0.053,1,2.007,0.052,0.083,100.0,-2.5,0.6,1,0,0,OFFBOARD
747,OUTBOUND,75.77,72.104,-1.291,1.74,1.583,0.639,-0.677,72.104,-1.441,1.583,0.053,0.053,1,2.007,0.052,0.083,100.0,-2.5,0.6,1,0,0,OFFBOARD
748,OUTBOUND,75.87,72.104,-1.291,1.739,1.583,0.639,-0.677,72.104,-1.441,1.583,0.053,0.053,1,2.007,0.052,0.083,100.0,-2.5,0.6,1,0,0,OFFBOARD
749,OUTBOUND,75.98,72.104,-1.291,1.739,1.583,0.639,-0.677,72.104,-1.441,1.583,0.053,0.053,1,2.007,0.052,0.083,100.0,-2.5,0.6,1,0,0,OFFBOARD
750,OUTBOUND,76.08,72.104,-1.291,1.739,1.583,0.639,-0.677,72.104,-1.441,1.583,0.053,0.053,1,2.006,0.052,0.083,100.0,-2.5,0.6,1,0,0,OFFBOARD
751,OUTBOUND,76.18,72.104,-1.291,1.739,1.583,0.639,-0.677,72.104,-1.441,1.583,0.053,0.053,1,2.006,0.052,0.083,100.0,-2.5,0.6,1,0,0,OFFBOARD
752,OUTBOUND,76.28,72.104,-1.291,1.739,1.583,0.639,-0.677,72.104,-1.44,1.583,0.053,0.053,1,2.006,0.052,0.083,100.0,-2.5,0.6,1,0,0,OFFBOARD
753,OUTBOUND,76.38,72.104,-1.29,1.739,1.583,0.639,-0.677,72.104,-1.44,1.583,0.053,0.053,1,2.006,0.052,0.083,100.0,-2.5,0.6,1,0,0,OFFBOARD
754,OUTBOUND,76.48,72.104,-1.29,1.738,1.583,0.639,-0.677,72.104,-1.44,1.583,0.053,0.053,1,2.006,0.052,0.083,100.0,-2.5,0.6,1,0,0,OFFBOARD
755,OUTBOUND,76.58,72.104,-1.29,1.738,1.583,0.639,-0.677,72.104,-1.44,1.583,0.053,0.053,1,2.006,0.052,0.083,100.0,-2.5,0.6,1,0,0,OFFBOARD
756,OUTBOUND,76.69,72.104,-1.29,1.738,1.583,0.639,-0.677,72.104,-1.44,1.583,0.053,0.053,1,2.005,0.052,0.083,100.0,-2.5,0.6,1,0,0,OFFBOARD
757,OUTBOUND,76.79,72.104,-1.29,1.738,1.583,0.639,-0.677,72.104,-1.44,1.583,0.053,0.053,1,2.005,0.052,0.083,100.0,-2.5,0.6,1,0,0,OFFBOARD
758,OUTBOUND,76.89,72.104,-1.29,1.738,1.583,0.639,-0.677,72.104,-1.44,1.583,0.053,0.053,1,2.005,0.052,0.083,100.0,-2.5,0.6,1,0,0,OFFBOARD
759,OUTBOUND,76.99,72.104,-1.29,1.738,1.583,0.639,-0.677,72.104,-1.44,1.583,0.053,0.053,1,2.005,0.052,0.083,100.0,-2.5,0.6,1,0,0,OFFBOARD
760,OUTBOUND,77.09,72.104,-1.29,1.738,1.583,0.639,-0.677,72.104,-1.44,1.583,0.053,0.053,1,2.005,0.052,0.083,100.0,-2.5,0.6,1,0,0,OFFBOARD
761,OUTBOUND,77.19,72.104,-1.29,1.737,1.583,0.639,-0.677,72.104,-1.44,1.583,0.053,0.053,1,2.005,0.052,0.083,100.0,-2.5,0.6,1,0,0,OFFBOARD
762,OUTBOUND,77.29,72.104,-1.289,1.737,1.583,0.639,-0.677,72.104,-1.439,1.583,0.053,0.053,1,2.004,0.052,0.083,100.0,-2.5,0.6,1,0,0,OFFBOARD
763,OUTBOUND,77.4,72.104,-1.289,1.737,1.583,0.639,-0.677,72.104,-1.439,1.583,0.053,0.053,1,2.004,0.052,0.083,100.0,-2.5,0.6,1,0,0,OFFBOARD
764,OUTBOUND,77.5,72.104,-1.289,1.737,1.583,0.639,-0.677,72.104,-1.439,1.583,0.053,0.053,1,2.004,0.052,0.083,100.0,-2.5,0.6,1,0,0,OFFBOARD
765,OUTBOUND,77.6,72.104,-1.289,1.737,1.583,0.639,-0.677,72.104,-1.439,1.583,0.053,0.053,1,2.004,0.052,0.083,100.0,-2.5,0.6,1,0,0,OFFBOARD
766,OUTBOUND,77.7,72.104,-1.289,1.737,1.583,0.639,-0.677,72.104,-1.439,1.583,0.053,0.053,1,2.004,0.052,0.083,100.0,-2.5,0.6,1,0,0,OFFBOARD
767,OUTBOUND,77.8,72.104,-1.289,1.737,1.583,0.639,-0.677,72.104,-1.439,1.583,0.053,0.053,1,2.004,0.052,0.083,100.0,-2.5,0.6,1,0,0,OFFBOARD
768,OUTBOUND,77.9,72.104,-1.289,1.736,1.583,0.639,-0.677,72.104,-1.439,1.583,0.053,0.053,1,2.003,0.052,0.083,100.0,-2.5,0.6,1,0,0,OFFBOARD
769,OUTBOUND,78.0,72.104,-1.289,1.736,1.583,0.639,-0.677,72.104,-1.439,1.583,0.053,0.053,1,2.003,0.052,0.083,100.0,-2.5,0.6,1,0,0,OFFBOARD
770,OUTBOUND,78.11,72.104,-1.289,1.736,1.583,0.639,-0.677,72.104,-1.439,1.583,0.053,0.053,1,2.003,0.052,0.083,100.0,-2.5,0.6,1,0,0,OFFBOARD
771,OUTBOUND,78.21,72.104,-1.289,1.736,1.583,0.639,-0.677,72.104,-1.438,1.583,0.053,0.053,1,2.003,0.052,0.083,100.0,-2.5,0.6,1,0,0,OFFBOARD
772,OUTBOUND,78.31,72.104,-1.288,1.736,1.583,0.639,-0.677,72.104,-1.438,1.583,0.053,0.053,1,2.003,0.052,0.083,100.0,-2.5,0.6,1,0,0,OFFBOARD
773,OUTBOUND,78.41,72.104,-1.288,1.736,1.583,0.639,-0.677,72.104,-1.438,1.583,0.053,0.053,1,2.002,0.052,0.083,100.0,-2.5,0.6,1,0,0,OFFBOARD
774,OUTBOUND,78.51,72.104,-1.288,1.736,1.583,0.639,-0.677,72.104,-1.438,1.583,0.053,0.053,1,2.002,0.052,0.083,100.0,-2.5,0.6,1,0,0,OFFBOARD
775,OUTBOUND,78.61,72.104,-1.288,1.735,1.583,0.639,-0.677,72.104,-1.438,1.583,0.053,0.053,1,2.002,0.052,0.083,100.0,-2.5,0.6,1,0,0,OFFBOARD
776,OUTBOUND,78.71,72.104,-1.288,1.735,1.583,0.639,-0.677,72.104,-1.438,1.583,0.053,0.053,1,2.002,0.052,0.083,100.0,-2.5,0.6,1,0,0,OFFBOARD
777,OUTBOUND,78.82,72.104,-1.288,1.735,1.583,0.639,-0.677,72.104,-1.438,1.583,0.053,0.053,1,2.002,0.052,0.083,100.0,-2.5,0.6,1,0,0,OFFBOARD
778,OUTBOUND,78.92,72.104,-1.288,1.735,1.583,0.639,-0.677,72.104,-1.438,1.583,0.053,0.053,1,2.002,0.052,0.083,100.0,-2.5,0.6,1,0,0,OFFBOARD
779,OUTBOUND,79.02,72.104,-1.288,1.735,1.583,0.639,-0.677,72.104,-1.438,1.583,0.053,0.053,1,2.001,0.052,0.083,100.0,-2.5,0.6,1,0,0,OFFBOARD
780,OUTBOUND,79.12,72.104,-1.288,1.735,1.583,0.639,-0.677,72.104,-1.438,1.583,0.053,0.053,1,2.001,0.052,0.083,100.0,-2.5,0.6,1,0,0,OFFBOARD
781,OUTBOUND,79.22,72.104,-1.287,1.735,1.583,0.639,-0.677,72.104,-1.437,1.583,0.053,0.053,1,2.001,0.052,0.083,100.0,-2.5,0.6,1,0,0,OFFBOARD
782,OUTBOUND,79.32,72.104,-1.287,1.734,1.583,0.639,-0.677,72.104,-1.437,1.583,0.053,0.053,1,2.001,0.052,0.083,100.0,-2.5,0.6,1,0,0,OFFBOARD
783,OUTBOUND,79.42,72.104,-1.287,1.734,1.583,0.639,-0.677,72.104,-1.437,1.583,0.053,0.053,1,2.001,0.052,0.083,100.0,-2.5,0.6,1,0,0,OFFBOARD
784,OUTBOUND,79.53,72.104,-1.287,1.734,1.583,0.639,-0.677,72.104,-1.437,1.583,0.053,0.053,1,2.001,0.052,0.083,100.0,-2.5,0.6,1,0,0,OFFBOARD
785,OUTBOUND,79.63,72.104,-1.287,1.734,1.583,0.639,-0.677,72.104,-1.437,1.583,0.053,0.053,1,2.0,0.052,0.083,100.0,-2.5,0.6,1,0,0,OFFBOARD
786,OUTBOUND,79.73,72.104,-1.287,1.734,1.583,0.639,-0.677,72.104,-1.437,1.583,0.053,0.053,1,2.0,0.052,0.083,100.0,-2.5,0.6,1,0,0,OFFBOARD
787,OUTBOUND,79.83,72.104,-1.287,1.734,1.583,0.639,-0.677,72.104,-1.437,1.583,0.053,0.053,1,2.0,0.052,0.083,100.0,-2.5,0.6,1,0,0,OFFBOARD
788,OUTBOUND,79.93,72.104,-1.287,1.734,1.583,0.639,-0.677,72.104,-1.437,1.583,0.053,0.053,1,2.0,0.052,0.083,100.0,-2.5,0.6,1,0,0,OFFBOARD
789,OUTBOUND,80.03,72.104,-1.287,1.733,1.583,0.639,-0.677,72.104,-1.437,1.583,0.053,0.053,1,2.0,0.052,0.083,100.0,-2.5,0.6,1,0,0,OFFBOARD
790,OUTBOUND,80.13,72.104,-1.287,1.733,1.583,0.639,-0.677,72.104,-1.436,1.583,0.053,0.053,1,1.999,0.052,0.083,100.0,-2.5,0.6,1,0,0,OFFBOARD
791,OUTBOUND,80.24,72.104,-1.286,1.733,1.583,0.639,-0.677,72.104,-1.436,1.583,0.053,0.053,1,1.999,0.052,0.083,100.0,-2.5,0.6,1,0,0,OFFBOARD
792,OUTBOUND,80.34,72.104,-1.286,1.733,1.583,0.639,-0.677,72.104,-1.436,1.583,0.053,0.053,1,1.999,0.052,0.083,100.0,-2.5,0.6,1,0,0,OFFBOARD
793,OUTBOUND,80.44,72.104,-1.286,1.733,1.583,0.639,-0.677,72.104,-1.436,1.583,0.053,0.053,1,1.999,0.052,0.083,100.0,-2.5,0.6,1,0,0,OFFBOARD
794,OUTBOUND,80.54,72.104,-1.286,1.733,1.583,0.639,-0.677,72.104,-1.436,1.583,0.053,0.053,1,1.999,0.052,0.083,100.0,-2.5,0.6,1,0,0,OFFBOARD
795,OUTBOUND,80.64,72.104,-1.286,1.732,1.583,0.639,-0.677,72.104,-1.436,1.583,0.053,0.053,1,1.999,0.052,0.083,100.0,-2.5,0.6,1,0,0,OFFBOARD
796,OUTBOUND,80.74,72.104,-1.286,1.732,1.583,0.639,-0.677,72.104,-1.436,1.583,0.053,0.053,1,1.998,0.052,0.083,100.0,-2.5,0.6,1,0,0,OFFBOARD
797,OUTBOUND,80.84,72.104,-1.286,1.732,1.583,0.639,-0.677,72.104,-1.436,1.583,0.053,0.053,1,1.998,0.052,0.083,100.0,-2.5,0.6,1,0,0,OFFBOARD
798,OUTBOUND,80.95,72.104,-1.286,1.732,1.583,0.639,-0.677,72.104,-1.436,1.583,0.053,0.053,1,1.998,0.052,0.083,100.0,-2.5,0.6,1,0,0,OFFBOARD
799,OUTBOUND,81.05,72.104,-1.286,1.732,1.583,0.639,-0.677,72.104,-1.436,1.583,0.053,0.053,1,1.998,0.052,0.083,100.0,-2.5,0.6,1,0,0,OFFBOARD
800,OUTBOUND,81.15,72.104,-1.285,1.732,1.583,0.639,-0.677,72.104,-1.435,1.583,0.053,0.053,1,1.998,0.052,0.083,100.0,-2.5,0.6,1,0,0,OFFBOARD
801,OUTBOUND,81.25,72.104,-1.285,1.732,1.583,0.639,-0.677,72.104,-1.435,1.583,0.053,0.053,1,1.998,0.052,0.083,100.0,-2.5,0.6,1,0,0,OFFBOARD
802,OUTBOUND,81.35,72.104,-1.285,1.731,1.583,0.639,-0.677,72.104,-1.435,1.583,0.053,0.053,1,1.997,0.052,0.083,100.0,-2.5,0.6,1,0,0,OFFBOARD
803,OUTBOUND,81.45,72.104,-1.285,1.731,1.583,0.639,-0.677,72.104,-1.435,1.583,0.053,0.053,1,1.997,0.052,0.083,100.0,-2.5,0.6,1,0,0,OFFBOARD
804,OUTBOUND,81.55,72.104,-1.285,1.731,1.583,0.639,-0.677,72.104,-1.435,1.583,0.053,0.053,1,1.997,0.052,0.083,100.0,-2.5,0.6,1,0,0,OFFBOARD
805,OUTBOUND,81.66,72.104,-1.285,1.731,1.583,0.639,-0.677,72.104,-1.435,1.583,0.053,0.053,1,1.997,0.052,0.083,100.0,-2.5,0.6,1,0,0,OFFBOARD
806,OUTBOUND,81.76,72.104,-1.285,1.731,1.583,0.639,-0.677,72.104,-1.435,1.583,0.053,0.053,1,1.997,0.052,0.083,100.0,-2.5,0.6,1,0,0,OFFBOARD
807,OUTBOUND,81.86,72.104,-1.285,1.731,1.583,0.639,-0.677,72.104,-1.435,1.583,0.053,0.053,1,1.996,0.052,0.083,100.0,-2.5,0.6,1,0,0,OFFBOARD
808,OUTBOUND,81.96,72.104,-1.285,1.731,1.583,0.639,-0.677,72.104,-1.435,1.583,0.053,0.053,1,1.996,0.052,0.083,100.0,-2.5,0.6,1,0,0,OFFBOARD
809,OUTBOUND,82.06,72.104,-1.285,1.73,1.583,0.639,-0.677,72.104,-1.434,1.583,0.053,0.053,1,1.996,0.052,0.083,100.0,-2.5,0.6,1,0,0,OFFBOARD
810,OUTBOUND,82.17,72.104,-1.284,1.73,1.583,0.639,-0.677,72.104,-1.434,1.583,0.053,0.053,1,1.996,0.052,0.083,100.0,-2.5,0.6,1,0,0,OFFBOARD
811,OUTBOUND,82.27,72.104,-1.284,1.73,1.583,0.639,-0.677,72.104,-1.434,1.583,0.053,0.053,1,1.996,0.052,0.083,100.0,-2.5,0.6,1,0,0,OFFBOARD
812,OUTBOUND,82.37,72.104,-1.284,1.73,1.583,0.639,-0.677,72.104,-1.434,1.583,0.053,0.053,1,1.996,0.052,0.083,100.0,-2.5,0.6,1,0,0,OFFBOARD
813,OUTBOUND,82.47,72.104,-1.284,1.73,1.583,0.639,-0.677,72.104,-1.434,1.583,0.053,0.053,1,1.995,0.052,0.083,100.0,-2.5,0.6,1,0,0,OFFBOARD
814,OUTBOUND,82.57,72.104,-1.284,1.73,1.583,0.639,-0.677,72.104,-1.434,1.583,0.053,0.053,1,1.995,0.052,0.083,100.0,-2.5,0.6,1,0,0,OFFBOARD
815,OUTBOUND,82.67,72.104,-1.284,1.73,1.583,0.639,-0.677,72.104,-1.434,1.583,0.053,0.053,1,1.995,0.052,0.083,100.0,-2.5,0.6,1,0,0,OFFBOARD
816,OUTBOUND,82.77,72.104,-1.284,1.729,1.583,0.639,-0.677,72.104,-1.434,1.583,0.053,0.053,1,1.995,0.052,0.083,100.0,-2.5,0.6,1,0,0,OFFBOARD
817,OUTBOUND,82.87,72.104,-1.284,1.729,1.583,0.639,-0.677,72.104,-1.434,1.583,0.053,0.053,1,1.995,0.052,0.083,100.0,-2.5,0.6,1,0,0,OFFBOARD
818,OUTBOUND,82.98,72.104,-1.284,1.729,1.583,0.639,-0.677,72.104,-1.433,1.583,0.053,0.053,1,1.995,0.052,0.083,100.0,-2.5,0.6,1,0,0,OFFBOARD
819,OUTBOUND,83.08,72.104,-1.283,1.729,1.583,0.639,-0.677,72.104,-1.433,1.583,0.053,0.053,1,1.994,0.052,0.083,100.0,-2.5,0.6,1,0,0,OFFBOARD
820,OUTBOUND,83.18,72.104,-1.283,1.729,1.583,0.639,-0.677,72.104,-1.433,1.583,0.053,0.053,1,1.994,0.052,0.083,100.0,-2.5,0.6,1,0,0,OFFBOARD
821,OUTBOUND,83.28,72.104,-1.283,1.729,1.583,0.639,-0.677,72.104,-1.433,1.583,0.053,0.053,1,1.994,0.052,0.083,100.0,-2.5,0.6,1,0,0,OFFBOARD
822,OUTBOUND,83.38,72.104,-1.283,1.729,1.583,0.639,-0.677,72.104,-1.433,1.583,0.053,0.053,1,1.994,0.052,0.083,100.0,-2.5,0.6,1,0,0,OFFBOARD
823,OUTBOUND,83.48,72.104,-1.283,1.728,1.583,0.639,-0.677,72.104,-1.433,1.583,0.053,0.053,1,1.994,0.052,0.083,100.0,-2.5,0.6,1,0,0,OFFBOARD
824,OUTBOUND,83.59,72.104,-1.283,1.728,1.583,0.639,-0.677,72.104,-1.433,1.583,0.053,0.053,1,1.994,0.052,0.083,100.0,-2.5,0.6,1,0,0,OFFBOARD
825,OUTBOUND,83.69,72.104,-1.283,1.728,1.583,0.639,-0.677,72.104,-1.433,1.583,0.053,0.053,1,1.993,0.052,0.083,100.0,-2.5,0.6,1,0,0,OFFBOARD
826,OUTBOUND,83.79,72.104,-1.283,1.728,1.583,0.639,-0.677,72.104,-1.433,1.583,0.053,0.053,1,1.993,0.052,0.083,100.0,-2.5,0.6,1,0,0,OFFBOARD
827,OUTBOUND,83.89,72.104,-1.283,1.728,1.583,0.639,-0.677,72.104,-1.433,1.583,0.053,0.053,1,1.993,0.052,0.083,100.0,-2.5,0.6,1,0,0,OFFBOARD
828,OUTBOUND,83.99,72.104,-1.283,1.728,1.583,0.639,-0.677,72.104,-1.432,1.583,0.053,0.053,1,1.993,0.052,0.083,100.0,-2.5,0.6,1,0,0,OFFBOARD
829,OUTBOUND,84.09,72.104,-1.282,1.728,1.583,0.639,-0.677,72.104,-1.432,1.583,0.053,0.053,1,1.993,0.052,0.083,100.0,-2.5,0.6,1,0,0,OFFBOARD
830,OUTBOUND,84.19,72.104,-1.282,1.727,1.583,0.639,-0.677,72.104,-1.432,1.583,0.053,0.053,1,1.992,0.052,0.083,100.0,-2.5,0.6,1,0,0,OFFBOARD
831,OUTBOUND,84.3,72.104,-1.282,1.727,1.583,0.639,-0.677,72.104,-1.432,1.583,0.053,0.053,1,1.992,0.052,0.083,100.0,-2.5,0.6,1,0,0,OFFBOARD
832,OUTBOUND,84.4,72.104,-1.282,1.727,1.583,0.639,-0.677,72.104,-1.432,1.583,0.053,0.053,1,1.992,0.052,0.083,100.0,-2.5,0.6,1,0,0,OFFBOARD
833,OUTBOUND,84.5,72.104,-1.282,1.727,1.583,0.639,-0.677,72.104,-1.432,1.583,0.053,0.053,1,1.992,0.052,0.083,100.0,-2.5,0.6,1,0,0,OFFBOARD
834,OUTBOUND,84.6,72.104,-1.282,1.727,1.583,0.639,-0.677,72.104,-1.432,1.583,0.053,0.053,1,1.992,0.052,0.083,100.0,-2.5,0.6,1,0,0,OFFBOARD
835,OUTBOUND,84.7,72.104,-1.282,1.727,1.583,0.639,-0.677,72.104,-1.432,1.583,0.053,0.053,1,1.992,0.052,0.083,100.0,-2.5,0.6,1,0,0,OFFBOARD
836,OUTBOUND,84.8,72.104,-1.282,1.727,1.583,0.639,-0.677,72.104,-1.432,1.583,0.053,0.053,1,1.991,0.052,0.083,100.0,-2.5,0.6,1,0,0,OFFBOARD
837,OUTBOUND,84.91,72.104,-1.282,1.726,1.583,0.639,-0.677,72.104,-1.431,1.583,0.053,0.053,1,1.991,0.052,0.083,100.0,-2.5,0.6,1,0,0,OFFBOARD
838,OUTBOUND,85.01,72.104,-1.281,1.726,1.583,0.639,-0.677,72.104,-1.431,1.583,0.053,0.053,1,1.991,0.052,0.083,100.0,-2.5,0.6,1,0,0,OFFBOARD
839,OUTBOUND,85.11,72.104,-1.281,1.726,1.583,0.639,-0.677,72.104,-1.431,1.583,0.053,0.053,1,1.991,0.052,0.083,100.0,-2.5,0.6,1,0,0,OFFBOARD
840,OUTBOUND,85.21,72.104,-1.281,1.726,1.583,0.639,-0.677,72.104,-1.431,1.583,0.053,0.053,1,1.991,0.052,0.083,100.0,-2.5,0.6,1,0,0,OFFBOARD
841,OUTBOUND,85.31,72.104,-1.281,1.726,1.583,0.639,-0.677,72.104,-1.431,1.583,0.053,0.053,1,1.991,0.052,0.083,100.0,-2.5,0.6,1,0,0,OFFBOARD
842,OUTBOUND,85.41,72.104,-1.281,1.726,1.583,0.639,-0.677,72.104,-1.431,1.583,0.053,0.053,1,1.99,0.052,0.083,100.0,-2.5,0.6,1,0,0,OFFBOARD
843,OUTBOUND,85.51,72.104,-1.281,1.726,1.583,0.639,-0.677,72.104,-1.431,1.583,0.053,0.053,1,1.99,0.052,0.083,100.0,-2.5,0.6,1,0,0,OFFBOARD
844,OUTBOUND,85.62,72.104,-1.281,1.725,1.583,0.639,-0.677,72.104,-1.431,1.583,0.053,0.053,1,1.99,0.052,0.083,100.0,-2.5,0.6,1,0,0,OFFBOARD
845,OUTBOUND,85.72,72.104,-1.281,1.725,1.583,0.639,-0.677,72.104,-1.431,1.583,0.053,0.053,1,1.99,0.052,0.083,100.0,-2.5,0.6,1,0,0,OFFBOARD
846,OUTBOUND,85.82,72.104,-1.281,1.725,1.583,0.639,-0.677,72.104,-1.431,1.583,0.053,0.053,1,1.99,0.052,0.083,100.0,-2.5,0.6,1,0,0,OFFBOARD
847,OUTBOUND,85.92,72.104,-1.28,1.725,1.583,0.639,-0.677,72.104,-1.43,1.583,0.053,0.053,1,1.99,0.052,0.083,100.0,-2.5,0.6,1,0,0,OFFBOARD
848,OUTBOUND,86.02,72.104,-1.28,1.725,1.583,0.639,-0.677,72.104,-1.43,1.583,0.053,0.053,1,1.989,0.052,0.083,100.0,-2.5,0.6,1,0,0,OFFBOARD
849,OUTBOUND,86.12,72.104,-1.28,1.725,1.583,0.639,-0.677,72.104,-1.43,1.583,0.053,0.053,1,1.989,0.052,0.083,100.0,-2.5,0.6,1,0,0,OFFBOARD
850,OUTBOUND,86.22,72.104,-1.28,1.725,1.583,0.639,-0.677,72.104,-1.43,1.583,0.053,0.053,1,1.989,0.052,0.083,100.0,-2.5,0.6,1,0,0,OFFBOARD
851,OUTBOUND,86.33,72.104,-1.28,1.724,1.583,0.639,-0.677,72.104,-1.43,1.583,0.053,0.053,1,1.989,0.052,0.083,100.0,-2.5,0.6,1,0,0,OFFBOARD
852,OUTBOUND,86.43,72.104,-1.28,1.724,1.583,0.639,-0.677,72.104,-1.43,1.583,0.053,0.053,1,1.989,0.052,0.083,100.0,-2.5,0.6,1,0,0,OFFBOARD
853,OUTBOUND,86.53,72.104,-1.28,1.724,1.583,0.639,-0.677,72.104,-1.43,1.583,0.053,0.053,1,1.988,0.052,0.083,100.0,-2.5,0.6,1,0,0,OFFBOARD
854,OUTBOUND,86.63,72.104,-1.28,1.724,1.583,0.639,-0.677,72.104,-1.43,1.583,0.053,0.053,1,1.988,0.052,0.083,100.0,-2.5,0.6,1,0,0,OFFBOARD
855,OUTBOUND,86.73,72.104,-1.28,1.724,1.583,0.639,-0.677,72.104,-1.43,1.583,0.053,0.053,1,1.988,0.052,0.083,100.0,-2.5,0.6,1,0,0,OFFBOARD
856,OUTBOUND,86.83,72.104,-1.28,1.724,1.583,0.639,-0.677,72.104,-1.429,1.583,0.053,0.053,1,1.988,0.052,0.083,100.0,-2.5,0.6,1,0,0,OFFBOARD
857,OUTBOUND,86.93,72.104,-1.279,1.723,1.583,0.639,-0.677,72.104,-1.429,1.583,0.053,0.053,1,1.988,0.052,0.083,100.0,-2.5,0.6,1,0,0,OFFBOARD
858,OUTBOUND,87.04,72.104,-1.279,1.723,1.583,0.639,-0.677,72.104,-1.429,1.583,0.053,0.053,1,1.988,0.052,0.083,100.0,-2.5,0.6,1,0,0,OFFBOARD
859,OUTBOUND,87.14,72.104,-1.279,1.723,1.583,0.639,-0.677,72.104,-1.429,1.583,0.053,0.053,1,1.987,0.052,0.083,100.0,-2.5,0.6,1,0,0,OFFBOARD
860,OUTBOUND,87.24,72.104,-1.279,1.723,1.583,0.639,-0.677,72.104,-1.429,1.583,0.053,0.053,1,1.987,0.052,0.083,100.0,-2.5,0.6,1,0,0,OFFBOARD
861,OUTBOUND,87.34,72.104,-1.279,1.723,1.583,0.639,-0.677,72.104,-1.429,1.583,0.053,0.053,1,1.987,0.052,0.083,100.0,-2.5,0.6,1,0,0,OFFBOARD
862,OUTBOUND,87.44,72.104,-1.279,1.723,1.583,0.639,-0.677,72.104,-1.429,1.583,0.053,0.053,1,1.987,0.052,0.083,100.0,-2.5,0.6,1,0,0,OFFBOARD
863,OUTBOUND,87.54,72.104,-1.279,1.723,1.583,0.639,-0.677,72.104,-1.429,1.583,0.053,0.053,1,1.987,0.052,0.083,100.0,-2.5,0.6,1,0,0,OFFBOARD
864,OUTBOUND,87.64,72.104,-1.279,1.722,1.583,0.639,-0.677,72.104,-1.429,1.583,0.053,0.053,1,1.987,0.052,0.083,100.0,-2.5,0.6,1,0,0,OFFBOARD
865,OUTBOUND,87.74,72.104,-1.279,1.722,1.583,0.639,-0.677,72.104,-1.428,1.583,0.053,0.053,1,1.986,0.052,0.083,100.0,-2.5,0.6,1,0,0,OFFBOARD
866,OUTBOUND,87.85,72.104,-1.278,1.722,1.583,0.639,-0.677,72.104,-1.428,1.583,0.053,0.053,1,1.986,0.052,0.083,100.0,-2.5,0.6,1,0,0,OFFBOARD
867,OUTBOUND,87.95,72.104,-1.278,1.722,1.583,0.639,-0.677,72.104,-1.428,1.583,0.053,0.053,1,1.986,0.052,0.083,100.0,-2.5,0.6,1,0,0,OFFBOARD
868,OUTBOUND,88.05,72.104,-1.278,1.722,1.583,0.639,-0.677,72.104,-1.428,1.583,0.053,0.053,1,1.986,0.052,0.083,100.0,-2.5,0.6,1,0,0,OFFBOARD
869,OUTBOUND,88.15,72.104,-1.278,1.722,1.583,0.639,-0.677,72.104,-1.428,1.583,0.053,0.053,1,1.986,0.052,0.083,100.0,-2.5,0.6,1,0,0,OFFBOARD
870,OUTBOUND,88.25,72.104,-1.278,1.722,1.583,0.639,-0.677,72.104,-1.428,1.583,0.053,0.053,1,1.986,0.052,0.083,100.0,-2.5,0.6,1,0,0,OFFBOARD
871,OUTBOUND,88.35,72.104,-1.278,1.721,1.583,0.639,-0.677,72.104,-1.428,1.583,0.053,0.053,1,1.985,0.052,0.083,100.0,-2.5,0.6,1,0,0,OFFBOARD
872,OUTBOUND,88.45,72.104,-1.278,1.721,1.583,0.639,-0.677,72.104,-1.428,1.583,0.053,0.053,1,1.985,0.052,0.083,100.0,-2.5,0.6,1,0,0,OFFBOARD
873,OUTBOUND,88.56,72.104,-1.278,1.721,1.583,0.639,-0.677,72.104,-1.428,1.583,0.053,0.053,1,1.985,0.052,0.083,100.0,-2.5,0.6,1,0,0,OFFBOARD
874,OUTBOUND,88.66,72.104,-1.278,1.721,1.583,0.639,-0.677,72.104,-1.428,1.583,0.053,0.053,1,1.985,0.052,0.083,100.0,-2.5,0.6,1,0,0,OFFBOARD
875,OUTBOUND,88.76,72.104,-1.277,1.721,1.583,0.639,-0.677,72.104,-1.427,1.583,0.053,0.053,1,1.985,0.052,0.083,100.0,-2.5,0.6,1,0,0,OFFBOARD
876,OUTBOUND,88.86,72.104,-1.277,1.721,1.583,0.639,-0.677,72.104,-1.427,1.583,0.053,0.053,1,1.984,0.052,0.083,100.0,-2.5,0.6,1,0,0,OFFBOARD
877,OUTBOUND,88.96,72.104,-1.277,1.721,1.583,0.639,-0.677,72.104,-1.427,1.583,0.053,0.053,1,1.984,0.052,0.083,100.0,-2.5,0.6,1,0,0,OFFBOARD
878,OUTBOUND,89.06,72.104,-1.277,1.72,1.583,0.639,-0.677,72.104,-1.427,1.583,0.053,0.053,1,1.984,0.052,0.083,100.0,-2.5,0.6,1,0,0,OFFBOARD
879,OUTBOUND,89.17,72.104,-1.277,1.72,1.583,0.639,-0.677,72.104,-1.427,1.583,0.053,0.053,1,1.984,0.052,0.083,100.0,-2.5,0.6,1,0,0,OFFBOARD
880,OUTBOUND,89.27,72.104,-1.277,1.72,1.583,0.639,-0.677,72.104,-1.427,1.583,0.053,0.053,1,1.984,0.052,0.083,100.0,-2.5,0.6,1,0,0,OFFBOARD
881,OUTBOUND,89.37,72.104,-1.277,1.72,1.583,0.639,-0.677,72.104,-1.427,1.583,0.053,0.053,1,1.984,0.052,0.083,100.0,-2.5,0.6,1,0,0,OFFBOARD
882,OUTBOUND,89.47,72.104,-1.277,1.72,1.583,0.639,-0.677,72.104,-1.427,1.583,0.053,0.053,1,1.983,0.052,0.083,100.0,-2.5,0.6,1,0,0,OFFBOARD
883,OUTBOUND,89.57,72.104,-1.277,1.72,1.583,0.639,-0.677,72.104,-1.427,1.583,0.053,0.053,1,1.983,0.052,0.083,100.0,-2.5,0.6,1,0,0,OFFBOARD
884,OUTBOUND,89.67,72.104,-1.277,1.72,1.583,0.639,-0.677,72.104,-1.426,1.583,0.053,0.053,1,1.983,0.052,0.083,100.0,-2.5,0.6,1,0,0,OFFBOARD
885,OUTBOUND,89.77,72.104,-1.276,1.719,1.583,0.639,-0.677,72.104,-1.426,1.583,0.053,0.053,1,1.983,0.052,0.083,100.0,-2.5,0.6,1,0,0,OFFBOARD
886,OUTBOUND,89.87,72.104,-1.276,1.719,1.583,0.639,-0.677,72.104,-1.426,1.583,0.053,0.053,1,1.983,0.052,0.083,100.0,-2.5,0.6,1,0,0,OFFBOARD
887,OUTBOUND,89.98,72.104,-1.276,1.719,1.583,0.639,-0.677,72.104,-1.426,1.583,0.053,0.053,1,1.983,0.052,0.083,100.0,-2.5,0.6,1,0,0,OFFBOARD
888,OUTBOUND,90.08,72.104,-1.276,1.719,1.583,0.639,-0.677,72.104,-1.426,1.583,0.053,0.053,1,1.982,0.052,0.083,100.0,-2.5,0.6,1,0,0,OFFBOARD
889,OUTBOUND,90.18,72.104,-1.276,1.719,1.583,0.639,-0.677,72.104,-1.426,1.583,0.053,0.053,1,1.982,0.052,0.083,100.0,-2.5,0.6,1,0,0,OFFBOARD
890,OUTBOUND,90.28,72.104,-1.276,1.719,1.583,0.639,-0.677,72.104,-1.426,1.583,0.053,0.053,1,1.982,0.052,0.083,100.0,-2.5,0.6,1,0,0,OFFBOARD
891,OUTBOUND,90.38,72.104,-1.276,1.719,1.583,0.639,-0.677,72.104,-1.426,1.583,0.053,0.053,1,1.982,0.052,0.083,100.0,-2.5,0.6,1,0,0,OFFBOARD
892,OUTBOUND,90.48,72.104,-1.276,1.718,1.583,0.639,-0.677,72.104,-1.426,1.583,0.053,0.053,1,1.982,0.052,0.083,100.0,-2.5,0.6,1,0,0,OFFBOARD
893,OUTBOUND,90.58,72.104,-1.276,1.718,1.583,0.639,-0.677,72.104,-1.425,1.583,0.053,0.053,1,1.982,0.052,0.083,100.0,-2.5,0.6,1,0,0,OFFBOARD
894,OUTBOUND,90.68,72.104,-1.275,1.718,1.583,0.639,-0.677,72.104,-1.425,1.583,0.053,0.053,1,1.981,0.052,0.083,100.0,-2.5,0.6,1,0,0,OFFBOARD
895,OUTBOUND,90.79,72.104,-1.275,1.718,1.583,0.639,-0.677,72.104,-1.425,1.583,0.053,0.053,1,1.981,0.052,0.083,100.0,-2.5,0.6,1,0,0,OFFBOARD
896,OUTBOUND,90.89,72.104,-1.275,1.718,1.583,0.639,-0.677,72.104,-1.425,1.583,0.053,0.053,1,1.981,0.052,0.083,100.0,-2.5,0.6,1,0,0,OFFBOARD
897,OUTBOUND,90.99,72.104,-1.275,1.718,1.583,0.639,-0.677,72.104,-1.425,1.583,0.053,0.053,1,1.981,0.052,0.083,100.0,-2.5,0.6,1,0,0,OFFBOARD
898,OUTBOUND,91.09,72.104,-1.275,1.718,1.583,0.639,-0.677,72.104,-1.425,1.583,0.053,0.053,1,1.981,0.052,0.083,100.0,-2.5,0.6,1,0,0,OFFBOARD
899,OUTBOUND,91.19,72.104,-1.275,1.717,1.583,0.639,-0.677,72.104,-1.425,1.583,0.053,0.053,1,1.981,0.052,0.083,100.0,-2.5,0.6,1,0,0,OFFBOARD
900,OUTBOUND,91.29,72.104,-1.275,1.717,1.583,0.639,-0.677,72.104,-1.425,1.583,0.053,0.053,1,1.98,0.052,0.083,100.0,-2.5,0.6,1,0,0,OFFBOARD
901,OUTBOUND,91.39,72.104,-1.275,1.717,1.583,0.639,-0.677,72.104,-1.425,1.583,0.053,0.053,1,1.98,0.052,0.083,100.0,-2.5,0.6,1,0,0,OFFBOARD
902,OUTBOUND,91.5,72.104,-1.275,1.717,1.583,0.639,-0.677,72.104,-1.424,1.583,0.053,0.053,1,1.98,0.052,0.083,100.0,-2.5,0.6,1,0,0,OFFBOARD
903,OUTBOUND,91.6,72.104,-1.274,1.717,1.583,0.639,-0.677,72.104,-1.424,1.583,0.053,0.053,1,1.98,0.052,0.083,100.0,-2.5,0.6,1,0,0,OFFBOARD
904,OUTBOUND,91.7,72.104,-1.274,1.717,1.583,0.639,-0.677,72.104,-1.424,1.583,0.053,0.053,1,1.98,0.052,0.083,100.0,-2.5,0.6,1,0,0,OFFBOARD
905,OUTBOUND,91.8,72.104,-1.274,1.717,1.583,0.639,-0.677,72.104,-1.424,1.583,0.053,0.053,1,1.979,0.052,0.083,100.0,-2.5,0.6,1,0,0,OFFBOARD
906,OUTBOUND,91.9,72.104,-1.274,1.716,1.583,0.639,-0.677,72.104,-1.424,1.583,0.053,0.053,1,1.979,0.052,0.083,100.0,-2.5,0.6,1,0,0,OFFBOARD
907,OUTBOUND,92.0,72.104,-1.274,1.716,1.583,0.639,-0.677,72.104,-1.424,1.583,0.053,0.053,1,1.979,0.052,0.083,100.0,-2.5,0.6,1,0,0,OFFBOARD
908,OUTBOUND,92.1,72.104,-1.274,1.716,1.583,0.639,-0.677,72.104,-1.424,1.583,0.053,0.053,1,1.979,0.052,0.083,100.0,-2.5,0.6,1,0,0,OFFBOARD
909,OUTBOUND,92.21,72.104,-1.274,1.716,1.583,0.639,-0.677,72.104,-1.424,1.583,0.053,0.053,1,1.979,0.052,0.083,100.0,-2.5,0.6,1,0,0,OFFBOARD
910,OUTBOUND,92.31,72.104,-1.274,1.716,1.583,0.639,-0.677,72.104,-1.424,1.583,0.053,0.053,1,1.979,0.052,0.083,100.0,-2.5,0.6,1,0,0,OFFBOARD
911,OUTBOUND,92.41,72.104,-1.274,1.716,1.583,0.639,-0.677,72.104,-1.424,1.583,0.053,0.053,1,1.978,0.052,0.083,100.0,-2.5,0.6,1,0,0,OFFBOARD
912,OUTBOUND,92.51,72.104,-1.273,1.716,1.583,0.639,-0.677,72.104,-1.423,1.583,0.053,0.053,1,1.978,0.052,0.083,100.0,-2.5,0.6,1,0,0,OFFBOARD
913,OUTBOUND,92.61,72.104,-1.273,1.715,1.583,0.639,-0.677,72.104,-1.423,1.583,0.053,0.053,1,1.978,0.052,0.083,100.0,-2.5,0.6,1,0,0,OFFBOARD
914,OUTBOUND,92.71,72.104,-1.273,1.715,1.583,0.639,-0.677,72.104,-1.423,1.583,0.053,0.053,1,1.978,0.052,0.083,100.0,-2.5,0.6,1,0,0,OFFBOARD
915,OUTBOUND,92.81,72.104,-1.273,1.715,1.583,0.639,-0.677,72.104,-1.423,1.583,0.053,0.053,1,1.978,0.052,0.083,100.0,-2.5,0.6,1,0,0,OFFBOARD
916,OUTBOUND,92.91,72.104,-1.273,1.715,1.583,0.639,-0.677,72.104,-1.423,1.583,0.053,0.053,1,1.978,0.052,0.083,100.0,-2.5,0.6,1,0,0,OFFBOARD
917,OUTBOUND,93.02,72.104,-1.273,1.715,1.583,0.639,-0.677,72.104,-1.423,1.583,0.053,0.053,1,1.977,0.052,0.083,100.0,-2.5,0.6,1,0,0,OFFBOARD
918,OUTBOUND,93.12,72.104,-1.273,1.715,1.583,0.639,-0.677,72.104,-1.423,1.583,0.053,0.053,1,1.977,0.052,0.083,100.0,-2.5,0.6,1,0,0,OFFBOARD
919,OUTBOUND,93.22,72.104,-1.273,1.715,1.583,0.639,-0.677,72.104,-1.423,1.583,0.053,0.053,1,1.977,0.052,0.083,100.0,-2.5,0.6,1,0,0,OFFBOARD
920,OUTBOUND,93.32,72.104,-1.273,1.714,1.583,0.639,-0.677,72.104,-1.423,1.583,0.053,0.053,1,1.977,0.052,0.083,100.0,-2.5,0.6,1,0,0,OFFBOARD
921,OUTBOUND,93.42,72.104,-1.273,1.714,1.583,0.639,-0.677,72.104,-1.422,1.583,0.053,0.053,1,1.977,0.052,0.083,100.0,-2.5,0.6,1,0,0,OFFBOARD
922,OUTBOUND,93.52,72.104,-1.272,1.714,1.583,0.639,-0.677,72.104,-1.422,1.583,0.053,0.053,1,1.977,0.052,0.083,100.0,-2.5,0.6,1,0,0,OFFBOARD
923,OUTBOUND,93.62,72.104,-1.272,1.714,1.583,0.639,-0.677,72.104,-1.422,1.583,0.053,0.053,1,1.976,0.052,0.083,100.0,-2.5,0.6,1,0,0,OFFBOARD
924,OUTBOUND,93.73,72.104,-1.272,1.714,1.583,0.639,-0.677,72.104,-1.422,1.583,0.053,0.053,1,1.976,0.052,0.083,100.0,-2.5,0.6,1,0,0,OFFBOARD
925,OUTBOUND,93.83,72.104,-1.272,1.714,1.583,0.639,-0.677,72.104,-1.422,1.583,0.053,0.053,1,1.976,0.052,0.083,100.0,-2.5,0.6,1,0,0,OFFBOARD
926,OUTBOUND,93.93,72.104,-1.272,1.714,1.583,0.639,-0.677,72.104,-1.422,1.583,0.053,0.053,1,1.976,0.052,0.083,100.0,-2.5,0.6,1,0,0,OFFBOARD
927,OUTBOUND,94.03,72.104,-1.272,1.713,1.583,0.639,-0.677,72.104,-1.422,1.583,0.053,0.053,1,1.976,0.052,0.083,100.0,-2.5,0.6,1,0,0,OFFBOARD
928,OUTBOUND,94.13,72.104,-1.272,1.713,1.583,0.639,-0.677,72.104,-1.422,1.583,0.053,0.053,1,1.976,0.052,0.083,100.0,-2.5,0.6,1,0,0,OFFBOARD
929,OUTBOUND,94.23,72.104,-1.272,1.713,1.583,0.639,-0.677,72.104,-1.422,1.583,0.053,0.053,1,1.975,0.052,0.083,100.0,-2.5,0.6,1,0,0,OFFBOARD
930,OUTBOUND,94.33,72.104,-1.272,1.713,1.583,0.639,-0.677,72.104,-1.421,1.583,0.053,0.053,1,1.975,0.052,0.083,100.0,-2.5,0.6,1,0,0,OFFBOARD
931,OUTBOUND,94.43,72.104,-1.271,1.713,1.583,0.639,-0.677,72.104,-1.421,1.583,0.053,0.053,1,1.975,0.052,0.083,100.0,-2.5,0.6,1,0,0,OFFBOARD
932,OUTBOUND,94.54,72.104,-1.271,1.713,1.583,0.639,-0.677,72.104,-1.421,1.583,0.053,0.053,1,1.975,0.052,0.083,100.0,-2.5,0.6,1,0,0,OFFBOARD
933,OUTBOUND,94.64,72.104,-1.271,1.713,1.583,0.639,-0.677,72.104,-1.421,1.583,0.053,0.053,1,1.975,0.052,0.083,100.0,-2.5,0.6,1,0,0,OFFBOARD
934,OUTBOUND,94.74,72.104,-1.271,1.712,1.583,0.639,-0.677,72.104,-1.421,1.583,0.053,0.053,1,1.975,0.052,0.083,100.0,-2.5,0.6,1,0,0,OFFBOARD
935,OUTBOUND,94.84,72.104,-1.271,1.712,1.583,0.639,-0.677,72.104,-1.421,1.583,0.053,0.053,1,1.974,0.052,0.083,100.0,-2.5,0.6,1,0,0,OFFBOARD
936,OUTBOUND,94.94,72.104,-1.271,1.712,1.583,0.639,-0.677,72.104,-1.421,1.583,0.053,0.053,1,1.974,0.052,0.083,100.0,-2.5,0.6,1,0,0,OFFBOARD
937,OUTBOUND,95.04,72.104,-1.271,1.712,1.583,0.639,-0.677,72.104,-1.421,1.583,0.053,0.053,1,1.974,0.052,0.083,100.0,-2.5,0.6,1,0,0,OFFBOARD
938,OUTBOUND,95.15,72.104,-1.271,1.712,1.583,0.639,-0.677,72.104,-1.421,1.583,0.053,0.053,1,1.974,0.052,0.083,100.0,-2.5,0.6,1,0,0,OFFBOARD
939,OUTBOUND,95.25,72.104,-1.271,1.712,1.583,0.639,-0.677,72.104,-1.42,1.583,0.053,0.053,1,1.974,0.052,0.083,100.0,-2.5,0.6,1,0,0,OFFBOARD
940,OUTBOUND,95.35,72.104,-1.27,1.712,1.583,0.639,-0.677,72.104,-1.42,1.583,0.053,0.053,1,1.973,0.052,0.083,100.0,-2.5,0.6,1,0,0,OFFBOARD
941,OUTBOUND,95.45,72.104,-1.27,1.711,1.583,0.639,-0.677,72.104,-1.42,1.583,0.053,0.053,1,1.973,0.052,0.083,100.0,-2.5,0.6,1,0,0,OFFBOARD
942,OUTBOUND,95.55,72.104,-1.27,1.711,1.583,0.639,-0.677,72.104,-1.42,1.583,0.053,0.053,1,1.973,0.052,0.083,100.0,-2.5,0.6,1,0,0,OFFBOARD
943,OUTBOUND,95.65,72.104,-1.27,1.711,1.583,0.639,-0.677,72.104,-1.42,1.583,0.053,0.053,1,1.973,0.052,0.083,100.0,-2.5,0.6,1,0,0,OFFBOARD
944,OUTBOUND,95.76,72.104,-1.27,1.711,1.583,0.639,-0.677,72.104,-1.42,1.583,0.053,0.053,1,1.973,0.052,0.083,100.0,-2.5,0.6,1,0,0,OFFBOARD
945,OUTBOUND,95.86,72.104,-1.27,1.711,1.583,0.639,-0.677,72.104,-1.42,1.583,0.053,0.053,1,1.973,0.052,0.083,100.0,-2.5,0.6,1,0,0,OFFBOARD
946,OUTBOUND,95.96,72.104,-1.27,1.711,1.583,0.639,-0.677,72.104,-1.42,1.583,0.053,0.053,1,1.972,0.052,0.083,100.0,-2.5,0.6,1,0,0,OFFBOARD
947,OUTBOUND,96.06,72.104,-1.27,1.711,1.583,0.639,-0.677,72.104,-1.42,1.583,0.053,0.053,1,1.972,0.052,0.083,100.0,-2.5,0.6,1,0,0,OFFBOARD
948,OUTBOUND,96.16,72.104,-1.27,1.71,1.583,0.639,-0.677,72.104,-1.42,1.583,0.053,0.053,1,1.972,0.052,0.083,100.0,-2.5,0.6,1,0,0,OFFBOARD
949,OUTBOUND,96.26,72.104,-1.269,1.71,1.583,0.639,-0.677,72.104,-1.419,1.583,0.053,0.053,1,1.972,0.052,0.083,100.0,-2.5,0.6,1,0,0,OFFBOARD
950,OUTBOUND,96.36,72.104,-1.269,1.71,1.583,0.639,-0.677,72.104,-1.419,1.583,0.053,0.053,1,1.972,0.052,0.083,100.0,-2.5,0.6,1,0,0,OFFBOARD
951,OUTBOUND,96.47,72.104,-1.269,1.71,1.583,0.639,-0.677,72.104,-1.419,1.583,0.053,0.053,1,1.972,0.052,0.083,100.0,-2.5,0.6,1,0,0,OFFBOARD
952,OUTBOUND,96.57,72.104,-1.269,1.71,1.583,0.639,-0.677,72.104,-1.419,1.583,0.053,0.053,1,1.971,0.052,0.083,100.0,-2.5,0.6,1,0,0,OFFBOARD
953,OUTBOUND,96.67,72.104,-1.269,1.71,1.583,0.639,-0.677,72.104,-1.419,1.583,0.053,0.053,1,1.971,0.052,0.083,100.0,-2.5,0.6,1,0,0,OFFBOARD
954,OUTBOUND,96.77,72.104,-1.269,1.71,1.583,0.639,-0.677,72.104,-1.419,1.583,0.053,0.053,1,1.971,0.052,0.083,100.0,-2.5,0.6,1,0,0,OFFBOARD
955,OUTBOUND,96.87,72.104,-1.269,1.709,1.583,0.639,-0.677,72.104,-1.419,1.583,0.053,0.053,1,1.971,0.052,0.083,100.0,-2.5,0.6,1,0,0,OFFBOARD
956,OUTBOUND,96.97,72.104,-1.269,1.709,1.583,0.639,-0.677,72.104,-1.419,1.583,0.053,0.053,1,1.971,0.052,0.083,100.0,-2.5,0.6,1,0,0,OFFBOARD
957,OUTBOUND,97.08,72.104,-1.269,1.709,1.583,0.639,-0.677,72.104,-1.419,1.583,0.053,0.053,1,1.971,0.052,0.083,100.0,-2.5,0.6,1,0,0,OFFBOARD
958,OUTBOUND,97.18,72.104,-1.268,1.709,1.583,0.639,-0.677,72.104,-1.418,1.583,0.053,0.053,1,1.97,0.052,0.083,100.0,-2.5,0.6,1,0,0,OFFBOARD
959,OUTBOUND,97.28,72.104,-1.268,1.709,1.583,0.639,-0.677,72.104,-1.418,1.583,0.053,0.053,1,1.97,0.052,0.083,100.0,-2.5,0.6,1,0,0,OFFBOARD
960,OUTBOUND,97.38,72.104,-1.268,1.709,1.583,0.639,-0.677,72.104,-1.418,1.583,0.053,0.053,1,1.97,0.052,0.083,100.0,-2.5,0.6,1,0,0,OFFBOARD
961,OUTBOUND,97.48,72.104,-1.268,1.709,1.583,0.639,-0.677,72.104,-1.418,1.583,0.053,0.053,1,1.97,0.052,0.083,100.0,-2.5,0.6,1,0,0,OFFBOARD
962,OUTBOUND,97.58,72.104,-1.268,1.708,1.583,0.639,-0.677,72.104,-1.418,1.583,0.053,0.053,1,1.97,0.052,0.083,100.0,-2.5,0.6,1,0,0,OFFBOARD
963,OUTBOUND,97.68,72.104,-1.268,1.708,1.583,0.639,-0.677,72.104,-1.418,1.583,0.053,0.053,1,1.97,0.052,0.083,100.0,-2.5,0.6,1,0,0,OFFBOARD
964,OUTBOUND,97.78,72.104,-1.268,1.708,1.583,0.639,-0.677,72.104,-1.418,1.583,0.053,0.053,1,1.969,0.052,0.083,100.0,-2.5,0.6,1,0,0,OFFBOARD
965,OUTBOUND,97.89,72.104,-1.268,1.708,1.583,0.639,-0.677,72.104,-1.418,1.583,0.053,0.053,1,1.969,0.052,0.083,100.0,-2.5,0.6,1,0,0,OFFBOARD
966,OUTBOUND,97.99,72.104,-1.268,1.708,1.583,0.639,-0.677,72.104,-1.418,1.583,0.053,0.053,1,1.969,0.052,0.083,100.0,-2.5,0.6,1,0,0,OFFBOARD
967,OUTBOUND,98.09,72.104,-1.268,1.708,1.583,0.639,-0.677,72.104,-1.417,1.583,0.053,0.053,1,1.969,0.052,0.083,100.0,-2.5,0.6,1,0,0,OFFBOARD
968,OUTBOUND,98.19,72.104,-1.267,1.708,1.583,0.639,-0.677,72.104,-1.417,1.583,0.053,0.053,1,1.969,0.052,0.083,100.0,-2.5,0.6,1,0,0,OFFBOARD
969,OUTBOUND,98.29,72.104,-1.267,1.707,1.583,0.639,-0.677,72.104,-1.417,1.583,0.053,0.053,1,1.969,0.052,0.083,100.0,-2.5,0.6,1,0,0,OFFBOARD
970,OUTBOUND,98.39,72.104,-1.267,1.707,1.583,0.639,-0.677,72.104,-1.417,1.583,0.053,0.053,1,1.968,0.052,0.083,100.0,-2.5,0.6,1,0,0,OFFBOARD
971,OUTBOUND,98.49,72.104,-1.267,1.707,1.583,0.639,-0.677,72.104,-1.417,1.583,0.053,0.053,1,1.968,0.052,0.083,100.0,-2.5,0.6,1,0,0,OFFBOARD
972,OUTBOUND,98.6,72.104,-1.267,1.707,1.583,0.639,-0.677,72.104,-1.417,1.583,0.053,0.053,1,1.968,0.052,0.083,100.0,-2.5,0.6,1,0,0,OFFBOARD
973,OUTBOUND,98.7,72.104,-1.267,1.707,1.583,0.639,-0.677,72.104,-1.417,1.583,0.053,0.053,1,1.968,0.052,0.083,100.0,-2.5,0.6,1,0,0,OFFBOARD
974,OUTBOUND,98.8,72.104,-1.267,1.707,1.583,0.639,-0.677,72.104,-1.417,1.583,0.053,0.053,1,1.968,0.052,0.083,100.0,-2.5,0.6,1,0,0,OFFBOARD
975,OUTBOUND,98.9,72.104,-1.267,1.707,1.583,0.639,-0.677,72.104,-1.417,1.583,0.053,0.053,1,1.967,0.052,0.083,100.0,-2.5,0.6,1,0,0,OFFBOARD
976,OUTBOUND,99.0,72.104,-1.267,1.706,1.583,0.639,-0.677,72.104,-1.416,1.583,0.053,0.053,1,1.967,0.052,0.083,100.0,-2.5,0.6,1,0,0,OFFBOARD
977,OUTBOUND,99.1,72.104,-1.266,1.706,1.583,0.639,-0.677,72.104,-1.416,1.583,0.053,0.053,1,1.967,0.052,0.083,100.0,-2.5,0.6,1,0,0,OFFBOARD
978,OUTBOUND,99.21,72.104,-1.266,1.706,1.583,0.639,-0.677,72.104,-1.416,1.583,0.053,0.053,1,1.967,0.052,0.083,100.0,-2.5,0.6,1,0,0,OFFBOARD
979,OUTBOUND,99.31,72.104,-1.266,1.706,1.583,0.639,-0.677,72.104,-1.416,1.583,0.053,0.053,1,1.967,0.052,0.083,100.0,-2.5,0.6,1,0,0,OFFBOARD
980,OUTBOUND,99.41,72.104,-1.266,1.706,1.583,0.639,-0.677,72.104,-1.416,1.583,0.053,0.053,1,1.967,0.052,0.083,100.0,-2.5,0.6,1,0,0,OFFBOARD
981,OUTBOUND,99.51,72.104,-1.266,1.706,1.583,0.639,-0.677,72.104,-1.416,1.583,0.053,0.053,1,1.967,0.052,0.083,100.0,-2.5,0.6,1,0,0,OFFBOARD
982,OUTBOUND,99.61,72.104,-1.266,1.706,1.583,0.639,-0.677,72.104,-1.416,1.583,0.053,0.053,1,1.966,0.052,0.083,100.0,-2.5,0.6,1,0,0,OFFBOARD
983,OUTBOUND,99.71,72.104,-1.266,1.705,1.583,0.639,-0.677,72.104,-1.416,1.583,0.053,0.053,1,1.966,0.052,0.083,100.0,-2.5,0.6,1,0,0,OFFBOARD
984,OUTBOUND,99.81,72.104,-1.266,1.705,1.583,0.639,-0.677,72.104,-1.416,1.583,0.053,0.053,1,1.966,0.052,0.083,100.0,-2.5,0.6,1,0,0,OFFBOARD
985,OUTBOUND,99.91,72.104,-1.266,1.705,1.583,0.639,-0.677,72.104,-1.415,1.583,0.053,0.053,1,1.966,0.052,0.083,100.0,-2.5,0.6,1,0,0,OFFBOARD
986,OUTBOUND,100.02,72.104,-1.265,1.705,1.583,0.639,-0.677,72.104,-1.415,1.583,0.053,0.053,1,1.966,0.052,0.083,100.0,-2.5,0.6,1,0,0,OFFBOARD
987,OUTBOUND,100.12,72.104,-1.265,1.705,1.583,0.639,-0.677,72.104,-1.415,1.583,0.053,0.053,1,1.965,0.052,0.083,100.0,-2.5,0.6,1,0,0,OFFBOARD
988,OUTBOUND,100.22,72.104,-1.265,1.705,1.583,0.639,-0.677,72.104,-1.415,1.583,0.053,0.053,1,1.965,0.052,0.083,100.0,-2.5,0.6,1,0,0,OFFBOARD
989,OUTBOUND,100.32,72.104,-1.265,1.705,1.583,0.639,-0.677,72.104,-1.415,1.583,0.053,0.053,1,1.965,0.052,0.083,100.0,-2.5,0.6,1,0,0,OFFBOARD
990,OUTBOUND,100.42,72.104,-1.265,1.704,1.583,0.639,-0.677,72.104,-1.415,1.583,0.053,0.053,1,1.965,0.052,0.083,100.0,-2.5,0.6,1,0,0,OFFBOARD
991,OUTBOUND,100.52,72.104,-1.265,1.704,1.583,0.639,-0.677,72.104,-1.415,1.583,0.053,0.053,1,1.965,0.052,0.083,100.0,-2.5,0.6,1,0,0,OFFBOARD
992,OUTBOUND,100.62,72.104,-1.265,1.704,1.583,0.639,-0.677,72.104,-1.415,1.583,0.053,0.053,1,1.965,0.052,0.083,100.0,-2.5,0.6,1,0,0,OFFBOARD
993,OUTBOUND,100.73,72.104,-1.265,1.704,1.583,0.639,-0.677,72.104,-1.415,1.583,0.053,0.053,1,1.964,0.052,0.083,100.0,-2.5,0.6,1,0,0,OFFBOARD
994,OUTBOUND,100.83,72.104,-1.265,1.704,1.583,0.639,-0.677,72.104,-1.414,1.583,0.053,0.053,1,1.964,0.052,0.083,100.0,-2.5,0.6,1,0,0,OFFBOARD
995,OUTBOUND,100.93,72.104,-1.264,1.704,1.583,0.639,-0.677,72.104,-1.414,1.583,0.053,0.053,1,1.964,0.052,0.083,100.0,-2.5,0.6,1,0,0,OFFBOARD
996,OUTBOUND,101.03,72.104,-1.264,1.704,1.583,0.639,-0.677,72.104,-1.414,1.583,0.053,0.053,1,1.964,0.052,0.083,100.0,-2.5,0.6,1,0,0,OFFBOARD
997,OUTBOUND,101.13,72.104,-1.264,1.703,1.583,0.639,-0.677,72.104,-1.414,1.583,0.053,0.053,1,1.964,0.052,0.083,100.0,-2.5,0.6,1,0,0,OFFBOARD
998,OUTBOUND,101.23,72.104,-1.264,1.703,1.583,0.639,-0.677,72.104,-1.414,1.583,0.053,0.053,1,1.964,0.052,0.083,100.0,-2.5,0.6,1,0,0,OFFBOARD
999,OUTBOUND,101.34,72.104,-1.264,1.703,1.583,0.639,-0.677,72.104,-1.414,1.583,0.053,0.053,1,1.963,0.052,0.083,100.0,-2.5,0.6,1,0,0,OFFBOARD
1000,OUTBOUND,101.44,72.104,-1.264,1.703,1.583,0.639,-0.677,72.104,-1.414,1.583,0.053,0.053,1,1.963,0.052,0.083,100.0,-2.5,0.6,1,0,0,OFFBOARD
1001,OUTBOUND,101.54,72.104,-1.264,1.703,1.583,0.639,-0.677,72.104,-1.414,1.583,0.053,0.053,1,1.963,0.052,0.083,100.0,-2.5,0.6,1,0,0,OFFBOARD
1002,OUTBOUND,101.64,72.104,-1.264,1.703,1.583,0.639,-0.677,72.104,-1.414,1.583,0.053,0.053,1,1.963,0.052,0.083,100.0,-2.5,0.6,1,0,0,OFFBOARD
1003,OUTBOUND,101.74,72.104,-1.264,1.703,1.583,0.639,-0.677,72.104,-1.414,1.583,0.053,0.053,1,1.963,0.052,0.083,100.0,-2.5,0.6,1,0,0,OFFBOARD
1004,OUTBOUND,101.84,72.104,-1.263,1.702,1.583,0.639,-0.677,72.104,-1.413,1.583,0.053,0.053,1,1.963,0.052,0.083,100.0,-2.5,0.6,1,0,0,OFFBOARD
1005,OUTBOUND,101.94,72.104,-1.263,1.702,1.583,0.639,-0.677,72.104,-1.413,1.583,0.053,0.053,1,1.962,0.052,0.083,100.0,-2.5,0.6,1,0,0,OFFBOARD
1006,OUTBOUND,102.05,72.104,-1.263,1.702,1.583,0.639,-0.677,72.104,-1.413,1.583,0.053,0.053,1,1.962,0.052,0.083,100.0,-2.5,0.6,1,0,0,OFFBOARD
1007,OUTBOUND,102.15,72.104,-1.263,1.702,1.583,0.639,-0.677,72.104,-1.413,1.583,0.053,0.053,1,1.962,0.052,0.083,100.0,-2.5,0.6,1,0,0,OFFBOARD
1008,OUTBOUND,102.25,72.104,-1.263,1.702,1.583,0.639,-0.677,72.104,-1.413,1.583,0.053,0.053,1,1.962,0.052,0.083,100.0,-2.5,0.6,1,0,0,OFFBOARD
1009,OUTBOUND,102.35,72.104,-1.263,1.702,1.583,0.639,-0.677,72.104,-1.413,1.583,0.053,0.053,1,1.962,0.052,0.083,100.0,-2.5,0.6,1,0,0,OFFBOARD
1010,OUTBOUND,102.45,72.104,-1.263,1.702,1.583,0.639,-0.677,72.104,-1.413,1.583,0.053,0.053,1,1.962,0.052,0.083,100.0,-2.5,0.6,1,0,0,OFFBOARD
1011,OUTBOUND,102.55,72.104,-1.263,1.701,1.583,0.639,-0.677,72.104,-1.413,1.583,0.053,0.053,1,1.961,0.052,0.083,100.0,-2.5,0.6,1,0,0,OFFBOARD
1012,OUTBOUND,102.65,72.104,-1.263,1.701,1.583,0.639,-0.677,72.104,-1.413,1.583,0.053,0.053,1,1.961,0.052,0.083,100.0,-2.5,0.6,1,0,0,OFFBOARD
1013,OUTBOUND,102.76,72.104,-1.262,1.701,1.583,0.639,-0.677,72.104,-1.412,1.583,0.053,0.053,1,1.961,0.052,0.083,100.0,-2.5,0.6,1,0,0,OFFBOARD
1014,OUTBOUND,102.86,72.104,-1.262,1.701,1.583,0.639,-0.677,72.104,-1.412,1.583,0.053,0.053,1,1.961,0.052,0.083,100.0,-2.5,0.6,1,0,0,OFFBOARD
1015,OUTBOUND,102.96,72.104,-1.262,1.701,1.583,0.639,-0.677,72.104,-1.412,1.583,0.053,0.053,1,1.961,0.052,0.083,100.0,-2.5,0.6,1,0,0,OFFBOARD
1016,OUTBOUND,103.06,72.104,-1.262,1.701,1.583,0.639,-0.677,72.104,-1.412,1.583,0.053,0.053,1,1.961,0.052,0.083,100.0,-2.5,0.6,1,0,0,OFFBOARD
1017,OUTBOUND,103.16,72.104,-1.262,1.701,1.583,0.639,-0.677,72.104,-1.412,1.583,0.053,0.053,1,1.96,0.052,0.083,100.0,-2.5,0.6,1,0,0,OFFBOARD
1018,OUTBOUND,103.26,72.104,-1.262,1.7,1.583,0.639,-0.677,72.104,-1.412,1.583,0.053,0.053,1,1.96,0.052,0.083,100.0,-2.5,0.6,1,0,0,OFFBOARD
1019,OUTBOUND,103.37,72.104,-1.262,1.7,1.583,0.639,-0.677,72.104,-1.412,1.583,0.053,0.053,1,1.96,0.052,0.083,100.0,-2.5,0.6,1,0,0,OFFBOARD
1020,OUTBOUND,103.47,72.104,-1.262,1.7,1.583,0.639,-0.677,72.104,-1.412,1.583,0.053,0.053,1,1.96,0.052,0.083,100.0,-2.5,0.6,1,0,0,OFFBOARD
1021,OUTBOUND,103.57,72.104,-1.262,1.7,1.583,0.639,-0.677,72.104,-1.412,1.583,0.053,0.053,1,1.96,0.052,0.083,100.0,-2.5,0.6,1,0,0,OFFBOARD
1022,OUTBOUND,103.67,72.104,-1.261,1.7,1.583,0.639,-0.677,72.104,-1.411,1.583,0.053,0.053,1,1.96,0.052,0.083,100.0,-2.5,0.6,1,0,0,OFFBOARD
1023,OUTBOUND,103.77,72.104,-1.261,1.7,1.583,0.639,-0.677,72.104,-1.411,1.583,0.053,0.053,1,1.959,0.052,0.083,100.0,-2.5,0.6,1,0,0,OFFBOARD
1024,OUTBOUND,103.87,72.104,-1.261,1.7,1.583,0.639,-0.677,72.104,-1.411,1.583,0.053,0.053,1,1.959,0.052,0.083,100.0,-2.5,0.6,1,0,0,OFFBOARD
1025,OUTBOUND,103.97,72.104,-1.261,1.699,1.583,0.639,-0.677,72.104,-1.411,1.583,0.053,0.053,1,1.959,0.052,0.083,100.0,-2.5,0.6,1,0,0,OFFBOARD
1026,OUTBOUND,104.07,72.104,-1.261,1.699,1.583,0.639,-0.677,72.104,-1.411,1.583,0.053,0.053,1,1.959,0.052,0.083,100.0,-2.5,0.6,1,0,0,OFFBOARD
1027,OUTBOUND,104.18,72.104,-1.261,1.699,1.583,0.639,-0.677,72.104,-1.411,1.583,0.053,0.053,1,1.959,0.052,0.083,100.0,-2.5,0.6,1,0,0,OFFBOARD
1028,OUTBOUND,104.28,72.104,-1.261,1.699,1.583,0.639,-0.677,72.104,-1.411,1.583,0.053,0.053,1,1.959,0.052,0.083,100.0,-2.5,0.6,1,0,0,OFFBOARD
1029,OUTBOUND,104.38,72.104,-1.261,1.699,1.583,0.639,-0.677,72.104,-1.411,1.583,0.053,0.053,1,1.958,0.052,0.083,100.0,-2.5,0.6,1,0,0,OFFBOARD
1030,OUTBOUND,104.48,72.104,-1.261,1.699,1.583,0.639,-0.677,72.104,-1.411,1.583,0.053,0.053,1,1.958,0.052,0.083,100.0,-2.5,0.6,1,0,0,OFFBOARD
1031,OUTBOUND,104.58,72.104,-1.261,1.699,1.583,0.639,-0.677,72.104,-1.41,1.583,0.053,0.053,1,1.958,0.052,0.083,100.0,-2.5,0.6,1,0,0,OFFBOARD
1032,OUTBOUND,104.68,72.104,-1.26,1.698,1.583,0.639,-0.677,72.104,-1.41,1.583,0.053,0.053,1,1.958,0.052,0.083,100.0,-2.5,0.6,1,0,0,OFFBOARD
1033,OUTBOUND,104.78,72.104,-1.26,1.698,1.583,0.639,-0.677,72.104,-1.41,1.583,0.053,0.053,1,1.958,0.052,0.083,100.0,-2.5,0.6,1,0,0,OFFBOARD
1034,OUTBOUND,104.88,72.104,-1.26,1.698,1.583,0.639,-0.677,72.104,-1.41,1.583,0.053,0.053,1,1.958,0.052,0.083,100.0,-2.5,0.6,1,0,0,OFFBOARD
1035,OUTBOUND,104.99,72.104,-1.26,1.698,1.583,0.639,-0.677,72.104,-1.41,1.583,0.053,0.053,1,1.957,0.052,0.083,100.0,-2.5,0.6,1,0,0,OFFBOARD
1036,OUTBOUND,105.09,72.104,-1.26,1.698,1.583,0.639,-0.677,72.104,-1.41,1.583,0.053,0.053,1,1.957,0.052,0.083,100.0,-2.5,0.6,1,0,0,OFFBOARD
1037,OUTBOUND,105.19,72.104,-1.26,1.698,1.583,0.639,-0.677,72.104,-1.41,1.583,0.053,0.053,1,1.957,0.052,0.083,100.0,-2.5,0.6,1,0,0,OFFBOARD
1038,OUTBOUND,105.29,72.104,-1.26,1.698,1.583,0.639,-0.677,72.104,-1.41,1.583,0.053,0.053,1,1.957,0.052,0.083,100.0,-2.5,0.6,1,0,0,OFFBOARD
1039,OUTBOUND,105.39,72.104,-1.26,1.697,1.583,0.639,-0.677,72.104,-1.41,1.583,0.053,0.053,1,1.957,0.052,0.083,100.0,-2.5,0.6,1,0,0,OFFBOARD
1040,OUTBOUND,105.49,72.104,-1.26,1.697,1.583,0.639,-0.677,72.104,-1.409,1.583,0.053,0.053,1,1.957,0.052,0.083,100.0,-2.5,0.6,1,0,0,OFFBOARD
1041,OUTBOUND,105.59,72.104,-1.259,1.697,1.583,0.639,-0.677,72.104,-1.409,1.583,0.053,0.053,1,1.956,0.052,0.083,100.0,-2.5,0.6,1,0,0,OFFBOARD
1042,OUTBOUND,105.7,72.104,-1.259,1.697,1.583,0.639,-0.677,72.104,-1.409,1.583,0.053,0.053,1,1.956,0.052,0.083,100.0,-2.5,0.6,1,0,0,OFFBOARD
1043,OUTBOUND,105.8,72.104,-1.259,1.697,1.583,0.639,-0.677,72.104,-1.409,1.583,0.053,0.053,1,1.956,0.052,0.083,100.0,-2.5,0.6,1,0,0,OFFBOARD
1044,OUTBOUND,105.9,72.104,-1.259,1.697,1.583,0.639,-0.677,72.104,-1.409,1.583,0.053,0.053,1,1.956,0.052,0.083,100.0,-2.5,0.6,1,0,0,OFFBOARD
1045,OUTBOUND,106.0,72.104,-1.259,1.697,1.583,0.639,-0.677,72.104,-1.409,1.583,0.053,0.053,1,1.956,0.052,0.083,100.0,-2.5,0.6,1,0,0,OFFBOARD
1046,OUTBOUND,106.1,72.104,-1.259,1.696,1.583,0.639,-0.677,72.104,-1.409,1.583,0.053,0.053,1,1.956,0.052,0.083,100.0,-2.5,0.6,1,0,0,OFFBOARD
1047,OUTBOUND,106.21,72.104,-1.259,1.696,1.583,0.639,-0.677,72.104,-1.409,1.583,0.053,0.053,1,1.955,0.052,0.083,100.0,-2.5,0.6,1,0,0,OFFBOARD
1048,OUTBOUND,106.31,72.104,-1.259,1.696,1.583,0.639,-0.677,72.104,-1.409,1.583,0.053,0.053,1,1.955,0.052,0.083,100.0,-2.5,0.6,1,0,0,OFFBOARD
1049,OUTBOUND,106.41,72.104,-1.259,1.696,1.583,0.639,-0.677,72.104,-1.408,1.583,0.053,0.053,1,1.955,0.052,0.083,100.0,-2.5,0.6,1,0,0,OFFBOARD
1050,OUTBOUND,106.51,72.104,-1.258,1.696,1.583,0.639,-0.677,72.104,-1.408,1.583,0.053,0.053,1,1.955,0.052,0.083,100.0,-2.5,0.6,1,0,0,OFFBOARD
1051,OUTBOUND,106.61,72.104,-1.258,1.696,1.583,0.639,-0.677,72.104,-1.408,1.583,0.053,0.053,1,1.955,0.052,0.083,100.0,-2.5,0.6,1,0,0,OFFBOARD
1052,OUTBOUND,106.71,72.104,-1.258,1.696,1.583,0.639,-0.677,72.104,-1.408,1.583,0.053,0.053,1,1.955,0.052,0.083,100.0,-2.5,0.6,1,0,0,OFFBOARD
1053,OUTBOUND,106.81,72.104,-1.258,1.695,1.583,0.639,-0.677,72.104,-1.408,1.583,0.053,0.053,1,1.954,0.052,0.083,100.0,-2.5,0.6,1,0,0,OFFBOARD
1054,OUTBOUND,106.91,72.104,-1.258,1.695,1.583,0.639,-0.677,72.104,-1.408,1.583,0.053,0.053,1,1.954,0.052,0.083,100.0,-2.5,0.6,1,0,0,OFFBOARD
1055,OUTBOUND,107.02,72.104,-1.258,1.695,1.583,0.639,-0.677,72.104,-1.408,1.583,0.053,0.053,1,1.954,0.052,0.083,100.0,-2.5,0.6,1,0,0,OFFBOARD
1056,OUTBOUND,107.12,72.104,-1.258,1.695,1.583,0.639,-0.677,72.104,-1.408,1.583,0.053,0.053,1,1.954,0.052,0.083,100.0,-2.5,0.6,1,0,0,OFFBOARD
1057,OUTBOUND,107.22,72.104,-1.258,1.695,1.583,0.639,-0.677,72.104,-1.408,1.583,0.053,0.053,1,1.954,0.052,0.083,100.0,-2.5,0.6,1,0,0,OFFBOARD
1058,OUTBOUND,107.32,72.104,-1.258,1.695,1.583,0.639,-0.677,72.104,-1.407,1.583,0.053,0.053,1,1.954,0.052,0.083,100.0,-2.5,0.6,1,0,0,OFFBOARD
1059,OUTBOUND,107.42,72.104,-1.257,1.695,1.583,0.639,-0.677,72.104,-1.407,1.583,0.053,0.053,1,1.953,0.052,0.083,100.0,-2.5,0.6,1,0,0,OFFBOARD
1060,OUTBOUND,107.52,72.104,-1.257,1.695,1.583,0.639,-0.677,72.104,-1.407,1.583,0.053,0.053,1,1.953,0.052,0.083,100.0,-2.5,0.6,1,0,0,OFFBOARD
1061,OUTBOUND,107.62,72.104,-1.257,1.694,1.583,0.639,-0.677,72.104,-1.407,1.583,0.053,0.053,1,1.953,0.052,0.083,100.0,-2.5,0.6,1,0,0,OFFBOARD
1062,OUTBOUND,107.73,72.104,-1.257,1.694,1.583,0.639,-0.677,72.104,-1.407,1.583,0.053,0.053,1,1.953,0.052,0.083,100.0,-2.5,0.6,1,0,0,OFFBOARD
1063,OUTBOUND,107.83,72.104,-1.257,1.694,1.583,0.639,-0.677,72.104,-1.407,1.583,0.053,0.053,1,1.953,0.052,0.083,100.0,-2.5,0.6,1,0,0,OFFBOARD
1064,OUTBOUND,107.93,72.104,-1.257,1.694,1.583,0.639,-0.677,72.104,-1.407,1.583,0.053,0.053,1,1.953,0.052,0.083,100.0,-2.5,0.6,1,0,0,OFFBOARD
1065,OUTBOUND,108.03,72.104,-1.257,1.694,1.583,0.639,-0.677,72.104,-1.407,1.583,0.053,0.053,1,1.952,0.052,0.083,100.0,-2.5,0.6,1,0,0,OFFBOARD
1066,OUTBOUND,108.13,72.104,-1.257,1.694,1.583,0.639,-0.677,72.104,-1.407,1.583,0.053,0.053,1,1.952,0.052,0.083,100.0,-2.5,0.6,1,0,0,OFFBOARD
1067,OUTBOUND,108.23,72.104,-1.257,1.694,1.583,0.639,-0.677,72.104,-1.406,1.583,0.053,0.053,1,1.952,0.052,0.083,100.0,-2.5,0.6,1,0,0,OFFBOARD
1068,OUTBOUND,108.33,72.104,-1.256,1.693,1.583,0.639,-0.677,72.104,-1.406,1.583,0.053,0.053,1,1.952,0.052,0.083,100.0,-2.5,0.6,1,0,0,OFFBOARD
1069,OUTBOUND,108.44,72.104,-1.256,1.693,1.583,0.639,-0.677,72.104,-1.406,1.583,0.053,0.053,1,1.952,0.052,0.083,100.0,-2.5,0.6,1,0,0,OFFBOARD
1070,OUTBOUND,108.54,72.104,-1.256,1.693,1.583,0.639,-0.677,72.104,-1.406,1.583,0.053,0.053,1,1.951,0.052,0.083,100.0,-2.5,0.6,1,0,0,OFFBOARD
1071,OUTBOUND,108.64,72.104,-1.256,1.693,1.583,0.639,-0.677,72.104,-1.406,1.583,0.053,0.053,1,1.951,0.052,0.083,100.0,-2.5,0.6,1,0,0,OFFBOARD
1072,OUTBOUND,108.74,72.104,-1.256,1.693,1.583,0.639,-0.677,72.104,-1.406,1.583,0.053,0.053,1,1.951,0.052,0.083,100.0,-2.5,0.6,1,0,0,OFFBOARD
1073,OUTBOUND,108.84,72.104,-1.256,1.693,1.583,0.639,-0.677,72.104,-1.406,1.583,0.053,0.053,1,1.951,0.052,0.083,100.0,-2.5,0.6,1,0,0,OFFBOARD
1074,OUTBOUND,108.94,72.104,-1.256,1.693,1.583,0.639,-0.677,72.104,-1.406,1.583,0.053,0.053,1,1.951,0.052,0.083,100.0,-2.5,0.6,1,0,0,OFFBOARD
1075,OUTBOUND,109.04,72.104,-1.256,1.692,1.583,0.639,-0.677,72.104,-1.406,1.583,0.053,0.053,1,1.951,0.052,0.083,100.0,-2.5,0.6,1,0,0,OFFBOARD
1076,OUTBOUND,109.15,72.104,-1.256,1.692,1.583,0.639,-0.677,72.104,-1.405,1.583,0.053,0.053,1,1.95,0.052,0.083,100.0,-2.5,0.6,1,0,0,OFFBOARD
1077,OUTBOUND,109.25,72.104,-1.255,1.692,1.583,0.639,-0.677,72.104,-1.405,1.583,0.053,0.053,1,1.95,0.052,0.083,100.0,-2.5,0.6,1,0,0,OFFBOARD
1078,OUTBOUND,109.35,72.104,-1.255,1.692,1.583,0.639,-0.677,72.104,-1.405,1.583,0.053,0.053,1,1.95,0.052,0.083,100.0,-2.5,0.6,1,0,0,OFFBOARD
1079,OUTBOUND,109.45,72.104,-1.255,1.692,1.583,0.639,-0.677,72.104,-1.405,1.583,0.053,0.053,1,1.95,0.052,0.083,100.0,-2.5,0.6,1,0,0,OFFBOARD
1080,OUTBOUND,109.55,72.104,-1.255,1.692,1.583,0.639,-0.677,72.104,-1.405,1.583,0.053,0.053,1,1.95,0.052,0.083,100.0,-2.5,0.6,1,0,0,OFFBOARD
1081,OUTBOUND,109.65,72.104,-1.255,1.692,1.583,0.639,-0.677,72.104,-1.405,1.583,0.053,0.053,1,1.95,0.052,0.083,100.0,-2.5,0.6,1,0,0,OFFBOARD
1082,OUTBOUND,109.75,72.104,-1.255,1.691,1.583,0.639,-0.677,72.104,-1.405,1.583,0.053,0.053,1,1.95,0.052,0.083,100.0,-2.5,0.6,1,0,0,OFFBOARD
1083,OUTBOUND,109.85,72.104,-1.255,1.691,1.583,0.639,-0.677,72.104,-1.405,1.583,0.053,0.053,1,1.949,0.052,0.083,100.0,-2.5,0.6,1,0,0,OFFBOARD
1084,OUTBOUND,109.96,72.104,-1.255,1.691,1.583,0.639,-0.677,72.104,-1.405,1.583,0.053,0.053,1,1.949,0.052,0.083,100.0,-2.5,0.6,1,0,0,OFFBOARD
1085,OUTBOUND,110.06,72.104,-1.255,1.691,1.583,0.639,-0.677,72.104,-1.405,1.583,0.053,0.053,1,1.949,0.052,0.083,100.0,-2.5,0.6,1,0,0,OFFBOARD
1086,OUTBOUND,110.16,72.104,-1.254,1.691,1.583,0.639,-0.677,72.104,-1.404,1.583,0.053,0.053,1,1.949,0.052,0.083,100.0,-2.5,0.6,1,0,0,OFFBOARD
1087,OUTBOUND,110.26,72.104,-1.254,1.691,1.583,0.639,-0.677,72.104,-1.404,1.583,0.053,0.053,1,1.949,0.052,0.083,100.0,-2.5,0.6,1,0,0,OFFBOARD
1088,OUTBOUND,110.36,72.104,-1.254,1.691,1.583,0.639,-0.677,72.104,-1.404,1.583,0.053,0.053,1,1.949,0.052,0.083,100.0,-2.5,0.6,1,0,0,OFFBOARD
1089,OUTBOUND,110.46,72.104,-1.254,1.69,1.583,0.639,-0.677,72.104,-1.404,1.583,0.053,0.053,1,1.948,0.052,0.083,100.0,-2.5,0.6,1,0,0,OFFBOARD
1090,OUTBOUND,110.56,72.104,-1.254,1.69,1.583,0.639,-0.677,72.104,-1.404,1.583,0.053,0.053,1,1.948,0.052,0.083,100.0,-2.5,0.6,1,0,0,OFFBOARD
1091,OUTBOUND,110.67,72.104,-1.254,1.69,1.583,0.639,-0.677,72.104,-1.404,1.583,0.053,0.053,1,1.948,0.052,0.083,100.0,-2.5,0.6,1,0,0,OFFBOARD
1092,OUTBOUND,110.77,72.104,-1.254,1.69,1.583,0.639,-0.677,72.104,-1.404,1.583,0.053,0.053,1,1.948,0.052,0.083,100.0,-2.5,0.6,1,0,0,OFFBOARD
1093,OUTBOUND,110.87,72.104,-1.254,1.69,1.583,0.639,-0.677,72.104,-1.404,1.583,0.053,0.053,1,1.948,0.052,0.083,100.0,-2.5,0.6,1,0,0,OFFBOARD
1094,OUTBOUND,110.97,72.104,-1.254,1.69,1.583,0.639,-0.677,72.104,-1.404,1.583,0.053,0.053,1,1.947,0.052,0.083,100.0,-2.5,0.6,1,0,0,OFFBOARD
1095,OUTBOUND,111.07,72.104,-1.253,1.69,1.583,0.639,-0.677,72.104,-1.403,1.583,0.053,0.053,1,1.947,0.052,0.083,100.0,-2.5,0.6,1,0,0,OFFBOARD
1096,OUTBOUND,111.17,72.104,-1.253,1.689,1.583,0.639,-0.677,72.104,-1.403,1.583,0.053,0.053,1,1.947,0.052,0.083,100.0,-2.5,0.6,1,0,0,OFFBOARD
1097,OUTBOUND,111.28,72.104,-1.253,1.689,1.583,0.639,-0.677,72.104,-1.403,1.583,0.053,0.053,1,1.947,0.052,0.083,100.0,-2.5,0.6,1,0,0,OFFBOARD
1098,OUTBOUND,111.38,72.104,-1.253,1.689,1.583,0.639,-0.677,72.104,-1.403,1.583,0.053,0.053,1,1.947,0.052,0.083,100.0,-2.5,0.6,1,0,0,OFFBOARD
1099,OUTBOUND,111.48,72.104,-1.253,1.689,1.583,0.639,-0.677,72.104,-1.403,1.583,0.053,0.053,1,1.947,0.052,0.083,100.0,-2.5,0.6,1,0,0,OFFBOARD
1100,OUTBOUND,111.58,72.104,-1.253,1.689,1.583,0.639,-0.677,72.104,-1.403,1.583,0.053,0.053,1,1.947,0.052,0.083,100.0,-2.5,0.6,1,0,0,OFFBOARD
1101,OUTBOUND,111.68,72.104,-1.253,1.689,1.583,0.639,-0.677,72.104,-1.403,1.583,0.053,0.053,1,1.946,0.052,0.083,100.0,-2.5,0.6,1,0,0,OFFBOARD
1102,OUTBOUND,111.78,72.104,-1.253,1.689,1.583,0.639,-0.677,72.104,-1.403,1.583,0.053,0.053,1,1.946,0.052,0.083,100.0,-2.5,0.6,1,0,0,OFFBOARD
1103,OUTBOUND,111.88,72.104,-1.253,1.688,1.583,0.639,-0.677,72.104,-1.403,1.583,0.053,0.053,1,1.946,0.052,0.083,100.0,-2.5,0.6,1,0,0,OFFBOARD
1104,OUTBOUND,111.98,72.104,-1.252,1.688,1.583,0.639,-0.677,72.104,-1.402,1.583,0.053,0.053,1,1.946,0.052,0.083,100.0,-2.5,0.6,1,0,0,OFFBOARD
1105,OUTBOUND,112.09,72.104,-1.252,1.688,1.583,0.639,-0.677,72.104,-1.402,1.583,0.053,0.053,1,1.946,0.052,0.083,100.0,-2.5,0.6,1,0,0,OFFBOARD
1106,OUTBOUND,112.19,72.104,-1.252,1.688,1.583,0.639,-0.677,72.104,-1.402,1.583,0.053,0.053,1,1.946,0.052,0.083,100.0,-2.5,0.6,1,0,0,OFFBOARD
1107,OUTBOUND,112.29,72.104,-1.252,1.688,1.583,0.639,-0.677,72.104,-1.402,1.583,0.053,0.053,1,1.945,0.052,0.083,100.0,-2.5,0.6,1,0,0,OFFBOARD
1108,OUTBOUND,112.39,72.104,-1.252,1.688,1.583,0.639,-0.677,72.104,-1.402,1.583,0.053,0.053,1,1.945,0.052,0.083,100.0,-2.5,0.6,1,0,0,OFFBOARD
1109,OUTBOUND,112.49,72.104,-1.252,1.688,1.583,0.639,-0.677,72.104,-1.402,1.583,0.053,0.053,1,1.945,0.052,0.083,100.0,-2.5,0.6,1,0,0,OFFBOARD
1110,OUTBOUND,112.59,72.104,-1.252,1.687,1.583,0.639,-0.677,72.104,-1.402,1.583,0.053,0.053,1,1.945,0.052,0.083,100.0,-2.5,0.6,1,0,0,OFFBOARD
1111,OUTBOUND,112.69,72.104,-1.252,1.687,1.583,0.639,-0.677,72.104,-1.402,1.583,0.053,0.053,1,1.945,0.052,0.083,100.0,-2.5,0.6,1,0,0,OFFBOARD
1112,OUTBOUND,112.79,72.104,-1.252,1.687,1.583,0.639,-0.677,72.104,-1.402,1.583,0.053,0.053,1,1.945,0.052,0.083,100.0,-2.5,0.6,1,0,0,OFFBOARD
1113,OUTBOUND,112.9,72.104,-1.251,1.687,1.583,0.639,-0.677,72.104,-1.401,1.583,0.053,0.053,1,1.944,0.052,0.083,100.0,-2.5,0.6,1,0,0,OFFBOARD
1114,OUTBOUND,113.0,72.104,-1.251,1.687,1.583,0.639,-0.677,72.104,-1.401,1.583,0.053,0.053,1,1.944,0.052,0.083,100.0,-2.5,0.6,1,0,0,OFFBOARD
1115,OUTBOUND,113.1,72.104,-1.251,1.687,1.583,0.639,-0.677,72.104,-1.401,1.583,0.053,0.053,1,1.944,0.052,0.083,100.0,-2.5,0.6,1,0,0,OFFBOARD
1116,OUTBOUND,113.2,72.104,-1.251,1.687,1.583,0.639,-0.677,72.104,-1.401,1.583,0.053,0.053,1,1.944,0.052,0.083,100.0,-2.5,0.6,1,0,0,OFFBOARD
1117,OUTBOUND,113.3,72.104,-1.251,1.687,1.583,0.639,-0.677,72.104,-1.401,1.583,0.053,0.053,1,1.944,0.052,0.083,100.0,-2.5,0.6,1,0,0,OFFBOARD
1118,OUTBOUND,113.4,72.104,-1.251,1.686,1.583,0.639,-0.677,72.104,-1.401,1.583,0.053,0.053,1,1.943,0.052,0.083,100.0,-2.5,0.6,1,0,0,OFFBOARD
1119,OUTBOUND,113.51,72.104,-1.251,1.686,1.583,0.639,-0.677,72.104,-1.401,1.583,0.053,0.053,1,1.943,0.052,0.083,100.0,-2.5,0.6,1,0,0,OFFBOARD
1120,OUTBOUND,113.61,72.104,-1.251,1.686,1.583,0.639,-0.677,72.104,-1.401,1.583,0.053,0.053,1,1.943,0.052,0.083,100.0,-2.5,0.6,1,0,0,OFFBOARD
1121,OUTBOUND,113.71,72.104,-1.251,1.686,1.583,0.639,-0.677,72.104,-1.401,1.583,0.053,0.053,1,1.943,0.052,0.083,100.0,-2.5,0.6,1,0,0,OFFBOARD
1122,OUTBOUND,113.81,72.104,-1.251,1.686,1.583,0.639,-0.677,72.104,-1.4,1.583,0.053,0.053,1,1.943,0.052,0.083,100.0,-2.5,0.6,1,0,0,OFFBOARD
1123,OUTBOUND,113.91,72.104,-1.25,1.686,1.583,0.639,-0.677,72.104,-1.4,1.583,0.053,0.053,1,1.943,0.052,0.083,100.0,-2.5,0.6,1,0,0,OFFBOARD
1124,OUTBOUND,114.01,72.104,-1.25,1.686,1.583,0.639,-0.677,72.104,-1.4,1.583,0.053,0.053,1,1.943,0.052,0.083,100.0,-2.5,0.6,1,0,0,OFFBOARD
1125,OUTBOUND,114.11,72.104,-1.25,1.685,1.583,0.639,-0.677,72.104,-1.4,1.583,0.053,0.053,1,1.942,0.052,0.083,100.0,-2.5,0.6,1,0,0,OFFBOARD
1126,OUTBOUND,114.22,72.104,-1.25,1.685,1.583,0.639,-0.677,72.104,-1.4,1.583,0.053,0.053,1,1.942,0.052,0.083,100.0,-2.5,0.6,1,0,0,OFFBOARD
1127,OUTBOUND,114.32,72.104,-1.25,1.685,1.583,0.639,-0.677,72.104,-1.4,1.583,0.053,0.053,1,1.942,0.052,0.083,100.0,-2.5,0.6,1,0,0,OFFBOARD
1128,OUTBOUND,114.42,72.104,-1.25,1.685,1.583,0.639,-0.677,72.104,-1.4,1.583,0.053,0.053,1,1.942,0.052,0.083,100.0,-2.5,0.6,1,0,0,OFFBOARD
1129,OUTBOUND,114.52,72.104,-1.25,1.685,1.583,0.639,-0.677,72.104,-1.4,1.583,0.053,0.053,1,1.942,0.052,0.083,100.0,-2.5,0.6,1,0,0,OFFBOARD
1130,OUTBOUND,114.62,72.104,-1.25,1.685,1.583,0.639,-0.677,72.104,-1.4,1.583,0.053,0.053,1,1.942,0.052,0.083,100.0,-2.5,0.6,1,0,0,OFFBOARD
1131,OUTBOUND,114.72,72.104,-1.25,1.685,1.583,0.639,-0.677,72.104,-1.399,1.583,0.053,0.053,1,1.941,0.052,0.083,100.0,-2.5,0.6,1,0,0,OFFBOARD
1132,OUTBOUND,114.82,72.104,-1.249,1.684,1.583,0.639,-0.677,72.104,-1.399,1.583,0.053,0.053,1,1.941,0.052,0.083,100.0,-2.5,0.6,1,0,0,OFFBOARD
1133,OUTBOUND,114.92,72.104,-1.249,1.684,1.583,0.639,-0.677,72.104,-1.399,1.583,0.053,0.053,1,1.941,0.052,0.083,100.0,-2.5,0.6,1,0,0,OFFBOARD
1134,OUTBOUND,115.03,72.104,-1.249,1.684,1.583,0.639,-0.677,72.104,-1.399,1.583,0.053,0.053,1,1.941,0.052,0.083,100.0,-2.5,0.6,1,0,0,OFFBOARD
1135,OUTBOUND,115.13,72.104,-1.249,1.684,1.583,0.639,-0.677,72.104,-1.399,1.583,0.053,0.053,1,1.941,0.052,0.083,100.0,-2.5,0.6,1,0,0,OFFBOARD
1136,OUTBOUND,115.23,72.104,-1.249,1.684,1.583,0.639,-0.677,72.104,-1.399,1.583,0.053,0.053,1,1.941,0.052,0.083,100.0,-2.5,0.6,1,0,0,OFFBOARD
1137,OUTBOUND,115.33,72.104,-1.249,1.684,1.583,0.639,-0.677,72.104,-1.399,1.583,0.053,0.053,1,1.94,0.052,0.083,100.0,-2.5,0.6,1,0,0,OFFBOARD
1138,OUTBOUND,115.43,72.104,-1.249,1.684,1.583,0.639,-0.677,72.104,-1.399,1.583,0.053,0.053,1,1.94,0.052,0.083,100.0,-2.5,0.6,1,0,0,OFFBOARD
1139,OUTBOUND,115.53,72.104,-1.249,1.683,1.583,0.639,-0.677,72.104,-1.399,1.583,0.053,0.053,1,1.94,0.052,0.083,100.0,-2.5,0.6,1,0,0,OFFBOARD
1140,OUTBOUND,115.63,72.104,-1.249,1.683,1.583,0.639,-0.677,72.104,-1.398,1.583,0.053,0.053,1,1.94,0.052,0.083,100.0,-2.5,0.6,1,0,0,OFFBOARD
1141,OUTBOUND,115.74,72.104,-1.248,1.683,1.583,0.639,-0.677,72.104,-1.398,1.583,0.053,0.053,1,1.94,0.052,0.083,100.0,-2.5,0.6,1,0,0,OFFBOARD
1142,OUTBOUND,115.84,72.104,-1.248,1.683,1.583,0.639,-0.677,72.104,-1.398,1.583,0.053,0.053,1,1.94,0.052,0.083,100.0,-2.5,0.6,1,0,0,OFFBOARD
1143,OUTBOUND,115.94,72.104,-1.248,1.683,1.583,0.639,-0.677,72.104,-1.398,1.583,0.053,0.053,1,1.939,0.052,0.083,100.0,-2.5,0.6,1,0,0,OFFBOARD
1144,OUTBOUND,116.04,72.104,-1.248,1.683,1.583,0.639,-0.677,72.104,-1.398,1.583,0.053,0.053,1,1.939,0.052,0.083,100.0,-2.5,0.6,1,0,0,OFFBOARD
1145,OUTBOUND,116.14,72.104,-1.248,1.683,1.583,0.639,-0.677,72.104,-1.398,1.583,0.053,0.053,1,1.939,0.052,0.083,100.0,-2.5,0.6,1,0,0,OFFBOARD
1146,OUTBOUND,116.24,72.104,-1.248,1.682,1.583,0.639,-0.677,72.104,-1.398,1.583,0.053,0.053,1,1.939,0.052,0.083,100.0,-2.5,0.6,1,0,0,OFFBOARD
1147,OUTBOUND,116.35,72.104,-1.248,1.682,1.583,0.639,-0.677,72.104,-1.398,1.583,0.053,0.053,1,1.939,0.052,0.083,100.0,-2.5,0.6,1,0,0,OFFBOARD
1148,OUTBOUND,116.45,72.104,-1.248,1.682,1.583,0.639,-0.677,72.104,-1.398,1.583,0.053,0.053,1,1.939,0.052,0.083,100.0,-2.5,0.6,1,0,0,OFFBOARD
1149,OUTBOUND,116.55,72.104,-1.248,1.682,1.583,0.639,-0.677,72.104,-1.397,1.583,0.053,0.053,1,1.938,0.052,0.083,100.0,-2.5,0.6,1,0,0,OFFBOARD
1150,OUTBOUND,116.65,72.104,-1.247,1.682,1.583,0.639,-0.677,72.104,-1.397,1.583,0.053,0.053,1,1.938,0.052,0.083,100.0,-2.5,0.6,1,0,0,OFFBOARD
1151,OUTBOUND,116.75,72.104,-1.247,1.682,1.583,0.639,-0.677,72.104,-1.397,1.583,0.053,0.053,1,1.938,0.052,0.083,100.0,-2.5,0.6,1,0,0,OFFBOARD
1152,OUTBOUND,116.85,72.104,-1.247,1.682,1.583,0.639,-0.677,72.104,-1.397,1.583,0.053,0.053,1,1.938,0.052,0.083,100.0,-2.5,0.6,1,0,0,OFFBOARD
1153,OUTBOUND,116.95,72.104,-1.247,1.681,1.583,0.639,-0.677,72.104,-1.397,1.583,0.053,0.053,1,1.938,0.052,0.083,100.0,-2.5,0.6,1,0,0,OFFBOARD
1154,OUTBOUND,117.06,72.104,-1.247,1.681,1.583,0.639,-0.677,72.104,-1.397,1.583,0.053,0.053,1,1.938,0.052,0.083,100.0,-2.5,0.6,1,0,0,OFFBOARD
1155,OUTBOUND,117.16,72.104,-1.247,1.681,1.583,0.639,-0.677,72.104,-1.397,1.583,0.053,0.053,1,1.937,0.052,0.083,100.0,-2.5,0.6,1,0,0,OFFBOARD
1156,OUTBOUND,117.26,72.104,-1.247,1.681,1.583,0.639,-0.677,72.104,-1.397,1.583,0.053,0.053,1,1.937,0.052,0.083,100.0,-2.5,0.6,1,0,0,OFFBOARD
1157,OUTBOUND,117.36,72.104,-1.247,1.681,1.583,0.639,-0.677,72.104,-1.397,1.583,0.053,0.053,1,1.937,0.052,0.083,100.0,-2.5,0.6,1,0,0,OFFBOARD
1158,OUTBOUND,117.46,72.104,-1.247,1.681,1.583,0.639,-0.677,72.104,-1.396,1.583,0.053,0.053,1,1.937,0.052,0.083,100.0,-2.5,0.6,1,0,0,OFFBOARD
1159,OUTBOUND,117.56,72.104,-1.246,1.681,1.583,0.639,-0.677,72.104,-1.396,1.583,0.053,0.053,1,1.937,0.052,0.083,100.0,-2.5,0.6,1,0,0,OFFBOARD
1160,OUTBOUND,117.66,72.104,-1.246,1.68,1.583,0.639,-0.677,72.104,-1.396,1.583,0.053,0.053,1,1.937,0.052,0.083,100.0,-2.5,0.6,1,0,0,OFFBOARD
1161,OUTBOUND,117.77,72.104,-1.246,1.68,1.583,0.639,-0.677,72.104,-1.396,1.583,0.053,0.053,1,1.936,0.052,0.083,100.0,-2.5,0.6,1,0,0,OFFBOARD
1162,OUTBOUND,117.87,72.104,-1.246,1.68,1.583,0.639,-0.677,72.104,-1.396,1.583,0.053,0.053,1,1.936,0.052,0.083,100.0,-2.5,0.6,1,0,0,OFFBOARD
1163,OUTBOUND,117.97,72.104,-1.246,1.68,1.583,0.639,-0.677,72.104,-1.396,1.583,0.053,0.053,1,1.936,0.052,0.083,100.0,-2.5,0.6,1,0,0,OFFBOARD
1164,OUTBOUND,118.07,72.104,-1.246,1.68,1.583,0.639,-0.677,72.104,-1.396,1.583,0.053,0.053,1,1.936,0.052,0.083,100.0,-2.5,0.6,1,0,0,OFFBOARD
1165,OUTBOUND,118.17,72.104,-1.246,1.68,1.583,0.639,-0.677,72.104,-1.396,1.583,0.053,0.053,1,1.936,0.052,0.083,100.0,-2.5,0.6,1,0,0,OFFBOARD
1166,OUTBOUND,118.27,72.104,-1.246,1.68,1.583,0.639,-0.677,72.104,-1.396,1.583,0.053,0.053,1,1.936,0.052,0.083,100.0,-2.5,0.6,1,0,0,OFFBOARD
1167,OUTBOUND,118.37,72.104,-1.246,1.68,1.583,0.639,-0.677,72.104,-1.395,1.583,0.053,0.053,1,1.935,0.052,0.083,100.0,-2.5,0.6,1,0,0,OFFBOARD
1168,OUTBOUND,118.48,72.104,-1.245,1.679,1.583,0.639,-0.677,72.104,-1.395,1.583,0.053,0.053,1,1.935,0.052,0.083,100.0,-2.5,0.6,1,0,0,OFFBOARD
1169,OUTBOUND,118.58,72.104,-1.245,1.679,1.583,0.639,-0.677,72.104,-1.395,1.583,0.053,0.053,1,1.935,0.052,0.083,100.0,-2.5,0.6,1,0,0,OFFBOARD
1170,OUTBOUND,118.68,72.104,-1.245,1.679,1.583,0.639,-0.677,72.104,-1.395,1.583,0.053,0.053,1,1.935,0.052,0.083,100.0,-2.5,0.6,1,0,0,OFFBOARD
1171,OUTBOUND,118.78,72.104,-1.245,1.679,1.583,0.639,-0.677,72.104,-1.395,1.583,0.053,0.053,1,1.935,0.052,0.083,100.0,-2.5,0.6,1,0,0,OFFBOARD
1172,OUTBOUND,118.88,72.104,-1.245,1.679,1.583,0.639,-0.677,72.104,-1.395,1.583,0.053,0.053,1,1.935,0.052,0.083,100.0,-2.5,0.6,1,0,0,OFFBOARD
1173,OUTBOUND,118.98,72.104,-1.245,1.679,1.583,0.639,-0.677,72.104,-1.395,1.583,0.053,0.053,1,1.934,0.052,0.083,100.0,-2.5,0.6,1,0,0,OFFBOARD
1174,OUTBOUND,119.09,72.104,-1.245,1.679,1.583,0.639,-0.677,72.104,-1.395,1.583,0.053,0.053,1,1.934,0.052,0.083,100.0,-2.5,0.6,1,0,0,OFFBOARD
1175,OUTBOUND,119.19,72.104,-1.245,1.678,1.583,0.639,-0.677,72.104,-1.395,1.583,0.053,0.053,1,1.934,0.052,0.083,100.0,-2.5,0.6,1,0,0,OFFBOARD
1176,OUTBOUND,119.29,72.104,-1.245,1.678,1.583,0.639,-0.677,72.104,-1.394,1.583,0.053,0.053,1,1.934,0.052,0.083,100.0,-2.5,0.6,1,0,0,OFFBOARD
1177,OUTBOUND,119.39,72.104,-1.244,1.678,1.583,0.639,-0.677,72.104,-1.394,1.583,0.053,0.053,1,1.934,0.052,0.083,100.0,-2.5,0.6,1,0,0,OFFBOARD
1178,OUTBOUND,119.49,72.104,-1.244,1.678,1.583,0.639,-0.677,72.104,-1.394,1.583,0.053,0.053,1,1.934,0.052,0.083,100.0,-2.5,0.6,1,0,0,OFFBOARD
1179,OUTBOUND,119.59,72.104,-1.244,1.678,1.583,0.639,-0.677,72.104,-1.394,1.583,0.053,0.053,1,1.933,0.052,0.083,100.0,-2.5,0.6,1,0,0,OFFBOARD
1180,OUTBOUND,119.69,72.104,-1.244,1.678,1.583,0.639,-0.677,72.104,-1.394,1.583,0.053,0.053,1,1.933,0.052,0.083,100.0,-2.5,0.6,1,0,0,OFFBOARD
1181,OUTBOUND,119.79,72.104,-1.244,1.678,1.583,0.639,-0.677,72.104,-1.394,1.583,0.053,0.053,1,1.933,0.052,0.083,100.0,-2.5,0.6,1,0,0,OFFBOARD
1182,OUTBOUND,119.89,72.104,-1.244,1.677,1.583,0.639,-0.677,72.104,-1.394,1.583,0.053,0.053,1,1.933,0.052,0.083,100.0,-2.5,0.6,1,0,0,OFFBOARD
1183,OUTBOUND,120.0,72.104,-1.244,1.677,1.583,0.639,-0.677,72.104,-1.394,1.583,0.053,0.053,1,1.933,0.052,0.083,100.0,-2.5,0.6,1,0,0,OFFBOARD
1184,OUTBOUND,120.1,72.104,-1.244,1.677,1.583,0.639,-0.677,72.104,-1.394,1.583,0.053,0.053,1,1.933,0.052,0.083,100.0,-2.5,0.6,1,0,0,OFFBOARD
1185,OUTBOUND,120.2,72.104,-1.244,1.677,1.583,0.639,-0.677,72.104,-1.393,1.583,0.053,0.053,1,1.932,0.052,0.083,100.0,-2.5,0.6,1,0,0,OFFBOARD
1186,OUTBOUND,120.3,72.104,-1.243,1.677,1.583,0.639,-0.677,72.104,-1.393,1.583,0.053,0.053,1,1.932,0.052,0.083,100.0,-2.5,0.6,1,0,0,OFFBOARD
1187,OUTBOUND,120.4,72.104,-1.243,1.677,1.583,0.639,-0.677,72.104,-1.393,1.583,0.053,0.053,1,1.932,0.052,0.083,100.0,-2.5,0.6,1,0,0,OFFBOARD
1188,OUTBOUND,120.5,72.104,-1.243,1.677,1.583,0.639,-0.677,72.104,-1.393,1.583,0.053,0.053,1,1.932,0.052,0.083,100.0,-2.5,0.6,1,0,0,OFFBOARD
1189,OUTBOUND,120.61,72.104,-1.243,1.676,1.583,0.639,-0.677,72.104,-1.393,1.583,0.053,0.053,1,1.932,0.052,0.083,100.0,-2.5,0.6,1,0,0,OFFBOARD
1190,OUTBOUND,120.71,72.104,-1.243,1.676,1.583,0.639,-0.677,72.104,-1.393,1.583,0.053,0.053,1,1.932,0.052,0.083,100.0,-2.5,0.6,1,0,0,OFFBOARD
1191,OUTBOUND,120.81,72.104,-1.243,1.676,1.583,0.639,-0.677,72.104,-1.393,1.583,0.053,0.053,1,1.931,0.052,0.083,100.0,-2.5,0.6,1,0,0,OFFBOARD
1192,OUTBOUND,120.91,72.104,-1.243,1.676,1.583,0.639,-0.677,72.104,-1.393,1.583,0.053,0.053,1,1.931,0.052,0.083,100.0,-2.5,0.6,1,0,0,OFFBOARD
1193,OUTBOUND,121.01,72.104,-1.243,1.676,1.583,0.639,-0.677,72.104,-1.393,1.583,0.053,0.053,1,1.931,0.052,0.083,100.0,-2.5,0.6,1,0,0,OFFBOARD
1194,OUTBOUND,121.11,72.104,-1.243,1.676,1.583,0.639,-0.677,72.104,-1.392,1.583,0.053,0.053,1,1.931,0.052,0.083,100.0,-2.5,0.6,1,0,0,OFFBOARD
1195,OUTBOUND,121.21,72.104,-1.242,1.676,1.583,0.639,-0.677,72.104,-1.392,1.583,0.053,0.053,1,1.931,0.052,0.083,100.0,-2.5,0.6,1,0,0,OFFBOARD
1196,OUTBOUND,121.31,72.104,-1.242,1.676,1.583,0.639,-0.677,72.104,-1.392,1.583,0.053,0.053,1,1.931,0.052,0.083,100.0,-2.5,0.6,1,0,0,OFFBOARD
1197,OUTBOUND,121.42,72.104,-1.242,1.675,1.583,0.639,-0.677,72.104,-1.392,1.583,0.053,0.053,1,1.931,0.052,0.083,100.0,-2.5,0.6,1,0,0,OFFBOARD
1198,OUTBOUND,121.52,72.104,-1.242,1.675,1.583,0.639,-0.677,72.104,-1.392,1.583,0.053,0.053,1,1.93,0.052,0.083,100.0,-2.5,0.6,1,0,0,OFFBOARD
1199,OUTBOUND,121.62,72.104,-1.242,1.675,1.583,0.639,-0.677,72.104,-1.392,1.583,0.053,0.053,1,1.93,0.052,0.083,100.0,-2.5,0.6,1,0,0,OFFBOARD
1200,OUTBOUND,121.72,72.104,-1.242,1.675,1.583,0.639,-0.677,72.104,-1.392,1.583,0.053,0.053,1,1.93,0.052,0.083,100.0,-2.5,0.6,1,0,0,OFFBOARD
1201,OUTBOUND,121.82,72.104,-1.242,1.675,1.583,0.639,-0.677,72.104,-1.392,1.583,0.053,0.053,1,1.93,0.052,0.083,100.0,-2.5,0.6,1,0,0,OFFBOARD
1202,OUTBOUND,121.92,72.104,-1.242,1.675,1.583,0.639,-0.677,72.104,-1.392,1.583,0.053,0.053,1,1.93,0.052,0.083,100.0,-2.5,0.6,1,0,0,OFFBOARD
1203,OUTBOUND,122.02,72.104,-1.242,1.675,1.583,0.639,-0.677,72.104,-1.391,1.583,0.053,0.053,1,1.93,0.052,0.083,100.0,-2.5,0.6,1,0,0,OFFBOARD
1204,OUTBOUND,122.12,72.104,-1.241,1.674,1.583,0.639,-0.677,72.104,-1.391,1.583,0.053,0.053,1,1.929,0.052,0.083,100.0,-2.5,0.6,1,0,0,OFFBOARD
1205,OUTBOUND,122.23,72.104,-1.241,1.674,1.583,0.639,-0.677,72.104,-1.391,1.583,0.053,0.053,1,1.929,0.052,0.083,100.0,-2.5,0.6,1,0,0,OFFBOARD
1206,OUTBOUND,122.33,72.104,-1.241,1.674,1.583,0.639,-0.677,72.104,-1.391,1.583,0.053,0.053,1,1.929,0.052,0.083,100.0,-2.5,0.6,1,0,0,OFFBOARD
1207,OUTBOUND,122.43,72.104,-1.241,1.674,1.583,0.639,-0.677,72.104,-1.391,1.583,0.053,0.053,1,1.929,0.052,0.083,100.0,-2.5,0.6,1,0,0,OFFBOARD
1208,OUTBOUND,122.53,72.104,-1.241,1.674,1.583,0.639,-0.677,72.104,-1.391,1.583,0.053,0.053,1,1.929,0.052,0.083,100.0,-2.5,0.6,1,0,0,OFFBOARD
1209,OUTBOUND,122.63,72.104,-1.241,1.674,1.583,0.639,-0.677,72.104,-1.391,1.583,0.053,0.053,1,1.929,0.052,0.083,100.0,-2.5,0.6,1,0,0,OFFBOARD
1210,OUTBOUND,122.73,72.104,-1.241,1.674,1.583,0.639,-0.677,72.104,-1.391,1.583,0.053,0.053,1,1.928,0.052,0.083,100.0,-2.5,0.6,1,0,0,OFFBOARD
1211,OUTBOUND,122.83,72.104,-1.241,1.673,1.583,0.639,-0.677,72.104,-1.391,1.583,0.053,0.053,1,1.928,0.052,0.083,100.0,-2.5,0.6,1,0,0,OFFBOARD
1212,OUTBOUND,122.94,72.104,-1.241,1.673,1.583,0.639,-0.677,72.104,-1.39,1.583,0.053,0.053,1,1.928,0.052,0.083,100.0,-2.5,0.6,1,0,0,OFFBOARD
1213,OUTBOUND,123.04,72.104,-1.24,1.673,1.583,0.639,-0.677,72.104,-1.39,1.583,0.053,0.053,1,1.928,0.052,0.083,100.0,-2.5,0.6,1,0,0,OFFBOARD
1214,OUTBOUND,123.14,72.104,-1.24,1.673,1.583,0.639,-0.677,72.104,-1.39,1.583,0.053,0.053,1,1.928,0.052,0.083,100.0,-2.5,0.6,1,0,0,OFFBOARD
1215,OUTBOUND,123.24,72.104,-1.24,1.673,1.583,0.639,-0.677,72.104,-1.39,1.583,0.053,0.053,1,1.928,0.052,0.083,100.0,-2.5,0.6,1,0,0,OFFBOARD
1216,OUTBOUND,123.34,72.104,-1.24,1.673,1.583,0.639,-0.677,72.104,-1.39,1.583,0.053,0.053,1,1.927,0.052,0.083,100.0,-2.5,0.6,1,0,0,OFFBOARD
1217,OUTBOUND,123.44,72.104,-1.24,1.673,1.583,0.639,-0.677,72.104,-1.39,1.583,0.053,0.053,1,1.927,0.052,0.083,100.0,-2.5,0.6,1,0,0,OFFBOARD
1218,OUTBOUND,123.54,72.104,-1.24,1.672,1.583,0.639,-0.677,72.104,-1.39,1.583,0.053,0.053,1,1.927,0.052,0.083,100.0,-2.5,0.6,1,0,0,OFFBOARD
1219,OUTBOUND,123.65,72.104,-1.24,1.672,1.583,0.639,-0.677,72.104,-1.39,1.583,0.053,0.053,1,1.927,0.052,0.083,100.0,-2.5,0.6,1,0,0,OFFBOARD
1220,OUTBOUND,123.75,72.104,-1.24,1.672,1.583,0.639,-0.677,72.104,-1.39,1.583,0.053,0.053,1,1.927,0.052,0.083,100.0,-2.5,0.6,1,0,0,OFFBOARD
1221,OUTBOUND,123.85,72.104,-1.24,1.672,1.583,0.639,-0.677,72.104,-1.389,1.583,0.053,0.053,1,1.927,0.052,0.083,100.0,-2.5,0.6,1,0,0,OFFBOARD
1222,OUTBOUND,123.95,72.104,-1.239,1.672,1.583,0.639,-0.677,72.104,-1.389,1.583,0.053,0.053,1,1.926,0.052,0.083,100.0,-2.5,0.6,1,0,0,OFFBOARD
1223,OUTBOUND,124.05,72.104,-1.239,1.672,1.583,0.639,-0.677,72.104,-1.389,1.583,0.053,0.053,1,1.926,0.052,0.083,100.0,-2.5,0.6,1,0,0,OFFBOARD
1224,OUTBOUND,124.15,72.104,-1.239,1.672,1.583,0.639,-0.677,72.104,-1.389,1.583,0.053,0.053,1,1.926,0.052,0.083,100.0,-2.5,0.6,1,0,0,OFFBOARD
1225,OUTBOUND,124.26,72.104,-1.239,1.671,1.583,0.639,-0.677,72.104,-1.389,1.583,0.053,0.053,1,1.926,0.052,0.083,100.0,-2.5,0.6,1,0,0,OFFBOARD
1226,OUTBOUND,124.36,72.104,-1.239,1.671,1.583,0.639,-0.677,72.104,-1.389,1.583,0.053,0.053,1,1.926,0.052,0.083,100.0,-2.5,0.6,1,0,0,OFFBOARD
1227,OUTBOUND,124.46,72.104,-1.239,1.671,1.583,0.639,-0.677,72.104,-1.389,1.583,0.053,0.053,1,1.926,0.052,0.083,100.0,-2.5,0.6,1,0,0,OFFBOARD
1228,OUTBOUND,124.56,72.104,-1.239,1.671,1.583,0.639,-0.677,72.104,-1.389,1.583,0.053,0.053,1,1.925,0.052,0.083,100.0,-2.5,0.6,1,0,0,OFFBOARD
1229,OUTBOUND,124.66,72.104,-1.239,1.671,1.583,0.639,-0.677,72.104,-1.389,1.583,0.053,0.053,1,1.925,0.052,0.083,100.0,-2.5,0.6,1,0,0,OFFBOARD
1230,OUTBOUND,124.76,72.104,-1.239,1.671,1.583,0.639,-0.677,72.104,-1.388,1.583,0.053,0.053,1,1.925,0.052,0.083,100.0,-2.5,0.6,1,0,0,OFFBOARD
1231,OUTBOUND,124.86,72.104,-1.238,1.671,1.583,0.639,-0.677,72.104,-1.388,1.583,0.053,0.053,1,1.925,0.052,0.083,100.0,-2.5,0.6,1,0,0,OFFBOARD
1232,OUTBOUND,124.97,72.104,-1.238,1.671,1.583,0.639,-0.677,72.104,-1.388,1.583,0.053,0.053,1,1.925,0.052,0.083,100.0,-2.5,0.6,1,0,0,OFFBOARD
1233,OUTBOUND,125.07,72.104,-1.238,1.67,1.583,0.639,-0.677,72.104,-1.388,1.583,0.053,0.053,1,1.925,0.052,0.083,100.0,-2.5,0.6,1,0,0,OFFBOARD
1234,OUTBOUND,125.17,72.104,-1.238,1.67,1.583,0.639,-0.677,72.104,-1.388,1.583,0.053,0.053,1,1.925,0.052,0.083,100.0,-2.5,0.6,1,0,0,OFFBOARD
1235,OUTBOUND,125.27,72.104,-1.238,1.67,1.583,0.639,-0.677,72.104,-1.388,1.583,0.053,0.053,1,1.924,0.052,0.083,100.0,-2.5,0.6,1,0,0,OFFBOARD
1236,OUTBOUND,125.37,72.104,-1.238,1.67,1.583,0.639,-0.677,72.104,-1.388,1.583,0.053,0.053,1,1.924,0.052,0.083,100.0,-2.5,0.6,1,0,0,OFFBOARD
1237,OUTBOUND,125.47,72.104,-1.238,1.67,1.583,0.639,-0.677,72.104,-1.388,1.583,0.053,0.053,1,1.924,0.052,0.083,100.0,-2.5,0.6,1,0,0,OFFBOARD
1238,OUTBOUND,125.58,72.104,-1.238,1.67,1.583,0.639,-0.677,72.104,-1.388,1.583,0.053,0.053,1,1.924,0.052,0.083,100.0,-2.5,0.6,1,0,0,OFFBOARD
1239,OUTBOUND,125.68,72.104,-1.238,1.67,1.583,0.639,-0.677,72.104,-1.387,1.583,0.053,0.053,1,1.924,0.052,0.083,100.0,-2.5,0.6,1,0,0,OFFBOARD
1240,OUTBOUND,125.78,72.104,-1.237,1.669,1.583,0.639,-0.677,72.104,-1.387,1.583,0.053,0.053,1,1.923,0.052,0.083,100.0,-2.5,0.6,1,0,0,OFFBOARD
1241,OUTBOUND,125.88,72.104,-1.237,1.669,1.583,0.639,-0.677,72.104,-1.387,1.583,0.053,0.053,1,1.923,0.052,0.083,100.0,-2.5,0.6,1,0,0,OFFBOARD
1242,OUTBOUND,125.98,72.104,-1.237,1.669,1.583,0.639,-0.677,72.104,-1.387,1.583,0.053,0.053,1,1.923,0.052,0.083,100.0,-2.5,0.6,1,0,0,OFFBOARD
1243,OUTBOUND,126.08,72.104,-1.237,1.669,1.583,0.639,-0.677,72.104,-1.387,1.583,0.053,0.053,1,1.923,0.052,0.083,100.0,-2.5,0.6,1,0,0,OFFBOARD
1244,OUTBOUND,126.18,72.104,-1.237,1.669,1.583,0.639,-0.677,72.104,-1.387,1.583,0.053,0.053,1,1.923,0.052,0.083,100.0,-2.5,0.6,1,0,0,OFFBOARD
1245,OUTBOUND,126.29,72.104,-1.237,1.669,1.583,0.639,-0.677,72.104,-1.387,1.583,0.053,0.053,1,1.923,0.052,0.083,100.0,-2.5,0.6,1,0,0,OFFBOARD
1246,OUTBOUND,126.39,72.104,-1.237,1.669,1.583,0.639,-0.677,72.104,-1.387,1.583,0.053,0.053,1,1.922,0.052,0.083,100.0,-2.5,0.6,1,0,0,OFFBOARD
1247,OUTBOUND,126.49,72.104,-1.237,1.668,1.583,0.639,-0.677,72.104,-1.387,1.583,0.053,0.053,1,1.922,0.052,0.083,100.0,-2.5,0.6,1,0,0,OFFBOARD
1248,OUTBOUND,126.59,72.104,-1.237,1.668,1.583,0.639,-0.677,72.104,-1.386,1.583,0.053,0.053,1,1.922,0.052,0.083,100.0,-2.5,0.6,1,0,0,OFFBOARD
1249,OUTBOUND,126.69,72.104,-1.236,1.668,1.583,0.639,-0.677,72.104,-1.386,1.583,0.053,0.053,1,1.922,0.052,0.083,100.0,-2.5,0.6,1,0,0,OFFBOARD
1250,OUTBOUND,126.79,72.104,-1.236,1.668,1.583,0.639,-0.677,72.104,-1.386,1.583,0.053,0.053,1,1.922,0.052,0.083,100.0,-2.5,0.6,1,0,0,OFFBOARD
1251,OUTBOUND,126.89,72.104,-1.236,1.668,1.583,0.639,-0.677,72.104,-1.386,1.583,0.053,0.053,1,1.922,0.052,0.083,100.0,-2.5,0.6,1,0,0,OFFBOARD
1252,OUTBOUND,126.99,72.104,-1.236,1.668,1.583,0.639,-0.677,72.104,-1.386,1.583,0.053,0.053,1,1.921,0.052,0.083,100.0,-2.5,0.6,1,0,0,OFFBOARD
1253,OUTBOUND,127.1,72.104,-1.236,1.668,1.583,0.639,-0.677,72.104,-1.386,1.583,0.053,0.053,1,1.921,0.052,0.083,100.0,-2.5,0.6,1,0,0,OFFBOARD
1254,OUTBOUND,127.2,72.104,-1.236,1.667,1.583,0.639,-0.677,72.104,-1.386,1.583,0.053,0.053,1,1.921,0.052,0.083,100.0,-2.5,0.6,1,0,0,OFFBOARD
1255,OUTBOUND,127.3,72.104,-1.236,1.667,1.583,0.639,-0.677,72.104,-1.386,1.583,0.053,0.053,1,1.921,0.052,0.083,100.0,-2.5,0.6,1,0,0,OFFBOARD
1256,OUTBOUND,127.4,72.104,-1.236,1.667,1.583,0.639,-0.677,72.104,-1.386,1.583,0.053,0.053,1,1.921,0.052,0.083,100.0,-2.5,0.6,1,0,0,OFFBOARD
1257,OUTBOUND,127.5,72.104,-1.236,1.667,1.583,0.639,-0.677,72.104,-1.385,1.583,0.053,0.053,1,1.921,0.052,0.083,100.0,-2.5,0.6,1,0,0,OFFBOARD
1258,OUTBOUND,127.6,72.104,-1.235,1.667,1.583,0.639,-0.677,72.104,-1.385,1.583,0.053,0.053,1,1.921,0.052,0.083,100.0,-2.5,0.6,1,0,0,OFFBOARD
1259,OUTBOUND,127.7,72.104,-1.235,1.667,1.583,0.639,-0.677,72.104,-1.385,1.583,0.053,0.053,1,1.92,0.052,0.083,100.0,-2.5,0.6,1,0,0,OFFBOARD
1260,OUTBOUND,127.81,72.104,-1.235,1.667,1.583,0.639,-0.677,72.104,-1.385,1.583,0.053,0.053,1,1.92,0.052,0.083,100.0,-2.5,0.6,1,0,0,OFFBOARD
1261,OUTBOUND,127.91,72.104,-1.235,1.667,1.583,0.639,-0.677,72.104,-1.385,1.583,0.053,0.053,1,1.92,0.052,0.083,100.0,-2.5,0.6,1,0,0,OFFBOARD
1262,OUTBOUND,128.01,72.104,-1.235,1.666,1.583,0.639,-0.677,72.104,-1.385,1.583,0.053,0.053,1,1.92,0.052,0.083,100.0,-2.5,0.6,1,0,0,OFFBOARD
1263,OUTBOUND,128.11,72.104,-1.235,1.666,1.583,0.639,-0.677,72.104,-1.385,1.583,0.053,0.053,1,1.92,0.052,0.083,100.0,-2.5,0.6,1,0,0,OFFBOARD
1264,OUTBOUND,128.21,72.104,-1.235,1.666,1.583,0.639,-0.677,72.104,-1.385,1.583,0.053,0.053,1,1.92,0.052,0.083,100.0,-2.5,0.6,1,0,0,OFFBOARD
1265,OUTBOUND,128.31,72.104,-1.235,1.666,1.583,0.639,-0.677,72.104,-1.385,1.583,0.053,0.053,1,1.919,0.052,0.083,100.0,-2.5,0.6,1,0,0,OFFBOARD
1266,OUTBOUND,128.41,72.104,-1.235,1.666,1.583,0.639,-0.677,72.104,-1.384,1.583,0.053,0.053,1,1.919,0.052,0.083,100.0,-2.5,0.6,1,0,0,OFFBOARD
1267,OUTBOUND,128.52,72.104,-1.234,1.666,1.583,0.639,-0.677,72.104,-1.384,1.583,0.053,0.053,1,1.919,0.052,0.083,100.0,-2.5,0.6,1,0,0,OFFBOARD
1268,OUTBOUND,128.62,72.104,-1.234,1.666,1.583,0.639,-0.677,72.104,-1.384,1.583,0.053,0.053,1,1.919,0.052,0.083,100.0,-2.5,0.6,1,0,0,OFFBOARD
1269,OUTBOUND,128.72,72.104,-1.234,1.665,1.583,0.639,-0.677,72.104,-1.384,1.583,0.053,0.053,1,1.919,0.052,0.083,100.0,-2.5,0.6,1,0,0,OFFBOARD
1270,OUTBOUND,128.82,72.104,-1.234,1.665,1.583,0.639,-0.677,72.104,-1.384,1.583,0.053,0.053,1,1.919,0.052,0.083,100.0,-2.5,0.6,1,0,0,OFFBOARD
1271,OUTBOUND,128.92,72.104,-1.234,1.665,1.583,0.639,-0.677,72.104,-1.384,1.583,0.053,0.053,1,1.918,0.052,0.083,100.0,-2.5,0.6,1,0,0,OFFBOARD
1272,OUTBOUND,129.02,72.104,-1.234,1.665,1.583,0.639,-0.677,72.104,-1.384,1.583,0.053,0.053,1,1.918,0.052,0.083,100.0,-2.5,0.6,1,0,0,OFFBOARD
1273,OUTBOUND,129.12,72.104,-1.234,1.665,1.583,0.639,-0.677,72.104,-1.384,1.583,0.053,0.053,1,1.918,0.052,0.083,100.0,-2.5,0.6,1,0,0,OFFBOARD
1274,OUTBOUND,129.23,72.104,-1.234,1.665,1.583,0.639,-0.677,72.104,-1.384,1.583,0.053,0.053,1,1.918,0.052,0.083,100.0,-2.5,0.6,1,0,0,OFFBOARD
1275,OUTBOUND,129.33,72.104,-1.234,1.665,1.583,0.639,-0.677,72.104,-1.383,1.583,0.053,0.053,1,1.918,0.052,0.083,100.0,-2.5,0.6,1,0,0,OFFBOARD
1276,OUTBOUND,129.43,72.104,-1.233,1.664,1.583,0.639,-0.677,72.104,-1.383,1.583,0.053,0.053,1,1.918,0.052,0.083,100.0,-2.5,0.6,1,0,0,OFFBOARD
1277,OUTBOUND,129.53,72.104,-1.233,1.664,1.583,0.639,-0.677,72.104,-1.383,1.583,0.053,0.053,1,1.917,0.052,0.083,100.0,-2.5,0.6,1,0,0,OFFBOARD
1278,OUTBOUND,129.63,72.104,-1.233,1.664,1.583,0.639,-0.677,72.104,-1.383,1.583,0.053,0.053,1,1.917,0.052,0.083,100.0,-2.5,0.6,1,0,0,OFFBOARD
1279,OUTBOUND,129.73,72.104,-1.233,1.664,1.583,0.639,-0.677,72.104,-1.383,1.583,0.053,0.053,1,1.917,0.052,0.083,100.0,-2.5,0.6,1,0,0,OFFBOARD
1280,OUTBOUND,129.83,72.104,-1.233,1.664,1.583,0.639,-0.677,72.104,-1.383,1.583,0.053,0.053,1,1.917,0.052,0.083,100.0,-2.5,0.6,1,0,0,OFFBOARD
1281,OUTBOUND,129.94,72.104,-1.233,1.664,1.583,0.639,-0.677,72.104,-1.383,1.583,0.053,0.053,1,1.917,0.052,0.083,100.0,-2.5,0.6,1,0,0,OFFBOARD
1282,OUTBOUND,130.04,72.104,-1.233,1.664,1.583,0.639,-0.677,72.104,-1.383,1.583,0.053,0.053,1,1.917,0.052,0.083,100.0,-2.5,0.6,1,0,0,OFFBOARD
1283,OUTBOUND,130.14,72.104,-1.233,1.664,1.583,0.639,-0.677,72.104,-1.383,1.583,0.053,0.053,1,1.916,0.052,0.083,100.0,-2.5,0.6,1,0,0,OFFBOARD
1284,OUTBOUND,130.24,72.104,-1.233,1.663,1.583,0.639,-0.677,72.104,-1.382,1.583,0.053,0.053,1,1.916,0.052,0.083,100.0,-2.5,0.6,1,0,0,OFFBOARD
1285,OUTBOUND,130.34,72.104,-1.232,1.663,1.583,0.639,-0.677,72.104,-1.382,1.583,0.053,0.053,1,1.916,0.052,0.083,100.0,-2.5,0.6,1,0,0,OFFBOARD
1286,OUTBOUND,130.44,72.104,-1.232,1.663,1.583,0.639,-0.677,72.104,-1.382,1.583,0.053,0.053,1,1.916,0.052,0.083,100.0,-2.5,0.6,1,0,0,OFFBOARD
1287,OUTBOUND,130.54,72.104,-1.232,1.663,1.583,0.639,-0.677,72.104,-1.382,1.583,0.053,0.053,1,1.916,0.052,0.083,100.0,-2.5,0.6,1,0,0,OFFBOARD
1288,OUTBOUND,130.64,72.104,-1.232,1.663,1.583,0.639,-0.677,72.104,-1.382,1.583,0.053,0.053,1,1.916,0.052,0.083,100.0,-2.5,0.6,1,0,0,OFFBOARD
1289,OUTBOUND,130.75,72.104,-1.232,1.663,1.583,0.639,-0.677,72.104,-1.382,1.583,0.053,0.053,1,1.915,0.052,0.083,100.0,-2.5,0.6,1,0,0,OFFBOARD
1290,OUTBOUND,130.85,72.104,-1.232,1.663,1.583,0.639,-0.677,72.104,-1.382,1.583,0.053,0.053,1,1.915,0.052,0.083,100.0,-2.5,0.6,1,0,0,OFFBOARD
1291,OUTBOUND,130.95,72.104,-1.232,1.662,1.583,0.639,-0.677,72.104,-1.382,1.583,0.053,0.053,1,1.915,0.052,0.083,100.0,-2.5,0.6,1,0,0,OFFBOARD
1292,OUTBOUND,131.05,72.104,-1.232,1.662,1.583,0.639,-0.677,72.104,-1.382,1.583,0.053,0.053,1,1.915,0.052,0.083,100.0,-2.5,0.6,1,0,0,OFFBOARD
1293,OUTBOUND,131.15,72.104,-1.232,1.662,1.583,0.639,-0.677,72.104,-1.381,1.583,0.053,0.053,1,1.915,0.052,0.083,100.0,-2.5,0.6,1,0,0,OFFBOARD
1294,OUTBOUND,131.25,72.104,-1.231,1.662,1.583,0.639,-0.677,72.104,-1.381,1.583,0.053,0.053,1,1.915,0.052,0.083,100.0,-2.5,0.6,1,0,0,OFFBOARD
1295,OUTBOUND,131.36,72.104,-1.231,1.662,1.583,0.639,-0.677,72.104,-1.381,1.583,0.053,0.053,1,1.915,0.052,0.083,100.0,-2.5,0.6,1,0,0,OFFBOARD
1296,OUTBOUND,131.46,72.104,-1.231,1.662,1.583,0.639,-0.677,72.104,-1.381,1.583,0.053,0.053,1,1.914,0.052,0.083,100.0,-2.5,0.6,1,0,0,OFFBOARD
1297,OUTBOUND,131.56,72.104,-1.231,1.662,1.583,0.639,-0.677,72.104,-1.381,1.583,0.053,0.053,1,1.914,0.052,0.083,100.0,-2.5,0.6,1,0,0,OFFBOARD
1298,OUTBOUND,131.66,72.104,-1.231,1.661,1.583,0.639,-0.677,72.104,-1.381,1.583,0.053,0.053,1,1.914,0.052,0.083,100.0,-2.5,0.6,1,0,0,OFFBOARD
1299,OUTBOUND,131.76,72.104,-1.231,1.661,1.583,0.639,-0.677,72.104,-1.381,1.583,0.053,0.053,1,1.914,0.052,0.083,100.0,-2.5,0.6,1,0,0,OFFBOARD
1300,OUTBOUND,131.86,72.104,-1.231,1.661,1.583,0.639,-0.677,72.104,-1.381,1.583,0.053,0.053,1,1.914,0.052,0.083,100.0,-2.5,0.6,1,0,0,OFFBOARD
1301,OUTBOUND,131.96,72.104,-1.231,1.661,1.583,0.639,-0.677,72.104,-1.381,1.583,0.053,0.053,1,1.914,0.052,0.083,100.0,-2.5,0.6,1,0,0,OFFBOARD
1302,OUTBOUND,132.07,72.104,-1.231,1.661,1.583,0.639,-0.677,72.104,-1.38,1.583,0.053,0.053,1,1.913,0.052,0.083,100.0,-2.5,0.6,1,0,0,OFFBOARD
1303,OUTBOUND,132.17,72.104,-1.23,1.661,1.583,0.639,-0.677,72.104,-1.38,1.583,0.053,0.053,1,1.913,0.052,0.083,100.0,-2.5,0.6,1,0,0,OFFBOARD
1304,OUTBOUND,132.27,72.104,-1.23,1.661,1.583,0.639,-0.677,72.104,-1.38,1.583,0.053,0.053,1,1.913,0.052,0.083,100.0,-2.5,0.6,1,0,0,OFFBOARD
1305,OUTBOUND,132.37,72.104,-1.23,1.66,1.583,0.639,-0.677,72.104,-1.38,1.583,0.053,0.053,1,1.913,0.052,0.083,100.0,-2.5,0.6,1,0,0,OFFBOARD
1306,OUTBOUND,132.47,72.104,-1.23,1.66,1.583,0.639,-0.677,72.104,-1.38,1.583,0.053,0.053,1,1.913,0.052,0.083,100.0,-2.5,0.6,1,0,0,OFFBOARD
1307,OUTBOUND,132.57,72.104,-1.23,1.66,1.583,0.639,-0.677,72.104,-1.38,1.583,0.053,0.053,1,1.913,0.052,0.083,100.0,-2.5,0.6,1,0,0,OFFBOARD
1308,OUTBOUND,132.67,72.104,-1.23,1.66,1.583,0.639,-0.677,72.104,-1.38,1.583,0.053,0.053,1,1.912,0.052,0.083,100.0,-2.5,0.6,1,0,0,OFFBOARD
1309,OUTBOUND,132.78,72.104,-1.23,1.66,1.583,0.639,-0.677,72.104,-1.38,1.583,0.053,0.053,1,1.912,0.052,0.083,100.0,-2.5,0.6,1,0,0,OFFBOARD
1310,OUTBOUND,132.88,72.104,-1.23,1.66,1.583,0.639,-0.677,72.104,-1.38,1.583,0.053,0.053,1,1.912,0.052,0.083,100.0,-2.5,0.6,1,0,0,OFFBOARD
1311,OUTBOUND,132.98,72.104,-1.23,1.66,1.583,0.639,-0.677,72.104,-1.379,1.583,0.053,0.053,1,1.912,0.052,0.083,100.0,-2.5,0.6,1,0,0,OFFBOARD
1312,OUTBOUND,133.08,72.104,-1.229,1.66,1.583,0.639,-0.677,72.104,-1.379,1.583,0.053,0.053,1,1.912,0.052,0.083,100.0,-2.5,0.6,1,0,0,OFFBOARD
1313,OUTBOUND,133.18,72.104,-1.229,1.659,1.583,0.639,-0.677,72.104,-1.379,1.583,0.053,0.053,1,1.912,0.052,0.083,100.0,-2.5,0.6,1,0,0,OFFBOARD
1314,OUTBOUND,133.28,72.104,-1.229,1.659,1.583,0.639,-0.677,72.104,-1.379,1.583,0.053,0.053,1,1.911,0.052,0.083,100.0,-2.5,0.6,1,0,0,OFFBOARD
1315,OUTBOUND,133.38,72.104,-1.229,1.659,1.583,0.639,-0.677,72.104,-1.379,1.583,0.053,0.053,1,1.911,0.052,0.083,100.0,-2.5,0.6,1,0,0,OFFBOARD
1316,OUTBOUND,133.49,72.104,-1.229,1.659,1.583,0.639,-0.677,72.104,-1.379,1.583,0.053,0.053,1,1.911,0.052,0.083,100.0,-2.5,0.6,1,0,0,OFFBOARD
1317,OUTBOUND,133.59,72.104,-1.229,1.659,1.583,0.639,-0.677,72.104,-1.379,1.583,0.053,0.053,1,1.911,0.052,0.083,100.0,-2.5,0.6,1,0,0,OFFBOARD
1318,OUTBOUND,133.69,72.104,-1.229,1.659,1.583,0.639,-0.677,72.104,-1.379,1.583,0.053,0.053,1,1.911,0.052,0.083,100.0,-2.5,0.6,1,0,0,OFFBOARD
1319,OUTBOUND,133.79,72.104,-1.229,1.659,1.583,0.639,-0.677,72.104,-1.379,1.583,0.053,0.053,1,1.911,0.052,0.083,100.0,-2.5,0.6,1,0,0,OFFBOARD
1320,OUTBOUND,133.89,72.104,-1.229,1.658,1.583,0.639,-0.677,72.104,-1.378,1.583,0.053,0.053,1,1.91,0.052,0.083,100.0,-2.5,0.6,1,0,0,OFFBOARD
1321,OUTBOUND,133.99,72.104,-1.228,1.658,1.583,0.639,-0.677,72.104,-1.378,1.583,0.053,0.053,1,1.91,0.052,0.083,100.0,-2.5,0.6,1,0,0,OFFBOARD
1322,OUTBOUND,134.09,72.104,-1.228,1.658,1.583,0.639,-0.677,72.104,-1.378,1.583,0.053,0.053,1,1.91,0.052,0.083,100.0,-2.5,0.6,1,0,0,OFFBOARD
1323,OUTBOUND,134.2,72.104,-1.228,1.658,1.583,0.639,-0.677,72.104,-1.378,1.583,0.053,0.053,1,1.91,0.052,0.083,100.0,-2.5,0.6,1,0,0,OFFBOARD
1324,OUTBOUND,134.3,72.104,-1.228,1.658,1.583,0.639,-0.677,72.104,-1.378,1.583,0.053,0.053,1,1.91,0.052,0.083,100.0,-2.5,0.6,1,0,0,OFFBOARD
1325,OUTBOUND,134.4,72.104,-1.228,1.658,1.583,0.639,-0.677,72.104,-1.378,1.583,0.053,0.053,1,1.91,0.052,0.083,100.0,-2.5,0.6,1,0,0,OFFBOARD
1326,OUTBOUND,134.5,72.104,-1.228,1.658,1.583,0.639,-0.677,72.104,-1.378,1.583,0.053,0.053,1,1.91,0.052,0.083,100.0,-2.5,0.6,1,0,0,OFFBOARD
1327,OUTBOUND,134.6,72.104,-1.228,1.657,1.583,0.639,-0.677,72.104,-1.378,1.583,0.053,0.053,1,1.909,0.052,0.083,100.0,-2.5,0.6,1,0,0,OFFBOARD
1328,OUTBOUND,134.7,72.104,-1.228,1.657,1.583,0.639,-0.677,72.104,-1.378,1.583,0.053,0.053,1,1.909,0.052,0.083,100.0,-2.5,0.6,1,0,0,OFFBOARD
1329,OUTBOUND,134.8,72.104,-1.228,1.657,1.583,0.639,-0.677,72.104,-1.377,1.583,0.053,0.053,1,1.909,0.052,0.083,100.0,-2.5,0.6,1,0,0,OFFBOARD
1330,OUTBOUND,134.91,72.104,-1.227,1.657,1.583,0.639,-0.677,72.104,-1.377,1.583,0.053,0.053,1,1.909,0.052,0.083,100.0,-2.5,0.6,1,0,0,OFFBOARD
1331,OUTBOUND,135.01,72.104,-1.227,1.657,1.583,0.639,-0.677,72.104,-1.377,1.583,0.053,0.053,1,1.909,0.052,0.083,100.0,-2.5,0.6,1,0,0,OFFBOARD
1332,OUTBOUND,135.11,72.104,-1.227,1.657,1.583,0.639,-0.677,72.104,-1.377,1.583,0.053,0.053,1,1.909,0.052,0.083,100.0,-2.5,0.6,1,0,0,OFFBOARD
1333,OUTBOUND,135.21,72.104,-1.227,1.657,1.583,0.639,-0.677,72.104,-1.377,1.583,0.053,0.053,1,1.908,0.052,0.083,100.0,-2.5,0.6,1,0,0,OFFBOARD
1334,OUTBOUND,135.31,72.104,-1.227,1.657,1.583,0.639,-0.677,72.104,-1.377,1.583,0.053,0.053,1,1.908,0.052,0.083,100.0,-2.5,0.6,1,0,0,OFFBOARD
1335,OUTBOUND,135.42,72.104,-1.227,1.656,1.583,0.639,-0.677,72.104,-1.377,1.583,0.053,0.053,1,1.908,0.052,0.083,100.0,-2.5,0.6,1,0,0,OFFBOARD
1336,OUTBOUND,135.52,72.104,-1.227,1.656,1.583,0.639,-0.677,72.104,-1.377,1.583,0.053,0.053,1,1.908,0.052,0.083,100.0,-2.5,0.6,1,0,0,OFFBOARD
1337,OUTBOUND,135.62,72.104,-1.227,1.656,1.583,0.639,-0.677,72.104,-1.377,1.583,0.053,0.053,1,1.908,0.052,0.083,100.0,-2.5,0.6,1,0,0,OFFBOARD
1338,OUTBOUND,135.72,72.104,-1.226,1.656,1.583,0.639,-0.677,72.104,-1.376,1.583,0.053,0.053,1,1.908,0.052,0.083,100.0,-2.5,0.6,1,0,0,OFFBOARD
1339,OUTBOUND,135.82,72.104,-1.226,1.656,1.583,0.639,-0.677,72.104,-1.376,1.583,0.053,0.053,1,1.907,0.052,0.083,100.0,-2.5,0.6,1,0,0,OFFBOARD
1340,OUTBOUND,135.92,72.104,-1.226,1.656,1.583,0.639,-0.677,72.104,-1.376,1.583,0.053,0.053,1,1.907,0.052,0.083,100.0,-2.5,0.6,1,0,0,OFFBOARD
1341,OUTBOUND,136.02,72.104,-1.226,1.656,1.583,0.639,-0.677,72.104,-1.376,1.583,0.053,0.053,1,1.907,0.052,0.083,100.0,-2.5,0.6,1,0,0,OFFBOARD
1342,OUTBOUND,136.12,72.104,-1.226,1.655,1.583,0.639,-0.677,72.104,-1.376,1.583,0.053,0.053,1,1.907,0.052,0.083,100.0,-2.5,0.6,1,0,0,OFFBOARD
1343,OUTBOUND,136.23,72.104,-1.226,1.655,1.583,0.639,-0.677,72.104,-1.376,1.583,0.053,0.053,1,1.907,0.052,0.083,100.0,-2.5,0.6,1,0,0,OFFBOARD
1344,OUTBOUND,136.33,72.104,-1.226,1.655,1.583,0.639,-0.677,72.104,-1.376,1.583,0.053,0.053,1,1.907,0.052,0.083,100.0,-2.5,0.6,1,0,0,OFFBOARD
1345,OUTBOUND,136.43,72.104,-1.226,1.655,1.583,0.639,-0.677,72.104,-1.376,1.583,0.053,0.053,1,1.906,0.052,0.083,100.0,-2.5,0.6,1,0,0,OFFBOARD
1346,OUTBOUND,136.53,72.104,-1.226,1.655,1.583,0.639,-0.677,72.104,-1.376,1.583,0.053,0.053,1,1.906,0.052,0.083,100.0,-2.5,0.6,1,0,0,OFFBOARD
1347,OUTBOUND,136.63,72.104,-1.225,1.655,1.583,0.639,-0.677,72.104,-1.375,1.583,0.053,0.053,1,1.906,0.052,0.083,100.0,-2.5,0.6,1,0,0,OFFBOARD
1348,OUTBOUND,136.73,72.104,-1.225,1.655,1.583,0.639,-0.677,72.104,-1.375,1.583,0.053,0.053,1,1.906,0.052,0.083,100.0,-2.5,0.6,1,0,0,OFFBOARD
1349,OUTBOUND,136.83,72.104,-1.225,1.654,1.583,0.639,-0.677,72.104,-1.375,1.583,0.053,0.053,1,1.906,0.052,0.083,100.0,-2.5,0.6,1,0,0,OFFBOARD
1350,OUTBOUND,136.93,72.104,-1.225,1.654,1.583,0.639,-0.677,72.104,-1.375,1.583,0.053,0.053,1,1.906,0.052,0.083,100.0,-2.5,0.6,1,0,0,OFFBOARD
1351,OUTBOUND,137.04,72.104,-1.225,1.654,1.583,0.639,-0.677,72.104,-1.375,1.583,0.053,0.053,1,1.906,0.052,0.083,100.0,-2.5,0.6,1,0,0,OFFBOARD
1352,OUTBOUND,137.14,72.104,-1.225,1.654,1.583,0.639,-0.677,72.104,-1.375,1.583,0.053,0.053,1,1.905,0.052,0.083,100.0,-2.5,0.6,1,0,0,OFFBOARD
1353,OUTBOUND,137.24,72.104,-1.225,1.654,1.583,0.639,-0.677,72.104,-1.375,1.583,0.053,0.053,1,1.905,0.052,0.083,100.0,-2.5,0.6,1,0,0,OFFBOARD
1354,OUTBOUND,137.34,72.104,-1.225,1.654,1.583,0.639,-0.677,72.104,-1.375,1.583,0.053,0.053,1,1.905,0.052,0.083,100.0,-2.5,0.6,1,0,0,OFFBOARD
1355,OUTBOUND,137.44,72.104,-1.225,1.654,1.583,0.639,-0.677,72.104,-1.375,1.583,0.053,0.053,1,1.905,0.052,0.083,100.0,-2.5,0.6,1,0,0,OFFBOARD
1356,OUTBOUND,137.54,72.104,-1.224,1.654,1.583,0.639,-0.677,72.104,-1.374,1.583,0.053,0.053,1,1.905,0.052,0.083,100.0,-2.5,0.6,1,0,0,OFFBOARD
1357,OUTBOUND,137.64,72.104,-1.224,1.653,1.583,0.639,-0.677,72.104,-1.374,1.583,0.053,0.053,1,1.904,0.052,0.083,100.0,-2.5,0.6,1,0,0,OFFBOARD
1358,OUTBOUND,137.75,72.104,-1.224,1.653,1.583,0.639,-0.677,72.104,-1.374,1.583,0.053,0.053,1,1.904,0.052,0.083,100.0,-2.5,0.6,1,0,0,OFFBOARD
1359,OUTBOUND,137.85,72.104,-1.224,1.653,1.583,0.639,-0.677,72.104,-1.374,1.583,0.053,0.053,1,1.904,0.052,0.083,100.0,-2.5,0.6,1,0,0,OFFBOARD
1360,OUTBOUND,137.95,72.104,-1.224,1.653,1.583,0.639,-0.677,72.104,-1.374,1.583,0.053,0.053,1,1.904,0.052,0.083,100.0,-2.5,0.6,1,0,0,OFFBOARD
1361,OUTBOUND,138.05,72.104,-1.224,1.653,1.583,0.639,-0.677,72.104,-1.374,1.583,0.053,0.053,1,1.904,0.052,0.083,100.0,-2.5,0.6,1,0,0,OFFBOARD
1362,OUTBOUND,138.15,72.104,-1.224,1.653,1.583,0.639,-0.677,72.104,-1.374,1.583,0.053,0.053,1,1.904,0.052,0.083,100.0,-2.5,0.6,1,0,0,OFFBOARD
1363,OUTBOUND,138.25,72.104,-1.224,1.653,1.583,0.639,-0.677,72.104,-1.374,1.583,0.053,0.053,1,1.904,0.052,0.083,100.0,-2.5,0.6,1,0,0,OFFBOARD
1364,OUTBOUND,138.35,72.104,-1.224,1.652,1.583,0.639,-0.677,72.104,-1.374,1.583,0.053,0.053,1,1.903,0.052,0.083,100.0,-2.5,0.6,1,0,0,OFFBOARD
1365,OUTBOUND,138.46,72.104,-1.223,1.652,1.583,0.639,-0.677,72.104,-1.373,1.583,0.053,0.053,1,1.903,0.052,0.083,100.0,-2.5,0.6,1,0,0,OFFBOARD
1366,OUTBOUND,138.56,72.104,-1.223,1.652,1.583,0.639,-0.677,72.104,-1.373,1.583,0.053,0.053,1,1.903,0.052,0.083,100.0,-2.5,0.6,1,0,0,OFFBOARD
1367,OUTBOUND,138.66,72.104,-1.223,1.652,1.583,0.639,-0.677,72.104,-1.373,1.583,0.053,0.053,1,1.903,0.052,0.083,100.0,-2.5,0.6,1,0,0,OFFBOARD
1368,OUTBOUND,138.76,72.104,-1.223,1.652,1.583,0.639,-0.677,72.104,-1.373,1.583,0.053,0.053,1,1.903,0.052,0.083,100.0,-2.5,0.6,1,0,0,OFFBOARD
1369,OUTBOUND,138.86,72.104,-1.223,1.652,1.583,0.639,-0.677,72.104,-1.373,1.583,0.053,0.053,1,1.903,0.052,0.083,100.0,-2.5,0.6,1,0,0,OFFBOARD
1370,OUTBOUND,138.96,72.104,-1.223,1.652,1.583,0.639,-0.677,72.104,-1.373,1.583,0.053,0.053,1,1.902,0.052,0.083,100.0,-2.5,0.6,1,0,0,OFFBOARD
1371,OUTBOUND,139.06,72.104,-1.223,1.652,1.583,0.639,-0.677,72.104,-1.373,1.583,0.053,0.053,1,1.902,0.052,0.083,100.0,-2.5,0.6,1,0,0,OFFBOARD
1372,OUTBOUND,139.16,72.104,-1.223,1.651,1.583,0.639,-0.677,72.104,-1.373,1.583,0.053,0.053,1,1.902,0.052,0.083,100.0,-2.5,0.6,1,0,0,OFFBOARD
1373,OUTBOUND,139.27,72.104,-1.223,1.651,1.583,0.639,-0.677,72.104,-1.372,1.583,0.053,0.053,1,1.902,0.052,0.083,100.0,-2.5,0.6,1,0,0,OFFBOARD
1374,OUTBOUND,139.37,72.104,-1.222,1.651,1.583,0.639,-0.677,72.104,-1.372,1.583,0.053,0.053,1,1.902,0.052,0.083,100.0,-2.5,0.6,1,0,0,OFFBOARD
1375,OUTBOUND,139.47,72.104,-1.222,1.651,1.583,0.639,-0.677,72.104,-1.372,1.583,0.053,0.053,1,1.902,0.052,0.083,100.0,-2.5,0.6,1,0,0,OFFBOARD
1376,OUTBOUND,139.57,72.104,-1.222,1.651,1.583,0.639,-0.677,72.104,-1.372,1.583,0.053,0.053,1,1.901,0.052,0.083,100.0,-2.5,0.6,1,0,0,OFFBOARD
1377,OUTBOUND,139.67,72.104,-1.222,1.651,1.583,0.639,-0.677,72.104,-1.372,1.583,0.053,0.053,1,1.901,0.052,0.083,100.0,-2.5,0.6,1,0,0,OFFBOARD
1378,OUTBOUND,139.77,72.104,-1.222,1.651,1.583,0.639,-0.677,72.104,-1.372,1.583,0.053,0.053,1,1.901,0.052,0.083,100.0,-2.5,0.6,1,0,0,OFFBOARD
1379,OUTBOUND,139.87,72.104,-1.222,1.65,1.583,0.639,-0.677,72.104,-1.372,1.583,0.053,0.053,1,1.901,0.052,0.083,100.0,-2.5,0.6,1,0,0,OFFBOARD
1380,OUTBOUND,139.98,72.104,-1.222,1.65,1.583,0.639,-0.677,72.104,-1.372,1.583,0.053,0.053,1,1.901,0.052,0.083,100.0,-2.5,0.6,1,0,0,OFFBOARD
1381,OUTBOUND,140.08,72.104,-1.222,1.65,1.583,0.639,-0.677,72.104,-1.372,1.583,0.053,0.053,1,1.901,0.052,0.083,100.0,-2.5,0.6,1,0,0,OFFBOARD
1382,OUTBOUND,140.18,72.104,-1.222,1.65,1.583,0.639,-0.677,72.104,-1.371,1.583,0.053,0.053,1,1.9,0.052,0.083,100.0,-2.5,0.6,1,0,0,OFFBOARD
1383,OUTBOUND,140.28,72.104,-1.221,1.65,1.583,0.639,-0.677,72.104,-1.371,1.583,0.053,0.053,1,1.9,0.052,0.083,100.0,-2.5,0.6,1,0,0,OFFBOARD
1384,OUTBOUND,140.38,72.104,-1.221,1.65,1.583,0.639,-0.677,72.104,-1.371,1.583,0.053,0.053,1,1.9,0.052,0.083,100.0,-2.5,0.6,1,0,0,OFFBOARD
1385,OUTBOUND,140.49,72.104,-1.221,1.65,1.583,0.639,-0.677,72.104,-1.371,1.583,0.053,0.053,1,1.9,0.052,0.083,100.0,-2.5,0.6,1,0,0,OFFBOARD
1386,OUTBOUND,140.59,72.104,-1.221,1.649,1.583,0.639,-0.677,72.104,-1.371,1.583,0.053,0.053,1,1.9,0.052,0.083,100.0,-2.5,0.6,1,0,0,OFFBOARD
1387,OUTBOUND,140.69,72.104,-1.221,1.649,1.583,0.639,-0.677,72.104,-1.371,1.583,0.053,0.053,1,1.9,0.052,0.083,100.0,-2.5,0.6,1,0,0,OFFBOARD
1388,OUTBOUND,140.79,72.104,-1.221,1.649,1.583,0.639,-0.677,72.104,-1.371,1.583,0.053,0.053,1,1.9,0.052,0.083,100.0,-2.5,0.6,1,0,0,OFFBOARD
1389,OUTBOUND,140.89,72.104,-1.221,1.649,1.583,0.639,-0.677,72.104,-1.371,1.583,0.053,0.053,1,1.899,0.052,0.083,100.0,-2.5,0.6,1,0,0,OFFBOARD
1390,OUTBOUND,140.99,72.104,-1.221,1.649,1.583,0.639,-0.677,72.104,-1.371,1.583,0.053,0.053,1,1.899,0.052,0.083,100.0,-2.5,0.6,1,0,0,OFFBOARD
1391,OUTBOUND,141.09,72.104,-1.221,1.649,1.583,0.639,-0.677,72.104,-1.37,1.583,0.053,0.053,1,1.899,0.052,0.083,100.0,-2.5,0.6,1,0,0,OFFBOARD
1392,OUTBOUND,141.2,72.104,-1.22,1.649,1.583,0.639,-0.677,72.104,-1.37,1.583,0.053,0.053,1,1.899,0.052,0.083,100.0,-2.5,0.6,1,0,0,OFFBOARD
1393,OUTBOUND,141.3,72.104,-1.22,1.649,1.583,0.639,-0.677,72.104,-1.37,1.583,0.053,0.053,1,1.899,0.052,0.083,100.0,-2.5,0.6,1,0,0,OFFBOARD
1394,OUTBOUND,141.4,72.104,-1.22,1.648,1.583,0.639,-0.677,72.104,-1.37,1.583,0.053,0.053,1,1.899,0.052,0.083,100.0,-2.5,0.6,1,0,0,OFFBOARD
1395,OUTBOUND,141.5,72.104,-1.22,1.648,1.583,0.639,-0.677,72.104,-1.37,1.583,0.053,0.053,1,1.898,0.052,0.083,100.0,-2.5,0.6,1,0,0,OFFBOARD
1396,OUTBOUND,141.6,72.104,-1.22,1.648,1.583,0.639,-0.677,72.104,-1.37,1.583,0.053,0.053,1,1.898,0.052,0.083,100.0,-2.5,0.6,1,0,0,OFFBOARD
1397,OUTBOUND,141.7,72.104,-1.22,1.648,1.583,0.639,-0.677,72.104,-1.37,1.583,0.053,0.053,1,1.898,0.052,0.083,100.0,-2.5,0.6,1,0,0,OFFBOARD
1398,OUTBOUND,141.8,72.104,-1.22,1.648,1.583,0.639,-0.677,72.104,-1.37,1.583,0.053,0.053,1,1.898,0.052,0.083,100.0,-2.5,0.6,1,0,0,OFFBOARD
1399,OUTBOUND,141.91,72.104,-1.22,1.648,1.583,0.639,-0.677,72.104,-1.37,1.583,0.053,0.053,1,1.898,0.052,0.083,100.0,-2.5,0.6,1,0,0,OFFBOARD
1400,OUTBOUND,142.01,72.104,-1.22,1.648,1.583,0.639,-0.677,72.104,-1.369,1.583,0.053,0.053,1,1.898,0.052,0.083,100.0,-2.5,0.6,1,0,0,OFFBOARD
1401,OUTBOUND,142.11,72.104,-1.219,1.647,1.583,0.639,-0.677,72.104,-1.369,1.583,0.053,0.053,1,1.897,0.052,0.083,100.0,-2.5,0.6,1,0,0,OFFBOARD
1402,OUTBOUND,142.21,72.104,-1.219,1.647,1.583,0.639,-0.677,72.104,-1.369,1.583,0.053,0.053,1,1.897,0.052,0.083,100.0,-2.5,0.6,1,0,0,OFFBOARD
1403,OUTBOUND,142.31,72.104,-1.219,1.647,1.583,0.639,-0.677,72.104,-1.369,1.583,0.053,0.053,1,1.897,0.052,0.083,100.0,-2.5,0.6,1,0,0,OFFBOARD
1404,OUTBOUND,142.41,72.104,-1.219,1.647,1.583,0.639,-0.677,72.104,-1.369,1.583,0.053,0.053,1,1.897,0.052,0.083,100.0,-2.5,0.6,1,0,0,OFFBOARD
1405,OUTBOUND,142.52,72.104,-1.219,1.647,1.583,0.639,-0.677,72.104,-1.369,1.583,0.053,0.053,1,1.897,0.052,0.083,100.0,-2.5,0.6,1,0,0,OFFBOARD
1406,OUTBOUND,142.62,72.104,-1.219,1.647,1.583,0.639,-0.677,72.104,-1.369,1.583,0.053,0.053,1,1.897,0.052,0.083,100.0,-2.5,0.6,1,0,0,OFFBOARD
1407,OUTBOUND,142.72,72.104,-1.219,1.647,1.583,0.639,-0.677,72.104,-1.369,1.583,0.053,0.053,1,1.896,0.052,0.083,100.0,-2.5,0.6,1,0,0,OFFBOARD
1408,OUTBOUND,142.82,72.104,-1.219,1.646,1.583,0.639,-0.677,72.104,-1.369,1.583,0.053,0.053,1,1.896,0.052,0.083,100.0,-2.5,0.6,1,0,0,OFFBOARD
1409,OUTBOUND,142.92,72.104,-1.218,1.646,1.583,0.639,-0.677,72.104,-1.368,1.583,0.053,0.053,1,1.896,0.052,0.083,100.0,-2.5,0.6,1,0,0,OFFBOARD
1410,OUTBOUND,143.02,72.104,-1.218,1.646,1.583,0.639,-0.677,72.104,-1.368,1.583,0.053,0.053,1,1.896,0.052,0.083,100.0,-2.5,0.6,1,0,0,OFFBOARD
1411,OUTBOUND,143.12,72.104,-1.218,1.646,1.583,0.639,-0.677,72.104,-1.368,1.583,0.053,0.053,1,1.896,0.052,0.083,100.0,-2.5,0.6,1,0,0,OFFBOARD
1412,OUTBOUND,143.23,72.104,-1.218,1.646,1.583,0.639,-0.677,72.104,-1.368,1.583,0.053,0.053,1,1.896,0.052,0.083,100.0,-2.5,0.6,1,0,0,OFFBOARD
1413,OUTBOUND,143.33,72.104,-1.218,1.646,1.583,0.639,-0.677,72.104,-1.368,1.583,0.053,0.053,1,1.896,0.052,0.083,100.0,-2.5,0.6,1,0,0,OFFBOARD
1414,OUTBOUND,143.43,72.104,-1.218,1.646,1.583,0.639,-0.677,72.104,-1.368,1.583,0.053,0.053,1,1.895,0.052,0.083,100.0,-2.5,0.6,1,0,0,OFFBOARD
1415,OUTBOUND,143.53,72.104,-1.218,1.646,1.583,0.639,-0.677,72.104,-1.368,1.583,0.053,0.053,1,1.895,0.052,0.083,100.0,-2.5,0.6,1,0,0,OFFBOARD
1416,OUTBOUND,143.63,72.104,-1.218,1.645,1.583,0.639,-0.677,72.104,-1.368,1.583,0.053,0.053,1,1.895,0.052,0.083,100.0,-2.5,0.6,1,0,0,OFFBOARD
1417,OUTBOUND,143.73,72.104,-1.218,1.645,1.583,0.639,-0.677,72.104,-1.368,1.583,0.053,0.053,1,1.895,0.052,0.083,100.0,-2.5,0.6,1,0,0,OFFBOARD
1418,OUTBOUND,143.83,72.104,-1.217,1.645,1.583,0.639,-0.677,72.104,-1.367,1.583,0.053,0.053,1,1.895,0.052,0.083,100.0,-2.5,0.6,1,0,0,OFFBOARD
1419,OUTBOUND,143.93,72.104,-1.217,1.645,1.583,0.639,-0.677,72.104,-1.367,1.583,0.053,0.053,1,1.895,0.052,0.083,100.0,-2.5,0.6,1,0,0,OFFBOARD
1420,OUTBOUND,144.03,72.104,-1.217,1.645,1.583,0.639,-0.677,72.104,-1.367,1.583,0.053,0.053,1,1.894,0.052,0.083,100.0,-2.5,0.6,1,0,0,OFFBOARD
1421,OUTBOUND,144.14,72.104,-1.217,1.645,1.583,0.639,-0.677,72.104,-1.367,1.583,0.053,0.053,1,1.894,0.052,0.083,100.0,-2.5,0.6,1,0,0,OFFBOARD
1422,OUTBOUND,144.24,72.104,-1.217,1.645,1.583,0.639,-0.677,72.104,-1.367,1.583,0.053,0.053,1,1.894,0.052,0.083,100.0,-2.5,0.6,1,0,0,OFFBOARD
1423,OUTBOUND,144.34,72.104,-1.217,1.644,1.583,0.639,-0.677,72.104,-1.367,1.583,0.053,0.053,1,1.894,0.052,0.083,100.0,-2.5,0.6,1,0,0,OFFBOARD
1424,OUTBOUND,144.44,72.104,-1.217,1.644,1.583,0.639,-0.677,72.104,-1.367,1.583,0.053,0.053,1,1.894,0.052,0.083,100.0,-2.5,0.6,1,0,0,OFFBOARD
1425,OUTBOUND,144.54,72.104,-1.217,1.644,1.583,0.639,-0.677,72.104,-1.367,1.583,0.053,0.053,1,1.894,0.052,0.083,100.0,-2.5,0.6,1,0,0,OFFBOARD
1426,OUTBOUND,144.64,72.104,-1.217,1.644,1.583,0.639,-0.677,72.104,-1.366,1.583,0.053,0.053,1,1.894,0.052,0.083,100.0,-2.5,0.6,1,0,0,OFFBOARD
1427,OUTBOUND,144.75,72.104,-1.216,1.644,1.583,0.639,-0.677,72.104,-1.366,1.583,0.053,0.053,1,1.893,0.052,0.083,100.0,-2.5,0.6,1,0,0,OFFBOARD
1428,OUTBOUND,144.85,72.104,-1.216,1.644,1.583,0.639,-0.677,72.104,-1.366,1.583,0.053,0.053,1,1.893,0.052,0.083,100.0,-2.5,0.6,1,0,0,OFFBOARD
1429,OUTBOUND,144.95,72.104,-1.216,1.644,1.583,0.639,-0.677,72.104,-1.366,1.583,0.053,0.053,1,1.893,0.052,0.083,100.0,-2.5,0.6,1,0,0,OFFBOARD
1430,OUTBOUND,145.05,72.104,-1.216,1.644,1.583,0.639,-0.677,72.104,-1.366,1.583,0.053,0.053,1,1.893,0.052,0.083,100.0,-2.5,0.6,1,0,0,OFFBOARD
1431,OUTBOUND,145.15,72.104,-1.216,1.643,1.583,0.639,-0.677,72.104,-1.366,1.583,0.053,0.053,1,1.893,0.052,0.083,100.0,-2.5,0.6,1,0,0,OFFBOARD
1432,OUTBOUND,145.25,72.104,-1.216,1.643,1.583,0.639,-0.677,72.104,-1.366,1.583,0.053,0.053,1,1.893,0.052,0.083,100.0,-2.5,0.6,1,0,0,OFFBOARD
1433,OUTBOUND,145.36,72.104,-1.216,1.643,1.583,0.639,-0.677,72.104,-1.366,1.583,0.053,0.053,1,1.892,0.052,0.083,100.0,-2.5,0.6,1,0,0,OFFBOARD
1434,OUTBOUND,145.46,72.104,-1.216,1.643,1.583,0.639,-0.677,72.104,-1.366,1.583,0.053,0.053,1,1.892,0.052,0.083,100.0,-2.5,0.6,1,0,0,OFFBOARD
1435,OUTBOUND,145.56,72.104,-1.216,1.643,1.583,0.639,-0.677,72.104,-1.365,1.583,0.053,0.053,1,1.892,0.052,0.083,100.0,-2.5,0.6,1,0,0,OFFBOARD
1436,OUTBOUND,145.66,72.104,-1.215,1.643,1.583,0.639,-0.677,72.104,-1.365,1.583,0.053,0.053,1,1.892,0.052,0.083,100.0,-2.5,0.6,1,0,0,OFFBOARD
1437,OUTBOUND,145.76,72.104,-1.215,1.643,1.583,0.639,-0.677,72.104,-1.365,1.583,0.053,0.053,1,1.892,0.052,0.083,100.0,-2.5,0.6,1,0,0,OFFBOARD
1438,OUTBOUND,145.86,72.104,-1.215,1.642,1.583,0.639,-0.677,72.104,-1.365,1.583,0.053,0.053,1,1.892,0.052,0.083,100.0,-2.5,0.6,1,0,0,OFFBOARD
1439,OUTBOUND,145.96,72.104,-1.215,1.642,1.583,0.639,-0.677,72.104,-1.365,1.583,0.053,0.053,1,1.891,0.052,0.083,100.0,-2.5,0.6,1,0,0,OFFBOARD
1440,OUTBOUND,146.06,72.104,-1.215,1.642,1.583,0.639,-0.677,72.104,-1.365,1.583,0.053,0.053,1,1.891,0.052,0.083,100.0,-2.5,0.6,1,0,0,OFFBOARD
1441,OUTBOUND,146.17,72.104,-1.215,1.642,1.583,0.639,-0.677,72.104,-1.365,1.583,0.053,0.053,1,1.891,0.052,0.083,100.0,-2.5,0.6,1,0,0,OFFBOARD
1442,OUTBOUND,146.27,72.104,-1.215,1.642,1.583,0.639,-0.677,72.104,-1.365,1.583,0.053,0.053,1,1.891,0.052,0.083,100.0,-2.5,0.6,1,0,0,OFFBOARD
1443,OUTBOUND,146.37,72.104,-1.215,1.642,1.583,0.639,-0.677,72.104,-1.365,1.583,0.053,0.053,1,1.891,0.052,0.083,100.0,-2.5,0.6,1,0,0,OFFBOARD
1444,OUTBOUND,146.47,72.104,-1.215,1.642,1.583,0.639,-0.677,72.104,-1.364,1.583,0.053,0.053,1,1.891,0.052,0.083,100.0,-2.5,0.6,1,0,0,OFFBOARD
1445,OUTBOUND,146.57,72.104,-1.214,1.642,1.583,0.639,-0.677,72.104,-1.364,1.583,0.053,0.053,1,1.89,0.052,0.083,100.0,-2.5,0.6,1,0,0,OFFBOARD
1446,OUTBOUND,146.67,72.104,-1.214,1.641,1.583,0.639,-0.677,72.104,-1.364,1.583,0.053,0.053,1,1.89,0.052,0.083,100.0,-2.5,0.6,1,0,0,OFFBOARD
1447,OUTBOUND,146.77,72.104,-1.214,1.641,1.583,0.639,-0.677,72.104,-1.364,1.583,0.053,0.053,1,1.89,0.052,0.083,100.0,-2.5,0.6,1,0,0,OFFBOARD
1448,OUTBOUND,146.88,72.104,-1.214,1.641,1.583,0.639,-0.677,72.104,-1.364,1.583,0.053,0.053,1,1.89,0.052,0.083,100.0,-2.5,0.6,1,0,0,OFFBOARD
1449,OUTBOUND,146.98,72.104,-1.214,1.641,1.583,0.639,-0.677,72.104,-1.364,1.583,0.053,0.053,1,1.89,0.052,0.083,100.0,-2.5,0.6,1,0,0,OFFBOARD
1450,OUTBOUND,147.08,72.104,-1.214,1.641,1.583,0.639,-0.677,72.104,-1.364,1.583,0.053,0.053,1,1.89,0.052,0.083,100.0,-2.5,0.6,1,0,0,OFFBOARD
1451,OUTBOUND,147.18,72.104,-1.214,1.641,1.583,0.639,-0.677,72.104,-1.364,1.583,0.053,0.053,1,1.889,0.052,0.083,100.0,-2.5,0.6,1,0,0,OFFBOARD
1452,OUTBOUND,147.28,72.104,-1.214,1.641,1.583,0.639,-0.677,72.104,-1.364,1.583,0.053,0.053,1,1.889,0.052,0.083,100.0,-2.5,0.6,1,0,0,OFFBOARD
1453,OUTBOUND,147.38,72.104,-1.214,1.64,1.583,0.639,-0.677,72.104,-1.363,1.583,0.053,0.053,1,1.889,0.052,0.083,100.0,-2.5,0.6,1,0,0,OFFBOARD
1454,OUTBOUND,147.49,72.104,-1.213,1.64,1.583,0.639,-0.677,72.104,-1.363,1.583,0.053,0.053,1,1.889,0.052,0.083,100.0,-2.5,0.6,1,0,0,OFFBOARD
1455,OUTBOUND,147.59,72.104,-1.213,1.64,1.583,0.639,-0.677,72.104,-1.363,1.583,0.053,0.053,1,1.889,0.052,0.083,100.0,-2.5,0.6,1,0,0,OFFBOARD
1456,OUTBOUND,147.69,72.104,-1.213,1.64,1.583,0.639,-0.677,72.104,-1.363,1.583,0.053,0.053,1,1.889,0.052,0.083,100.0,-2.5,0.6,1,0,0,OFFBOARD
1457,OUTBOUND,147.79,72.104,-1.213,1.64,1.583,0.639,-0.677,72.104,-1.363,1.583,0.053,0.053,1,1.889,0.052,0.083,100.0,-2.5,0.6,1,0,0,OFFBOARD
1458,OUTBOUND,147.89,72.104,-1.213,1.64,1.583,0.639,-0.677,72.104,-1.363,1.583,0.053,0.053,1,1.888,0.052,0.083,100.0,-2.5,0.6,1,0,0,OFFBOARD
1459,OUTBOUND,147.99,72.104,-1.213,1.64,1.583,0.639,-0.677,72.104,-1.363,1.583,0.053,0.053,1,1.888,0.052,0.083,100.0,-2.5,0.6,1,0,0,OFFBOARD
1460,OUTBOUND,148.09,72.104,-1.213,1.64,1.583,0.639,-0.677,72.104,-1.363,1.583,0.053,0.053,1,1.888,0.052,0.083,100.0,-2.5,0.6,1,0,0,OFFBOARD
1461,OUTBOUND,148.19,72.104,-1.213,1.639,1.583,0.639,-0.677,72.104,-1.363,1.583,0.053,0.053,1,1.888,0.052,0.083,100.0,-2.5,0.6,1,0,0,OFFBOARD
1462,OUTBOUND,148.3,72.104,-1.212,1.639,1.583,0.639,-0.677,72.104,-1.362,1.583,0.053,0.053,1,1.888,0.052,0.083,100.0,-2.5,0.6,1,0,0,OFFBOARD
1463,OUTBOUND,148.4,72.104,-1.212,1.639,1.583,0.639,-0.677,72.104,-1.362,1.583,0.053,0.053,1,1.888,0.052,0.083,100.0,-2.5,0.6,1,0,0,OFFBOARD
1464,OUTBOUND,148.5,72.104,-1.212,1.639,1.583,0.639,-0.677,72.104,-1.362,1.583,0.053,0.053,1,1.887,0.052,0.083,100.0,-2.5,0.6,1,0,0,OFFBOARD
1465,OUTBOUND,148.6,72.104,-1.212,1.639,1.583,0.639,-0.677,72.104,-1.362,1.583,0.053,0.053,1,1.887,0.052,0.083,100.0,-2.5,0.6,1,0,0,OFFBOARD
1466,OUTBOUND,148.7,72.104,-1.212,1.639,1.583,0.639,-0.677,72.104,-1.362,1.583,0.053,0.053,1,1.887,0.052,0.083,100.0,-2.5,0.6,1,0,0,OFFBOARD
1467,OUTBOUND,148.8,72.104,-1.212,1.639,1.583,0.639,-0.677,72.104,-1.362,1.583,0.053,0.053,1,1.887,0.052,0.083,100.0,-2.5,0.6,1,0,0,OFFBOARD
1468,OUTBOUND,148.9,72.104,-1.212,1.638,1.583,0.639,-0.677,72.104,-1.362,1.583,0.053,0.053,1,1.887,0.052,0.083,100.0,-2.5,0.6,1,0,0,OFFBOARD
1469,OUTBOUND,149.01,72.104,-1.212,1.638,1.583,0.639,-0.677,72.104,-1.362,1.583,0.053,0.053,1,1.887,0.052,0.083,100.0,-2.5,0.6,1,0,0,OFFBOARD
1470,OUTBOUND,149.11,72.104,-1.212,1.638,1.583,0.639,-0.677,72.104,-1.362,1.583,0.053,0.053,1,1.887,0.052,0.083,100.0,-2.5,0.6,1,0,0,OFFBOARD
1471,OUTBOUND,149.21,72.104,-1.211,1.638,1.583,0.639,-0.677,72.104,-1.361,1.583,0.053,0.053,1,1.886,0.052,0.083,100.0,-2.5,0.6,1,0,0,OFFBOARD
1472,OUTBOUND,149.31,72.104,-1.211,1.638,1.583,0.639,-0.677,72.104,-1.361,1.583,0.053,0.053,1,1.886,0.052,0.083,100.0,-2.5,0.6,1,0,0,OFFBOARD
1473,OUTBOUND,149.41,72.104,-1.211,1.638,1.583,0.639,-0.677,72.104,-1.361,1.583,0.053,0.053,1,1.886,0.052,0.083,100.0,-2.5,0.6,1,0,0,OFFBOARD
1474,OUTBOUND,149.51,72.104,-1.211,1.638,1.583,0.639,-0.677,72.104,-1.361,1.583,0.053,0.053,1,1.886,0.052,0.083,100.0,-2.5,0.6,1,0,0,OFFBOARD
1475,OUTBOUND,149.62,72.104,-1.211,1.637,1.583,0.639,-0.677,72.104,-1.361,1.583,0.053,0.053,1,1.886,0.052,0.083,100.0,-2.5,0.6,1,0,0,OFFBOARD
1476,OUTBOUND,149.72,72.104,-1.211,1.637,1.583,0.639,-0.677,72.104,-1.361,1.583,0.053,0.053,1,1.886,0.052,0.083,100.0,-2.5,0.6,1,0,0,OFFBOARD
1477,OUTBOUND,149.82,72.104,-1.211,1.637,1.583,0.639,-0.677,72.104,-1.361,1.583,0.053,0.053,1,1.885,0.052,0.083,100.0,-2.5,0.6,1,0,0,OFFBOARD
1478,OUTBOUND,149.92,72.104,-1.211,1.637,1.583,0.639,-0.677,72.104,-1.361,1.583,0.053,0.053,1,1.885,0.052,0.083,100.0,-2.5,0.6,1,0,0,OFFBOARD
