step,phase,t_s,x_m,y_m,z_m,vx_ms,vy_ms,vz_ms,fwd_progress_m,lat_offset_m,speed_ms,front_d_m,min_depth_m,prox_alarm,depth_top,depth_mid,depth_bot,tgt_x,tgt_y,tgt_z,collision,near_miss,armed,mode
0,OUTBOUND,0.0,-0.0,0.3,1.576,1.664,-0.247,-0.767,-0.0,0.0,1.664,6.0,3.511,0,4.549,10.0,3.987,0.225,0.283,1.489,0,0,0,OFFBOARD
1,OUTBOUND,0.1,-0.0,0.3,1.569,1.664,-0.247,-0.767,-0.0,0.0,1.664,5.973,3.507,0,4.603,10.0,3.938,0.376,0.247,1.484,0,0,0,OFFBOARD
2,OUTBOUND,0.2,0.001,0.3,1.562,1.664,-0.247,-0.767,0.001,-0.0,1.664,5.699,3.493,0,4.73,10.0,3.797,0.479,0.197,1.485,0,0,0,OFFBOARD
3,OUTBOUND,0.3,0.004,0.3,1.554,1.664,-0.247,-0.767,0.004,-0.0,1.664,5.257,3.476,0,4.69,10.0,3.596,0.579,0.135,1.49,0,0,0,OFFBOARD
4,OUTBOUND,0.41,0.011,0.299,1.547,1.664,-0.247,-0.767,0.011,-0.001,1.664,4.829,3.556,0,5.39,10.0,3.39,0.679,0.069,1.498,0,0,0,OFFBOARD
5,OUTBOUND,0.51,0.026,0.296,1.54,1.664,-0.247,-0.767,0.026,-0.004,1.664,4.49,3.649,0,5.796,10.0,3.222,0.779,0.003,1.508,0,0,0,OFFBOARD
6,OUTBOUND,0.61,0.051,0.291,1.535,1.664,-0.247,-0.767,0.051,-0.009,1.664,4.261,3.988,0,5.756,6.87,3.109,0.879,-0.057,1.52,0,0,0,OFFBOARD
7,OUTBOUND,0.71,0.086,0.283,1.53,1.664,-0.247,-0.767,0.086,-0.017,1.664,4.143,3.98,0,5.759,6.615,3.051,0.979,-0.116,1.533,0,0,0,OFFBOARD
8,OUTBOUND,0.81,0.133,0.27,1.526,1.664,-0.247,-0.767,0.133,-0.029,1.664,4.125,3.931,0,5.779,6.605,3.046,1.079,-0.173,1.547,0,0,0,OFFBOARD
9,OUTBOUND,0.91,0.192,0.252,1.524,1.664,-0.247,-0.767,0.192,-0.048,1.664,4.187,3.964,0,5.68,6.792,3.083,1.179,-0.233,1.562,0,0,0,OFFBOARD
10,OUTBOUND,1.01,0.262,0.228,1.524,1.664,-0.247,-0.767,0.262,-0.072,1.664,4.312,4.055,0,5.59,10.0,3.151,1.279,-0.295,1.577,0,0,0,OFFBOARD
11,OUTBOUND,1.12,0.34,0.198,1.524,1.664,-0.247,-0.767,0.34,-0.102,1.664,4.483,4.09,0,5.535,10.0,3.24,1.379,-0.36,1.593,0,0,0,OFFBOARD
12,OUTBOUND,1.22,0.426,0.162,1.527,1.664,-0.247,-0.767,0.426,-0.138,1.664,4.672,4.096,0,5.48,6.981,3.336,1.479,-0.428,1.608,0,0,0,OFFBOARD
13,OUTBOUND,1.32,0.519,0.121,1.531,1.664,-0.247,-0.767,0.519,-0.179,1.664,4.866,4.123,0,5.4,10.0,3.43,1.579,-0.495,1.622,0,0,0,OFFBOARD
14,OUTBOUND,1.42,0.614,0.076,1.536,1.664,-0.247,-0.767,0.614,-0.224,1.664,5.098,4.099,0,5.205,10.0,3.542,1.679,-0.564,1.636,0,0,0,OFFBOARD
15,OUTBOUND,1.52,0.719,0.023,1.542,1.664,-0.247,-0.767,0.719,-0.277,1.664,5.246,4.011,0,5.093,10.0,3.613,1.779,-0.633,1.649,0,0,0,OFFBOARD
16,OUTBOUND,1.63,0.825,-0.032,1.55,1.664,-0.247,-0.767,0.825,-0.332,1.664,5.376,3.918,0,4.992,10.0,3.676,1.879,-0.702,1.66,0,0,0,OFFBOARD
17,OUTBOUND,1.73,0.933,-0.09,1.558,1.664,-0.247,-0.767,0.933,-0.39,1.664,5.495,3.831,0,4.9,10.0,3.733,1.98,-0.77,1.671,0,0,0,OFFBOARD
18,OUTBOUND,1.83,1.043,-0.151,1.567,1.664,-0.247,-0.767,1.043,-0.451,1.664,5.61,3.725,0,4.818,10.0,3.79,2.097,-0.831,1.68,0,0,0,OFFBOARD
19,OUTBOUND,1.93,1.156,-0.215,1.577,1.664,-0.247,-0.767,1.156,-0.515,1.664,5.723,3.618,0,4.747,10.0,3.845,2.242,-0.888,1.687,0,0,0,OFFBOARD
20,OUTBOUND,2.03,1.27,-0.283,1.587,1.664,-0.247,-0.767,1.27,-0.583,1.664,5.812,3.507,0,4.68,10.0,3.89,2.401,-0.939,1.693,0,0,0,OFFBOARD
21,OUTBOUND,2.13,1.385,-0.351,1.597,1.664,-0.247,-0.767,1.385,-0.651,1.664,5.802,3.393,0,4.632,10.0,3.913,2.59,-0.98,1.698,0,0,0,OFFBOARD
22,OUTBOUND,2.23,1.501,-0.422,1.607,1.664,-0.247,-0.767,1.501,-0.722,1.664,5.759,3.275,0,4.512,10.0,3.902,2.83,-1.012,1.702,0,0,0,OFFBOARD
23,OUTBOUND,2.34,1.619,-0.494,1.617,1.664,-0.247,-0.767,1.619,-0.794,1.664,5.642,3.152,0,4.382,10.0,3.848,3.114,-1.031,1.704,0,0,0,OFFBOARD
24,OUTBOUND,2.44,1.74,-0.566,1.626,1.664,-0.247,-0.767,1.74,-0.866,1.664,5.47,3.034,0,4.257,10.0,3.738,3.434,-1.036,1.705,0,0,0,OFFBOARD
25,OUTBOUND,2.54,1.865,-0.638,1.635,1.664,-0.247,-0.767,1.865,-0.938,1.664,5.129,2.985,0,4.811,10.0,3.59,3.79,-1.039,1.704,0,0,0,OFFBOARD
26,OUTBOUND,2.64,1.998,-0.709,1.644,1.664,-0.247,-0.767,1.998,-1.009,1.664,4.784,2.938,0,4.998,10.0,3.432,4.157,-1.043,1.703,0,0,0,OFFBOARD
27,OUTBOUND,2.74,2.139,-0.776,1.652,1.664,-0.247,-0.767,2.139,-1.076,1.664,4.547,3.15,0,4.977,10.0,3.324,4.478,-1.063,1.7,0,0,0,OFFBOARD
28,OUTBOUND,2.84,2.293,-0.841,1.659,1.664,-0.247,-0.767,2.293,-1.141,1.664,4.468,3.068,0,4.837,6.952,3.294,4.724,-1.084,1.696,0,0,0,OFFBOARD
29,OUTBOUND,2.94,2.458,-0.9,1.665,1.664,-0.247,-0.767,2.458,-1.2,1.664,4.542,2.96,0,4.691,10.0,3.343,4.89,-1.103,1.69,0,0,0,OFFBOARD
30,OUTBOUND,3.05,2.631,-0.954,1.67,1.664,-0.247,-0.767,2.631,-1.254,1.664,4.742,2.827,0,4.543,10.0,3.462,5.034,-1.11,1.684,0,0,0,OFFBOARD
31,OUTBOUND,3.15,2.817,-1.002,1.674,1.664,-0.247,-0.767,2.816,-1.302,1.664,5.081,2.681,0,4.354,10.0,3.635,5.177,-1.101,1.678,0,0,0,OFFBOARD
32,OUTBOUND,3.25,3.006,-1.045,1.677,1.664,-0.247,-0.767,3.006,-1.345,1.664,5.453,2.574,0,4.109,6.999,3.736,5.337,-1.078,1.671,0,0,0,OFFBOARD
33,OUTBOUND,3.35,3.2,-1.081,1.68,1.664,-0.247,-0.767,3.2,-1.381,1.664,5.363,2.48,0,3.89,6.654,3.843,5.456,-1.034,1.664,0,0,0,OFFBOARD
34,OUTBOUND,3.45,3.389,-1.112,1.681,1.664,-0.247,-0.767,3.389,-1.412,1.664,5.034,2.378,0,3.677,6.4,4.161,5.584,-0.952,1.656,0,0,0,OFFBOARD
35,OUTBOUND,3.56,3.591,-1.139,1.681,1.664,-0.247,-0.767,3.591,-1.439,1.664,4.895,2.339,0,3.593,6.211,4.241,5.728,-0.831,1.649,0,0,0,OFFBOARD
36,OUTBOUND,3.66,3.785,-1.16,1.68,1.664,-0.247,-0.767,3.785,-1.46,1.664,4.765,2.25,0,3.509,6.021,4.248,5.899,-0.673,1.642,0,0,0,OFFBOARD
37,OUTBOUND,3.76,3.983,-1.174,1.679,1.664,-0.247,-0.767,3.983,-1.474,1.664,4.57,1.996,1,3.314,5.955,4.219,6.128,-0.48,1.635,0,0,0,OFFBOARD
38,OUTBOUND,3.86,4.177,-1.18,1.677,1.664,-0.247,-0.767,4.177,-1.48,1.664,4.374,1.741,1,3.125,6.695,4.173,6.412,-0.271,1.616,0,0,0,OFFBOARD
39,OUTBOUND,3.96,4.374,-1.175,1.673,1.664,-0.247,-0.767,4.374,-1.475,1.664,4.344,1.487,1,3.596,6.69,4.128,6.71,-0.031,1.59,0,0,0,OFFBOARD
40,OUTBOUND,4.06,4.57,-1.158,1.669,1.664,-0.247,-0.767,4.57,-1.458,1.664,5.159,1.256,1,3.794,6.501,4.093,6.974,0.184,1.558,0,0,0,OFFBOARD
41,OUTBOUND,4.17,4.77,-1.126,1.663,1.664,-0.247,-0.767,4.77,-1.425,1.664,5.039,2.378,0,3.78,6.31,4.072,7.194,0.305,1.523,0,0,0,OFFBOARD
42,OUTBOUND,4.27,4.968,-1.075,1.656,1.664,-0.247,-0.767,4.968,-1.375,1.664,4.846,2.339,0,3.588,6.3,4.064,7.419,0.42,1.499,0,0,0,OFFBOARD
43,OUTBOUND,4.37,5.168,-1.005,1.646,1.664,-0.247,-0.767,5.168,-1.305,1.664,4.828,2.224,0,3.541,10.0,4.063,7.607,0.55,1.482,0,0,0,OFFBOARD
44,OUTBOUND,4.47,5.368,-0.915,1.635,1.664,-0.247,-0.767,5.368,-1.214,1.664,5.71,2.651,0,4.157,6.977,4.067,7.774,0.635,1.471,0,0,0,OFFBOARD
45,OUTBOUND,4.57,5.569,-0.805,1.622,1.664,-0.247,-0.767,5.569,-1.105,1.664,5.517,2.785,0,4.26,10.0,4.069,7.888,0.698,1.465,0,0,0,OFFBOARD
46,OUTBOUND,4.67,5.773,-0.677,1.609,1.664,-0.247,-0.767,5.773,-0.977,1.664,5.322,2.81,0,4.065,10.0,4.066,8.062,0.746,1.464,0,0,0,OFFBOARD
47,OUTBOUND,4.77,5.974,-0.537,1.595,1.664,-0.247,-0.767,5.974,-0.837,1.664,5.93,3.129,0,3.958,10.0,4.054,8.27,0.765,1.466,0,0,0,OFFBOARD
48,OUTBOUND,4.88,6.175,-0.388,1.581,1.664,-0.247,-0.767,6.175,-0.688,1.664,5.984,3.426,0,4.479,10.0,4.025,8.516,0.781,1.472,0,0,0,OFFBOARD
49,OUTBOUND,4.98,6.379,-0.232,1.568,1.664,-0.247,-0.767,6.379,-0.532,1.664,5.848,3.47,0,4.562,10.0,3.987,8.754,0.785,1.48,0,0,0,OFFBOARD
50,OUTBOUND,5.08,6.58,-0.078,1.556,1.664,-0.247,-0.767,6.58,-0.378,1.664,5.758,3.872,0,4.526,10.0,3.954,8.962,0.764,1.49,0,0,0,OFFBOARD
51,OUTBOUND,5.18,6.781,0.072,1.546,1.664,-0.247,-0.767,6.781,-0.228,1.664,5.751,3.957,0,4.326,10.0,3.928,9.129,0.721,1.502,0,0,0,OFFBOARD
52,OUTBOUND,5.28,6.985,0.217,1.537,1.664,-0.247,-0.767,6.985,-0.083,1.664,5.745,3.769,0,4.324,10.0,3.903,9.247,0.667,1.516,0,0,0,OFFBOARD
53,OUTBOUND,5.38,7.186,0.35,1.53,1.664,-0.247,-0.767,7.186,0.05,1.664,5.664,3.6,0,4.694,10.0,3.879,9.347,0.614,1.531,0,0,0,OFFBOARD
54,OUTBOUND,5.48,7.39,0.471,1.524,1.664,-0.247,-0.767,7.39,0.171,1.664,5.608,3.448,0,4.646,10.0,3.861,9.447,0.56,1.547,0,0,0,OFFBOARD
55,OUTBOUND,5.59,7.591,0.577,1.521,1.664,-0.247,-0.767,7.591,0.277,1.664,5.572,3.31,0,4.558,10.0,3.85,9.547,0.515,1.564,0,0,0,OFFBOARD
56,OUTBOUND,5.69,7.795,0.668,1.519,1.664,-0.247,-0.767,7.795,0.368,1.664,5.556,3.179,0,4.419,10.0,3.846,9.647,0.476,1.581,0,0,0,OFFBOARD
57,OUTBOUND,5.79,7.995,0.741,1.52,1.664,-0.247,-0.767,7.995,0.441,1.664,5.558,3.024,0,4.318,10.0,3.85,9.747,0.449,1.598,0,0,0,OFFBOARD
58,OUTBOUND,5.89,8.203,0.799,1.522,1.664,-0.247,-0.767,8.203,0.499,1.664,5.399,2.862,0,4.119,10.0,3.862,9.847,0.418,1.614,0,0,0,OFFBOARD
59,OUTBOUND,5.99,8.405,0.839,1.526,1.664,-0.247,-0.767,8.405,0.539,1.664,5.255,2.664,0,3.924,10.0,3.908,9.947,0.379,1.63,0,0,0,OFFBOARD
60,OUTBOUND,6.09,8.608,0.863,1.532,1.664,-0.247,-0.767,8.608,0.563,1.664,5.062,2.511,0,3.753,10.0,4.014,10.047,0.336,1.645,0,0,0,OFFBOARD
61,OUTBOUND,6.2,8.81,0.873,1.539,1.664,-0.247,-0.767,8.81,0.573,1.664,4.829,2.459,0,3.609,10.0,4.187,10.147,0.289,1.659,0,0,0,OFFBOARD
62,OUTBOUND,6.3,9.007,0.869,1.548,1.664,-0.247,-0.767,9.007,0.569,1.664,4.654,2.716,0,3.459,10.0,4.419,10.247,0.257,1.672,0,0,0,OFFBOARD
63,OUTBOUND,6.4,9.199,0.854,1.557,1.664,-0.247,-0.767,9.199,0.554,1.664,4.49,2.712,0,3.32,6.939,4.686,10.347,0.231,1.683,0,0,0,OFFBOARD
64,OUTBOUND,6.5,9.384,0.828,1.567,1.664,-0.247,-0.767,9.384,0.528,1.664,4.329,2.715,0,3.207,6.761,4.952,10.447,0.215,1.691,0,0,0,OFFBOARD
65,OUTBOUND,6.6,9.56,0.794,1.578,1.664,-0.247,-0.767,9.56,0.494,1.664,4.171,2.692,0,3.128,6.602,5.175,10.547,0.203,1.697,0,0,0,OFFBOARD
66,OUTBOUND,6.7,9.729,0.752,1.589,1.664,-0.247,-0.767,9.729,0.452,1.664,4.059,2.671,0,3.443,6.454,5.321,10.647,0.197,1.7,0,0,0,OFFBOARD
67,OUTBOUND,6.8,9.887,0.704,1.6,1.664,-0.247,-0.767,9.886,0.404,1.664,4.063,2.536,0,3.491,6.324,5.374,10.747,0.192,1.7,0,0,0,OFFBOARD
68,OUTBOUND,6.9,10.034,0.652,1.611,1.664,-0.247,-0.767,10.034,0.352,1.664,4.573,2.499,0,3.526,6.192,5.346,10.847,0.184,1.7,0,0,0,OFFBOARD
69,OUTBOUND,7.01,10.172,0.598,1.621,1.664,-0.247,-0.767,10.172,0.298,1.664,4.726,2.896,0,3.546,10.0,5.261,10.947,0.196,1.699,0,0,0,OFFBOARD
70,OUTBOUND,7.11,10.301,0.542,1.63,1.664,-0.247,-0.767,10.301,0.242,1.664,4.666,2.986,0,3.42,10.0,5.135,11.047,0.219,1.698,0,0,0,OFFBOARD
71,OUTBOUND,7.21,10.423,0.486,1.639,1.664,-0.247,-0.767,10.423,0.186,1.664,4.538,3.043,0,3.361,6.986,5.024,11.147,0.245,1.695,0,0,0,OFFBOARD
72,OUTBOUND,7.31,10.537,0.432,1.647,1.664,-0.247,-0.767,10.537,0.132,1.664,4.6,3.096,0,3.676,6.878,4.908,11.247,0.278,1.692,0,0,0,OFFBOARD
73,OUTBOUND,7.41,10.647,0.381,1.654,1.664,-0.247,-0.767,10.647,0.081,1.664,5.411,2.996,0,3.833,6.772,4.808,11.347,0.315,1.688,0,0,0,OFFBOARD
74,OUTBOUND,7.51,10.75,0.335,1.66,1.664,-0.247,-0.767,10.75,0.035,1.664,5.422,3.012,0,3.895,6.671,4.722,11.447,0.351,1.683,0,0,0,OFFBOARD
75,OUTBOUND,7.61,10.85,0.294,1.665,1.664,-0.247,-0.767,10.85,-0.006,1.664,5.317,3.43,0,3.968,6.575,4.649,11.547,0.402,1.678,0,0,0,OFFBOARD
76,OUTBOUND,7.72,10.946,0.26,1.669,1.664,-0.247,-0.767,10.946,-0.04,1.664,5.214,3.519,0,3.956,6.482,4.584,11.647,0.45,1.671,0,0,0,OFFBOARD
77,OUTBOUND,7.82,11.038,0.233,1.672,1.664,-0.247,-0.767,11.038,-0.067,1.664,5.18,3.542,0,3.923,6.452,4.564,11.747,0.496,1.662,0,0,0,OFFBOARD
78,OUTBOUND,7.92,11.128,0.214,1.674,1.664,-0.247,-0.767,11.128,-0.086,1.664,5.917,3.628,0,3.775,6.304,4.467,11.847,0.538,1.647,0,0,0,OFFBOARD
79,OUTBOUND,8.02,11.216,0.203,1.675,1.664,-0.247,-0.767,11.216,-0.097,1.664,6.043,3.643,0,3.82,6.219,4.411,11.947,0.594,1.633,0,0,0,OFFBOARD
80,OUTBOUND,8.12,11.303,0.201,1.675,1.664,-0.247,-0.767,11.303,-0.099,1.664,6.061,3.556,0,4.18,6.135,4.357,12.047,0.655,1.621,0,0,0,OFFBOARD
81,OUTBOUND,8.22,11.389,0.207,1.673,1.664,-0.247,-0.767,11.389,-0.093,1.664,5.955,3.439,0,4.279,6.025,4.286,12.147,0.71,1.609,0,0,0,OFFBOARD
82,OUTBOUND,8.32,11.474,0.221,1.67,1.664,-0.247,-0.767,11.474,-0.079,1.664,5.864,3.358,0,4.328,5.943,4.236,12.247,0.766,1.593,0,0,0,OFFBOARD
83,OUTBOUND,8.43,11.56,0.243,1.666,1.664,-0.247,-0.767,11.56,-0.057,1.664,5.773,3.345,0,4.376,5.86,4.189,12.347,0.821,1.573,0,0,0,OFFBOARD
84,OUTBOUND,8.53,11.646,0.272,1.661,1.664,-0.247,-0.767,11.646,-0.028,1.664,5.683,3.32,0,4.417,5.776,4.146,12.447,0.868,1.549,0,0,0,OFFBOARD
85,OUTBOUND,8.63,11.732,0.307,1.654,1.664,-0.247,-0.767,11.732,0.007,1.664,5.637,3.284,0,4.337,5.694,4.106,12.547,0.908,1.523,0,0,0,OFFBOARD
86,OUTBOUND,8.73,11.819,0.349,1.646,1.664,-0.247,-0.767,11.819,0.049,1.664,5.607,3.237,0,4.248,5.608,4.068,12.647,0.946,1.495,0,0,0,OFFBOARD
87,OUTBOUND,8.83,11.906,0.396,1.636,1.664,-0.247,-0.767,11.906,0.096,1.664,5.522,3.492,0,4.161,5.523,4.033,12.747,0.996,1.466,0,0,0,OFFBOARD
88,OUTBOUND,8.93,11.996,0.449,1.625,1.664,-0.247,-0.767,11.996,0.149,1.664,5.435,3.443,0,4.074,5.436,3.998,12.847,1.047,1.438,0,0,0,OFFBOARD
89,OUTBOUND,9.03,12.086,0.504,1.611,1.664,-0.247,-0.767,12.086,0.204,1.664,5.346,3.387,0,4.054,5.347,3.963,12.947,1.094,1.413,0,0,0,OFFBOARD
90,OUTBOUND,9.14,12.177,0.562,1.597,1.664,-0.247,-0.767,12.177,0.262,1.664,5.258,3.326,0,4.031,5.257,3.929,13.047,1.139,1.397,0,0,0,OFFBOARD
91,OUTBOUND,9.24,12.27,0.622,1.581,1.664,-0.247,-0.767,12.27,0.323,1.664,5.175,3.263,0,4.003,5.171,3.895,13.161,1.183,1.39,0,0,0,OFFBOARD
92,OUTBOUND,9.34,12.364,0.685,1.563,1.664,-0.247,-0.767,12.364,0.385,1.664,5.371,3.194,0,4.347,5.454,3.858,13.361,1.224,1.39,0,0,0,OFFBOARD
93,OUTBOUND,9.44,12.459,0.747,1.546,1.664,-0.247,-0.767,12.459,0.447,1.664,5.488,3.127,0,4.363,5.739,3.804,13.64,1.262,1.395,0,0,0,OFFBOARD
94,OUTBOUND,9.54,12.555,0.809,1.53,1.664,-0.247,-0.767,12.555,0.509,1.664,5.396,3.068,0,4.465,6.944,3.695,13.975,1.297,1.406,0,0,0,OFFBOARD
95,OUTBOUND,9.64,12.654,0.872,1.514,1.664,-0.247,-0.767,12.654,0.572,1.664,5.139,2.998,0,4.514,10.0,3.517,14.342,1.328,1.42,0,0,0,OFFBOARD
96,OUTBOUND,9.74,12.758,0.933,1.5,1.664,-0.247,-0.767,12.758,0.633,1.664,4.641,2.982,0,4.485,10.0,3.268,14.592,1.342,1.437,0,0,0,OFFBOARD
97,OUTBOUND,9.84,12.87,0.993,1.488,1.664,-0.247,-0.767,12.87,0.693,1.664,4.171,2.939,0,5.178,6.651,3.025,14.772,1.348,1.457,0,0,0,OFFBOARD
98,OUTBOUND,9.95,12.994,1.053,1.478,1.664,-0.247,-0.767,12.994,0.753,1.664,3.848,2.84,0,5.368,5.925,2.85,15.046,1.371,1.479,0,0,0,OFFBOARD
99,OUTBOUND,10.05,13.132,1.109,1.471,1.664,-0.247,-0.767,13.132,0.809,1.664,3.719,2.755,0,5.245,5.654,2.78,15.381,1.404,1.503,0,0,0,OFFBOARD
100,OUTBOUND,10.15,13.285,1.163,1.466,1.664,-0.247,-0.767,13.285,0.863,1.664,3.762,2.686,0,5.107,5.778,2.805,15.757,1.437,1.527,0,0,0,OFFBOARD
101,OUTBOUND,10.25,13.451,1.213,1.464,1.664,-0.247,-0.767,13.451,0.913,1.664,3.959,2.594,0,4.966,6.201,2.913,16.158,1.461,1.552,0,0,0,OFFBOARD
102,OUTBOUND,10.35,13.628,1.26,1.465,1.664,-0.247,-0.767,13.628,0.96,1.664,4.289,2.445,0,4.565,6.135,3.088,16.577,1.475,1.577,0,0,0,OFFBOARD
103,OUTBOUND,10.45,13.815,1.304,1.469,1.664,-0.247,-0.767,13.814,1.004,1.664,4.709,2.286,0,3.613,5.934,3.3,17.006,1.482,1.601,0,0,0,OFFBOARD
104,OUTBOUND,10.55,14.004,1.344,1.475,1.664,-0.247,-0.767,14.004,1.044,1.664,4.68,2.172,0,3.414,5.787,3.447,17.443,1.483,1.625,0,0,0,OFFBOARD
105,OUTBOUND,10.66,14.195,1.38,1.483,1.664,-0.247,-0.767,14.195,1.08,1.664,4.449,1.941,1,3.193,5.489,3.684,17.884,1.471,1.646,0,0,0,OFFBOARD
106,OUTBOUND,10.76,14.387,1.413,1.493,1.664,-0.247,-0.767,14.387,1.114,1.664,4.271,1.809,1,3.016,5.264,3.791,18.328,1.403,1.655,0,0,0,OFFBOARD
107,OUTBOUND,10.86,14.581,1.444,1.505,1.664,-0.247,-0.767,14.581,1.144,1.664,4.084,1.751,1,2.91,5.04,3.833,18.774,1.287,1.653,0,0,0,OFFBOARD
108,OUTBOUND,10.96,14.774,1.471,1.518,1.664,-0.247,-0.767,14.774,1.171,1.664,3.824,1.933,1,3.331,4.74,3.822,19.21,1.152,1.644,0,0,0,OFFBOARD
109,OUTBOUND,11.06,14.966,1.493,1.531,1.664,-0.247,-0.767,14.966,1.193,1.664,3.795,1.89,1,3.384,4.512,3.798,19.637,1.0,1.629,0,0,0,OFFBOARD
110,OUTBOUND,11.16,15.163,1.51,1.543,1.664,-0.247,-0.767,15.163,1.21,1.664,4.203,1.87,1,3.377,4.285,3.785,19.986,0.831,1.611,0,0,0,OFFBOARD
111,OUTBOUND,11.26,15.358,1.518,1.554,1.664,-0.247,-0.767,15.358,1.218,1.664,4.011,1.864,1,3.231,4.052,3.785,20.221,0.624,1.597,0,0,0,OFFBOARD
112,OUTBOUND,11.37,15.554,1.515,1.564,1.664,-0.247,-0.767,15.554,1.216,1.664,3.791,1.793,1,3.04,3.817,3.739,20.375,0.404,1.588,0,0,0,OFFBOARD
113,OUTBOUND,11.47,15.751,1.5,1.571,1.664,-0.247,-0.767,15.751,1.2,1.664,3.553,1.623,1,2.91,3.58,3.537,20.476,0.18,1.583,0,0,0,OFFBOARD
114,OUTBOUND,11.57,15.951,1.468,1.577,1.664,-0.247,-0.767,15.951,1.168,1.664,3.311,1.916,1,3.512,3.34,3.295,20.576,-0.03,1.581,0,0,0,OFFBOARD
115,OUTBOUND,11.67,16.151,1.418,1.581,1.664,-0.247,-0.767,16.151,1.118,1.664,3.074,1.993,1,3.615,3.1,3.051,20.676,-0.236,1.576,0,0,0,OFFBOARD
116,OUTBOUND,11.77,16.354,1.348,1.584,1.664,-0.247,-0.767,16.354,1.048,1.664,2.844,2.151,0,3.52,2.898,2.823,20.776,-0.447,1.566,0,0,0,OFFBOARD
117,OUTBOUND,11.87,16.557,1.255,1.586,1.664,-0.247,-0.767,16.557,0.955,1.664,2.697,2.071,0,3.327,5.739,2.601,20.975,-0.612,1.549,0,0,0,OFFBOARD
118,OUTBOUND,11.97,16.758,1.143,1.586,1.664,-0.247,-0.767,16.758,0.844,1.664,4.483,2.076,0,3.919,6.794,2.572,21.259,-0.747,1.528,0,0,0,OFFBOARD
119,OUTBOUND,12.08,16.959,1.013,1.585,1.664,-0.247,-0.767,16.959,0.713,1.664,5.344,2.091,0,4.023,6.6,4.022,21.551,-0.866,1.51,0,0,0,OFFBOARD
120,OUTBOUND,12.18,17.162,0.864,1.582,1.664,-0.247,-0.767,17.162,0.564,1.664,5.146,1.851,1,3.889,10.0,4.021,21.859,-0.962,1.495,0,0,0,OFFBOARD
121,OUTBOUND,12.28,17.366,0.7,1.578,1.664,-0.247,-0.767,17.366,0.401,1.664,5.775,1.814,1,3.835,10.0,4.01,22.06,-1.049,1.486,0,0,0,OFFBOARD
122,OUTBOUND,12.38,17.567,0.531,1.573,1.664,-0.247,-0.767,17.567,0.231,1.664,5.918,3.182,0,4.412,10.0,3.988,22.194,-1.106,1.482,0,0,0,OFFBOARD
123,OUTBOUND,12.48,17.77,0.353,1.566,1.664,-0.247,-0.767,17.77,0.053,1.664,5.801,3.29,0,4.375,10.0,3.96,22.294,-1.136,1.483,0,0,0,OFFBOARD
124,OUTBOUND,12.58,17.971,0.173,1.559,1.664,-0.247,-0.767,17.971,-0.127,1.664,5.752,3.722,0,4.344,6.966,3.936,22.394,-1.155,1.487,0,0,0,OFFBOARD
125,OUTBOUND,12.69,18.172,-0.007,1.552,1.664,-0.247,-0.767,18.172,-0.307,1.664,5.921,3.994,0,4.146,6.761,3.917,22.494,-1.144,1.495,0,0,0,OFFBOARD
126,OUTBOUND,12.79,18.374,-0.186,1.545,1.664,-0.247,-0.767,18.374,-0.486,1.664,5.879,3.882,0,4.154,6.547,3.904,22.594,-1.109,1.504,0,0,0,OFFBOARD
127,OUTBOUND,12.89,18.578,-0.362,1.539,1.664,-0.247,-0.767,18.578,-0.662,1.664,5.795,3.613,0,4.562,6.335,3.899,22.694,-1.049,1.516,0,0,0,OFFBOARD
128,OUTBOUND,12.99,18.775,-0.526,1.533,1.664,-0.247,-0.767,18.775,-0.826,1.664,5.695,3.292,0,4.57,6.056,3.889,22.794,-0.966,1.53,0,0,0,OFFBOARD
129,OUTBOUND,13.09,18.981,-0.685,1.529,1.664,-0.247,-0.767,18.981,-0.985,1.664,5.649,3.147,0,4.556,5.916,3.882,22.894,-0.877,1.544,0,0,0,OFFBOARD
130,OUTBOUND,13.19,19.185,-0.828,1.527,1.664,-0.247,-0.767,19.185,-1.128,1.664,5.591,2.948,0,4.404,5.705,3.871,22.994,-0.78,1.559,0,0,0,OFFBOARD
131,OUTBOUND,13.29,19.387,-0.952,1.525,1.664,-0.247,-0.767,19.387,-1.252,1.664,5.37,2.734,0,4.141,5.432,3.861,23.094,-0.682,1.575,0,0,0,OFFBOARD
132,OUTBOUND,13.4,19.593,-1.057,1.526,1.664,-0.247,-0.767,19.593,-1.357,1.664,5.176,2.603,0,3.941,5.214,3.857,23.194,-0.583,1.591,0,0,0,OFFBOARD
133,OUTBOUND,13.5,19.795,-1.138,1.528,1.664,-0.247,-0.767,19.795,-1.438,1.664,4.984,2.484,0,3.741,5.006,3.858,23.294,-0.488,1.606,0,0,0,OFFBOARD
134,OUTBOUND,13.6,19.999,-1.196,1.531,1.664,-0.247,-0.767,19.999,-1.496,1.664,4.786,2.283,0,3.541,4.8,3.864,23.394,-0.372,1.621,0,0,0,OFFBOARD
135,OUTBOUND,13.7,20.201,-1.23,1.536,1.664,-0.247,-0.767,20.201,-1.53,1.664,4.566,2.085,0,3.473,4.604,3.874,23.494,-0.232,1.635,0,0,0,OFFBOARD
136,OUTBOUND,13.8,20.403,-1.241,1.542,1.664,-0.247,-0.767,20.403,-1.541,1.664,4.333,2.024,0,3.922,4.407,3.89,23.594,-0.083,1.649,0,0,0,OFFBOARD
137,OUTBOUND,13.9,20.607,-1.229,1.549,1.664,-0.247,-0.767,20.607,-1.529,1.664,4.119,2.29,0,3.963,4.216,3.908,23.694,0.031,1.661,0,0,0,OFFBOARD
138,OUTBOUND,14.0,20.809,-1.196,1.557,1.664,-0.247,-0.767,20.809,-1.496,1.664,3.91,2.337,0,3.997,4.028,3.901,23.794,0.13,1.673,0,0,0,OFFBOARD
139,OUTBOUND,14.11,21.011,-1.144,1.566,1.664,-0.247,-0.767,21.011,-1.444,1.664,3.721,2.399,0,3.798,3.839,3.766,23.894,0.216,1.682,0,0,0,OFFBOARD
140,OUTBOUND,14.21,21.211,-1.074,1.576,1.664,-0.247,-0.767,21.211,-1.374,1.664,3.528,2.342,0,3.598,3.648,3.574,23.994,0.285,1.691,0,0,0,OFFBOARD
141,OUTBOUND,14.31,21.413,-0.987,1.586,1.664,-0.247,-0.767,21.413,-1.287,1.664,3.297,2.293,0,3.56,3.453,3.368,24.094,0.38,1.698,0,0,0,OFFBOARD
142,OUTBOUND,14.41,21.617,-0.885,1.596,1.664,-0.247,-0.767,21.616,-1.184,1.664,3.108,2.694,0,4.116,3.257,3.166,24.194,0.448,1.703,0,0,0,OFFBOARD
143,OUTBOUND,14.51,21.819,-0.771,1.607,1.664,-0.247,-0.767,21.818,-1.071,1.664,3.092,2.864,0,4.197,3.211,2.976,24.294,0.498,1.707,0,0,0,OFFBOARD
144,OUTBOUND,14.61,22.021,-0.649,1.617,1.664,-0.247,-0.767,22.02,-0.949,1.664,5.309,2.701,0,4.053,10.0,3.975,24.394,0.541,1.71,0,0,0,OFFBOARD
145,OUTBOUND,14.71,22.223,-0.52,1.627,1.664,-0.247,-0.767,22.223,-0.82,1.664,5.832,2.497,0,3.889,10.0,4.11,24.494,0.609,1.711,0,0,0,OFFBOARD
146,OUTBOUND,14.81,22.427,-0.386,1.636,1.664,-0.247,-0.767,22.427,-0.686,1.664,5.991,2.296,0,4.282,10.0,4.13,24.594,0.694,1.71,0,0,0,OFFBOARD
147,OUTBOUND,14.92,22.629,-0.252,1.645,1.664,-0.247,-0.767,22.629,-0.552,1.664,5.967,2.252,0,4.388,10.0,4.15,24.694,0.761,1.708,0,0,0,OFFBOARD
148,OUTBOUND,15.02,22.831,-0.119,1.654,1.664,-0.247,-0.767,22.831,-0.418,1.664,5.772,3.351,0,4.314,10.0,4.171,24.794,0.785,1.705,0,0,0,OFFBOARD
149,OUTBOUND,15.12,23.033,0.012,1.661,1.664,-0.247,-0.767,23.033,-0.288,1.664,5.877,3.921,0,4.188,10.0,4.191,24.894,0.784,1.701,0,0,0,OFFBOARD
150,OUTBOUND,15.22,23.237,0.14,1.667,1.664,-0.247,-0.767,23.237,-0.16,1.664,6.167,3.785,0,4.056,10.0,4.209,24.994,0.769,1.696,0,0,0,OFFBOARD
151,OUTBOUND,15.32,23.441,0.262,1.673,1.664,-0.247,-0.767,23.441,-0.037,1.664,6.156,3.614,0,3.911,10.0,4.226,25.094,0.765,1.69,0,0,0,OFFBOARD
152,OUTBOUND,15.42,23.643,0.377,1.678,1.664,-0.247,-0.767,23.643,0.078,1.664,6.131,3.444,0,3.747,10.0,4.261,25.194,0.762,1.683,0,0,0,OFFBOARD
153,OUTBOUND,15.52,23.844,0.485,1.681,1.664,-0.247,-0.767,23.844,0.185,1.664,5.893,3.268,0,3.642,10.0,4.247,25.294,0.759,1.676,0,0,0,OFFBOARD
154,OUTBOUND,15.63,24.048,0.585,1.683,1.664,-0.247,-0.767,24.048,0.285,1.664,5.503,3.091,0,3.5,10.0,4.221,25.394,0.754,1.668,0,0,0,OFFBOARD
155,OUTBOUND,15.73,24.245,0.672,1.685,1.664,-0.247,-0.767,24.245,0.372,1.664,4.484,2.867,0,3.287,6.877,3.616,25.494,0.746,1.661,0,0,0,OFFBOARD
156,OUTBOUND,15.83,24.44,0.749,1.685,1.664,-0.247,-0.767,24.44,0.449,1.664,4.213,2.715,0,3.136,6.683,3.439,25.594,0.739,1.647,0,0,0,OFFBOARD
157,OUTBOUND,15.93,24.628,0.814,1.685,1.664,-0.247,-0.767,24.628,0.515,1.664,4.046,2.596,0,3.009,6.48,3.503,25.694,0.726,1.625,0,0,0,OFFBOARD
158,OUTBOUND,16.03,24.807,0.868,1.683,1.664,-0.247,-0.767,24.807,0.568,1.664,3.886,2.512,0,3.251,6.18,5.164,25.794,0.704,1.603,0,0,0,OFFBOARD
159,OUTBOUND,16.13,24.975,0.909,1.679,1.664,-0.247,-0.767,24.975,0.609,1.664,3.728,2.389,0,3.229,5.917,5.387,25.94,0.676,1.585,0,0,0,OFFBOARD
160,OUTBOUND,16.24,25.133,0.939,1.675,1.664,-0.247,-0.767,25.133,0.639,1.664,3.634,2.247,0,3.202,5.872,5.457,26.155,0.641,1.571,0,0,0,OFFBOARD
161,OUTBOUND,16.34,25.283,0.959,1.668,1.664,-0.247,-0.767,25.283,0.659,1.664,4.088,2.103,0,3.239,5.845,5.33,26.438,0.612,1.559,0,0,0,OFFBOARD
162,OUTBOUND,16.44,25.422,0.969,1.661,1.664,-0.247,-0.767,25.422,0.669,1.664,4.393,2.1,0,3.242,5.725,4.993,26.724,0.585,1.549,0,0,0,OFFBOARD
163,OUTBOUND,16.54,25.554,0.971,1.652,1.664,-0.247,-0.767,25.554,0.671,1.664,4.328,2.45,0,3.089,6.667,4.513,26.954,0.574,1.532,0,0,0,OFFBOARD
164,OUTBOUND,16.64,25.683,0.965,1.643,1.664,-0.247,-0.767,25.683,0.665,1.664,5.14,2.556,0,3.81,6.662,4.04,27.186,0.575,1.52,0,0,0,OFFBOARD
165,OUTBOUND,16.74,25.812,0.952,1.633,1.664,-0.247,-0.767,25.812,0.652,1.664,5.225,2.714,0,3.959,10.0,3.707,27.365,0.579,1.51,0,0,0,OFFBOARD
166,OUTBOUND,16.84,25.945,0.932,1.623,1.664,-0.247,-0.767,25.945,0.632,1.664,4.968,2.261,0,3.956,10.0,3.51,27.484,0.535,1.505,0,0,0,OFFBOARD
167,OUTBOUND,16.94,26.085,0.906,1.612,1.664,-0.247,-0.767,26.085,0.606,1.664,4.68,2.063,0,4.793,10.0,3.383,27.584,0.491,1.503,0,0,0,OFFBOARD
168,OUTBOUND,17.05,26.236,0.876,1.601,1.664,-0.247,-0.767,26.236,0.577,1.664,4.619,1.985,1,4.698,10.0,3.337,27.684,0.434,1.505,0,0,0,OFFBOARD
169,OUTBOUND,17.15,26.394,0.844,1.59,1.664,-0.247,-0.767,26.394,0.544,1.664,4.777,2.884,0,4.572,10.0,3.404,27.784,0.406,1.509,0,0,0,OFFBOARD
170,OUTBOUND,17.25,26.56,0.808,1.58,1.664,-0.247,-0.767,26.56,0.508,1.664,5.139,2.961,0,4.449,10.0,3.572,27.884,0.357,1.515,0,0,0,OFFBOARD
171,OUTBOUND,17.35,26.729,0.77,1.571,1.664,-0.247,-0.767,26.729,0.47,1.664,5.589,2.952,0,4.337,10.0,3.819,27.984,0.307,1.523,0,0,0,OFFBOARD
172,OUTBOUND,17.45,26.899,0.731,1.563,1.664,-0.247,-0.767,26.899,0.431,1.664,5.483,2.959,0,4.124,10.0,4.114,28.084,0.265,1.533,0,0,0,OFFBOARD
173,OUTBOUND,17.55,27.068,0.689,1.557,1.664,-0.247,-0.767,27.068,0.389,1.664,5.313,2.816,0,3.955,10.0,4.407,28.184,0.239,1.544,0,0,0,OFFBOARD
174,OUTBOUND,17.65,27.23,0.646,1.551,1.664,-0.247,-0.767,27.23,0.346,1.664,5.159,2.677,0,3.868,10.0,4.643,28.284,0.219,1.555,0,0,0,OFFBOARD
175,OUTBOUND,17.75,27.386,0.601,1.548,1.664,-0.247,-0.767,27.386,0.301,1.664,5.045,2.663,0,3.846,10.0,4.749,28.384,0.206,1.568,0,0,0,OFFBOARD
176,OUTBOUND,17.86,27.536,0.554,1.545,1.664,-0.247,-0.767,27.536,0.254,1.664,4.888,3.036,0,3.689,10.0,4.806,28.484,0.213,1.581,0,0,0,OFFBOARD
177,OUTBOUND,17.96,27.675,0.507,1.544,1.664,-0.247,-0.767,27.675,0.207,1.664,4.797,3.114,0,3.548,10.0,4.75,28.584,0.227,1.594,0,0,0,OFFBOARD
178,OUTBOUND,18.06,27.81,0.459,1.545,1.664,-0.247,-0.767,27.81,0.159,1.664,4.815,3.213,0,3.615,10.0,4.651,28.684,0.246,1.607,0,0,0,OFFBOARD
179,OUTBOUND,18.16,27.938,0.412,1.547,1.664,-0.247,-0.767,27.938,0.112,1.664,5.663,3.161,0,4.029,10.0,4.51,28.784,0.271,1.62,0,0,0,OFFBOARD
180,OUTBOUND,18.26,28.062,0.366,1.551,1.664,-0.247,-0.767,28.062,0.066,1.664,5.581,3.107,0,4.101,10.0,4.427,28.884,0.295,1.632,0,0,0,OFFBOARD
181,OUTBOUND,18.36,28.181,0.325,1.555,1.664,-0.247,-0.767,28.181,0.025,1.664,5.459,3.485,0,4.032,10.0,4.371,28.984,0.326,1.644,0,0,0,OFFBOARD
182,OUTBOUND,18.47,28.295,0.288,1.561,1.664,-0.247,-0.767,28.295,-0.012,1.664,5.381,3.583,0,3.954,10.0,4.339,29.084,0.354,1.655,0,0,0,OFFBOARD
183,OUTBOUND,18.57,28.406,0.257,1.568,1.664,-0.247,-0.767,28.406,-0.043,1.664,5.442,3.632,0,3.9,10.0,4.327,29.184,0.38,1.665,0,0,0,OFFBOARD
184,OUTBOUND,18.67,28.512,0.232,1.575,1.664,-0.247,-0.767,28.512,-0.067,1.664,6.011,3.642,0,3.856,10.0,4.322,29.284,0.408,1.673,0,0,0,OFFBOARD
185,OUTBOUND,18.77,28.617,0.215,1.583,1.664,-0.247,-0.767,28.617,-0.085,1.664,6.049,3.689,0,3.753,10.0,4.319,29.384,0.453,1.681,0,0,0,OFFBOARD
186,OUTBOUND,18.87,28.718,0.204,1.592,1.664,-0.247,-0.767,28.718,-0.096,1.664,6.067,3.619,0,3.756,10.0,4.313,29.484,0.498,1.687,0,0,0,OFFBOARD
187,OUTBOUND,18.97,28.817,0.2,1.6,1.664,-0.247,-0.767,28.817,-0.1,1.664,6.053,3.525,0,3.765,10.0,4.301,29.584,0.543,1.692,0,0,0,OFFBOARD
188,OUTBOUND,19.07,28.913,0.202,1.609,1.664,-0.247,-0.767,28.913,-0.098,1.664,5.956,3.429,0,4.144,10.0,4.283,29.684,0.581,1.696,0,0,0,OFFBOARD
189,OUTBOUND,19.18,29.007,0.211,1.618,1.664,-0.247,-0.767,29.007,-0.089,1.664,5.856,3.363,0,4.251,10.0,4.259,29.784,0.608,1.698,0,0,0,OFFBOARD
190,OUTBOUND,19.28,29.101,0.226,1.626,1.664,-0.247,-0.767,29.101,-0.074,1.664,5.759,3.348,0,4.311,10.0,4.234,29.884,0.623,1.699,0,0,0,OFFBOARD
191,OUTBOUND,19.38,29.192,0.246,1.635,1.664,-0.247,-0.767,29.192,-0.054,1.664,5.662,3.324,0,4.355,10.0,4.21,29.984,0.62,1.699,0,0,0,OFFBOARD
192,OUTBOUND,19.48,29.284,0.272,1.642,1.664,-0.247,-0.767,29.284,-0.028,1.664,5.662,3.587,0,4.308,10.0,4.189,30.084,0.608,1.698,0,0,0,OFFBOARD
193,OUTBOUND,19.58,29.374,0.302,1.649,1.664,-0.247,-0.767,29.374,0.002,1.664,5.653,3.57,0,4.214,10.0,4.172,30.184,0.591,1.695,0,0,0,OFFBOARD
194,OUTBOUND,19.68,29.465,0.335,1.656,1.664,-0.247,-0.767,29.465,0.035,1.664,5.703,3.526,0,4.12,10.0,4.16,30.284,0.572,1.692,0,0,0,OFFBOARD
195,OUTBOUND,19.78,29.556,0.37,1.661,1.664,-0.247,-0.767,29.556,0.07,1.664,5.78,3.466,0,4.026,10.0,4.153,30.384,0.557,1.687,0,0,0,OFFBOARD
196,OUTBOUND,19.89,29.648,0.406,1.666,1.664,-0.247,-0.767,29.648,0.106,1.664,5.872,3.402,0,3.97,10.0,4.152,30.484,0.547,1.683,0,0,0,OFFBOARD
197,OUTBOUND,19.99,29.739,0.44,1.67,1.664,-0.247,-0.767,29.739,0.14,1.664,5.932,3.341,0,3.943,10.0,4.153,30.584,0.542,1.677,0,0,0,OFFBOARD
198,OUTBOUND,20.09,29.833,0.473,1.673,1.664,-0.247,-0.767,29.833,0.173,1.664,5.95,3.287,0,3.915,10.0,4.156,30.684,0.543,1.671,0,0,0,OFFBOARD
199,OUTBOUND,20.19,29.926,0.502,1.676,1.664,-0.247,-0.767,29.926,0.202,1.664,5.954,3.239,0,3.888,10.0,4.16,30.784,0.547,1.665,0,0,0,OFFBOARD
200,OUTBOUND,20.29,30.02,0.527,1.677,1.664,-0.247,-0.767,30.02,0.227,1.664,5.942,3.195,0,4.228,10.0,4.164,30.884,0.557,1.658,0,0,0,OFFBOARD
201,OUTBOUND,20.39,30.115,0.548,1.678,1.664,-0.247,-0.767,30.115,0.248,1.664,5.932,3.162,0,4.242,10.0,4.166,30.984,0.564,1.651,0,0,0,OFFBOARD
202,OUTBOUND,20.5,30.212,0.565,1.677,1.664,-0.247,-0.767,30.211,0.265,1.664,5.858,3.131,0,4.214,10.0,4.167,31.084,0.574,1.645,0,0,0,OFFBOARD
203,OUTBOUND,20.6,30.307,0.578,1.676,1.664,-0.247,-0.767,30.307,0.278,1.664,5.764,3.12,0,4.201,10.0,4.166,31.184,0.591,1.638,0,0,0,OFFBOARD
204,OUTBOUND,20.7,30.404,0.588,1.674,1.664,-0.247,-0.767,30.404,0.288,1.664,5.671,3.117,0,4.198,10.0,4.164,31.284,0.612,1.632,0,0,0,OFFBOARD
205,OUTBOUND,20.8,30.501,0.596,1.672,1.664,-0.247,-0.767,30.501,0.296,1.664,5.575,3.067,0,4.197,10.0,4.161,31.384,0.642,1.626,0,0,0,OFFBOARD
206,OUTBOUND,20.9,30.599,0.603,1.669,1.664,-0.247,-0.767,30.599,0.303,1.664,5.479,2.97,0,4.205,10.0,4.157,31.484,0.667,1.621,0,0,0,OFFBOARD
207,OUTBOUND,21.0,30.697,0.609,1.666,1.664,-0.247,-0.767,30.697,0.309,1.664,5.383,2.875,0,4.125,10.0,4.152,31.584,0.688,1.616,0,0,0,OFFBOARD
208,OUTBOUND,21.1,30.797,0.614,1.662,1.664,-0.247,-0.767,30.797,0.314,1.664,5.287,2.793,0,4.029,10.0,4.148,31.684,0.707,1.61,0,0,0,OFFBOARD
209,OUTBOUND,21.2,30.896,0.62,1.658,1.664,-0.247,-0.767,30.896,0.32,1.664,5.224,2.791,0,3.932,10.0,4.147,31.784,0.728,1.603,0,0,0,OFFBOARD
210,OUTBOUND,21.31,30.997,0.627,1.653,1.664,-0.247,-0.767,30.997,0.327,1.664,5.214,2.786,0,3.835,10.0,4.143,31.884,0.754,1.596,0,0,0,OFFBOARD
211,OUTBOUND,21.41,31.097,0.634,1.649,1.664,-0.247,-0.767,31.097,0.334,1.664,5.206,3.089,0,3.77,10.0,4.14,31.984,0.797,1.588,0,0,0,OFFBOARD
212,OUTBOUND,21.51,31.198,0.643,1.644,1.664,-0.247,-0.767,31.198,0.343,1.664,5.692,3.072,0,3.755,10.0,4.133,32.084,0.845,1.581,0,0,0,OFFBOARD
213,OUTBOUND,21.61,31.298,0.654,1.638,1.664,-0.247,-0.767,31.298,0.354,1.664,5.705,3.088,0,3.75,10.0,4.127,32.184,0.898,1.577,0,0,0,OFFBOARD
214,OUTBOUND,21.71,31.399,0.665,1.633,1.664,-0.247,-0.767,31.399,0.365,1.664,5.712,3.107,0,4.145,10.0,4.119,32.284,0.951,1.574,0,0,0,OFFBOARD
215,OUTBOUND,21.81,31.499,0.679,1.627,1.664,-0.247,-0.767,31.499,0.379,1.664,5.72,3.093,0,4.161,10.0,4.11,32.384,1.002,1.572,0,0,0,OFFBOARD
216,OUTBOUND,21.91,31.601,0.695,1.622,1.664,-0.247,-0.767,31.601,0.395,1.664,5.718,3.047,0,4.169,10.0,4.1,32.484,1.051,1.572,0,0,0,OFFBOARD
217,OUTBOUND,22.02,31.703,0.714,1.616,1.664,-0.247,-0.767,31.703,0.414,1.664,5.657,3.038,0,4.152,10.0,4.091,32.584,1.092,1.574,0,0,0,OFFBOARD
218,OUTBOUND,22.12,31.803,0.737,1.611,1.664,-0.247,-0.767,31.803,0.437,1.664,5.557,3.014,0,4.121,10.0,4.082,32.684,1.134,1.576,0,0,0,OFFBOARD
219,OUTBOUND,22.22,31.905,0.763,1.606,1.664,-0.247,-0.767,31.905,0.463,1.664,5.457,2.944,0,4.121,10.0,4.074,32.784,1.181,1.579,0,0,0,OFFBOARD
220,OUTBOUND,22.32,32.006,0.792,1.602,1.664,-0.247,-0.767,32.006,0.493,1.664,5.359,2.846,0,4.103,10.0,4.066,32.884,1.223,1.583,0,0,0,OFFBOARD
221,OUTBOUND,22.42,32.107,0.826,1.599,1.664,-0.247,-0.767,32.107,0.526,1.664,5.259,2.746,0,4.003,10.0,4.058,32.984,1.26,1.586,0,0,0,OFFBOARD
222,OUTBOUND,22.52,32.207,0.862,1.596,1.664,-0.247,-0.767,32.207,0.562,1.664,5.161,2.647,0,3.904,10.0,4.052,33.084,1.29,1.588,0,0,0,OFFBOARD
223,OUTBOUND,22.62,32.307,0.902,1.593,1.664,-0.247,-0.767,32.307,0.602,1.664,5.061,2.548,0,3.805,10.0,4.045,33.184,1.295,1.591,0,0,0,OFFBOARD
224,OUTBOUND,22.73,32.408,0.943,1.592,1.664,-0.247,-0.767,32.408,0.644,1.664,4.962,2.449,0,3.706,10.0,4.04,33.284,1.293,1.595,0,0,0,OFFBOARD
225,OUTBOUND,22.83,32.509,0.987,1.59,1.664,-0.247,-0.767,32.509,0.687,1.664,4.862,2.353,0,3.606,10.0,4.035,33.384,1.286,1.6,0,0,0,OFFBOARD
226,OUTBOUND,22.93,32.61,1.032,1.59,1.664,-0.247,-0.767,32.61,0.732,1.664,4.729,2.268,0,3.473,10.0,4.026,33.484,1.273,1.606,0,0,0,OFFBOARD
227,OUTBOUND,23.03,32.71,1.076,1.59,1.664,-0.247,-0.767,32.71,0.776,1.664,4.631,2.204,0,3.375,10.0,4.03,33.584,1.255,1.611,0,0,0,OFFBOARD
228,OUTBOUND,23.13,32.811,1.119,1.59,1.664,-0.247,-0.767,32.811,0.819,1.664,4.532,2.142,0,3.276,10.0,4.032,33.684,1.233,1.617,0,0,0,OFFBOARD
229,OUTBOUND,23.23,32.911,1.159,1.591,1.664,-0.247,-0.767,32.911,0.859,1.664,4.433,2.083,0,3.207,6.936,4.034,33.784,1.206,1.623,0,0,0,OFFBOARD
230,OUTBOUND,23.33,33.011,1.195,1.593,1.664,-0.247,-0.767,33.011,0.895,1.664,4.333,2.028,0,3.157,6.756,4.039,33.884,1.174,1.629,0,0,0,OFFBOARD
231,OUTBOUND,23.44,33.111,1.227,1.595,1.664,-0.247,-0.767,33.111,0.927,1.664,4.235,2.286,0,3.112,6.61,4.045,34.008,1.151,1.634,0,0,0,OFFBOARD
232,OUTBOUND,23.54,33.209,1.253,1.597,1.664,-0.247,-0.767,33.209,0.954,1.664,4.139,2.285,0,3.073,6.487,4.047,34.172,1.127,1.638,0,0,0,OFFBOARD
233,OUTBOUND,23.64,33.31,1.274,1.6,1.664,-0.247,-0.767,33.31,0.974,1.664,4.11,2.263,0,3.491,6.429,4.03,34.395,1.106,1.642,0,0,0,OFFBOARD
234,OUTBOUND,23.74,33.41,1.289,1.604,1.664,-0.247,-0.767,33.41,0.989,1.664,4.136,2.228,0,3.564,6.441,3.971,34.681,1.082,1.64,0,0,0,OFFBOARD
235,OUTBOUND,23.84,33.513,1.297,1.607,1.664,-0.247,-0.767,33.513,0.997,1.664,4.996,2.212,0,3.687,6.333,3.846,34.992,1.056,1.638,0,0,0,OFFBOARD
236,OUTBOUND,23.94,33.617,1.299,1.61,1.664,-0.247,-0.767,33.617,1.0,1.664,4.93,2.222,0,3.664,6.236,3.658,35.348,1.028,1.637,0,0,0,OFFBOARD
237,OUTBOUND,24.04,33.728,1.296,1.614,1.664,-0.247,-0.767,33.728,0.996,1.664,4.767,2.279,0,3.534,6.16,3.433,35.733,1.006,1.637,0,0,0,OFFBOARD
238,OUTBOUND,24.15,33.846,1.288,1.616,1.664,-0.247,-0.767,33.846,0.988,1.664,4.379,2.197,0,4.357,6.147,3.226,36.123,0.999,1.638,0,0,0,OFFBOARD
239,OUTBOUND,24.25,33.978,1.274,1.619,1.664,-0.247,-0.767,33.978,0.974,1.664,4.151,2.094,0,4.433,6.11,3.099,36.53,1.002,1.638,0,0,0,OFFBOARD
240,OUTBOUND,24.35,34.124,1.257,1.622,1.664,-0.247,-0.767,34.124,0.957,1.664,4.104,2.13,0,4.305,6.129,3.07,36.93,1.008,1.639,0,0,0,OFFBOARD
241,OUTBOUND,24.45,34.282,1.236,1.624,1.664,-0.247,-0.767,34.282,0.936,1.664,4.231,2.468,0,4.174,6.353,3.135,37.31,1.023,1.639,0,0,0,OFFBOARD
242,OUTBOUND,24.55,34.454,1.213,1.626,1.664,-0.247,-0.767,34.454,0.913,1.664,4.508,2.442,0,4.039,6.628,3.276,37.629,1.025,1.64,0,0,0,OFFBOARD
243,OUTBOUND,24.65,34.634,1.188,1.628,1.664,-0.247,-0.767,34.634,0.888,1.664,4.91,2.385,0,3.9,6.54,3.476,37.894,1.015,1.64,0,0,0,OFFBOARD
244,OUTBOUND,24.76,34.823,1.163,1.63,1.664,-0.247,-0.767,34.823,0.863,1.664,5.021,2.39,0,3.756,6.848,3.696,38.163,1.0,1.641,0,0,0,OFFBOARD
245,OUTBOUND,24.86,35.014,1.138,1.631,1.664,-0.247,-0.767,35.014,0.838,1.664,4.865,2.366,0,3.604,10.0,3.912,38.417,0.982,1.641,0,0,0,OFFBOARD
246,OUTBOUND,24.96,35.206,1.114,1.632,1.664,-0.247,-0.767,35.206,0.814,1.664,4.696,2.188,0,3.439,10.0,4.065,38.59,0.964,1.641,0,0,0,OFFBOARD
247,OUTBOUND,25.06,35.399,1.091,1.634,1.664,-0.247,-0.767,35.398,0.792,1.664,4.517,2.13,0,3.261,6.832,4.142,38.716,0.941,1.641,0,0,0,OFFBOARD
248,OUTBOUND,25.16,35.593,1.071,1.635,1.664,-0.247,-0.767,35.593,0.771,1.664,4.332,2.431,0,3.183,6.641,4.151,38.93,0.938,1.636,0,0,0,OFFBOARD
249,OUTBOUND,25.26,35.783,1.052,1.636,1.664,-0.247,-0.767,35.783,0.752,1.664,5.103,2.477,0,3.717,6.389,4.097,39.139,0.934,1.624,0,0,0,OFFBOARD
250,OUTBOUND,25.36,35.982,1.033,1.636,1.664,-0.247,-0.767,35.982,0.733,1.664,5.02,2.554,0,3.818,6.202,4.043,39.4,0.931,1.604,0,0,0,OFFBOARD
251,OUTBOUND,25.47,36.178,1.016,1.636,1.664,-0.247,-0.767,36.177,0.716,1.664,4.824,2.419,0,3.665,6.013,4.0,39.72,0.931,1.577,0,0,0,OFFBOARD
252,OUTBOUND,25.57,36.375,0.999,1.634,1.664,-0.247,-0.767,36.375,0.699,1.664,4.741,2.311,0,3.472,5.822,3.976,40.078,0.927,1.548,0,0,0,OFFBOARD
253,OUTBOUND,25.67,36.571,0.983,1.631,1.664,-0.247,-0.767,36.571,0.683,1.664,5.401,2.625,0,3.909,5.627,3.972,40.447,0.941,1.517,0,0,0,OFFBOARD
254,OUTBOUND,25.77,36.77,0.968,1.626,1.664,-0.247,-0.767,36.77,0.668,1.664,5.426,2.642,0,3.97,5.43,3.982,40.82,0.952,1.489,0,0,0,OFFBOARD
255,OUTBOUND,25.87,36.971,0.954,1.619,1.664,-0.247,-0.767,36.971,0.654,1.664,5.229,2.655,0,4.006,5.339,4.0,41.195,0.958,1.459,0,0,0,OFFBOARD
256,OUTBOUND,25.97,37.171,0.942,1.609,1.664,-0.247,-0.767,37.171,0.642,1.664,5.029,2.667,0,3.854,5.436,4.015,41.57,0.972,1.428,0,0,0,OFFBOARD
257,OUTBOUND,26.07,37.372,0.931,1.598,1.664,-0.247,-0.767,37.372,0.631,1.664,4.829,2.506,0,3.661,5.526,4.022,41.944,0.979,1.397,0,0,0,OFFBOARD
258,OUTBOUND,26.18,37.574,0.923,1.584,1.664,-0.247,-0.767,37.574,0.623,1.664,4.626,2.428,0,3.502,5.54,4.014,42.322,0.988,1.367,0,0,0,OFFBOARD
259,OUTBOUND,26.28,37.773,0.917,1.569,1.664,-0.247,-0.767,37.773,0.617,1.664,4.428,2.805,0,3.933,5.505,3.99,42.712,1.009,1.339,0,0,0,OFFBOARD
260,OUTBOUND,26.38,37.976,0.913,1.551,1.664,-0.247,-0.767,37.976,0.614,1.664,4.227,2.828,0,4.09,5.423,3.953,43.097,1.025,1.315,0,0,0,OFFBOARD
261,OUTBOUND,26.48,38.179,0.912,1.532,1.664,-0.247,-0.767,38.179,0.613,1.664,4.059,2.839,0,4.053,5.301,3.905,43.473,1.039,1.294,0,0,0,OFFBOARD
262,OUTBOUND,26.58,38.38,0.914,1.512,1.664,-0.247,-0.767,38.38,0.614,1.664,4.033,2.67,0,3.926,5.159,3.832,43.854,1.053,1.276,0,0,0,OFFBOARD
263,OUTBOUND,26.68,38.581,0.918,1.492,1.664,-0.247,-0.767,38.581,0.618,1.664,3.998,2.511,0,3.726,5.013,3.634,44.244,1.06,1.264,0,0,0,OFFBOARD
264,OUTBOUND,26.78,38.782,0.924,1.47,1.664,-0.247,-0.767,38.782,0.624,1.664,3.945,2.775,0,3.731,4.861,3.432,44.641,1.073,1.258,0,0,0,OFFBOARD
265,OUTBOUND,26.88,38.984,0.931,1.449,1.664,-0.247,-0.767,38.984,0.632,1.664,3.884,2.793,0,4.272,4.719,3.295,45.03,1.081,1.264,0,0,0,OFFBOARD
266,OUTBOUND,26.98,39.185,0.941,1.428,1.664,-0.247,-0.767,39.185,0.641,1.664,3.815,2.792,0,4.32,5.763,3.238,45.383,1.08,1.272,0,0,0,OFFBOARD
267,OUTBOUND,27.09,39.387,0.952,1.409,1.664,-0.247,-0.767,39.387,0.652,1.664,3.742,2.812,0,4.183,6.697,3.175,45.758,1.072,1.288,0,0,0,OFFBOARD
268,OUTBOUND,27.19,39.591,0.965,1.392,1.664,-0.247,-0.767,39.591,0.665,1.664,3.655,2.634,0,3.983,6.496,3.103,46.158,1.048,1.312,0,0,0,OFFBOARD
269,OUTBOUND,27.29,39.793,0.978,1.376,1.664,-0.247,-0.767,39.792,0.678,1.664,3.564,2.434,0,3.85,6.297,3.02,46.569,1.005,1.341,0,0,0,OFFBOARD
270,OUTBOUND,27.39,39.996,0.992,1.364,1.664,-0.247,-0.767,39.996,0.692,1.664,3.47,2.236,0,4.256,6.325,2.931,46.977,0.943,1.373,0,0,0,OFFBOARD
271,OUTBOUND,27.49,40.198,1.005,1.355,1.664,-0.247,-0.767,40.198,0.705,1.664,3.373,2.034,0,4.331,10.0,2.846,47.372,0.859,1.399,0,0,0,OFFBOARD
272,OUTBOUND,27.59,40.402,1.016,1.35,1.664,-0.247,-0.767,40.402,0.716,1.664,3.277,1.836,1,4.362,6.955,2.755,47.78,0.756,1.429,0,0,0,OFFBOARD
273,OUTBOUND,27.69,40.602,1.025,1.348,1.664,-0.247,-0.767,40.602,0.725,1.664,4.989,1.57,1,4.177,6.743,2.64,48.157,0.584,1.462,0,0,0,OFFBOARD
274,OUTBOUND,27.8,40.808,1.03,1.349,1.664,-0.247,-0.767,40.808,0.73,1.664,5.164,1.37,1,3.977,10.0,2.569,48.55,0.359,1.497,0,0,0,OFFBOARD
275,OUTBOUND,27.9,41.012,1.028,1.354,1.664,-0.247,-0.767,41.012,0.728,1.664,5.124,1.17,1,3.923,10.0,2.515,48.929,0.1,1.531,0,0,0,OFFBOARD
276,OUTBOUND,28.0,41.214,1.018,1.362,1.664,-0.247,-0.767,41.214,0.718,1.664,5.107,1.203,1,4.457,10.0,3.266,49.309,-0.171,1.563,0,0,0,OFFBOARD
277,OUTBOUND,28.1,41.416,0.996,1.373,1.664,-0.247,-0.767,41.416,0.696,1.664,5.09,1.33,1,4.522,10.0,3.469,49.659,-0.439,1.594,0,0,0,OFFBOARD
278,OUTBOUND,28.2,41.618,0.96,1.387,1.664,-0.247,-0.767,41.618,0.66,1.664,5.086,1.533,1,4.433,6.993,3.528,49.969,-0.694,1.624,0,0,0,OFFBOARD
279,OUTBOUND,28.3,41.822,0.905,1.403,1.664,-0.247,-0.767,41.822,0.605,1.664,5.101,1.711,1,4.233,6.752,3.559,50.278,-0.901,1.653,0,0,0,OFFBOARD
280,OUTBOUND,28.4,42.022,0.83,1.422,1.664,-0.247,-0.767,42.022,0.53,1.664,5.141,2.777,0,4.202,6.529,3.598,50.526,-1.013,1.681,0,0,0,OFFBOARD
281,OUTBOUND,28.51,42.224,0.732,1.442,1.664,-0.247,-0.767,42.224,0.432,1.664,5.209,2.778,0,4.698,6.27,3.646,50.845,-1.077,1.707,0,0,0,OFFBOARD
282,OUTBOUND,28.61,42.426,0.612,1.463,1.664,-0.247,-0.767,42.426,0.312,1.664,5.307,3.228,0,4.667,6.21,3.701,51.21,-1.1,1.73,0,0,0,OFFBOARD
283,OUTBOUND,28.71,42.628,0.472,1.486,1.664,-0.247,-0.767,42.628,0.172,1.664,5.435,3.412,0,4.543,10.0,3.764,51.602,-1.095,1.751,0,0,0,OFFBOARD
284,OUTBOUND,28.81,42.83,0.316,1.51,1.664,-0.247,-0.767,42.83,0.016,1.664,5.592,3.243,0,4.479,10.0,3.828,51.858,-1.088,1.768,0,0,0,OFFBOARD
285,OUTBOUND,28.91,43.034,0.148,1.534,1.664,-0.247,-0.767,43.034,-0.152,1.664,5.784,3.811,0,4.29,10.0,3.887,52.024,-1.069,1.782,0,0,0,OFFBOARD
286,OUTBOUND,29.01,43.236,-0.025,1.558,1.664,-0.247,-0.767,43.236,-0.325,1.664,5.996,4.039,0,4.127,10.0,3.936,52.133,-1.041,1.793,0,0,0,OFFBOARD
287,OUTBOUND,29.11,43.438,-0.197,1.582,1.664,-0.247,-0.767,43.437,-0.497,1.664,6.013,3.774,0,4.059,10.0,3.995,52.233,-1.003,1.8,0,0,0,OFFBOARD
288,OUTBOUND,29.21,43.641,-0.366,1.605,1.664,-0.247,-0.767,43.641,-0.666,1.664,5.981,3.487,0,4.255,10.0,4.057,52.333,-0.939,1.804,0,0,0,OFFBOARD
289,OUTBOUND,29.32,43.843,-0.523,1.628,1.664,-0.247,-0.767,43.843,-0.823,1.664,5.976,3.247,0,4.305,10.0,4.105,52.433,-0.86,1.804,0,0,0,OFFBOARD
290,OUTBOUND,29.42,44.045,-0.666,1.649,1.664,-0.247,-0.767,44.045,-0.966,1.664,5.798,3.026,0,4.267,10.0,4.149,52.533,-0.762,1.799,0,0,0,OFFBOARD
291,OUTBOUND,29.52,44.249,-0.794,1.668,1.664,-0.247,-0.767,44.249,-1.094,1.664,5.602,2.831,0,4.196,10.0,4.189,52.633,-0.645,1.788,0,0,0,OFFBOARD
292,OUTBOUND,29.62,44.451,-0.902,1.686,1.664,-0.247,-0.767,44.451,-1.202,1.664,5.402,2.654,0,4.113,10.0,4.227,52.733,-0.511,1.773,0,0,0,OFFBOARD
293,OUTBOUND,29.72,44.653,-0.99,1.701,1.664,-0.247,-0.767,44.653,-1.29,1.664,5.202,2.505,0,3.946,6.551,4.262,52.833,-0.36,1.755,0,0,0,OFFBOARD
294,OUTBOUND,29.82,44.857,-1.058,1.714,1.664,-0.247,-0.767,44.857,-1.358,1.664,5.002,2.401,0,3.746,6.259,4.292,52.933,-0.196,1.73,0,0,0,OFFBOARD
295,OUTBOUND,29.92,45.059,-1.102,1.724,1.664,-0.247,-0.767,45.059,-1.402,1.664,4.802,2.29,0,3.546,6.059,4.316,53.033,-0.028,1.702,0,0,0,OFFBOARD
296,OUTBOUND,30.03,45.263,-1.124,1.73,1.664,-0.247,-0.767,45.263,-1.424,1.664,4.6,2.088,0,3.344,5.857,4.334,53.139,0.152,1.673,0,0,0,OFFBOARD
297,OUTBOUND,30.13,45.465,-1.122,1.734,1.664,-0.247,-0.767,45.465,-1.422,1.664,4.402,1.979,1,3.2,5.813,4.345,53.315,0.343,1.643,0,0,0,OFFBOARD
298,OUTBOUND,30.23,45.665,-1.097,1.735,1.664,-0.247,-0.767,45.665,-1.397,1.664,4.348,2.304,0,3.676,6.643,4.348,53.441,0.465,1.616,0,0,0,OFFBOARD
299,OUTBOUND,30.33,45.871,-1.047,1.732,1.664,-0.247,-0.767,45.871,-1.347,1.664,5.158,2.377,0,3.763,6.515,4.346,53.56,0.6,1.585,0,0,0,OFFBOARD
300,OUTBOUND,30.43,46.075,-0.973,1.726,1.664,-0.247,-0.767,46.075,-1.273,1.664,4.993,2.48,0,3.737,6.255,4.333,53.66,0.744,1.556,0,0,0,OFFBOARD
301,OUTBOUND,30.53,46.277,-0.879,1.718,1.664,-0.247,-0.767,46.277,-1.178,1.664,4.793,2.299,0,3.537,6.055,4.318,53.76,0.892,1.53,0,0,0,OFFBOARD
302,OUTBOUND,30.63,46.481,-0.762,1.707,1.664,-0.247,-0.767,46.481,-1.062,1.664,5.457,2.782,0,3.963,5.855,4.299,53.86,1.017,1.508,0,0,0,OFFBOARD
303,OUTBOUND,30.74,46.685,-0.628,1.693,1.664,-0.247,-0.767,46.685,-0.928,1.664,5.649,3.016,0,4.183,5.655,4.276,53.96,1.13,1.489,0,0,0,OFFBOARD
304,OUTBOUND,30.84,46.887,-0.481,1.678,1.664,-0.247,-0.767,46.887,-0.781,1.664,5.449,2.937,0,4.193,5.455,4.248,54.076,1.202,1.475,0,0,0,OFFBOARD
305,OUTBOUND,30.94,47.087,-0.325,1.662,1.664,-0.247,-0.767,47.087,-0.625,1.664,5.253,3.409,0,3.991,5.99,4.212,54.21,1.226,1.465,0,0,0,OFFBOARD
306,OUTBOUND,31.04,47.291,-0.156,1.644,1.664,-0.247,-0.767,47.291,-0.456,1.664,5.884,3.649,0,4.252,10.0,4.168,54.343,1.228,1.458,0,0,0,OFFBOARD
307,OUTBOUND,31.14,47.493,0.015,1.627,1.664,-0.247,-0.767,47.493,-0.285,1.664,6.105,3.593,0,4.486,10.0,4.121,54.443,1.246,1.455,0,0,0,OFFBOARD
308,OUTBOUND,31.24,47.695,0.189,1.609,1.664,-0.247,-0.767,47.695,-0.111,1.664,5.905,3.438,0,4.442,10.0,4.079,54.543,1.259,1.456,0,0,0,OFFBOARD
309,OUTBOUND,31.34,47.899,0.363,1.592,1.664,-0.247,-0.767,47.899,0.063,1.664,5.733,3.208,0,4.305,10.0,4.042,54.643,1.267,1.46,0,0,0,OFFBOARD
310,OUTBOUND,31.45,48.101,0.529,1.576,1.664,-0.247,-0.767,48.101,0.23,1.664,5.614,2.993,0,4.189,10.0,4.01,54.743,1.275,1.467,0,0,0,OFFBOARD
311,OUTBOUND,31.55,48.305,0.689,1.561,1.664,-0.247,-0.767,48.305,0.389,1.664,5.448,2.793,0,4.049,10.0,3.973,54.843,1.275,1.476,0,0,0,OFFBOARD
312,OUTBOUND,31.65,48.507,0.837,1.548,1.664,-0.247,-0.767,48.507,0.537,1.664,5.261,2.602,0,3.849,10.0,3.938,54.943,1.27,1.488,0,0,0,OFFBOARD
313,OUTBOUND,31.75,48.709,0.97,1.537,1.664,-0.247,-0.767,48.709,0.671,1.664,5.065,2.432,0,3.735,10.0,3.907,55.043,1.257,1.502,0,0,0,OFFBOARD
314,OUTBOUND,31.85,48.913,1.091,1.528,1.664,-0.247,-0.767,48.913,0.791,1.664,4.866,2.275,0,3.605,10.0,3.883,55.143,1.234,1.517,0,0,0,OFFBOARD
315,OUTBOUND,31.95,49.115,1.195,1.521,1.664,-0.247,-0.767,49.115,0.895,1.664,4.669,2.133,0,3.472,6.956,3.864,55.243,1.202,1.534,0,0,0,OFFBOARD
316,OUTBOUND,32.05,49.317,1.284,1.516,1.664,-0.247,-0.767,49.317,0.984,1.664,4.471,2.005,0,3.79,5.773,3.851,55.455,1.161,1.55,0,0,0,OFFBOARD
317,OUTBOUND,32.16,49.521,1.358,1.513,1.664,-0.247,-0.767,49.521,1.058,1.664,4.288,2.189,0,3.714,5.451,3.843,55.744,1.125,1.555,0,0,0,OFFBOARD
318,OUTBOUND,32.26,49.723,1.416,1.512,1.664,-0.247,-0.767,49.723,1.116,1.664,4.13,2.079,0,3.677,5.192,3.841,56.084,1.088,1.553,0,0,0,OFFBOARD
319,OUTBOUND,32.36,49.927,1.461,1.513,1.664,-0.247,-0.767,49.927,1.161,1.664,4.628,1.984,1,3.607,4.986,3.842,56.458,1.042,1.545,0,0,0,OFFBOARD
320,OUTBOUND,32.46,50.129,1.491,1.514,1.664,-0.247,-0.767,50.129,1.191,1.664,4.58,1.933,1,3.505,4.837,3.846,56.716,0.939,1.543,0,0,0,OFFBOARD
321,OUTBOUND,32.56,50.331,1.507,1.516,1.664,-0.247,-0.767,50.331,1.207,1.664,4.562,1.908,1,3.305,4.744,3.839,56.901,0.795,1.545,0,0,0,OFFBOARD
322,OUTBOUND,32.66,50.531,1.511,1.518,1.664,-0.247,-0.767,50.531,1.211,1.664,4.36,1.847,1,3.103,5.52,3.832,57.04,0.621,1.55,0,0,0,OFFBOARD
323,OUTBOUND,32.76,50.735,1.502,1.521,1.664,-0.247,-0.767,50.735,1.202,1.664,4.162,1.649,1,2.905,5.418,3.846,57.163,0.429,1.557,0,0,0,OFFBOARD
324,OUTBOUND,32.86,50.939,1.48,1.523,1.664,-0.247,-0.767,50.939,1.18,1.664,3.894,1.917,1,3.401,5.15,3.867,57.299,0.239,1.565,0,0,0,OFFBOARD
325,OUTBOUND,32.97,51.143,1.443,1.527,1.664,-0.247,-0.767,51.143,1.143,1.664,4.573,1.956,1,3.591,4.955,3.869,57.425,0.054,1.575,0,0,0,OFFBOARD
326,OUTBOUND,33.07,51.345,1.391,1.53,1.664,-0.247,-0.767,51.345,1.091,1.664,4.75,2.066,0,3.494,5.983,3.877,57.526,-0.135,1.584,0,0,0,OFFBOARD
327,OUTBOUND,33.17,51.549,1.321,1.534,1.664,-0.247,-0.767,51.549,1.022,1.664,4.55,2.037,0,3.294,5.806,3.884,57.747,-0.268,1.582,0,0,0,OFFBOARD
328,OUTBOUND,33.27,51.751,1.235,1.538,1.664,-0.247,-0.767,51.751,0.935,1.664,4.489,2.007,0,3.794,5.762,3.893,58.043,-0.37,1.573,0,0,0,OFFBOARD
329,OUTBOUND,33.37,51.953,1.131,1.542,1.664,-0.247,-0.767,51.953,0.831,1.664,5.406,2.49,0,4.019,6.662,3.904,58.385,-0.42,1.559,0,0,0,OFFBOARD
330,OUTBOUND,33.47,52.155,1.011,1.546,1.664,-0.247,-0.767,52.155,0.711,1.664,5.206,2.652,0,3.95,6.674,3.917,58.763,-0.451,1.544,0,0,0,OFFBOARD
331,OUTBOUND,33.57,52.359,0.874,1.548,1.664,-0.247,-0.767,52.359,0.574,1.664,5.09,2.494,0,3.75,10.0,3.93,59.162,-0.466,1.533,0,0,0,OFFBOARD
332,OUTBOUND,33.68,52.561,0.727,1.55,1.664,-0.247,-0.767,52.561,0.427,1.664,5.788,2.975,0,4.309,10.0,3.938,59.432,-0.453,1.528,0,0,0,OFFBOARD
333,OUTBOUND,33.78,52.763,0.573,1.551,1.664,-0.247,-0.767,52.763,0.273,1.664,5.833,3.217,0,4.386,10.0,3.933,59.614,-0.435,1.529,0,0,0,OFFBOARD
334,OUTBOUND,33.88,52.965,0.416,1.551,1.664,-0.247,-0.767,52.965,0.116,1.664,5.662,3.15,0,4.282,10.0,3.931,59.739,-0.413,1.533,0,0,0,OFFBOARD
335,OUTBOUND,33.98,53.167,0.262,1.55,1.664,-0.247,-0.767,53.167,-0.038,1.664,5.626,3.688,0,4.206,10.0,3.935,59.839,-0.373,1.539,0,0,0,OFFBOARD
336,OUTBOUND,34.08,53.369,0.114,1.549,1.664,-0.247,-0.767,53.369,-0.186,1.664,5.75,3.946,0,4.1,10.0,3.936,59.939,-0.317,1.548,0,0,0,OFFBOARD
337,OUTBOUND,34.18,53.573,-0.025,1.548,1.664,-0.247,-0.767,53.573,-0.325,1.664,5.719,3.806,0,4.523,10.0,3.929,60.039,-0.254,1.557,0,0,0,OFFBOARD
338,OUTBOUND,34.28,53.775,-0.148,1.548,1.664,-0.247,-0.767,53.775,-0.448,1.664,5.673,3.606,0,4.628,10.0,3.923,60.139,-0.177,1.566,0,0,0,OFFBOARD
339,OUTBOUND,34.38,53.977,-0.255,1.548,1.664,-0.247,-0.767,53.977,-0.555,1.664,5.647,3.406,0,4.662,10.0,3.919,60.239,-0.091,1.575,0,0,0,OFFBOARD
340,OUTBOUND,34.49,54.181,-0.346,1.549,1.664,-0.247,-0.767,54.181,-0.646,1.664,5.632,3.206,0,4.462,10.0,3.918,60.339,0.006,1.583,0,0,0,OFFBOARD
341,OUTBOUND,34.59,54.383,-0.417,1.55,1.664,-0.247,-0.767,54.383,-0.717,1.664,5.63,3.107,0,4.262,10.0,3.92,60.439,0.108,1.587,0,0,0,OFFBOARD
342,OUTBOUND,34.69,54.587,-0.47,1.552,1.664,-0.247,-0.767,54.587,-0.77,1.664,5.634,3.034,0,4.208,10.0,3.924,60.539,0.217,1.585,0,0,0,OFFBOARD
343,OUTBOUND,34.79,54.789,-0.503,1.554,1.664,-0.247,-0.767,54.789,-0.803,1.664,5.642,3.317,0,4.548,6.985,3.929,60.639,0.32,1.577,0,0,0,OFFBOARD
344,OUTBOUND,34.89,54.993,-0.518,1.557,1.664,-0.247,-0.767,54.993,-0.818,1.664,5.654,3.278,0,4.581,6.788,3.936,60.739,0.384,1.573,0,0,0,OFFBOARD
345,OUTBOUND,34.99,55.195,-0.514,1.559,1.664,-0.247,-0.767,55.195,-0.814,1.664,5.668,3.253,0,4.577,6.591,3.942,60.839,0.417,1.572,0,0,0,OFFBOARD
346,OUTBOUND,35.1,55.401,-0.492,1.561,1.664,-0.247,-0.767,55.401,-0.792,1.664,5.681,3.294,0,4.572,6.468,3.947,60.948,0.422,1.573,0,0,0,OFFBOARD
347,OUTBOUND,35.2,55.603,-0.453,1.563,1.664,-0.247,-0.767,55.603,-0.753,1.664,5.735,3.033,0,4.253,6.196,3.96,61.081,0.415,1.577,0,0,0,OFFBOARD
348,OUTBOUND,35.3,55.807,-0.399,1.565,1.664,-0.247,-0.767,55.807,-0.699,1.664,5.771,3.416,0,4.182,6.175,3.97,61.204,0.387,1.58,0,0,0,OFFBOARD
349,OUTBOUND,35.4,56.011,-0.332,1.566,1.664,-0.247,-0.767,56.011,-0.632,1.664,5.574,3.533,0,4.58,10.0,3.977,61.317,0.35,1.585,0,0,0,OFFBOARD
350,OUTBOUND,35.5,56.213,-0.258,1.568,1.664,-0.247,-0.767,56.213,-0.558,1.664,5.376,3.653,0,4.577,10.0,3.977,61.417,0.345,1.586,0,0,0,OFFBOARD
351,OUTBOUND,35.6,56.417,-0.178,1.569,1.664,-0.247,-0.767,56.417,-0.478,1.664,5.175,3.451,0,4.597,6.979,3.976,61.517,0.37,1.588,0,0,0,OFFBOARD
352,OUTBOUND,35.71,56.619,-0.097,1.571,1.664,-0.247,-0.767,56.619,-0.397,1.664,4.977,3.907,0,4.409,6.8,3.98,61.617,0.363,1.58,0,0,0,OFFBOARD
353,OUTBOUND,35.81,56.819,-0.018,1.573,1.664,-0.247,-0.767,56.819,-0.318,1.664,4.777,4.001,0,4.228,6.612,3.986,61.717,0.335,1.568,0,0,0,OFFBOARD
354,OUTBOUND,35.91,57.023,0.057,1.574,1.664,-0.247,-0.767,57.023,-0.243,1.664,4.577,3.927,0,4.231,6.421,3.992,61.861,0.296,1.555,0,0,0,OFFBOARD
355,OUTBOUND,36.01,57.225,0.126,1.574,1.664,-0.247,-0.767,57.225,-0.174,1.664,4.381,3.809,0,4.613,6.23,3.996,61.999,0.252,1.542,0,0,0,OFFBOARD
356,OUTBOUND,36.11,57.429,0.188,1.574,1.664,-0.247,-0.767,57.429,-0.111,1.664,4.185,3.607,0,4.619,6.043,3.996,62.112,0.201,1.526,0,0,0,OFFBOARD
357,OUTBOUND,36.21,57.631,0.243,1.572,1.664,-0.247,-0.767,57.631,-0.057,1.664,3.977,3.409,0,4.488,5.871,3.972,62.265,0.156,1.509,0,0,0,OFFBOARD
358,OUTBOUND,36.31,57.833,0.289,1.57,1.664,-0.247,-0.767,57.833,-0.011,1.664,3.777,3.273,0,4.365,5.812,3.775,62.442,0.129,1.492,0,0,0,OFFBOARD
359,OUTBOUND,36.41,58.035,0.326,1.566,1.664,-0.247,-0.767,58.035,0.026,1.664,3.577,3.225,0,4.265,10.0,3.576,62.597,0.123,1.475,0,0,0,OFFBOARD
360,OUTBOUND,36.52,58.239,0.354,1.561,1.664,-0.247,-0.767,58.239,0.054,1.664,3.377,3.377,0,4.065,10.0,3.376,62.7,0.135,1.46,0,0,0,OFFBOARD
361,OUTBOUND,36.62,58.441,0.373,1.554,1.664,-0.247,-0.767,58.441,0.073,1.664,3.177,3.177,0,4.041,10.0,3.175,62.8,0.14,1.448,0,0,0,OFFBOARD
362,OUTBOUND,36.72,58.643,0.383,1.547,1.664,-0.247,-0.767,58.643,0.083,1.664,2.978,2.978,0,4.505,10.0,2.975,62.9,0.141,1.442,0,0,0,OFFBOARD
363,OUTBOUND,36.82,58.845,0.385,1.539,1.664,-0.247,-0.767,58.845,0.085,1.664,2.78,2.78,0,4.604,10.0,2.775,63.0,0.147,1.442,0,0,0,OFFBOARD
364,OUTBOUND,36.92,59.049,0.38,1.53,1.664,-0.247,-0.767,59.049,0.08,1.664,2.583,2.583,0,4.521,10.0,2.575,63.1,0.155,1.448,0,0,0,OFFBOARD
365,OUTBOUND,37.02,59.251,0.369,1.521,1.664,-0.247,-0.767,59.251,0.07,1.664,2.408,2.408,0,4.321,10.0,2.375,63.2,0.168,1.456,0,0,0,OFFBOARD
366,OUTBOUND,37.12,59.453,0.355,1.513,1.664,-0.247,-0.767,59.453,0.055,1.664,2.266,2.266,0,4.287,10.0,2.174,63.3,0.196,1.466,0,0,0,OFFBOARD
367,OUTBOUND,37.22,59.655,0.338,1.506,1.664,-0.247,-0.767,59.655,0.038,1.664,2.212,2.212,0,4.671,10.0,1.976,63.4,0.23,1.479,0,0,0,OFFBOARD
368,OUTBOUND,37.33,59.857,0.32,1.5,1.664,-0.247,-0.767,59.857,0.02,1.664,2.184,2.184,0,4.706,10.0,1.777,63.5,0.274,1.494,0,0,0,OFFBOARD
369,OUTBOUND,37.43,60.061,0.301,1.495,1.664,-0.247,-0.767,60.061,0.001,1.664,2.158,2.158,0,4.738,10.0,1.583,63.6,0.35,1.51,0,0,0,OFFBOARD
370,OUTBOUND,37.53,60.263,0.284,1.492,1.664,-0.247,-0.767,60.263,-0.015,1.664,5.771,2.807,0,4.578,10.0,1.447,63.7,0.461,1.526,0,0,0,OFFBOARD
371,OUTBOUND,37.63,60.461,0.27,1.49,1.664,-0.247,-0.767,60.461,-0.03,1.664,5.609,2.478,0,4.362,10.0,1.414,63.8,0.604,1.533,0,0,0,OFFBOARD
372,OUTBOUND,37.73,60.667,0.259,1.49,1.664,-0.247,-0.767,60.667,-0.041,1.664,5.591,2.221,0,4.428,10.0,1.417,63.9,0.766,1.536,0,0,0,OFFBOARD
373,OUTBOUND,37.84,60.877,0.253,1.491,1.664,-0.247,-0.767,60.877,-0.047,1.664,5.627,1.99,1,4.734,10.0,3.797,64.0,0.901,1.533,0,0,0,OFFBOARD
374,OUTBOUND,37.94,61.081,0.255,1.494,1.664,-0.247,-0.767,61.081,-0.045,1.664,5.602,1.777,1,4.733,10.0,3.803,64.136,0.999,1.538,0,0,0,OFFBOARD
375,OUTBOUND,38.04,61.283,0.267,1.496,1.664,-0.247,-0.767,61.283,-0.033,1.664,5.574,3.512,0,4.721,10.0,3.807,64.329,0.98,1.546,0,0,0,OFFBOARD
376,OUTBOUND,38.14,61.487,0.29,1.5,1.664,-0.247,-0.767,61.487,-0.01,1.664,5.562,3.474,0,4.568,10.0,3.813,64.457,0.983,1.556,0,0,0,OFFBOARD
377,OUTBOUND,38.24,61.689,0.325,1.504,1.664,-0.247,-0.767,61.689,0.026,1.664,5.579,3.758,0,4.366,10.0,3.823,64.557,1.007,1.568,0,0,0,OFFBOARD
378,OUTBOUND,38.34,61.891,0.373,1.508,1.664,-0.247,-0.767,61.891,0.073,1.664,5.494,3.698,0,4.248,10.0,3.835,64.657,1.038,1.582,0,0,0,OFFBOARD
379,OUTBOUND,38.44,62.095,0.43,1.513,1.664,-0.247,-0.767,62.095,0.13,1.664,5.517,3.589,0,4.288,10.0,3.848,64.757,1.068,1.596,0,0,0,OFFBOARD
380,OUTBOUND,38.55,62.297,0.495,1.519,1.664,-0.247,-0.767,62.297,0.195,1.664,5.657,3.493,0,4.512,10.0,3.857,64.857,1.089,1.609,0,0,0,OFFBOARD
381,OUTBOUND,38.65,62.499,0.564,1.526,1.664,-0.247,-0.767,62.499,0.264,1.664,5.711,3.384,0,4.476,10.0,3.868,64.957,1.106,1.623,0,0,0,OFFBOARD
382,OUTBOUND,38.75,62.701,0.634,1.533,1.664,-0.247,-0.767,62.701,0.335,1.664,5.733,3.269,0,4.399,10.0,3.882,65.084,1.12,1.636,0,0,0,OFFBOARD
383,OUTBOUND,38.85,62.903,0.704,1.541,1.664,-0.247,-0.767,62.903,0.404,1.664,5.68,3.159,0,4.243,10.0,3.904,65.274,1.126,1.649,0,0,0,OFFBOARD
384,OUTBOUND,38.95,63.107,0.772,1.55,1.664,-0.247,-0.767,63.107,0.472,1.664,5.478,2.966,0,4.117,10.0,3.925,65.53,1.134,1.66,0,0,0,OFFBOARD
385,OUTBOUND,39.05,63.309,0.836,1.559,1.664,-0.247,-0.767,63.309,0.536,1.664,5.28,2.768,0,4.024,10.0,3.947,65.834,1.137,1.671,0,0,0,OFFBOARD
386,OUTBOUND,39.15,63.511,0.896,1.569,1.664,-0.247,-0.767,63.511,0.596,1.664,5.08,2.568,0,3.824,10.0,3.971,66.176,1.132,1.68,0,0,0,OFFBOARD
387,OUTBOUND,39.25,63.715,0.951,1.579,1.664,-0.247,-0.767,63.715,0.651,1.664,4.88,2.408,0,3.624,10.0,3.994,66.54,1.121,1.688,0,0,0,OFFBOARD
388,OUTBOUND,39.36,63.917,1.002,1.589,1.664,-0.247,-0.767,63.917,0.702,1.664,4.731,2.327,0,3.476,10.0,4.018,66.927,1.106,1.694,0,0,0,OFFBOARD
389,OUTBOUND,39.46,64.121,1.048,1.599,1.664,-0.247,-0.767,64.121,0.748,1.664,4.611,2.558,0,3.393,6.993,4.043,67.326,1.102,1.699,0,0,0,OFFBOARD
390,OUTBOUND,39.56,64.323,1.088,1.609,1.664,-0.247,-0.767,64.323,0.788,1.664,4.5,2.502,0,3.761,6.793,4.068,67.604,1.096,1.691,0,0,0,OFFBOARD
391,OUTBOUND,39.66,64.525,1.124,1.619,1.664,-0.247,-0.767,64.525,0.824,1.664,5.007,2.419,0,3.749,6.593,4.091,67.792,1.084,1.673,0,0,0,OFFBOARD
392,OUTBOUND,39.76,64.727,1.154,1.628,1.664,-0.247,-0.767,64.727,0.854,1.664,5.024,2.386,0,3.716,6.393,4.114,67.933,1.065,1.647,0,0,0,OFFBOARD
393,OUTBOUND,39.86,64.929,1.178,1.635,1.664,-0.247,-0.767,64.929,0.878,1.664,4.937,2.376,0,3.664,6.193,4.132,68.061,1.043,1.617,0,0,0,OFFBOARD
394,OUTBOUND,39.96,65.131,1.196,1.64,1.664,-0.247,-0.767,65.131,0.896,1.664,4.737,2.224,0,3.48,5.993,4.146,68.172,1.011,1.583,0,0,0,OFFBOARD
395,OUTBOUND,40.07,65.337,1.209,1.642,1.664,-0.247,-0.767,65.337,0.91,1.664,4.603,2.09,0,3.346,5.859,4.152,68.272,0.982,1.547,0,0,0,OFFBOARD
396,OUTBOUND,40.17,65.539,1.217,1.642,1.664,-0.247,-0.767,65.539,0.917,1.664,4.269,1.951,1,3.038,5.46,4.155,68.372,0.941,1.51,0,0,0,OFFBOARD
397,OUTBOUND,40.27,65.737,1.218,1.638,1.664,-0.247,-0.767,65.737,0.918,1.664,4.102,2.226,0,3.04,5.169,4.146,68.472,0.872,1.484,0,0,0,OFFBOARD
398,OUTBOUND,40.37,65.947,1.214,1.631,1.664,-0.247,-0.767,65.947,0.914,1.664,4.624,2.225,0,3.537,4.886,4.131,68.572,0.814,1.457,0,0,0,OFFBOARD
399,OUTBOUND,40.47,66.151,1.205,1.622,1.664,-0.247,-0.767,66.151,0.905,1.664,4.539,2.28,0,3.59,4.593,4.11,68.672,0.764,1.43,0,0,0,OFFBOARD
400,OUTBOUND,40.57,66.353,1.19,1.61,1.664,-0.247,-0.767,66.353,0.89,1.664,4.274,2.212,0,3.469,4.304,4.073,68.772,0.726,1.407,0,0,0,OFFBOARD
401,OUTBOUND,40.68,66.555,1.169,1.596,1.664,-0.247,-0.767,66.555,0.869,1.664,3.999,2.051,0,3.265,4.024,3.96,68.872,0.686,1.389,0,0,0,OFFBOARD
402,OUTBOUND,40.78,66.757,1.143,1.58,1.664,-0.247,-0.767,66.757,0.843,1.664,3.75,2.379,0,3.26,3.776,3.704,68.972,0.664,1.379,0,0,0,OFFBOARD
403,OUTBOUND,40.88,66.961,1.111,1.563,1.664,-0.247,-0.767,66.961,0.811,1.664,3.702,2.433,0,3.784,5.333,3.429,69.072,0.645,1.369,0,0,0,OFFBOARD
404,OUTBOUND,40.98,67.163,1.074,1.545,1.664,-0.247,-0.767,67.163,0.774,1.664,5.204,2.472,0,3.886,6.505,3.26,69.172,0.626,1.357,0,0,0,OFFBOARD
405,OUTBOUND,41.08,67.365,1.033,1.528,1.664,-0.247,-0.767,67.365,0.733,1.664,4.981,2.469,0,3.725,10.0,3.885,69.294,0.602,1.344,0,0,0,OFFBOARD
406,OUTBOUND,41.18,67.569,0.988,1.51,1.664,-0.247,-0.767,67.569,0.688,1.664,4.873,2.372,0,3.581,10.0,3.844,69.53,0.566,1.338,0,0,0,OFFBOARD
407,OUTBOUND,41.28,67.771,0.941,1.492,1.664,-0.247,-0.767,67.771,0.641,1.664,5.423,2.188,0,4.154,10.0,3.801,69.84,0.534,1.331,0,0,0,OFFBOARD
408,OUTBOUND,41.38,67.973,0.894,1.475,1.664,-0.247,-0.767,67.973,0.594,1.664,5.494,1.958,1,4.207,10.0,3.757,70.197,0.486,1.323,0,0,0,OFFBOARD
409,OUTBOUND,41.49,68.175,0.846,1.459,1.664,-0.247,-0.767,68.175,0.546,1.664,5.437,1.754,1,4.181,10.0,3.721,70.467,0.422,1.327,0,0,0,OFFBOARD
410,OUTBOUND,41.59,68.379,0.798,1.443,1.664,-0.247,-0.767,68.379,0.498,1.664,5.235,2.723,0,3.979,10.0,3.683,70.675,0.375,1.34,0,0,0,OFFBOARD
411,OUTBOUND,41.69,68.581,0.752,1.429,1.664,-0.247,-0.767,68.581,0.452,1.664,5.26,3.052,0,3.989,10.0,3.649,70.922,0.367,1.358,0,0,0,OFFBOARD
412,OUTBOUND,41.79,68.785,0.706,1.416,1.664,-0.247,-0.767,68.785,0.406,1.664,5.426,3.146,0,4.598,10.0,3.618,71.156,0.372,1.381,0,0,0,OFFBOARD
413,OUTBOUND,41.89,68.987,0.661,1.406,1.664,-0.247,-0.767,68.987,0.361,1.664,5.495,3.237,0,4.637,10.0,3.591,71.444,0.393,1.406,0,0,0,OFFBOARD
414,OUTBOUND,41.99,69.189,0.616,1.398,1.664,-0.247,-0.767,69.189,0.316,1.664,5.462,3.047,0,4.435,10.0,3.572,71.766,0.432,1.43,0,0,0,OFFBOARD
415,OUTBOUND,42.09,69.391,0.572,1.393,1.664,-0.247,-0.767,69.391,0.272,1.664,5.43,2.968,0,4.321,10.0,3.558,72.079,0.484,1.456,0,0,0,OFFBOARD
416,OUTBOUND,42.2,69.595,0.529,1.391,1.664,-0.247,-0.767,69.595,0.229,1.664,5.338,2.89,0,4.733,10.0,3.552,72.344,0.555,1.478,0,0,0,OFFBOARD
417,OUTBOUND,42.3,69.799,0.489,1.392,1.664,-0.247,-0.767,69.799,0.189,1.664,5.329,2.815,0,4.786,10.0,3.553,72.584,0.631,1.498,0,0,0,OFFBOARD
418,OUTBOUND,42.4,69.999,0.454,1.395,1.664,-0.247,-0.767,69.999,0.154,1.664,5.327,2.747,0,4.834,10.0,3.561,72.812,0.723,1.514,0,0,0,OFFBOARD
419,OUTBOUND,42.5,70.199,0.426,1.401,1.664,-0.247,-0.767,70.199,0.126,1.664,5.3,2.671,0,4.628,10.0,3.581,73.04,0.821,1.529,0,0,0,OFFBOARD
420,OUTBOUND,42.6,70.409,0.405,1.409,1.664,-0.247,-0.767,70.409,0.105,1.664,5.293,2.629,0,4.436,10.0,3.598,73.25,0.91,1.541,0,0,0,OFFBOARD
421,OUTBOUND,42.7,70.611,0.394,1.418,1.664,-0.247,-0.767,70.611,0.094,1.664,5.299,2.605,0,4.42,10.0,3.617,73.47,1.011,1.554,0,0,0,OFFBOARD
422,OUTBOUND,42.8,70.813,0.395,1.428,1.664,-0.247,-0.767,70.813,0.095,1.664,5.312,2.601,0,4.75,10.0,3.64,73.68,1.111,1.567,0,0,0,OFFBOARD
423,OUTBOUND,42.91,71.015,0.407,1.439,1.664,-0.247,-0.767,71.015,0.107,1.664,5.334,2.619,0,4.745,10.0,3.665,73.894,1.213,1.576,0,0,0,OFFBOARD
424,OUTBOUND,43.01,71.219,0.432,1.451,1.664,-0.247,-0.767,71.219,0.132,1.664,5.389,3.628,0,4.686,10.0,3.693,74.121,1.274,1.58,0,0,0,OFFBOARD
425,OUTBOUND,43.11,71.421,0.469,1.463,1.664,-0.247,-0.767,71.421,0.169,1.664,5.439,3.428,0,4.646,10.0,3.722,74.361,1.323,1.59,0,0,0,OFFBOARD
426,OUTBOUND,43.21,71.623,0.517,1.475,1.664,-0.247,-0.767,71.623,0.217,1.664,5.495,3.228,0,4.484,10.0,3.752,74.633,1.366,1.602,0,0,0,OFFBOARD
427,OUTBOUND,43.31,71.827,0.577,1.487,1.664,-0.247,-0.767,71.827,0.277,1.664,5.54,3.059,0,4.284,10.0,3.782,74.943,1.406,1.615,0,0,0,OFFBOARD
428,OUTBOUND,43.41,72.029,0.644,1.499,1.664,-0.247,-0.767,72.029,0.345,1.664,5.34,2.945,0,4.084,10.0,3.811,75.271,1.439,1.63,0,0,0,OFFBOARD
429,OUTBOUND,43.51,72.231,0.719,1.511,1.664,-0.247,-0.767,72.231,0.419,1.664,5.29,2.821,0,3.92,10.0,3.836,75.611,1.466,1.644,0,0,0,OFFBOARD
430,OUTBOUND,43.62,72.435,0.8,1.524,1.664,-0.247,-0.767,72.435,0.5,1.664,5.32,3.0,0,3.809,10.0,3.862,75.956,1.495,1.657,0,0,0,OFFBOARD
431,OUTBOUND,43.72,72.637,0.883,1.536,1.664,-0.247,-0.767,72.637,0.583,1.664,5.431,2.916,0,3.692,10.0,3.89,76.293,1.517,1.669,0,0,0,OFFBOARD
432,OUTBOUND,43.82,72.839,0.966,1.549,1.664,-0.247,-0.767,72.839,0.666,1.664,5.443,2.79,0,4.006,10.0,3.92,76.632,1.53,1.68,0,0,0,OFFBOARD
433,OUTBOUND,43.92,73.041,1.049,1.562,1.664,-0.247,-0.767,73.041,0.749,1.664,5.304,2.645,0,3.945,6.849,3.95,76.996,1.532,1.69,0,0,0,OFFBOARD
434,OUTBOUND,44.02,73.243,1.129,1.574,1.664,-0.247,-0.767,73.243,0.83,1.664,5.152,2.514,0,3.849,6.653,3.981,77.235,1.525,1.686,0,0,0,OFFBOARD
435,OUTBOUND,44.12,73.445,1.206,1.586,1.664,-0.247,-0.767,73.445,0.906,1.664,5.009,2.398,0,3.721,6.453,4.011,77.392,1.509,1.675,0,0,0,OFFBOARD
436,OUTBOUND,44.22,73.649,1.279,1.598,1.664,-0.247,-0.767,73.649,0.979,1.664,4.848,2.28,0,3.591,6.253,4.041,77.535,1.48,1.66,0,0,0,OFFBOARD
437,OUTBOUND,44.32,73.851,1.346,1.608,1.664,-0.247,-0.767,73.851,1.046,1.664,4.653,2.162,0,3.478,6.053,4.068,77.706,1.439,1.644,0,0,0,OFFBOARD
438,OUTBOUND,44.43,74.053,1.407,1.617,1.664,-0.247,-0.767,74.053,1.107,1.664,4.467,2.051,0,3.34,5.853,4.09,77.957,1.386,1.629,0,0,0,OFFBOARD
439,OUTBOUND,44.53,74.255,1.46,1.623,1.664,-0.247,-0.767,74.255,1.16,1.664,4.323,1.884,1,3.14,5.653,4.107,78.271,1.319,1.616,0,0,0,OFFBOARD
440,OUTBOUND,44.63,74.459,1.506,1.628,1.664,-0.247,-0.767,74.459,1.206,1.664,4.196,1.684,1,2.94,5.446,4.116,78.541,1.2,1.606,0,0,0,OFFBOARD
441,OUTBOUND,44.73,74.661,1.542,1.631,1.664,-0.247,-0.767,74.661,1.242,1.664,3.994,1.504,1,2.738,5.251,4.101,78.785,1.033,1.599,0,0,0,OFFBOARD
442,OUTBOUND,44.83,74.865,1.569,1.632,1.664,-0.247,-0.767,74.865,1.269,1.664,3.796,1.461,1,2.54,5.053,4.09,79.021,0.833,1.594,0,0,0,OFFBOARD
443,OUTBOUND,44.93,75.065,1.584,1.632,1.664,-0.247,-0.767,75.065,1.284,1.664,3.53,1.7,1,2.968,4.787,4.034,79.243,0.625,1.591,0,0,0,OFFBOARD
444,OUTBOUND,45.04,75.271,1.585,1.631,1.664,-0.247,-0.767,75.271,1.285,1.664,3.354,1.702,1,3.113,4.587,3.984,79.465,0.41,1.588,0,0,0,OFFBOARD
445,OUTBOUND,45.14,75.477,1.571,1.629,1.664,-0.247,-0.767,75.477,1.271,1.664,4.087,1.781,1,3.13,4.387,3.963,79.668,0.188,1.587,0,0,0,OFFBOARD
446,OUTBOUND,45.24,75.681,1.539,1.626,1.664,-0.247,-0.767,75.681,1.239,1.664,4.187,1.674,1,2.93,5.023,3.992,79.909,-0.043,1.586,0,0,0,OFFBOARD
447,OUTBOUND,45.34,75.883,1.488,1.623,1.664,-0.247,-0.767,75.883,1.188,1.664,3.987,1.585,1,2.813,5.143,3.998,80.151,-0.27,1.585,0,0,0,OFFBOARD
448,OUTBOUND,45.44,76.087,1.414,1.62,1.664,-0.247,-0.767,76.087,1.115,1.664,3.915,1.989,1,3.467,4.943,4.047,80.441,-0.474,1.586,0,0,0,OFFBOARD
449,OUTBOUND,45.54,76.289,1.32,1.616,1.664,-0.247,-0.767,76.289,1.02,1.664,4.743,2.137,0,3.587,5.623,4.058,80.723,-0.664,1.587,0,0,0,OFFBOARD
450,OUTBOUND,45.65,76.493,1.203,1.613,1.664,-0.247,-0.767,76.493,0.903,1.664,4.543,2.13,0,3.387,5.43,4.07,80.95,-0.797,1.58,0,0,0,OFFBOARD
451,OUTBOUND,45.75,76.695,1.068,1.61,1.664,-0.247,-0.767,76.695,0.768,1.664,5.156,2.146,0,3.893,5.15,4.07,81.102,-0.886,1.571,0,0,0,OFFBOARD
452,OUTBOUND,45.85,76.897,0.917,1.607,1.664,-0.247,-0.767,76.897,0.617,1.664,4.923,2.706,0,4.041,4.891,4.071,81.203,-0.929,1.555,0,0,0,OFFBOARD
453,OUTBOUND,45.95,77.101,0.752,1.603,1.664,-0.247,-0.767,77.101,0.452,1.664,4.644,2.785,0,3.941,4.662,4.067,81.303,-0.942,1.533,0,0,0,OFFBOARD
454,OUTBOUND,46.05,77.301,0.582,1.599,1.664,-0.247,-0.767,77.301,0.282,1.664,4.411,3.099,0,3.887,4.434,4.055,81.403,-0.932,1.509,0,0,0,OFFBOARD
455,OUTBOUND,46.15,77.505,0.404,1.593,1.664,-0.247,-0.767,77.505,0.104,1.664,4.171,3.365,0,4.404,4.202,4.019,81.503,-0.927,1.482,0,0,0,OFFBOARD
456,OUTBOUND,46.25,77.707,0.225,1.587,1.664,-0.247,-0.767,77.707,-0.075,1.664,3.948,3.343,0,4.411,3.969,3.932,81.603,-0.943,1.455,0,0,0,OFFBOARD
457,OUTBOUND,46.35,77.909,0.046,1.579,1.664,-0.247,-0.767,77.909,-0.254,1.664,3.71,3.71,0,4.343,3.733,3.713,81.703,-0.965,1.43,0,0,0,OFFBOARD
458,OUTBOUND,46.46,78.111,-0.128,1.569,1.664,-0.247,-0.767,78.111,-0.428,1.664,3.47,3.47,0,4.199,3.496,3.473,81.803,-0.995,1.405,0,0,0,OFFBOARD
459,OUTBOUND,46.56,78.315,-0.298,1.558,1.664,-0.247,-0.767,78.315,-0.598,1.664,3.244,3.244,0,4.072,3.256,3.232,81.903,-1.035,1.387,0,0,0,OFFBOARD
460,OUTBOUND,46.66,78.519,-0.457,1.545,1.664,-0.247,-0.767,78.519,-0.757,1.664,2.992,2.992,0,4.082,3.015,2.988,82.003,-1.071,1.369,0,0,0,OFFBOARD
461,OUTBOUND,46.76,78.721,-0.603,1.531,1.664,-0.247,-0.767,78.721,-0.903,1.664,2.767,2.743,0,4.506,2.774,2.744,82.103,-1.129,1.352,0,0,0,OFFBOARD
462,OUTBOUND,46.86,78.925,-0.737,1.516,1.664,-0.247,-0.767,78.925,-1.037,1.664,2.542,2.464,0,4.541,2.539,2.53,82.203,-1.192,1.344,0,0,0,OFFBOARD
463,OUTBOUND,46.96,79.127,-0.855,1.5,1.664,-0.247,-0.767,79.127,-1.155,1.664,2.49,2.205,0,4.455,2.362,2.566,82.303,-1.302,1.342,0,0,0,OFFBOARD
464,OUTBOUND,47.07,79.333,-0.962,1.485,1.664,-0.247,-0.767,79.333,-1.262,1.664,5.51,1.993,1,4.253,6.766,3.766,82.403,-1.473,1.339,0,0,0,OFFBOARD
465,OUTBOUND,47.17,79.531,-1.053,1.47,1.664,-0.247,-0.767,79.531,-1.353,1.664,5.244,1.703,1,3.987,10.0,3.746,82.562,-1.663,1.345,0,0,0,OFFBOARD
466,OUTBOUND,47.27,79.739,-1.137,1.455,1.664,-0.247,-0.767,79.739,-1.437,1.664,5.04,1.461,1,3.783,6.468,3.712,82.799,-1.83,1.355,0,0,0,OFFBOARD
467,OUTBOUND,47.37,79.943,-1.213,1.441,1.664,-0.247,-0.767,79.943,-1.513,1.664,4.842,1.315,1,3.585,6.201,3.674,83.004,-1.932,1.372,0,0,0,OFFBOARD
468,OUTBOUND,47.47,80.149,-1.285,1.429,1.664,-0.247,-0.767,80.149,-1.585,1.664,4.644,2.131,0,3.387,5.939,3.644,83.152,-1.934,1.395,0,0,0,OFFBOARD
469,OUTBOUND,47.58,80.353,-1.357,1.419,1.664,-0.247,-0.767,80.353,-1.656,1.664,4.444,1.936,1,3.187,5.7,3.621,83.267,-1.868,1.409,0,0,0,OFFBOARD
470,OUTBOUND,47.68,80.555,-1.429,1.412,1.664,-0.247,-0.767,80.555,-1.729,1.664,4.244,1.833,1,3.003,5.5,3.603,83.396,-1.801,1.43,0,0,0,OFFBOARD
471,OUTBOUND,47.78,80.757,-1.505,1.407,1.664,-0.247,-0.767,80.757,-1.805,1.664,4.044,1.724,1,2.88,5.3,3.589,83.508,-1.725,1.455,0,0,0,OFFBOARD
472,OUTBOUND,47.88,80.959,-1.582,1.404,1.664,-0.247,-0.767,80.959,-1.881,1.664,3.84,1.884,1,2.768,5.096,3.581,83.608,-1.639,1.483,0,0,0,OFFBOARD
473,OUTBOUND,47.98,81.163,-1.657,1.404,1.664,-0.247,-0.767,81.163,-1.957,1.664,3.644,1.792,1,3.114,4.9,3.579,83.757,-1.545,1.514,0,0,0,OFFBOARD
474,OUTBOUND,48.08,81.365,-1.727,1.407,1.664,-0.247,-0.767,81.365,-2.027,1.664,3.444,1.684,1,3.119,4.7,3.546,83.93,-1.442,1.545,0,0,0,OFFBOARD
475,OUTBOUND,48.18,81.567,-1.786,1.413,1.664,-0.247,-0.767,81.567,-2.086,1.664,3.283,1.595,1,3.096,4.5,3.444,84.097,-1.332,1.575,0,0,0,OFFBOARD
476,OUTBOUND,48.29,81.771,-1.832,1.421,1.664,-0.247,-0.767,81.771,-2.132,1.664,3.168,1.529,1,3.042,4.289,3.322,84.257,-1.223,1.612,0,0,0,OFFBOARD
477,OUTBOUND,48.39,81.973,-1.861,1.432,1.664,-0.247,-0.767,81.973,-2.161,1.664,3.074,1.484,1,2.844,4.1,3.225,84.395,-1.104,1.649,0,0,0,OFFBOARD
478,OUTBOUND,48.49,82.175,-1.872,1.445,1.664,-0.247,-0.767,82.175,-2.172,1.664,3.597,1.387,1,2.644,3.9,3.159,84.514,-0.979,1.684,0,0,0,OFFBOARD
479,OUTBOUND,48.59,82.377,-1.865,1.461,1.664,-0.247,-0.767,82.377,-2.165,1.664,3.614,1.187,1,2.444,3.7,3.135,84.632,-0.855,1.714,0,0,0,OFFBOARD
480,OUTBOUND,48.69,82.581,-1.839,1.48,1.664,-0.247,-0.767,82.581,-2.139,1.664,3.498,1.172,1,2.29,3.498,3.346,84.758,-0.725,1.733,0,0,0,OFFBOARD
481,OUTBOUND,48.79,82.783,-1.797,1.5,1.664,-0.247,-0.767,82.783,-2.097,1.664,3.3,1.525,1,2.831,3.422,3.353,84.879,-0.61,1.742,0,0,0,OFFBOARD
482,OUTBOUND,48.89,82.987,-1.739,1.521,1.664,-0.247,-0.767,82.987,-2.038,1.664,3.132,1.579,1,2.92,4.354,3.619,84.979,-0.506,1.75,0,0,0,OFFBOARD
483,OUTBOUND,48.99,83.189,-1.667,1.543,1.664,-0.247,-0.767,83.189,-1.967,1.664,3.938,1.632,1,2.9,4.156,3.747,85.123,-0.406,1.757,0,0,0,OFFBOARD
484,OUTBOUND,49.1,83.393,-1.581,1.564,1.664,-0.247,-0.767,83.393,-1.881,1.664,3.956,1.446,1,2.7,4.831,3.919,85.298,-0.312,1.763,0,0,0,OFFBOARD
485,OUTBOUND,49.2,83.595,-1.486,1.585,1.664,-0.247,-0.767,83.595,-1.786,1.664,3.756,1.836,1,2.693,5.012,3.989,85.516,-0.24,1.766,0,0,0,OFFBOARD
486,OUTBOUND,49.3,83.795,-1.382,1.605,1.664,-0.247,-0.767,83.795,-1.682,1.664,4.53,1.995,1,3.373,5.951,4.069,85.775,-0.189,1.768,0,0,0,OFFBOARD
487,OUTBOUND,49.4,84.003,-1.265,1.625,1.664,-0.247,-0.767,84.003,-1.565,1.664,4.546,2.034,0,3.29,5.803,4.113,86.048,-0.153,1.767,0,0,0,OFFBOARD
488,OUTBOUND,49.5,84.209,-1.143,1.643,1.664,-0.247,-0.767,84.209,-1.443,1.664,4.344,2.042,0,3.121,6.847,4.151,86.225,-0.123,1.753,0,0,0,OFFBOARD
489,OUTBOUND,49.61,84.411,-1.02,1.659,1.664,-0.247,-0.767,84.411,-1.319,1.664,4.995,2.482,0,3.716,6.657,4.186,86.342,-0.12,1.729,0,0,0,OFFBOARD
490,OUTBOUND,49.71,84.613,-0.894,1.673,1.664,-0.247,-0.767,84.613,-1.194,1.664,5.203,2.69,0,3.858,10.0,4.219,86.442,-0.125,1.699,0,0,0,OFFBOARD
491,OUTBOUND,49.81,84.817,-0.768,1.684,1.664,-0.247,-0.767,84.817,-1.068,1.664,5.003,2.538,0,3.746,10.0,4.247,86.542,-0.088,1.666,0,0,0,OFFBOARD
492,OUTBOUND,49.91,85.019,-0.647,1.691,1.664,-0.247,-0.767,85.019,-0.947,1.664,4.976,2.998,0,3.591,10.0,4.277,86.642,-0.044,1.636,0,0,0,OFFBOARD
493,OUTBOUND,50.01,85.223,-0.53,1.696,1.664,-0.247,-0.767,85.223,-0.83,1.664,5.805,3.172,0,3.985,10.0,4.337,86.742,0.019,1.61,0,0,0,OFFBOARD
494,OUTBOUND,50.11,85.424,-0.422,1.697,1.664,-0.247,-0.767,85.424,-0.721,1.664,5.681,3.159,0,4.033,10.0,4.452,86.842,0.088,1.588,0,0,0,OFFBOARD
495,OUTBOUND,50.21,85.624,-0.322,1.695,1.664,-0.247,-0.767,85.624,-0.622,1.664,5.506,3.065,0,3.947,10.0,4.63,86.942,0.167,1.57,0,0,0,OFFBOARD
496,OUTBOUND,50.32,85.82,-0.231,1.69,1.664,-0.247,-0.767,85.82,-0.531,1.664,5.343,3.428,0,3.84,10.0,4.856,87.042,0.239,1.556,0,0,0,OFFBOARD
497,OUTBOUND,50.42,86.011,-0.149,1.683,1.664,-0.247,-0.767,86.011,-0.449,1.664,5.182,3.459,0,3.754,10.0,5.108,87.142,0.311,1.544,0,0,0,OFFBOARD
498,OUTBOUND,50.52,86.195,-0.074,1.674,1.664,-0.247,-0.767,86.195,-0.374,1.664,5.022,3.488,0,3.668,10.0,5.343,87.242,0.384,1.535,0,0,0,OFFBOARD
499,OUTBOUND,50.62,86.37,-0.004,1.664,1.664,-0.247,-0.767,86.37,-0.304,1.664,4.867,3.483,0,3.598,10.0,5.508,87.342,0.457,1.528,0,0,0,OFFBOARD
500,OUTBOUND,50.72,86.536,0.061,1.653,1.664,-0.247,-0.767,86.536,-0.239,1.664,4.71,3.375,0,3.46,10.0,5.58,87.442,0.524,1.524,0,0,0,OFFBOARD
501,OUTBOUND,50.82,86.693,0.124,1.641,1.664,-0.247,-0.767,86.693,-0.176,1.664,4.56,3.236,0,3.311,10.0,5.55,87.542,0.596,1.522,0,0,0,OFFBOARD
502,OUTBOUND,50.92,86.839,0.184,1.629,1.664,-0.247,-0.767,86.839,-0.116,1.664,4.492,3.096,0,3.349,6.898,5.433,87.642,0.654,1.522,0,0,0,OFFBOARD
503,OUTBOUND,51.02,86.975,0.244,1.618,1.664,-0.247,-0.767,86.975,-0.056,1.664,5.058,3.013,0,3.702,10.0,5.26,87.742,0.707,1.512,0,0,0,OFFBOARD
504,OUTBOUND,51.13,87.102,0.303,1.607,1.664,-0.247,-0.767,87.102,0.003,1.664,5.156,2.993,0,3.796,10.0,5.067,87.842,0.756,1.507,0,0,0,OFFBOARD
505,OUTBOUND,51.23,87.223,0.362,1.596,1.664,-0.247,-0.767,87.223,0.062,1.664,5.22,3.267,0,3.878,10.0,4.881,87.942,0.81,1.507,0,0,0,OFFBOARD
506,OUTBOUND,51.33,87.335,0.421,1.586,1.664,-0.247,-0.767,87.335,0.121,1.664,5.101,3.251,0,3.846,10.0,4.713,88.042,0.866,1.51,0,0,0,OFFBOARD
507,OUTBOUND,51.43,87.442,0.478,1.576,1.664,-0.247,-0.767,87.442,0.179,1.664,4.982,3.203,0,3.729,10.0,4.567,88.142,0.912,1.515,0,0,0,OFFBOARD
508,OUTBOUND,51.53,87.545,0.535,1.568,1.664,-0.247,-0.767,87.544,0.235,1.664,4.944,3.186,0,3.691,10.0,4.525,88.242,0.957,1.523,0,0,0,OFFBOARD
509,OUTBOUND,51.63,87.644,0.591,1.56,1.664,-0.247,-0.767,87.643,0.291,1.664,4.979,3.094,0,3.693,10.0,4.344,88.342,0.995,1.531,0,0,0,OFFBOARD
510,OUTBOUND,51.73,87.737,0.645,1.554,1.664,-0.247,-0.767,87.737,0.345,1.664,5.512,3.051,0,4.069,10.0,4.258,88.488,1.029,1.541,0,0,0,OFFBOARD
511,OUTBOUND,51.84,87.828,0.697,1.549,1.664,-0.247,-0.767,87.828,0.397,1.664,5.681,3.037,0,4.117,10.0,4.151,88.716,1.062,1.552,0,0,0,OFFBOARD
512,OUTBOUND,51.94,87.919,0.749,1.545,1.664,-0.247,-0.767,87.919,0.449,1.664,5.666,3.028,0,4.17,10.0,4.035,89.015,1.092,1.564,0,0,0,OFFBOARD
513,OUTBOUND,52.04,88.011,0.801,1.543,1.664,-0.247,-0.767,88.011,0.501,1.664,5.548,3.023,0,4.146,6.986,3.849,89.36,1.121,1.576,0,0,0,OFFBOARD
514,OUTBOUND,52.14,88.101,0.849,1.542,1.664,-0.247,-0.767,88.101,0.549,1.664,5.262,2.93,0,4.157,6.903,3.596,89.584,1.155,1.577,0,0,0,OFFBOARD
515,OUTBOUND,52.24,88.195,0.896,1.542,1.664,-0.247,-0.767,88.195,0.596,1.664,4.697,2.816,0,4.807,6.807,3.324,89.73,1.191,1.574,0,0,0,OFFBOARD
516,OUTBOUND,52.34,88.296,0.94,1.544,1.664,-0.247,-0.767,88.296,0.64,1.664,4.269,2.707,0,5.075,6.595,3.107,89.83,1.228,1.57,0,0,0,OFFBOARD
517,OUTBOUND,52.45,88.41,0.984,1.545,1.664,-0.247,-0.767,88.41,0.684,1.664,4.044,2.648,0,4.963,6.258,2.988,89.93,1.267,1.565,0,0,0,OFFBOARD
518,OUTBOUND,52.55,88.536,1.024,1.547,1.664,-0.247,-0.767,88.536,0.724,1.664,4.012,2.588,0,4.847,6.148,2.971,90.03,1.305,1.559,0,0,0,OFFBOARD
519,OUTBOUND,52.65,88.677,1.064,1.549,1.664,-0.247,-0.767,88.677,0.764,1.664,4.165,2.497,0,4.723,6.175,3.053,90.13,1.335,1.553,0,0,0,OFFBOARD
520,OUTBOUND,52.75,88.827,1.101,1.55,1.664,-0.247,-0.767,88.827,0.801,1.664,4.5,2.38,0,4.601,5.991,3.227,90.23,1.361,1.545,0,0,0,OFFBOARD
521,OUTBOUND,52.85,88.986,1.137,1.551,1.664,-0.247,-0.767,88.986,0.837,1.664,4.862,2.253,0,4.306,5.807,3.471,90.33,1.374,1.533,0,0,0,OFFBOARD
522,OUTBOUND,52.95,89.15,1.172,1.552,1.664,-0.247,-0.767,89.15,0.872,1.664,4.605,2.133,0,3.367,5.612,3.768,90.43,1.372,1.516,0,0,0,OFFBOARD
523,OUTBOUND,53.05,89.314,1.206,1.551,1.664,-0.247,-0.767,89.314,0.906,1.664,4.302,2.284,0,3.11,5.547,4.075,90.585,1.37,1.504,0,0,0,OFFBOARD
524,OUTBOUND,53.15,89.477,1.239,1.55,1.664,-0.247,-0.767,89.477,0.939,1.664,4.167,2.244,0,2.934,5.409,4.332,90.837,1.357,1.497,0,0,0,OFFBOARD
525,OUTBOUND,53.25,89.636,1.271,1.547,1.664,-0.247,-0.767,89.636,0.971,1.664,4.019,2.182,0,2.843,5.262,4.45,91.129,1.321,1.494,0,0,0,OFFBOARD
526,OUTBOUND,53.36,89.791,1.301,1.544,1.664,-0.247,-0.767,89.791,1.001,1.664,3.862,2.128,0,3.232,5.197,4.36,91.429,1.286,1.49,0,0,0,OFFBOARD
527,OUTBOUND,53.46,89.942,1.328,1.54,1.664,-0.247,-0.767,89.942,1.028,1.664,3.914,2.121,0,3.479,6.159,4.085,91.658,1.248,1.481,0,0,0,OFFBOARD
528,OUTBOUND,53.56,90.091,1.351,1.536,1.664,-0.247,-0.767,90.091,1.051,1.664,4.745,2.13,0,3.487,6.016,3.749,91.951,1.213,1.47,0,0,0,OFFBOARD
529,OUTBOUND,53.66,90.244,1.37,1.531,1.664,-0.247,-0.767,90.244,1.07,1.664,4.57,2.074,0,3.31,5.881,3.456,92.295,1.186,1.455,0,0,0,OFFBOARD
530,OUTBOUND,53.76,90.404,1.384,1.525,1.664,-0.247,-0.767,90.403,1.084,1.664,4.518,1.92,1,4.073,5.777,3.26,92.618,1.163,1.444,0,0,0,OFFBOARD
531,OUTBOUND,53.86,90.57,1.392,1.519,1.664,-0.247,-0.767,90.57,1.092,1.664,4.343,1.926,1,4.153,5.714,3.168,92.955,1.115,1.442,0,0,0,OFFBOARD
532,OUTBOUND,53.96,90.746,1.394,1.513,1.664,-0.247,-0.767,90.746,1.094,1.664,4.353,2.253,0,3.995,6.031,3.171,93.294,1.063,1.447,0,0,0,OFFBOARD
533,OUTBOUND,54.07,90.932,1.39,1.506,1.664,-0.247,-0.767,90.932,1.09,1.664,4.514,2.243,0,3.841,6.348,3.251,93.593,1.028,1.451,0,0,0,OFFBOARD
534,OUTBOUND,54.17,91.123,1.38,1.5,1.664,-0.247,-0.767,91.123,1.08,1.664,4.789,2.241,0,3.687,6.246,3.384,93.916,1.0,1.459,0,0,0,OFFBOARD
535,OUTBOUND,54.27,91.321,1.363,1.494,1.664,-0.247,-0.767,91.32,1.063,1.664,4.787,2.222,0,3.528,6.073,3.541,94.279,0.981,1.467,0,0,0,OFFBOARD
536,OUTBOUND,54.37,91.514,1.342,1.489,1.664,-0.247,-0.767,91.514,1.042,1.664,4.556,2.047,0,3.3,5.818,3.729,94.673,0.932,1.477,0,0,0,OFFBOARD
537,OUTBOUND,54.47,91.723,1.315,1.485,1.664,-0.247,-0.767,91.723,1.015,1.664,4.374,1.929,1,3.141,5.689,3.817,95.085,0.862,1.489,0,0,0,OFFBOARD
538,OUTBOUND,54.57,91.917,1.285,1.482,1.664,-0.247,-0.767,91.917,0.986,1.664,4.243,2.287,0,3.528,6.557,3.847,95.491,0.785,1.504,0,0,0,OFFBOARD
539,OUTBOUND,54.68,92.118,1.251,1.48,1.664,-0.247,-0.767,92.118,0.951,1.664,5.029,2.323,0,3.667,6.487,3.829,95.906,0.729,1.517,0,0,0,OFFBOARD
540,OUTBOUND,54.78,92.316,1.214,1.48,1.664,-0.247,-0.767,92.316,0.914,1.664,5.041,2.406,0,3.785,6.296,3.785,96.33,0.683,1.524,0,0,0,OFFBOARD
541,OUTBOUND,54.88,92.515,1.174,1.481,1.664,-0.247,-0.767,92.515,0.874,1.664,4.84,2.328,0,3.584,6.531,3.737,96.757,0.653,1.525,0,0,0,OFFBOARD
542,OUTBOUND,54.98,92.711,1.131,1.483,1.664,-0.247,-0.767,92.711,0.831,1.664,4.764,2.214,0,3.508,10.0,3.699,97.161,0.627,1.527,0,0,0,OFFBOARD
543,OUTBOUND,55.08,92.911,1.085,1.485,1.664,-0.247,-0.767,92.911,0.785,1.664,5.288,2.601,0,4.092,6.95,3.681,97.58,0.621,1.535,0,0,0,OFFBOARD
544,OUTBOUND,55.18,93.112,1.035,1.489,1.664,-0.247,-0.767,93.112,0.735,1.664,5.361,2.668,0,4.175,6.754,3.682,97.894,0.619,1.539,0,0,0,OFFBOARD
545,OUTBOUND,55.29,93.309,0.985,1.492,1.664,-0.247,-0.767,93.309,0.685,1.664,5.302,2.753,0,4.045,6.558,3.702,98.116,0.622,1.54,0,0,0,OFFBOARD
546,OUTBOUND,55.39,93.51,0.932,1.496,1.664,-0.247,-0.767,93.51,0.632,1.664,5.112,2.601,0,3.852,6.362,3.732,98.262,0.631,1.538,0,0,0,OFFBOARD
547,OUTBOUND,55.49,93.713,0.879,1.5,1.664,-0.247,-0.767,93.713,0.579,1.664,5.172,2.553,0,3.756,6.164,3.769,98.362,0.644,1.531,0,0,0,OFFBOARD
548,OUTBOUND,55.59,93.915,0.828,1.504,1.664,-0.247,-0.767,93.915,0.528,1.664,5.417,2.916,0,4.225,5.968,3.803,98.462,0.672,1.521,0,0,0,OFFBOARD
549,OUTBOUND,55.69,94.115,0.78,1.508,1.664,-0.247,-0.767,94.115,0.48,1.664,5.512,2.98,0,4.331,5.769,3.831,98.562,0.699,1.507,0,0,0,OFFBOARD
550,OUTBOUND,55.79,94.318,0.735,1.51,1.664,-0.247,-0.767,94.318,0.435,1.664,5.555,3.067,0,4.323,5.569,3.848,98.662,0.735,1.491,0,0,0,OFFBOARD
551,OUTBOUND,55.89,94.52,0.696,1.512,1.664,-0.247,-0.767,94.52,0.396,1.664,5.368,2.868,0,4.124,5.369,3.856,98.762,0.761,1.474,0,0,0,OFFBOARD
552,OUTBOUND,56.0,94.723,0.662,1.512,1.664,-0.247,-0.767,94.723,0.362,1.664,5.167,2.863,0,3.933,5.168,3.856,98.862,0.792,1.456,0,0,0,OFFBOARD
553,OUTBOUND,56.1,94.927,0.635,1.511,1.664,-0.247,-0.767,94.927,0.335,1.664,4.969,3.178,0,4.273,4.969,3.848,98.962,0.83,1.437,0,0,0,OFFBOARD
554,RETURN,56.2,95.128,0.615,1.508,1.664,-0.247,-0.767,95.128,0.316,1.664,4.771,3.221,0,4.411,4.772,3.836,95.128,0.615,1.508,0,0,0,OFFBOARD
555,RETURN,58.31,95.262,0.726,1.507,1.664,-0.247,-0.767,-95.262,0.426,1.664,1.889,1.409,1,1.764,1.953,2.108,95.028,0.524,1.489,0,0,0,OFFBOARD
556,RETURN,58.41,95.222,0.724,1.507,1.664,-0.247,-0.767,-95.222,0.424,1.664,2.028,1.635,1,1.894,2.111,2.219,94.869,0.381,1.475,0,0,0,OFFBOARD
557,RETURN,58.51,95.185,0.717,1.506,1.664,-0.247,-0.767,-95.185,0.417,1.664,2.059,1.717,1,1.911,2.205,2.518,94.608,0.183,1.469,0,0,0,OFFBOARD
558,RETURN,58.61,95.15,0.706,1.504,1.664,-0.247,-0.767,-95.15,0.406,1.664,2.64,1.859,1,2.37,2.864,2.866,94.281,-0.007,1.47,0,0,0,OFFBOARD
559,RETURN,58.72,95.114,0.689,1.502,1.664,-0.247,-0.767,-95.114,0.39,1.664,2.926,1.865,1,2.723,3.485,3.389,93.911,-0.145,1.476,0,0,0,OFFBOARD
560,RETURN,58.82,95.075,0.666,1.5,1.664,-0.247,-0.767,-95.075,0.366,1.664,3.858,2.371,0,3.58,4.524,3.505,93.513,-0.21,1.487,0,0,0,OFFBOARD
561,RETURN,58.92,95.029,0.631,1.498,1.664,-0.247,-0.767,-95.029,0.331,1.664,4.177,2.687,0,4.734,6.065,3.112,93.097,-0.194,1.501,0,0,0,OFFBOARD
562,RETURN,59.02,94.971,0.584,1.496,1.664,-0.247,-0.767,-94.971,0.284,1.664,3.948,3.095,0,4.916,6.038,2.986,92.669,-0.142,1.518,0,0,0,OFFBOARD
563,RETURN,59.12,94.896,0.521,1.495,1.664,-0.247,-0.767,-94.896,0.221,1.664,3.175,1.908,1,10.0,4.564,2.52,92.233,0.005,1.535,0,0,0,OFFBOARD
564,RETURN,59.22,94.798,0.444,1.496,1.664,-0.247,-0.767,-94.798,0.144,1.664,3.071,1.753,1,10.0,4.297,2.436,91.936,0.131,1.554,0,0,0,OFFBOARD
565,RETURN,59.32,94.679,0.359,1.497,1.664,-0.247,-0.767,-94.679,0.059,1.664,3.198,1.643,1,5.951,4.467,2.486,91.736,0.253,1.572,0,0,0,OFFBOARD
566,RETURN,59.42,94.536,0.27,1.5,1.664,-0.247,-0.767,-94.536,-0.03,1.664,3.438,1.512,1,5.596,5.113,1.968,91.537,0.377,1.586,0,0,0,OFFBOARD
567,RETURN,59.53,94.374,0.19,1.505,1.664,-0.247,-0.767,-94.374,-0.11,1.664,3.871,1.723,1,4.901,5.744,1.625,91.309,0.42,1.592,0,0,0,OFFBOARD
568,RETURN,59.63,94.196,0.126,1.51,1.664,-0.247,-0.767,-94.196,-0.174,1.664,4.458,3.091,0,4.289,5.75,3.108,91.003,0.396,1.59,0,0,0,OFFBOARD
569,RETURN,59.73,94.003,0.085,1.517,1.664,-0.247,-0.767,-94.003,-0.215,1.664,5.074,2.92,0,4.083,5.598,3.647,90.647,0.433,1.593,0,0,0,OFFBOARD
570,RETURN,59.83,93.803,0.071,1.523,1.664,-0.247,-0.767,-93.803,-0.229,1.664,5.128,2.627,0,3.911,5.425,3.891,90.258,0.499,1.6,0,0,0,OFFBOARD
571,RETURN,59.93,93.598,0.082,1.53,1.664,-0.247,-0.767,-93.598,-0.218,1.664,4.972,2.688,0,3.849,5.996,3.995,89.848,0.57,1.608,0,0,0,OFFBOARD
572,RETURN,60.03,93.386,0.115,1.537,1.664,-0.247,-0.767,-93.386,-0.185,1.664,5.365,3.22,0,4.389,6.167,3.983,89.424,0.618,1.618,0,0,0,OFFBOARD
573,RETURN,60.13,93.174,0.165,1.544,1.664,-0.247,-0.767,-93.174,-0.135,1.664,5.655,3.35,0,4.391,10.0,3.921,88.99,0.661,1.628,0,0,0,OFFBOARD
574,RETURN,60.24,92.96,0.228,1.552,1.664,-0.247,-0.767,-92.96,-0.072,1.664,5.608,3.206,0,4.282,10.0,3.865,88.551,0.699,1.638,0,0,0,OFFBOARD
575,RETURN,60.34,92.741,0.298,1.56,1.664,-0.247,-0.767,-92.741,-0.001,1.664,5.681,3.029,0,4.748,10.0,3.844,88.109,0.737,1.647,0,0,0,OFFBOARD
576,RETURN,60.44,92.528,0.371,1.567,1.664,-0.247,-0.767,-92.528,0.071,1.664,5.839,2.821,0,4.687,10.0,3.832,87.664,0.755,1.656,0,0,0,OFFBOARD
577,RETURN,60.54,92.305,0.447,1.575,1.664,-0.247,-0.767,-92.305,0.147,1.664,2.676,2.594,0,4.497,2.701,2.647,87.218,0.763,1.664,0,0,0,OFFBOARD
578,RETURN,60.64,92.085,0.521,1.584,1.664,-0.247,-0.767,-92.085,0.221,1.664,2.275,2.273,0,4.215,2.303,2.261,86.771,0.754,1.671,0,0,0,OFFBOARD
579,RETURN,60.74,91.868,0.59,1.592,1.664,-0.247,-0.767,-91.868,0.29,1.664,2.014,2.014,0,3.993,2.058,2.011,86.327,0.71,1.676,0,0,0,OFFBOARD
580,RETURN,60.84,91.653,0.653,1.6,1.664,-0.247,-0.767,-91.653,0.353,1.664,1.762,1.762,1,3.799,1.805,1.761,85.942,0.652,1.681,0,0,0,OFFBOARD
581,RETURN,60.95,91.437,0.708,1.608,1.664,-0.247,-0.767,-91.437,0.408,1.664,1.52,1.52,1,3.687,1.548,1.513,85.548,0.533,1.685,0,0,0,OFFBOARD
582,RETURN,61.05,91.227,0.75,1.616,1.664,-0.247,-0.767,-91.227,0.45,1.664,1.284,1.284,1,3.629,1.296,1.267,85.173,0.4,1.687,0,0,0,OFFBOARD
583,RETURN,61.15,91.018,0.779,1.624,1.664,-0.247,-0.767,-91.018,0.479,1.664,1.045,1.045,1,3.437,1.048,1.031,84.91,0.228,1.688,0,0,0,OFFBOARD
584,RETURN,61.25,90.811,0.792,1.631,1.664,-0.247,-0.767,-90.811,0.492,1.664,0.8,0.8,1,3.271,0.802,0.806,84.729,0.027,1.688,0,1,0,OFFBOARD
585,RETURN,61.35,90.604,0.787,1.638,1.664,-0.247,-0.767,-90.604,0.487,1.664,0.584,0.554,1,3.701,0.575,0.605,84.603,-0.276,1.687,0,1,0,OFFBOARD
586,RETURN,61.45,90.394,0.761,1.645,1.664,-0.247,-0.767,-90.394,0.462,1.664,0.547,0.475,1,3.771,0.525,0.548,84.503,-0.626,1.685,0,1,0,OFFBOARD
587,RETURN,61.55,90.21,0.712,1.652,1.664,-0.247,-0.767,-90.21,0.412,1.664,5.085,2.627,0,3.821,5.62,4.183,84.403,-0.768,1.678,0,0,0,OFFBOARD
588,RETURN,61.66,90.091,0.63,1.655,1.664,-0.247,-0.767,-90.091,0.33,1.664,4.981,2.558,0,3.728,5.483,4.081,84.204,-0.862,1.673,0,0,0,OFFBOARD
589,RETURN,61.76,89.967,0.524,1.657,1.664,-0.247,-0.767,-89.967,0.224,1.664,4.894,2.477,0,3.701,5.369,3.731,83.916,-0.921,1.668,0,0,0,OFFBOARD
590,RETURN,61.86,89.834,0.401,1.66,1.664,-0.247,-0.767,-89.834,0.101,1.664,4.505,2.629,0,4.503,5.27,3.39,83.572,-0.933,1.662,0,0,0,OFFBOARD
591,RETURN,61.96,89.688,0.263,1.661,1.664,-0.247,-0.767,-89.688,-0.037,1.664,4.124,3.05,0,4.542,5.147,3.156,83.191,-0.907,1.657,0,0,0,OFFBOARD
592,RETURN,62.06,89.523,0.116,1.663,1.664,-0.247,-0.767,-89.523,-0.184,1.664,3.971,3.258,0,5.207,5.014,3.044,82.786,-0.858,1.652,0,0,0,OFFBOARD
593,RETURN,62.16,89.343,-0.034,1.663,1.664,-0.247,-0.767,-89.343,-0.334,1.664,4.023,3.263,0,5.372,4.873,3.047,82.365,-0.806,1.648,0,0,0,OFFBOARD
594,RETURN,62.26,89.147,-0.185,1.663,1.664,-0.247,-0.767,-89.147,-0.485,1.664,4.268,3.739,0,5.265,4.719,3.162,81.935,-0.745,1.643,0,0,0,OFFBOARD
595,RETURN,62.36,88.939,-0.334,1.663,1.664,-0.247,-0.767,-88.939,-0.633,1.664,4.512,3.955,0,5.099,4.539,3.377,81.499,-0.683,1.638,0,0,0,OFFBOARD
596,RETURN,62.47,88.719,-0.482,1.662,1.664,-0.247,-0.767,-88.719,-0.782,1.664,4.317,3.853,0,4.815,4.328,3.673,81.058,-0.62,1.634,0,0,0,OFFBOARD
597,RETURN,62.57,88.498,-0.627,1.661,1.664,-0.247,-0.767,-88.498,-0.927,1.664,4.091,3.343,0,4.552,4.103,4.0,80.618,-0.533,1.63,0,0,0,OFFBOARD
598,RETURN,62.67,88.278,-0.767,1.659,1.664,-0.247,-0.767,-88.278,-1.066,1.664,5.672,3.07,0,4.234,10.0,4.287,80.184,-0.441,1.626,0,0,0,OFFBOARD
599,RETURN,62.77,88.056,-0.901,1.656,1.664,-0.247,-0.767,-88.056,-1.201,1.664,5.425,2.785,0,3.952,10.0,4.547,79.745,-0.33,1.622,0,0,0,OFFBOARD
600,RETURN,62.87,87.841,-1.022,1.654,1.664,-0.247,-0.767,-87.841,-1.322,1.664,4.861,2.499,0,3.789,6.539,4.64,79.302,-0.203,1.619,0,0,0,OFFBOARD
601,RETURN,62.97,87.632,-1.122,1.651,1.664,-0.247,-0.767,-87.632,-1.422,1.664,4.527,2.233,0,3.57,6.032,4.593,78.872,-0.046,1.616,0,0,0,OFFBOARD
602,RETURN,63.08,87.418,-1.199,1.648,1.664,-0.247,-0.767,-87.418,-1.499,1.664,4.539,2.112,0,3.527,4.821,4.387,78.502,0.131,1.614,0,0,0,OFFBOARD
603,RETURN,63.18,87.209,-1.243,1.645,1.664,-0.247,-0.767,-87.209,-1.542,1.664,4.524,2.043,0,3.345,4.617,4.164,78.157,0.319,1.612,0,0,0,OFFBOARD
604,RETURN,63.28,87.003,-1.248,1.642,1.664,-0.247,-0.767,-87.003,-1.548,1.664,4.39,1.905,1,3.14,4.425,4.004,77.835,0.517,1.611,0,0,0,OFFBOARD
605,RETURN,63.38,86.798,-1.214,1.639,1.664,-0.247,-0.767,-86.798,-1.514,1.664,4.19,1.797,1,3.095,4.324,3.962,77.584,0.675,1.61,0,0,0,OFFBOARD
606,RETURN,63.48,86.591,-1.145,1.636,1.664,-0.247,-0.767,-86.591,-1.445,1.664,3.994,2.117,0,3.63,5.111,4.009,77.348,0.784,1.609,0,0,0,OFFBOARD
607,RETURN,63.58,86.381,-1.045,1.633,1.664,-0.247,-0.767,-86.381,-1.345,1.664,4.718,2.235,0,3.719,4.999,4.029,77.044,0.909,1.609,0,0,0,OFFBOARD
608,RETURN,63.69,86.168,-0.92,1.63,1.664,-0.247,-0.767,-86.167,-1.22,1.664,4.759,2.349,0,3.549,4.753,4.032,76.692,1.038,1.609,0,0,0,OFFBOARD
609,RETURN,63.79,85.954,-0.781,1.628,1.664,-0.247,-0.767,-85.954,-1.081,1.664,4.471,2.33,0,3.438,4.502,4.041,76.306,1.175,1.61,0,0,0,OFFBOARD
610,RETURN,63.89,85.737,-0.631,1.625,1.664,-0.247,-0.767,-85.737,-0.931,1.664,4.201,2.799,0,4.04,4.251,4.046,75.9,1.295,1.611,0,0,0,OFFBOARD
611,RETURN,63.99,85.521,-0.478,1.623,1.664,-0.247,-0.767,-85.521,-0.778,1.664,3.954,2.966,0,4.147,3.999,3.994,75.479,1.404,1.613,0,0,0,OFFBOARD
612,RETURN,64.09,85.303,-0.321,1.621,1.664,-0.247,-0.767,-85.303,-0.621,1.664,3.694,1.674,1,3.979,3.744,3.736,75.048,1.422,1.615,0,0,0,OFFBOARD
613,RETURN,64.19,85.087,-0.163,1.62,1.664,-0.247,-0.767,-85.087,-0.463,1.664,3.401,1.357,1,4.034,3.487,3.466,74.768,1.366,1.617,0,0,0,OFFBOARD
614,RETURN,64.29,84.871,-0.001,1.618,1.664,-0.247,-0.767,-84.871,-0.301,1.664,3.178,1.056,1,4.356,3.231,3.197,74.579,1.26,1.619,0,0,0,OFFBOARD
615,RETURN,64.4,84.656,0.165,1.618,1.664,-0.247,-0.767,-84.656,-0.135,1.664,2.872,0.81,1,4.352,2.975,2.927,74.453,1.016,1.621,0,0,0,OFFBOARD
616,RETURN,64.5,84.444,0.333,1.617,1.664,-0.247,-0.767,-84.444,0.033,1.664,2.68,0.798,1,4.284,2.725,2.667,74.264,0.743,1.621,0,1,0,OFFBOARD
617,RETURN,64.6,84.233,0.504,1.617,1.664,-0.247,-0.767,-84.233,0.204,1.664,5.331,2.377,0,4.166,6.581,0.575,73.984,0.802,1.622,0,0,0,OFFBOARD
618,RETURN,64.7,84.025,0.668,1.617,1.664,-0.247,-0.767,-84.025,0.368,1.664,5.125,2.109,0,3.966,10.0,4.26,73.645,0.933,1.624,0,0,0,OFFBOARD
619,RETURN,64.8,83.818,0.818,1.617,1.664,-0.247,-0.767,-83.818,0.518,1.664,4.919,1.901,1,3.761,10.0,4.228,73.268,1.047,1.625,0,0,0,OFFBOARD
620,RETURN,64.9,83.61,0.949,1.617,1.664,-0.247,-0.767,-83.61,0.649,1.664,4.713,1.706,1,3.556,6.893,4.198,72.971,1.061,1.622,0,0,0,OFFBOARD
621,RETURN,65.01,83.403,1.054,1.618,1.664,-0.247,-0.767,-83.403,0.754,1.664,4.545,2.15,0,3.435,5.792,4.176,72.669,0.979,1.62,0,0,0,OFFBOARD
622,RETURN,65.11,83.194,1.132,1.618,1.664,-0.247,-0.767,-83.194,0.832,1.664,4.389,2.043,0,3.753,5.566,4.159,72.315,0.906,1.619,0,0,0,OFFBOARD
623,RETURN,65.21,82.99,1.184,1.618,1.664,-0.247,-0.767,-82.99,0.884,1.664,4.211,2.222,0,3.665,5.294,4.14,71.928,0.855,1.619,0,0,0,OFFBOARD
624,RETURN,65.31,82.783,1.213,1.619,1.664,-0.247,-0.767,-82.783,0.913,1.664,4.726,2.226,0,3.608,5.209,4.132,71.518,0.81,1.62,0,0,0,OFFBOARD
625,RETURN,65.41,82.577,1.223,1.619,1.664,-0.247,-0.767,-82.577,0.923,1.664,4.769,2.242,0,3.604,6.0,4.126,71.095,0.765,1.621,0,0,0,OFFBOARD
626,RETURN,65.52,82.37,1.218,1.619,1.664,-0.247,-0.767,-82.37,0.918,1.664,4.766,2.248,0,3.541,6.064,4.125,70.662,0.723,1.622,0,0,0,OFFBOARD
627,RETURN,65.62,82.166,1.201,1.619,1.664,-0.247,-0.767,-82.166,0.901,1.664,4.462,2.057,0,3.206,5.727,4.121,70.223,0.684,1.623,0,0,0,OFFBOARD
628,RETURN,65.72,81.962,1.173,1.619,1.664,-0.247,-0.767,-81.962,0.873,1.664,4.26,2.248,0,3.109,5.664,4.121,69.78,0.654,1.624,0,0,0,OFFBOARD
629,RETURN,65.82,81.756,1.137,1.62,1.664,-0.247,-0.767,-81.755,0.837,1.664,4.26,2.343,0,3.629,6.57,4.122,69.335,0.636,1.626,0,0,0,OFFBOARD
630,RETURN,65.92,81.551,1.095,1.62,1.664,-0.247,-0.767,-81.551,0.795,1.664,5.033,2.407,0,3.722,6.365,4.123,68.888,0.619,1.628,0,0,0,OFFBOARD
631,RETURN,66.02,81.348,1.047,1.62,1.664,-0.247,-0.767,-81.348,0.747,1.664,4.904,2.391,0,3.648,10.0,4.124,68.44,0.611,1.629,0,0,0,OFFBOARD
632,RETURN,66.12,81.142,0.996,1.621,1.664,-0.247,-0.767,-81.142,0.696,1.664,4.7,2.27,0,3.444,10.0,4.126,67.992,0.601,1.631,0,0,0,OFFBOARD
633,RETURN,66.22,80.939,0.943,1.622,1.664,-0.247,-0.767,-80.938,0.643,1.664,4.671,2.642,0,3.405,10.0,4.126,67.544,0.613,1.632,0,0,0,OFFBOARD
634,RETURN,66.33,80.735,0.891,1.622,1.664,-0.247,-0.767,-80.735,0.591,1.664,5.5,2.76,0,3.941,10.0,4.129,67.096,0.626,1.634,0,0,0,OFFBOARD
635,RETURN,66.43,80.533,0.84,1.623,1.664,-0.247,-0.767,-80.533,0.54,1.664,5.349,2.83,0,4.03,10.0,4.131,66.647,0.642,1.635,0,0,0,OFFBOARD
636,RETURN,66.53,80.328,0.793,1.624,1.664,-0.247,-0.767,-80.328,0.493,1.664,5.149,2.629,0,3.893,10.0,4.132,66.199,0.659,1.637,0,0,0,OFFBOARD
637,RETURN,66.63,80.125,0.75,1.625,1.664,-0.247,-0.767,-80.125,0.45,1.664,5.036,2.664,0,3.693,10.0,4.133,65.75,0.684,1.638,0,0,0,OFFBOARD
638,RETURN,66.73,79.925,0.715,1.626,1.664,-0.247,-0.767,-79.925,0.415,1.664,5.624,3.045,0,3.676,10.0,4.133,65.301,0.72,1.639,0,0,0,OFFBOARD
639,RETURN,66.83,79.723,0.685,1.627,1.664,-0.247,-0.767,-79.723,0.385,1.664,5.712,3.114,0,4.118,10.0,4.132,64.852,0.755,1.64,0,0,0,OFFBOARD
640,RETURN,66.93,79.519,0.663,1.629,1.664,-0.247,-0.767,-79.519,0.363,1.664,5.6,3.081,0,4.127,10.0,4.132,64.403,0.797,1.641,0,0,0,OFFBOARD
641,RETURN,67.04,79.316,0.648,1.63,1.664,-0.247,-0.767,-79.316,0.348,1.664,5.401,2.883,0,4.144,10.0,4.132,63.953,0.834,1.641,0,0,0,OFFBOARD
642,RETURN,67.14,79.114,0.641,1.631,1.664,-0.247,-0.767,-79.114,0.341,1.664,5.229,2.829,0,3.946,10.0,4.133,63.504,0.87,1.641,0,0,0,OFFBOARD
643,RETURN,67.24,78.91,0.64,1.632,1.664,-0.247,-0.767,-78.91,0.34,1.664,5.225,3.182,0,3.759,10.0,4.134,63.054,0.915,1.642,0,0,0,OFFBOARD
644,RETURN,67.34,78.708,0.646,1.633,1.664,-0.247,-0.767,-78.708,0.346,1.664,5.692,3.175,0,3.75,10.0,4.135,62.605,0.956,1.642,0,0,0,OFFBOARD
645,RETURN,67.44,78.507,0.657,1.634,1.664,-0.247,-0.767,-78.507,0.357,1.664,5.753,3.142,0,4.123,10.0,4.136,62.155,0.993,1.642,0,0,0,OFFBOARD
646,RETURN,67.54,78.305,0.674,1.635,1.664,-0.247,-0.767,-78.305,0.374,1.664,5.594,3.081,0,4.149,10.0,4.138,61.706,1.037,1.641,0,0,0,OFFBOARD
647,RETURN,67.64,78.101,0.695,1.636,1.664,-0.247,-0.767,-78.101,0.395,1.664,5.395,2.882,0,4.138,10.0,4.14,61.256,1.075,1.641,0,0,0,OFFBOARD
648,RETURN,67.75,77.893,0.721,1.637,1.664,-0.247,-0.767,-77.893,0.421,1.664,5.195,2.683,0,3.939,10.0,4.141,60.807,1.109,1.64,0,0,0,OFFBOARD
649,RETURN,67.85,77.688,0.75,1.637,1.664,-0.247,-0.767,-77.688,0.45,1.664,4.996,2.63,0,3.739,10.0,4.143,60.357,1.141,1.64,0,0,0,OFFBOARD
650,RETURN,67.95,77.486,0.781,1.638,1.664,-0.247,-0.767,-77.486,0.481,1.664,4.924,2.892,0,3.574,10.0,4.143,59.908,1.188,1.639,0,0,0,OFFBOARD
651,RETURN,68.05,77.284,0.814,1.638,1.664,-0.247,-0.767,-77.284,0.514,1.664,5.424,2.868,0,3.535,10.0,4.144,59.458,1.235,1.638,0,0,0,OFFBOARD
652,RETURN,68.15,77.08,0.85,1.639,1.664,-0.247,-0.767,-77.08,0.55,1.664,5.521,2.804,0,3.966,10.0,4.144,59.008,1.274,1.638,0,0,0,OFFBOARD
653,RETURN,68.25,76.878,0.886,1.639,1.664,-0.247,-0.767,-76.878,0.586,1.664,5.451,2.738,0,3.956,10.0,4.144,58.559,1.305,1.637,0,0,0,OFFBOARD
654,RETURN,68.35,76.676,0.924,1.639,1.664,-0.247,-0.767,-76.676,0.624,1.664,5.251,2.709,0,3.868,10.0,4.144,58.11,1.328,1.636,0,0,0,OFFBOARD
655,RETURN,68.46,76.474,0.962,1.639,1.664,-0.247,-0.767,-76.474,0.662,1.664,5.051,2.54,0,3.794,10.0,4.143,57.661,1.349,1.635,0,0,0,OFFBOARD
656,RETURN,68.56,76.27,1.002,1.639,1.664,-0.247,-0.767,-76.27,0.702,1.664,4.851,2.34,0,3.595,10.0,4.143,57.212,1.357,1.634,0,0,0,OFFBOARD
657,RETURN,68.66,76.068,1.042,1.639,1.664,-0.247,-0.767,-76.068,0.742,1.664,4.651,2.216,0,3.395,10.0,4.14,56.763,1.344,1.633,0,0,0,OFFBOARD
658,RETURN,68.76,75.864,1.082,1.638,1.664,-0.247,-0.767,-75.864,0.783,1.664,4.451,2.16,0,3.199,6.964,4.136,56.314,1.326,1.633,0,0,0,OFFBOARD
659,RETURN,68.86,75.662,1.122,1.638,1.664,-0.247,-0.767,-75.662,0.822,1.664,4.289,2.365,0,3.149,6.762,4.14,55.866,1.318,1.632,0,0,0,OFFBOARD
660,RETURN,68.96,75.46,1.161,1.638,1.664,-0.247,-0.767,-75.46,0.861,1.664,4.218,2.312,0,3.546,6.563,4.139,55.416,1.303,1.631,0,0,0,OFFBOARD
661,RETURN,69.06,75.258,1.198,1.637,1.664,-0.247,-0.767,-75.258,0.898,1.664,4.714,2.27,0,3.564,6.363,4.138,54.967,1.28,1.631,0,0,0,OFFBOARD
662,RETURN,69.17,75.055,1.232,1.637,1.664,-0.247,-0.767,-75.054,0.932,1.664,4.778,2.236,0,3.521,6.163,4.138,54.518,1.25,1.63,0,0,0,OFFBOARD
663,RETURN,69.27,74.853,1.263,1.636,1.664,-0.247,-0.767,-74.853,0.963,1.664,4.706,2.194,0,3.45,5.962,4.138,54.068,1.213,1.63,0,0,0,OFFBOARD
664,RETURN,69.37,74.651,1.289,1.636,1.664,-0.247,-0.767,-74.651,0.989,1.664,4.506,1.994,1,3.25,5.762,4.137,53.618,1.175,1.629,0,0,0,OFFBOARD
665,RETURN,69.47,74.447,1.31,1.635,1.664,-0.247,-0.767,-74.447,1.011,1.664,4.306,1.831,1,3.05,5.562,4.137,53.168,1.125,1.629,0,0,0,OFFBOARD
666,RETURN,69.57,74.245,1.326,1.634,1.664,-0.247,-0.767,-74.245,1.026,1.664,4.106,1.806,1,2.883,5.362,4.136,52.719,1.069,1.628,0,0,0,OFFBOARD
667,RETURN,69.67,74.043,1.337,1.634,1.664,-0.247,-0.767,-74.043,1.037,1.664,3.906,2.073,0,2.868,5.286,4.136,52.269,1.025,1.628,0,0,0,OFFBOARD
668,RETURN,69.77,73.841,1.341,1.633,1.664,-0.247,-0.767,-73.841,1.041,1.664,3.862,2.088,0,3.346,5.86,4.135,51.82,0.983,1.628,0,0,0,OFFBOARD
669,RETURN,69.87,73.639,1.339,1.633,1.664,-0.247,-0.767,-73.639,1.039,1.664,4.543,2.118,0,3.386,5.695,4.134,51.37,0.939,1.627,0,0,0,OFFBOARD
670,RETURN,69.98,73.435,1.331,1.632,1.664,-0.247,-0.767,-73.435,1.031,1.664,4.562,2.049,0,3.306,5.452,4.133,50.92,0.89,1.627,0,0,0,OFFBOARD
671,RETURN,70.08,73.237,1.316,1.631,1.664,-0.247,-0.767,-73.237,1.016,1.664,4.294,1.816,1,3.038,5.125,4.131,50.47,0.839,1.627,0,0,0,OFFBOARD
672,RETURN,70.18,73.025,1.295,1.631,1.664,-0.247,-0.767,-73.025,0.995,1.664,4.094,2.159,0,2.933,4.876,4.129,50.02,0.803,1.627,0,0,0,OFFBOARD
673,RETURN,70.28,72.823,1.268,1.63,1.664,-0.247,-0.767,-72.823,0.968,1.664,4.02,2.242,0,3.45,4.62,4.127,49.57,0.777,1.627,0,0,0,OFFBOARD
674,RETURN,70.38,72.621,1.236,1.63,1.664,-0.247,-0.767,-72.621,0.936,1.664,4.267,2.272,0,3.539,4.383,4.124,49.12,0.747,1.627,0,0,0,OFFBOARD
675,RETURN,70.48,72.417,1.199,1.63,1.664,-0.247,-0.767,-72.417,0.899,1.664,4.103,2.234,0,3.491,4.135,4.026,48.67,0.715,1.627,0,0,0,OFFBOARD
676,RETURN,70.59,72.215,1.158,1.629,1.664,-0.247,-0.767,-72.215,0.858,1.664,3.905,2.039,0,3.295,3.91,3.868,48.221,0.683,1.626,0,0,0,OFFBOARD
677,RETURN,70.69,72.011,1.113,1.629,1.664,-0.247,-0.767,-72.011,0.813,1.664,3.725,2.37,0,3.176,3.717,3.717,47.771,0.666,1.626,0,0,0,OFFBOARD
678,RETURN,70.79,71.809,1.067,1.629,1.664,-0.247,-0.767,-71.809,0.767,1.664,4.35,2.455,0,3.7,6.416,3.69,47.321,0.652,1.626,0,0,0,OFFBOARD
679,RETURN,70.89,71.607,1.019,1.628,1.664,-0.247,-0.767,-71.607,0.719,1.664,5.192,2.529,0,3.81,6.464,4.096,46.871,0.634,1.627,0,0,0,OFFBOARD
680,RETURN,70.99,71.403,0.969,1.628,1.664,-0.247,-0.767,-71.403,0.67,1.664,5.008,2.495,0,3.751,10.0,4.109,46.421,0.616,1.627,0,0,0,OFFBOARD
681,RETURN,71.09,71.201,0.921,1.628,1.664,-0.247,-0.767,-71.201,0.621,1.664,4.808,2.376,0,3.551,10.0,4.115,45.973,0.584,1.628,0,0,0,OFFBOARD
682,RETURN,71.19,70.999,0.873,1.628,1.664,-0.247,-0.767,-70.999,0.573,1.664,4.778,2.336,0,3.475,10.0,4.115,45.526,0.563,1.629,0,0,0,OFFBOARD
683,RETURN,71.3,70.795,0.826,1.627,1.664,-0.247,-0.767,-70.795,0.526,1.664,5.581,2.078,0,3.972,10.0,4.114,45.079,0.525,1.629,0,0,0,OFFBOARD
684,RETURN,71.4,70.593,0.781,1.627,1.664,-0.247,-0.767,-70.593,0.482,1.664,5.464,1.884,1,4.062,10.0,4.115,44.632,0.503,1.63,0,0,0,OFFBOARD
685,RETURN,71.5,70.389,0.738,1.628,1.664,-0.247,-0.767,-70.389,0.438,1.664,5.264,2.752,0,4.008,10.0,4.115,44.191,0.52,1.631,0,0,0,OFFBOARD
686,RETURN,71.6,70.187,0.698,1.628,1.664,-0.247,-0.767,-70.187,0.398,1.664,5.097,2.693,0,3.808,10.0,4.115,43.746,0.54,1.631,0,0,0,OFFBOARD
687,RETURN,71.7,69.985,0.659,1.628,1.664,-0.247,-0.767,-69.985,0.359,1.664,5.671,3.063,0,3.735,10.0,4.116,43.3,0.575,1.632,0,0,0,OFFBOARD
688,RETURN,71.8,69.783,0.623,1.628,1.664,-0.247,-0.767,-69.783,0.323,1.664,5.793,3.135,0,4.182,10.0,4.117,42.853,0.609,1.633,0,0,0,OFFBOARD
689,RETURN,71.9,69.579,0.589,1.628,1.664,-0.247,-0.767,-69.579,0.29,1.664,5.72,3.196,0,4.212,10.0,4.118,42.405,0.648,1.633,0,0,0,OFFBOARD
690,RETURN,72.01,69.377,0.56,1.629,1.664,-0.247,-0.767,-69.377,0.26,1.664,5.516,3.004,0,4.256,10.0,4.12,41.956,0.69,1.634,0,0,0,OFFBOARD
691,RETURN,72.11,69.175,0.535,1.629,1.664,-0.247,-0.767,-69.175,0.235,1.664,5.366,2.94,0,4.062,10.0,4.123,41.507,0.733,1.635,0,0,0,OFFBOARD
692,RETURN,72.21,68.973,0.515,1.63,1.664,-0.247,-0.767,-68.973,0.215,1.664,5.604,3.335,0,3.872,10.0,4.126,41.058,0.785,1.635,0,0,0,OFFBOARD
693,RETURN,72.31,68.771,0.502,1.63,1.664,-0.247,-0.767,-68.771,0.202,1.664,5.762,3.354,0,3.884,10.0,4.129,40.609,0.834,1.636,0,0,0,OFFBOARD
694,RETURN,72.41,68.569,0.496,1.631,1.664,-0.247,-0.767,-68.569,0.196,1.664,5.817,3.365,0,4.225,10.0,4.131,40.159,0.883,1.636,0,0,0,OFFBOARD
695,RETURN,72.51,68.363,0.498,1.631,1.664,-0.247,-0.767,-68.363,0.198,1.664,5.71,3.198,0,4.262,10.0,4.132,39.71,0.932,1.636,0,0,0,OFFBOARD
696,RETURN,72.61,68.161,0.507,1.632,1.664,-0.247,-0.767,-68.161,0.207,1.664,5.51,3.003,0,4.254,10.0,4.134,39.26,0.978,1.637,0,0,0,OFFBOARD
697,RETURN,72.71,67.959,0.524,1.632,1.664,-0.247,-0.767,-67.959,0.224,1.664,5.388,2.978,0,4.054,10.0,4.134,38.81,1.025,1.637,0,0,0,OFFBOARD
698,RETURN,72.82,67.757,0.548,1.633,1.664,-0.247,-0.767,-67.757,0.248,1.664,5.347,3.287,0,3.854,10.0,4.134,38.361,1.075,1.637,0,0,0,OFFBOARD
699,RETURN,72.92,67.553,0.578,1.633,1.664,-0.247,-0.767,-67.553,0.279,1.664,5.147,3.242,0,3.813,10.0,4.134,37.911,1.12,1.637,0,0,0,OFFBOARD
700,RETURN,73.02,67.351,0.615,1.634,1.664,-0.247,-0.767,-67.351,0.315,1.664,4.947,3.176,0,4.111,10.0,4.134,37.462,1.16,1.637,0,0,0,OFFBOARD
701,RETURN,73.12,67.149,0.656,1.634,1.664,-0.247,-0.767,-67.149,0.356,1.664,4.747,3.115,0,4.126,10.0,4.133,37.013,1.196,1.637,0,0,0,OFFBOARD
702,RETURN,73.22,66.945,0.702,1.634,1.664,-0.247,-0.767,-66.945,0.402,1.664,4.547,3.054,0,4.082,10.0,4.133,36.564,1.229,1.637,0,0,0,OFFBOARD
703,RETURN,73.32,66.743,0.75,1.635,1.664,-0.247,-0.767,-66.743,0.451,1.664,4.347,2.854,0,3.94,10.0,4.133,36.116,1.258,1.637,0,0,0,OFFBOARD
704,RETURN,73.42,66.539,0.803,1.635,1.664,-0.247,-0.767,-66.539,0.503,1.664,4.163,2.652,0,3.877,10.0,4.133,35.668,1.277,1.636,0,0,0,OFFBOARD
705,RETURN,73.53,66.337,0.856,1.635,1.664,-0.247,-0.767,-66.337,0.556,1.664,3.947,2.495,0,3.71,10.0,3.946,35.221,1.288,1.636,0,0,0,OFFBOARD
706,RETURN,73.63,66.135,0.911,1.636,1.664,-0.247,-0.767,-66.135,0.611,1.664,3.748,2.417,0,3.51,10.0,3.746,34.775,1.294,1.636,0,0,0,OFFBOARD
707,RETURN,73.73,65.931,0.966,1.636,1.664,-0.247,-0.767,-65.931,0.666,1.664,3.549,2.624,0,3.384,6.979,3.546,34.329,1.311,1.635,0,0,0,OFFBOARD
708,RETURN,73.83,65.727,1.02,1.636,1.664,-0.247,-0.767,-65.727,0.72,1.664,3.35,2.547,0,3.318,6.779,3.346,33.883,1.33,1.635,0,0,0,OFFBOARD
709,RETURN,73.93,65.525,1.073,1.636,1.664,-0.247,-0.767,-65.525,0.773,1.664,3.165,2.48,0,3.751,6.579,3.146,33.435,1.347,1.634,0,0,0,OFFBOARD
710,RETURN,74.03,65.323,1.122,1.636,1.664,-0.247,-0.767,-65.323,0.822,1.664,3.024,2.411,0,3.71,6.379,2.946,32.987,1.36,1.634,0,0,0,OFFBOARD
711,RETURN,74.13,65.121,1.169,1.636,1.664,-0.247,-0.767,-65.121,0.869,1.664,2.927,2.351,0,3.642,6.177,2.774,32.538,1.369,1.633,0,0,0,OFFBOARD
712,RETURN,74.23,64.919,1.213,1.636,1.664,-0.247,-0.767,-64.919,0.913,1.664,2.949,2.292,0,3.561,5.979,2.629,32.088,1.398,1.633,0,0,0,OFFBOARD
713,RETURN,74.34,64.715,1.253,1.636,1.664,-0.247,-0.767,-64.715,0.953,1.664,4.623,2.11,0,3.367,5.779,2.514,31.639,1.426,1.633,0,0,0,OFFBOARD
714,RETURN,74.44,64.513,1.289,1.635,1.664,-0.247,-0.767,-64.513,0.989,1.664,4.423,1.91,1,3.167,5.579,2.472,31.189,1.443,1.632,0,0,0,OFFBOARD
715,RETURN,74.54,64.311,1.322,1.635,1.664,-0.247,-0.767,-64.311,1.022,1.664,4.223,1.818,1,2.967,5.379,4.073,30.74,1.381,1.629,0,0,0,OFFBOARD
716,RETURN,74.64,64.107,1.352,1.635,1.664,-0.247,-0.767,-64.107,1.052,1.664,4.023,2.037,0,2.815,5.247,4.134,30.291,1.255,1.62,0,0,0,OFFBOARD
717,RETURN,74.74,63.903,1.379,1.634,1.664,-0.247,-0.767,-63.903,1.079,1.664,3.821,1.997,1,2.77,5.127,4.133,29.841,1.147,1.614,0,0,0,OFFBOARD
718,RETURN,74.84,63.703,1.402,1.634,1.664,-0.247,-0.767,-63.703,1.102,1.664,3.69,1.976,1,3.224,5.762,4.132,29.392,1.055,1.61,0,0,0,OFFBOARD
719,RETURN,74.95,63.497,1.421,1.632,1.664,-0.247,-0.767,-63.497,1.121,1.664,4.358,1.978,1,3.253,5.769,4.132,28.942,0.957,1.606,0,0,0,OFFBOARD
720,RETURN,75.05,63.295,1.433,1.631,1.664,-0.247,-0.767,-63.295,1.133,1.664,4.311,1.899,1,3.155,5.567,4.131,28.493,0.864,1.604,0,0,0,OFFBOARD
721,RETURN,75.15,63.099,1.436,1.629,1.664,-0.247,-0.767,-63.099,1.136,1.664,4.113,1.701,1,2.957,5.369,4.124,28.044,0.782,1.602,0,0,0,OFFBOARD
722,RETURN,75.25,62.889,1.429,1.627,1.664,-0.247,-0.767,-62.889,1.13,1.664,3.913,1.657,1,2.783,5.169,4.116,27.595,0.699,1.602,0,0,0,OFFBOARD
723,RETURN,75.35,62.687,1.411,1.625,1.664,-0.247,-0.767,-62.687,1.111,1.664,3.788,2.051,0,3.36,4.965,4.113,27.146,0.65,1.602,0,0,0,OFFBOARD
724,RETURN,75.45,62.483,1.38,1.622,1.664,-0.247,-0.767,-62.483,1.08,1.664,4.59,2.075,0,3.455,5.845,4.108,26.697,0.605,1.603,0,0,0,OFFBOARD
725,RETURN,75.55,62.281,1.337,1.62,1.664,-0.247,-0.767,-62.281,1.037,1.664,4.567,2.127,0,3.311,5.823,4.105,26.247,0.562,1.603,0,0,0,OFFBOARD
726,RETURN,75.66,62.079,1.284,1.618,1.664,-0.247,-0.767,-62.079,0.984,1.664,4.369,1.957,1,3.113,5.625,4.102,25.797,0.527,1.605,0,0,0,OFFBOARD
727,RETURN,75.76,61.877,1.221,1.616,1.664,-0.247,-0.767,-61.877,0.921,1.664,4.169,2.22,0,3.078,6.506,4.097,25.348,0.511,1.606,0,0,0,OFFBOARD
728,RETURN,75.86,61.675,1.152,1.615,1.664,-0.247,-0.767,-61.675,0.852,1.664,4.908,2.329,0,3.666,6.482,4.089,24.899,0.509,1.608,0,0,0,OFFBOARD
729,RETURN,75.96,61.473,1.078,1.613,1.664,-0.247,-0.767,-61.473,0.778,1.664,5.023,2.45,0,3.749,6.358,4.082,24.45,0.515,1.611,0,0,0,OFFBOARD
730,RETURN,76.06,61.271,1.002,1.612,1.664,-0.247,-0.767,-61.271,0.702,1.664,4.825,2.313,0,3.569,10.0,4.077,24.0,0.529,1.614,0,0,0,OFFBOARD
731,RETURN,76.16,61.067,0.926,1.611,1.664,-0.247,-0.767,-61.067,0.626,1.664,4.701,2.639,0,3.425,10.0,4.077,23.551,0.57,1.617,0,0,0,OFFBOARD
732,RETURN,76.26,60.863,0.852,1.611,1.664,-0.247,-0.767,-60.863,0.552,1.664,5.486,2.775,0,3.964,10.0,4.077,23.101,0.619,1.62,0,0,0,OFFBOARD
733,RETURN,76.36,60.661,0.782,1.611,1.664,-0.247,-0.767,-60.661,0.482,1.664,5.482,2.847,0,4.078,10.0,4.08,22.652,0.678,1.623,0,0,0,OFFBOARD
734,RETURN,76.47,60.457,0.718,1.611,1.664,-0.247,-0.767,-60.457,0.418,1.664,5.28,2.698,0,4.023,10.0,4.083,22.202,0.745,1.626,0,0,0,OFFBOARD
735,RETURN,76.57,60.255,0.662,1.612,1.664,-0.247,-0.767,-60.255,0.362,1.664,5.167,2.55,0,3.825,10.0,4.086,21.753,0.824,1.629,0,0,0,OFFBOARD
736,RETURN,76.67,60.051,0.614,1.612,1.664,-0.247,-0.767,-60.051,0.314,1.664,5.584,2.421,0,3.782,10.0,4.087,21.303,0.918,1.632,0,0,0,OFFBOARD
737,RETURN,76.77,59.849,0.576,1.614,1.664,-0.247,-0.767,-59.849,0.276,1.664,5.676,3.262,0,4.183,10.0,4.088,20.853,0.963,1.635,0,0,0,OFFBOARD
738,RETURN,76.87,59.647,0.549,1.615,1.664,-0.247,-0.767,-59.647,0.249,1.664,5.738,3.225,0,4.209,10.0,4.09,20.404,1.012,1.638,0,0,0,OFFBOARD
739,RETURN,76.97,59.445,0.535,1.617,1.664,-0.247,-0.767,-59.445,0.235,1.664,5.538,3.025,0,4.231,10.0,4.093,19.954,1.058,1.64,0,0,0,OFFBOARD
740,RETURN,77.07,59.241,0.532,1.618,1.664,-0.247,-0.767,-59.241,0.232,1.664,5.382,3.008,0,4.082,10.0,4.097,19.504,1.107,1.643,0,0,0,OFFBOARD
741,RETURN,77.18,59.039,0.542,1.62,1.664,-0.247,-0.767,-59.039,0.242,1.664,5.383,3.361,0,3.882,10.0,4.103,19.054,1.164,1.645,0,0,0,OFFBOARD
742,RETURN,77.28,58.839,0.562,1.622,1.664,-0.247,-0.767,-58.839,0.262,1.664,5.68,3.303,0,3.835,10.0,4.111,18.605,1.211,1.646,0,0,0,OFFBOARD
743,RETURN,77.38,58.631,0.594,1.625,1.664,-0.247,-0.767,-58.631,0.294,1.664,5.736,3.245,0,4.156,10.0,4.117,18.155,1.253,1.647,0,0,0,OFFBOARD
744,RETURN,77.48,58.427,0.634,1.627,1.664,-0.247,-0.767,-58.427,0.334,1.664,5.726,3.176,0,4.172,10.0,4.122,17.705,1.293,1.648,0,0,0,OFFBOARD
745,RETURN,77.58,58.223,0.682,1.629,1.664,-0.247,-0.767,-58.223,0.382,1.664,5.526,3.014,0,4.16,10.0,4.124,17.255,1.334,1.649,0,0,0,OFFBOARD
746,RETURN,77.68,58.021,0.734,1.631,1.664,-0.247,-0.767,-58.021,0.435,1.664,5.326,2.814,0,4.07,10.0,4.126,16.806,1.366,1.649,0,0,0,OFFBOARD
747,RETURN,77.79,57.819,0.792,1.633,1.664,-0.247,-0.767,-57.819,0.492,1.664,5.126,2.614,0,3.87,10.0,4.129,16.356,1.389,1.649,0,0,0,OFFBOARD
748,RETURN,77.89,57.615,0.853,1.635,1.664,-0.247,-0.767,-57.615,0.553,1.664,4.926,2.5,0,3.67,10.0,4.133,15.907,1.407,1.649,0,0,0,OFFBOARD
749,RETURN,77.99,57.415,0.915,1.637,1.664,-0.247,-0.767,-57.415,0.615,1.664,4.724,2.407,0,3.468,10.0,4.136,15.457,1.418,1.649,0,0,0,OFFBOARD
750,RETURN,78.09,57.213,0.979,1.638,1.664,-0.247,-0.767,-57.213,0.679,1.664,4.595,2.603,0,3.351,10.0,4.135,15.008,1.437,1.648,0,0,0,OFFBOARD
751,RETURN,78.19,57.011,1.043,1.64,1.664,-0.247,-0.767,-57.011,0.743,1.664,4.472,2.519,0,3.269,6.839,4.143,14.559,1.446,1.647,0,0,0,OFFBOARD
752,RETURN,78.29,56.807,1.107,1.641,1.664,-0.247,-0.767,-56.807,0.807,1.664,4.342,2.416,0,3.631,6.635,4.147,14.109,1.443,1.646,0,0,0,OFFBOARD
753,RETURN,78.39,56.605,1.168,1.642,1.664,-0.247,-0.767,-56.605,0.868,1.664,4.815,2.323,0,3.604,6.439,4.15,13.66,1.425,1.644,0,0,0,OFFBOARD
754,RETURN,78.5,56.401,1.226,1.643,1.664,-0.247,-0.767,-56.401,0.926,1.664,4.743,2.234,0,3.52,6.239,4.153,13.21,1.397,1.643,0,0,0,OFFBOARD
755,RETURN,78.6,56.199,1.28,1.644,1.664,-0.247,-0.767,-56.199,0.98,1.664,4.684,2.153,0,3.447,6.039,4.156,12.761,1.358,1.641,0,0,0,OFFBOARD
756,RETURN,78.7,55.995,1.33,1.644,1.664,-0.247,-0.767,-55.995,1.03,1.664,4.582,2.07,0,3.326,5.839,4.159,12.311,1.311,1.64,0,0,0,OFFBOARD
757,RETURN,78.8,55.793,1.374,1.644,1.664,-0.247,-0.767,-55.793,1.074,1.664,4.378,1.866,1,3.122,5.635,4.161,11.861,1.259,1.638,0,0,0,OFFBOARD
758,RETURN,78.9,55.591,1.411,1.644,1.664,-0.247,-0.767,-55.591,1.111,1.664,4.18,1.68,1,2.924,5.437,4.162,11.411,1.193,1.636,0,0,0,OFFBOARD
759,RETURN,79.0,55.389,1.441,1.644,1.664,-0.247,-0.767,-55.389,1.141,1.664,3.982,1.635,1,2.726,5.239,4.162,10.962,1.12,1.634,0,0,0,OFFBOARD
760,RETURN,79.1,55.187,1.462,1.643,1.664,-0.247,-0.767,-55.187,1.162,1.664,3.778,1.846,1,2.668,5.035,4.159,10.512,1.053,1.632,0,0,0,OFFBOARD
761,RETURN,79.2,54.983,1.475,1.643,1.664,-0.247,-0.767,-54.983,1.175,1.664,3.582,1.816,1,3.17,4.839,4.143,10.063,0.981,1.631,0,0,0,OFFBOARD
762,RETURN,79.31,54.781,1.478,1.642,1.664,-0.247,-0.767,-54.781,1.178,1.664,3.543,1.822,1,3.188,4.639,4.121,9.615,0.908,1.629,0,0,0,OFFBOARD
763,RETURN,79.41,54.579,1.471,1.641,1.664,-0.247,-0.767,-54.579,1.171,1.664,4.222,1.842,1,3.182,4.641,4.137,9.168,0.835,1.628,0,0,0,OFFBOARD
764,RETURN,79.51,54.375,1.453,1.64,1.664,-0.247,-0.767,-54.375,1.153,1.664,4.239,1.726,1,2.982,5.495,4.151,8.722,0.768,1.626,0,0,0,OFFBOARD
765,RETURN,79.61,54.173,1.426,1.639,1.664,-0.247,-0.767,-54.173,1.126,1.664,4.037,1.636,1,2.78,5.293,4.15,8.274,0.696,1.625,0,0,0,OFFBOARD
766,RETURN,79.71,53.975,1.39,1.638,1.664,-0.247,-0.767,-53.975,1.09,1.664,3.773,2.001,0,3.207,5.029,4.149,7.826,0.642,1.624,0,0,0,OFFBOARD
767,RETURN,79.81,53.769,1.344,1.637,1.664,-0.247,-0.767,-53.769,1.044,1.664,4.483,2.102,0,3.379,6.028,4.146,7.377,0.599,1.623,0,0,0,OFFBOARD
768,RETURN,79.92,53.565,1.29,1.635,1.664,-0.247,-0.767,-53.565,0.99,1.664,4.676,2.182,0,3.439,5.951,4.144,6.928,0.559,1.623,0,0,0,OFFBOARD
769,RETURN,80.02,53.359,1.228,1.634,1.664,-0.247,-0.767,-53.359,0.928,1.664,4.429,1.931,1,3.173,5.685,4.137,6.479,0.52,1.622,0,0,0,OFFBOARD
770,RETURN,80.12,53.155,1.162,1.633,1.664,-0.247,-0.767,-53.155,0.862,1.664,4.227,2.383,0,3.111,5.519,4.131,6.029,0.503,1.622,0,0,0,OFFBOARD
771,RETURN,80.22,52.953,1.092,1.632,1.664,-0.247,-0.767,-52.953,0.792,1.664,4.992,2.483,0,3.66,5.366,4.126,5.579,0.496,1.622,0,0,0,OFFBOARD
772,RETURN,80.32,52.751,1.019,1.631,1.664,-0.247,-0.767,-52.751,0.72,1.664,5.007,2.571,0,3.822,5.129,4.123,5.13,0.491,1.622,0,0,0,OFFBOARD
773,RETURN,80.42,52.547,0.945,1.63,1.664,-0.247,-0.767,-52.547,0.645,1.664,4.883,2.371,0,3.627,4.917,4.119,4.68,0.488,1.622,0,0,0,OFFBOARD
774,RETURN,80.52,52.345,0.872,1.629,1.664,-0.247,-0.767,-52.345,0.572,1.664,4.77,2.725,0,3.469,10.0,4.118,4.23,0.507,1.622,0,0,0,OFFBOARD
775,RETURN,80.62,52.143,0.802,1.628,1.664,-0.247,-0.767,-52.143,0.502,1.664,5.574,2.864,0,3.998,10.0,4.117,3.78,0.529,1.623,0,0,0,OFFBOARD
776,RETURN,80.73,51.939,0.734,1.627,1.664,-0.247,-0.767,-51.939,0.434,1.664,5.541,2.989,0,4.058,10.0,4.117,3.331,0.555,1.624,0,0,0,OFFBOARD
777,RETURN,80.83,51.737,0.671,1.626,1.664,-0.247,-0.767,-51.737,0.372,1.664,5.341,2.829,0,3.939,10.0,4.118,2.882,0.583,1.625,0,0,0,OFFBOARD
778,RETURN,80.93,51.533,0.615,1.626,1.664,-0.247,-0.767,-51.533,0.315,1.664,5.223,2.833,0,3.885,10.0,4.119,2.432,0.613,1.626,0,0,0,OFFBOARD
779,RETURN,81.03,51.331,0.566,1.625,1.664,-0.247,-0.767,-51.331,0.266,1.664,5.66,3.214,0,3.685,10.0,4.119,1.983,0.653,1.627,0,0,0,OFFBOARD
780,RETURN,81.13,51.129,0.525,1.625,1.664,-0.247,-0.767,-51.129,0.225,1.664,5.767,3.159,0,3.684,10.0,4.118,1.533,0.688,1.628,0,0,0,OFFBOARD
781,RETURN,81.23,50.925,0.492,1.625,1.664,-0.247,-0.767,-50.925,0.192,1.664,5.798,2.893,0,4.202,10.0,4.118,1.084,0.715,1.629,0,0,0,OFFBOARD
782,RETURN,81.33,50.723,0.468,1.625,1.664,-0.247,-0.767,-50.723,0.168,1.664,5.598,2.669,0,4.316,10.0,4.118,0.634,0.749,1.63,0,0,0,OFFBOARD
783,RETURN,81.44,50.521,0.452,1.625,1.664,-0.247,-0.767,-50.521,0.153,1.664,5.492,2.468,0,4.141,10.0,4.118,0.184,0.779,1.632,0,0,0,OFFBOARD
784,RETURN,81.54,50.317,0.446,1.625,1.664,-0.247,-0.767,-50.317,0.146,1.664,5.607,3.377,0,3.945,10.0,4.119,-0.265,0.838,1.633,0,0,0,OFFBOARD
785,RETURN,81.64,50.115,0.447,1.626,1.664,-0.247,-0.767,-50.115,0.147,1.664,5.784,3.427,0,3.947,10.0,4.12,-0.715,0.891,1.634,0,0,0,OFFBOARD
786,RETURN,81.74,49.913,0.457,1.626,1.664,-0.247,-0.767,-49.913,0.157,1.664,5.845,3.429,0,4.308,10.0,4.12,-1.165,0.944,1.635,0,0,0,OFFBOARD
787,RETURN,81.84,49.709,0.473,1.627,1.664,-0.247,-0.767,-49.709,0.173,1.664,5.854,3.341,0,4.31,10.0,4.121,-1.615,0.998,1.636,0,0,0,OFFBOARD
788,RETURN,81.94,49.505,0.496,1.628,1.664,-0.247,-0.767,-49.505,0.196,1.664,5.652,3.139,0,4.299,10.0,4.122,-2.065,1.046,1.637,0,0,0,OFFBOARD
789,RETURN,82.05,49.307,0.525,1.628,1.664,-0.247,-0.767,-49.307,0.225,1.664,5.398,2.972,0,4.132,10.0,4.123,-2.514,1.093,1.638,0,0,0,OFFBOARD
790,RETURN,82.15,49.095,0.562,1.629,1.664,-0.247,-0.767,-49.095,0.262,1.664,5.339,3.206,0,3.93,10.0,4.124,-2.964,1.142,1.638,0,0,0,OFFBOARD
791,RETURN,82.25,48.893,0.603,1.63,1.664,-0.247,-0.767,-48.893,0.303,1.664,5.525,3.225,0,3.797,10.0,4.125,-3.0,1.188,1.639,0,0,0,OFFBOARD
792,RETURN,82.35,48.689,0.649,1.631,1.664,-0.247,-0.767,-48.689,0.349,1.664,5.405,3.154,0,3.749,10.0,4.126,-3.0,1.228,1.639,0,0,0,OFFBOARD
793,RETURN,82.45,48.487,0.699,1.632,1.664,-0.247,-0.767,-48.487,0.399,1.664,5.208,3.068,0,4.102,10.0,4.126,-3.0,1.262,1.639,0,0,0,OFFBOARD
794,RETURN,82.55,48.285,0.752,1.632,1.664,-0.247,-0.767,-48.285,0.452,1.664,4.966,2.995,0,4.107,6.9,4.127,-3.0,1.291,1.639,0,0,0,OFFBOARD
795,RETURN,82.65,48.083,0.809,1.633,1.664,-0.247,-0.767,-48.083,0.509,1.664,4.683,2.908,0,4.09,6.7,4.128,-3.0,1.311,1.639,0,0,0,OFFBOARD
796,RETURN,82.76,47.881,0.867,1.634,1.664,-0.247,-0.767,-47.881,0.567,1.664,4.371,2.73,0,3.986,6.498,4.073,-3.0,1.329,1.639,0,0,0,OFFBOARD
797,RETURN,82.86,47.679,0.926,1.635,1.664,-0.247,-0.767,-47.679,0.626,1.664,4.058,2.53,0,3.786,6.298,3.873,-3.0,1.335,1.639,0,0,0,OFFBOARD
798,RETURN,82.96,47.477,0.985,1.635,1.664,-0.247,-0.767,-47.477,0.685,1.664,3.711,2.33,0,3.586,6.098,3.673,-3.0,1.327,1.639,0,0,0,OFFBOARD
799,RETURN,83.06,47.275,1.043,1.636,1.664,-0.247,-0.767,-47.275,0.744,1.664,3.475,2.223,0,3.388,5.9,3.475,-3.0,1.308,1.639,0,0,0,OFFBOARD
800,RETURN,83.16,47.073,1.1,1.636,1.664,-0.247,-0.767,-47.073,0.8,1.664,3.275,2.141,0,3.214,5.7,3.275,-3.0,1.279,1.638,0,0,0,OFFBOARD
801,RETURN,83.26,46.871,1.153,1.637,1.664,-0.247,-0.767,-46.871,0.853,1.664,3.071,2.346,0,3.143,5.567,3.071,-3.0,1.253,1.637,0,0,0,OFFBOARD
802,RETURN,83.36,46.667,1.202,1.637,1.664,-0.247,-0.767,-46.667,0.902,1.664,2.875,2.274,0,3.52,5.52,2.875,-3.0,1.214,1.637,0,0,0,OFFBOARD
803,RETURN,83.46,46.465,1.246,1.637,1.664,-0.247,-0.767,-46.465,0.946,1.664,2.675,2.207,0,3.531,6.357,2.675,-3.0,1.161,1.636,0,0,0,OFFBOARD
804,RETURN,83.56,46.263,1.283,1.637,1.664,-0.247,-0.767,-46.263,0.983,1.664,2.473,2.151,0,3.479,6.155,2.473,-3.0,1.094,1.636,0,0,0,OFFBOARD
805,RETURN,83.67,46.059,1.314,1.637,1.664,-0.247,-0.767,-46.059,1.014,1.664,2.275,2.106,0,3.434,5.957,2.275,-3.0,1.016,1.635,0,0,0,OFFBOARD
806,RETURN,83.77,45.859,1.336,1.637,1.664,-0.247,-0.767,-45.859,1.036,1.664,2.173,1.988,1,3.244,5.757,2.075,-3.0,0.923,1.634,0,0,0,OFFBOARD
807,RETURN,83.87,45.655,1.35,1.637,1.664,-0.247,-0.767,-45.655,1.05,1.664,2.147,1.786,1,3.042,5.555,1.873,-3.0,0.816,1.634,0,0,0,OFFBOARD
808,RETURN,83.97,45.453,1.354,1.637,1.664,-0.247,-0.767,-45.453,1.054,1.664,2.138,1.759,1,2.872,5.357,1.675,-3.0,0.705,1.633,0,0,0,OFFBOARD
809,RETURN,84.07,45.251,1.349,1.637,1.664,-0.247,-0.767,-45.251,1.049,1.664,2.144,2.024,0,3.295,5.171,1.528,-3.0,0.604,1.632,0,0,0,OFFBOARD
810,RETURN,84.17,45.047,1.333,1.637,1.664,-0.247,-0.767,-45.047,1.033,1.664,2.165,2.062,0,3.433,6.068,1.546,-3.0,0.511,1.631,0,0,0,OFFBOARD
811,RETURN,84.27,44.845,1.305,1.636,1.664,-0.247,-0.767,-44.845,1.005,1.664,2.204,2.14,0,3.479,5.911,1.586,-3.0,0.424,1.631,0,0,0,OFFBOARD
812,RETURN,84.38,44.641,1.266,1.636,1.664,-0.247,-0.767,-44.641,0.966,1.664,2.271,2.044,0,3.3,5.713,1.655,-3.0,0.334,1.63,0,0,0,OFFBOARD
813,RETURN,84.48,44.439,1.216,1.635,1.664,-0.247,-0.767,-44.439,0.916,1.664,4.357,1.931,1,3.1,5.659,1.774,-3.0,0.285,1.63,0,0,0,OFFBOARD
814,RETURN,84.58,44.237,1.155,1.635,1.664,-0.247,-0.767,-44.237,0.855,1.664,4.283,2.315,0,3.589,6.569,1.96,-3.0,0.261,1.629,0,0,0,OFFBOARD
815,RETURN,84.68,44.037,1.084,1.634,1.664,-0.247,-0.767,-44.037,0.785,1.664,5.045,2.473,0,3.836,6.301,4.141,-3.0,0.246,1.629,0,0,0,OFFBOARD
816,RETURN,84.78,43.829,1.003,1.634,1.664,-0.247,-0.767,-43.829,0.703,1.664,4.841,2.428,0,3.685,10.0,4.137,-3.0,0.241,1.629,0,0,0,OFFBOARD
817,RETURN,84.88,43.627,0.918,1.633,1.664,-0.247,-0.767,-43.627,0.618,1.664,4.728,2.369,0,3.489,10.0,4.132,-3.0,0.243,1.629,0,0,0,OFFBOARD
818,RETURN,84.99,43.423,0.828,1.633,1.664,-0.247,-0.767,-43.423,0.528,1.664,5.602,2.861,0,4.033,10.0,4.128,-3.0,0.266,1.629,0,0,0,OFFBOARD
819,RETURN,85.09,43.221,0.738,1.632,1.664,-0.247,-0.767,-43.221,0.438,1.664,5.501,2.981,0,4.128,10.0,4.127,-3.0,0.29,1.629,0,0,0,OFFBOARD
820,RETURN,85.19,43.017,0.649,1.632,1.664,-0.247,-0.767,-43.017,0.349,1.664,5.301,2.889,0,4.045,10.0,4.128,-3.0,0.322,1.629,0,0,0,OFFBOARD
821,RETURN,85.29,42.815,0.566,1.632,1.664,-0.247,-0.767,-42.815,0.266,1.664,5.296,3.211,0,3.845,10.0,4.132,-3.0,0.369,1.629,0,0,0,OFFBOARD
822,RETURN,85.39,42.611,0.488,1.631,1.664,-0.247,-0.767,-42.611,0.188,1.664,5.748,3.348,0,3.962,10.0,4.133,-3.0,0.418,1.63,0,0,0,OFFBOARD
823,RETURN,85.49,42.409,0.419,1.631,1.664,-0.247,-0.767,-42.409,0.119,1.664,5.846,3.445,0,4.288,10.0,4.132,-3.0,0.479,1.63,0,0,0,OFFBOARD
824,RETURN,85.59,42.207,0.359,1.631,1.664,-0.247,-0.767,-42.207,0.059,1.664,5.757,3.245,0,4.286,10.0,4.131,-3.0,0.539,1.63,0,0,0,OFFBOARD
825,RETURN,85.7,42.005,0.31,1.63,1.664,-0.247,-0.767,-42.005,0.01,1.664,5.593,3.569,0,4.171,10.0,4.129,-3.0,0.612,1.631,0,0,0,OFFBOARD
826,RETURN,85.8,41.801,0.273,1.63,1.664,-0.247,-0.767,-41.801,-0.027,1.664,5.646,3.605,0,4.047,10.0,4.128,-3.0,0.688,1.631,0,0,0,OFFBOARD
827,RETURN,85.9,41.599,0.248,1.63,1.664,-0.247,-0.767,-41.599,-0.052,1.664,5.862,3.737,0,3.899,10.0,4.127,-3.0,0.76,1.632,0,0,0,OFFBOARD
828,RETURN,86.0,41.397,0.234,1.63,1.664,-0.247,-0.767,-41.397,-0.066,1.664,5.932,3.701,0,3.856,10.0,4.127,-3.0,0.836,1.632,0,0,0,OFFBOARD
829,RETURN,86.1,41.195,0.233,1.63,1.664,-0.247,-0.767,-41.195,-0.067,1.664,5.94,3.501,0,4.303,10.0,4.127,-3.0,0.904,1.632,0,0,0,OFFBOARD
830,RETURN,86.2,40.993,0.244,1.63,1.664,-0.247,-0.767,-40.993,-0.055,1.664,5.814,3.413,0,4.41,10.0,4.128,-3.0,0.969,1.633,0,0,0,OFFBOARD
831,RETURN,86.3,40.791,0.267,1.63,1.664,-0.247,-0.767,-40.791,-0.033,1.664,5.637,3.681,0,4.357,10.0,4.129,-3.0,1.04,1.633,0,0,0,OFFBOARD
832,RETURN,86.4,40.589,0.301,1.631,1.664,-0.247,-0.767,-40.589,0.001,1.664,5.62,3.652,0,4.157,10.0,4.13,-3.0,1.107,1.634,0,0,0,OFFBOARD
833,RETURN,86.51,40.387,0.345,1.631,1.664,-0.247,-0.767,-40.387,0.045,1.664,5.754,3.595,0,4.001,10.0,4.132,-3.0,1.174,1.634,0,0,0,OFFBOARD
834,RETURN,86.61,40.183,0.399,1.631,1.664,-0.247,-0.767,-40.183,0.099,1.664,5.836,3.524,0,3.978,10.0,4.133,-3.0,1.24,1.634,0,0,0,OFFBOARD
835,RETURN,86.71,39.981,0.46,1.631,1.664,-0.247,-0.767,-39.981,0.16,1.664,5.854,3.442,0,4.302,10.0,4.133,-3.0,1.299,1.635,0,0,0,OFFBOARD
836,RETURN,86.81,39.779,0.528,1.632,1.664,-0.247,-0.767,-39.779,0.228,1.664,5.851,3.35,0,4.277,10.0,4.131,-3.0,1.364,1.635,0,0,0,OFFBOARD
837,RETURN,86.91,39.573,0.604,1.632,1.664,-0.247,-0.767,-39.573,0.304,1.664,5.67,3.157,0,4.208,10.0,4.129,-3.0,1.427,1.635,0,0,0,OFFBOARD
838,RETURN,87.01,39.371,0.682,1.632,1.664,-0.247,-0.767,-39.371,0.382,1.664,5.47,2.957,0,4.162,10.0,4.128,-3.0,1.484,1.635,0,0,0,OFFBOARD
839,RETURN,87.12,39.169,0.764,1.633,1.664,-0.247,-0.767,-39.169,0.464,1.664,5.27,2.757,0,4.014,10.0,4.127,-3.0,1.532,1.636,0,0,0,OFFBOARD
840,RETURN,87.22,38.965,0.849,1.633,1.664,-0.247,-0.767,-38.965,0.549,1.664,5.004,2.5,0,3.748,10.0,4.127,-3.0,1.563,1.636,0,0,0,OFFBOARD
841,RETURN,87.32,38.763,0.935,1.633,1.664,-0.247,-0.767,-38.763,0.635,1.664,4.804,2.378,0,3.548,10.0,4.128,-3.0,1.579,1.636,0,0,0,OFFBOARD
842,RETURN,87.42,38.559,1.022,1.633,1.664,-0.247,-0.767,-38.559,0.722,1.664,4.602,2.253,0,3.346,10.0,4.129,-3.0,1.581,1.636,0,0,0,OFFBOARD
843,RETURN,87.52,38.357,1.107,1.634,1.664,-0.247,-0.767,-38.357,0.807,1.664,4.404,2.423,0,3.194,6.916,4.129,-3.0,1.582,1.636,0,0,0,OFFBOARD
844,RETURN,87.62,38.153,1.191,1.634,1.664,-0.247,-0.767,-38.153,0.892,1.664,4.204,2.368,0,3.081,6.716,4.131,-3.0,1.564,1.635,0,0,0,OFFBOARD
845,RETURN,87.72,37.951,1.272,1.634,1.664,-0.247,-0.767,-37.951,0.972,1.664,4.019,2.258,0,2.968,6.455,4.134,-3.0,1.542,1.635,0,0,0,OFFBOARD
846,RETURN,87.83,37.747,1.348,1.634,1.664,-0.247,-0.767,-37.747,1.048,1.664,3.857,2.131,0,3.343,5.261,4.137,-3.0,1.506,1.635,0,0,0,OFFBOARD
847,RETURN,87.93,37.545,1.418,1.635,1.664,-0.247,-0.767,-37.545,1.118,1.664,3.704,2.011,0,3.296,4.958,4.139,-3.0,1.455,1.635,0,0,0,OFFBOARD
848,RETURN,88.03,37.343,1.48,1.635,1.664,-0.247,-0.767,-37.343,1.18,1.664,3.561,1.892,1,3.201,4.684,4.13,-3.0,1.39,1.634,0,0,0,OFFBOARD
849,RETURN,88.13,37.141,1.533,1.635,1.664,-0.247,-0.767,-37.141,1.233,1.664,3.436,1.81,1,3.113,4.46,4.112,-3.0,1.311,1.634,0,0,0,OFFBOARD
850,RETURN,88.23,36.937,1.578,1.635,1.664,-0.247,-0.767,-36.937,1.278,1.664,3.992,1.731,1,3.004,4.26,4.098,-3.0,1.224,1.633,0,0,0,OFFBOARD
851,RETURN,88.33,36.735,1.611,1.635,1.664,-0.247,-0.767,-36.735,1.311,1.664,3.952,1.546,1,2.802,4.092,4.058,-3.0,1.122,1.633,0,0,0,OFFBOARD
852,RETURN,88.43,36.531,1.633,1.635,1.664,-0.247,-0.767,-36.531,1.333,1.664,3.86,1.36,1,2.604,3.987,4.003,-3.0,1.018,1.632,0,0,0,OFFBOARD
853,RETURN,88.53,36.329,1.642,1.635,1.664,-0.247,-0.767,-36.329,1.342,1.664,3.66,1.343,1,2.404,4.702,4.017,-3.0,0.907,1.632,0,0,0,OFFBOARD
854,RETURN,88.64,36.127,1.639,1.634,1.664,-0.247,-0.767,-36.127,1.339,1.664,3.46,1.64,1,2.393,4.716,4.0,-3.0,0.807,1.632,0,0,0,OFFBOARD
855,RETURN,88.74,35.927,1.622,1.634,1.664,-0.247,-0.767,-35.927,1.322,1.664,3.26,1.661,1,2.965,4.516,3.99,-3.0,0.717,1.631,0,0,0,OFFBOARD
856,RETURN,88.84,35.723,1.592,1.634,1.664,-0.247,-0.767,-35.723,1.292,1.664,3.286,1.696,1,3.035,4.316,4.034,-3.0,0.622,1.631,0,0,0,OFFBOARD
857,RETURN,88.94,35.521,1.549,1.634,1.664,-0.247,-0.767,-35.521,1.249,1.664,4.116,1.604,1,2.86,4.272,4.105,-3.0,0.527,1.63,0,0,0,OFFBOARD
858,RETURN,89.04,35.319,1.493,1.634,1.664,-0.247,-0.767,-35.319,1.193,1.664,3.916,1.534,1,2.66,5.173,4.101,-3.0,0.442,1.63,0,0,0,OFFBOARD
859,RETURN,89.14,35.115,1.425,1.633,1.664,-0.247,-0.767,-35.115,1.125,1.664,3.716,1.871,1,3.201,4.973,4.131,-3.0,0.378,1.63,0,0,0,OFFBOARD
860,RETURN,89.24,34.913,1.346,1.633,1.664,-0.247,-0.767,-34.913,1.046,1.664,4.426,2.009,0,3.365,5.905,4.137,-3.0,0.325,1.629,0,0,0,OFFBOARD
861,RETURN,89.35,34.709,1.258,1.633,1.664,-0.247,-0.767,-34.709,0.959,1.664,4.573,2.06,0,3.316,5.829,4.137,-3.0,0.277,1.629,0,0,0,OFFBOARD
862,RETURN,89.45,34.505,1.163,1.632,1.664,-0.247,-0.767,-34.505,0.863,1.664,4.373,1.984,1,3.116,5.842,4.133,-3.0,0.238,1.629,0,0,0,OFFBOARD
863,RETURN,89.55,34.305,1.065,1.632,1.664,-0.247,-0.767,-34.305,0.765,1.664,4.375,2.445,0,3.656,6.465,4.128,-3.0,0.231,1.629,0,0,0,OFFBOARD
864,RETURN,89.65,34.105,0.963,1.632,1.664,-0.247,-0.767,-34.105,0.663,1.664,5.161,2.648,0,3.905,6.417,4.125,-3.0,0.232,1.629,0,0,0,OFFBOARD
865,RETURN,89.75,33.901,0.858,1.631,1.664,-0.247,-0.767,-33.901,0.558,1.664,4.963,2.468,0,3.707,10.0,4.124,-3.0,0.237,1.629,0,0,0,OFFBOARD
866,RETURN,89.85,33.693,0.752,1.631,1.664,-0.247,-0.767,-33.693,0.452,1.664,4.985,2.986,0,3.611,10.0,4.125,-3.0,0.269,1.629,0,0,0,OFFBOARD
867,RETURN,89.96,33.489,0.652,1.631,1.664,-0.247,-0.767,-33.489,0.352,1.664,5.205,3.118,0,4.132,10.0,4.128,-3.0,0.304,1.629,0,0,0,OFFBOARD
868,RETURN,90.06,33.287,0.558,1.631,1.664,-0.247,-0.767,-33.287,0.258,1.664,5.617,3.105,0,4.22,10.0,4.131,-3.0,0.349,1.63,0,0,0,OFFBOARD
869,RETURN,90.16,33.083,0.471,1.63,1.664,-0.247,-0.767,-33.083,0.171,1.664,5.449,3.044,0,4.163,10.0,4.131,-3.0,0.398,1.63,0,0,0,OFFBOARD
870,RETURN,90.26,32.881,0.393,1.63,1.664,-0.247,-0.767,-32.881,0.093,1.664,5.615,3.513,0,3.963,10.0,4.13,-3.0,0.461,1.631,0,0,0,OFFBOARD
871,RETURN,90.36,32.677,0.326,1.63,1.664,-0.247,-0.767,-32.677,0.026,1.664,5.828,3.599,0,3.991,10.0,4.128,-3.0,0.526,1.631,0,0,0,OFFBOARD
872,RETURN,90.46,32.477,0.271,1.63,1.664,-0.247,-0.767,-32.477,-0.028,1.664,5.908,3.563,0,4.371,10.0,4.126,-3.0,0.589,1.632,0,0,0,OFFBOARD
873,RETURN,90.56,32.273,0.229,1.63,1.664,-0.247,-0.767,-32.273,-0.071,1.664,5.875,3.431,0,4.392,10.0,4.125,-3.0,0.649,1.632,0,0,0,OFFBOARD
874,RETURN,90.66,32.069,0.2,1.63,1.664,-0.247,-0.767,-32.069,-0.1,1.664,5.675,3.676,0,4.268,10.0,4.124,-3.0,0.714,1.633,0,0,0,OFFBOARD
875,RETURN,90.77,31.867,0.184,1.63,1.664,-0.247,-0.767,-31.867,-0.116,1.664,5.677,3.479,0,4.141,6.836,4.125,-3.0,0.771,1.633,0,0,0,OFFBOARD
876,RETURN,90.87,31.665,0.182,1.63,1.664,-0.247,-0.767,-31.665,-0.118,1.664,5.839,3.279,0,4.019,6.629,4.126,-3.0,0.82,1.633,0,0,0,OFFBOARD
877,RETURN,90.97,31.463,0.193,1.631,1.664,-0.247,-0.767,-31.463,-0.107,1.664,5.943,3.079,0,3.881,6.423,4.128,-3.0,0.865,1.634,0,0,0,OFFBOARD
878,RETURN,91.07,31.261,0.215,1.631,1.664,-0.247,-0.767,-31.261,-0.085,1.664,5.945,2.892,0,3.916,6.218,4.13,-3.0,0.902,1.634,0,0,0,OFFBOARD
879,RETURN,91.17,31.059,0.248,1.631,1.664,-0.247,-0.767,-31.059,-0.052,1.664,5.809,2.722,0,4.369,6.012,4.132,-3.0,0.928,1.635,0,0,0,OFFBOARD
880,RETURN,91.27,30.857,0.29,1.631,1.664,-0.247,-0.767,-30.857,-0.01,1.664,5.69,2.576,0,4.411,5.813,4.133,-3.0,0.963,1.635,0,0,0,OFFBOARD
881,RETURN,91.37,30.655,0.34,1.632,1.664,-0.247,-0.767,-30.655,0.04,1.664,5.481,2.472,0,4.275,5.609,4.132,-3.0,0.992,1.635,0,0,0,OFFBOARD
882,RETURN,91.47,30.453,0.397,1.632,1.664,-0.247,-0.767,-30.453,0.097,1.664,5.277,2.447,0,4.075,5.403,4.129,-3.0,1.022,1.635,0,0,0,OFFBOARD
883,RETURN,91.58,30.249,0.458,1.632,1.664,-0.247,-0.767,-30.249,0.158,1.664,5.072,2.521,0,3.951,5.197,4.127,-3.0,1.047,1.635,0,0,0,OFFBOARD
884,RETURN,91.68,30.047,0.522,1.633,1.664,-0.247,-0.767,-30.047,0.222,1.664,4.887,3.26,0,3.897,4.989,4.127,-3.0,1.094,1.636,0,0,0,OFFBOARD
885,RETURN,91.78,29.843,0.587,1.633,1.664,-0.247,-0.767,-29.843,0.287,1.664,4.656,3.196,0,4.252,4.783,4.127,-3.0,1.134,1.636,0,0,0,OFFBOARD
886,RETURN,91.88,29.639,0.653,1.633,1.664,-0.247,-0.767,-29.639,0.353,1.664,4.448,3.101,0,4.216,4.575,4.125,-3.0,1.169,1.636,0,0,0,OFFBOARD
887,RETURN,91.98,29.439,0.718,1.633,1.664,-0.247,-0.767,-29.439,0.418,1.664,4.328,3.016,0,4.15,4.372,4.128,-3.0,1.202,1.636,0,0,0,OFFBOARD
888,RETURN,92.08,29.239,0.781,1.634,1.664,-0.247,-0.767,-29.239,0.481,1.664,5.388,2.875,0,4.121,6.644,4.111,-3.0,1.232,1.636,0,0,0,OFFBOARD
889,RETURN,92.18,29.035,0.844,1.634,1.664,-0.247,-0.767,-29.035,0.544,1.664,5.12,2.607,0,3.864,10.0,4.058,-3.0,1.259,1.635,0,0,0,OFFBOARD
890,RETURN,92.29,28.833,0.905,1.634,1.664,-0.247,-0.767,-28.833,0.605,1.664,4.988,2.475,0,3.732,10.0,4.118,-3.0,1.282,1.635,0,0,0,OFFBOARD
891,RETURN,92.39,28.627,0.964,1.634,1.664,-0.247,-0.767,-28.627,0.664,1.664,4.72,2.327,0,3.464,10.0,4.132,-3.0,1.314,1.635,0,0,0,OFFBOARD
892,RETURN,92.49,28.423,1.021,1.635,1.664,-0.247,-0.767,-28.423,0.721,1.664,4.533,2.527,0,3.316,10.0,4.132,-3.0,1.356,1.635,0,0,0,OFFBOARD
893,RETURN,92.59,28.221,1.075,1.635,1.664,-0.247,-0.767,-28.221,0.775,1.664,4.425,2.547,0,3.242,6.83,4.133,-3.0,1.39,1.635,0,0,0,OFFBOARD
894,RETURN,92.69,28.019,1.127,1.635,1.664,-0.247,-0.767,-28.019,0.827,1.664,4.316,2.467,0,3.574,6.632,4.133,-3.0,1.384,1.634,0,0,0,OFFBOARD
895,RETURN,92.79,27.815,1.176,1.635,1.664,-0.247,-0.767,-27.815,0.876,1.664,4.839,2.378,0,3.57,6.432,4.133,-3.0,1.369,1.634,0,0,0,OFFBOARD
896,RETURN,92.89,27.613,1.221,1.635,1.664,-0.247,-0.767,-27.613,0.921,1.664,4.816,2.302,0,3.542,6.232,4.134,-3.0,1.343,1.634,0,0,0,OFFBOARD
897,RETURN,93.0,27.409,1.264,1.635,1.664,-0.247,-0.767,-27.409,0.964,1.664,4.762,2.224,0,3.518,6.03,4.134,-3.0,1.31,1.634,0,0,0,OFFBOARD
898,RETURN,93.1,27.207,1.303,1.635,1.664,-0.247,-0.767,-27.207,1.003,1.664,4.574,2.062,0,3.318,5.83,4.135,-3.0,1.263,1.633,0,0,0,OFFBOARD
899,RETURN,93.2,27.005,1.338,1.635,1.664,-0.247,-0.767,-27.005,1.038,1.664,4.376,1.864,1,3.12,5.632,4.136,-3.0,1.214,1.633,0,0,0,OFFBOARD
900,RETURN,93.3,26.801,1.368,1.635,1.664,-0.247,-0.767,-26.801,1.068,1.664,4.176,1.745,1,2.92,5.432,4.137,-3.0,1.154,1.632,0,0,0,OFFBOARD
901,RETURN,93.4,26.599,1.392,1.635,1.664,-0.247,-0.767,-26.599,1.092,1.664,3.976,1.975,1,2.784,5.232,4.139,-3.0,1.1,1.632,0,0,0,OFFBOARD
902,RETURN,93.5,26.397,1.408,1.634,1.664,-0.247,-0.767,-26.397,1.108,1.664,3.776,1.959,1,3.218,5.032,4.14,-3.0,1.044,1.631,0,0,0,OFFBOARD
903,RETURN,93.6,26.195,1.417,1.634,1.664,-0.247,-0.767,-26.195,1.117,1.664,3.698,1.946,1,3.302,4.912,4.14,-3.0,0.988,1.631,0,0,0,OFFBOARD
904,RETURN,93.7,25.991,1.417,1.634,1.664,-0.247,-0.767,-25.991,1.117,1.664,4.401,1.945,1,3.299,5.686,4.137,-3.0,0.928,1.631,0,0,0,OFFBOARD
905,RETURN,93.81,25.789,1.409,1.634,1.664,-0.247,-0.767,-25.789,1.109,1.664,4.432,1.92,1,3.176,5.679,4.139,-3.0,0.866,1.63,0,0,0,OFFBOARD
906,RETURN,93.91,25.587,1.392,1.633,1.664,-0.247,-0.767,-25.587,1.092,1.664,4.23,1.718,1,2.974,5.487,4.139,-3.0,0.804,1.63,0,0,0,OFFBOARD
907,RETURN,94.01,25.385,1.366,1.633,1.664,-0.247,-0.767,-25.385,1.067,1.664,4.032,1.729,1,2.82,5.289,4.138,-3.0,0.74,1.629,0,0,0,OFFBOARD
908,RETURN,94.11,25.181,1.333,1.633,1.664,-0.247,-0.767,-25.181,1.033,1.664,3.861,2.022,0,3.323,5.155,4.137,-3.0,0.698,1.629,0,0,0,OFFBOARD
909,RETURN,94.21,24.979,1.293,1.632,1.664,-0.247,-0.767,-24.979,0.993,1.664,4.548,2.102,0,3.434,5.01,4.135,-3.0,0.658,1.629,0,0,0,OFFBOARD
910,RETURN,94.31,24.775,1.246,1.632,1.664,-0.247,-0.767,-24.775,0.946,1.664,4.688,2.176,0,3.432,4.852,4.132,-3.0,0.621,1.628,0,0,0,OFFBOARD
911,RETURN,94.41,24.573,1.193,1.632,1.664,-0.247,-0.767,-24.573,0.893,1.664,4.489,1.976,1,3.232,4.692,4.129,-3.0,0.584,1.628,0,0,0,OFFBOARD
912,RETURN,94.52,24.371,1.137,1.631,1.664,-0.247,-0.767,-24.371,0.837,1.664,4.289,2.333,0,3.127,4.529,4.127,-3.0,0.565,1.628,0,0,0,OFFBOARD
913,RETURN,94.62,24.167,1.076,1.631,1.664,-0.247,-0.767,-24.167,0.776,1.664,4.295,2.455,0,3.681,4.364,4.123,-3.0,0.557,1.628,0,0,0,OFFBOARD
914,RETURN,94.72,23.967,1.015,1.631,1.664,-0.247,-0.767,-23.967,0.715,1.664,4.33,2.566,0,3.823,4.207,4.095,-3.0,0.551,1.628,0,0,0,OFFBOARD
915,RETURN,94.82,23.759,0.95,1.63,1.664,-0.247,-0.767,-23.759,0.65,1.664,4.779,2.366,0,3.623,6.035,4.076,-3.0,0.548,1.628,0,0,0,OFFBOARD
916,RETURN,94.92,23.557,0.887,1.63,1.664,-0.247,-0.767,-23.557,0.587,1.664,4.751,2.739,0,3.456,10.0,4.103,-3.0,0.564,1.628,0,0,0,OFFBOARD
917,RETURN,95.02,23.355,0.826,1.63,1.664,-0.247,-0.767,-23.355,0.526,1.664,5.564,2.881,0,4.014,6.891,4.121,-3.0,0.583,1.628,0,0,0,OFFBOARD
918,RETURN,95.12,23.153,0.768,1.629,1.664,-0.247,-0.767,-23.153,0.468,1.664,5.435,2.953,0,4.105,6.785,4.122,-3.0,0.601,1.628,0,0,0,OFFBOARD
919,RETURN,95.23,22.949,0.713,1.629,1.664,-0.247,-0.767,-22.949,0.413,1.664,5.235,2.823,0,3.979,10.0,4.123,-3.0,0.625,1.629,0,0,0,OFFBOARD
920,RETURN,95.33,22.745,0.663,1.629,1.664,-0.247,-0.767,-22.745,0.364,1.664,5.094,3.026,0,3.779,10.0,4.125,-3.0,0.662,1.629,0,0,0,OFFBOARD
921,RETURN,95.43,22.543,0.62,1.629,1.664,-0.247,-0.767,-22.543,0.32,1.664,5.029,3.089,0,3.729,10.0,4.125,-3.0,0.702,1.63,0,0,0,OFFBOARD
922,RETURN,95.53,22.339,0.583,1.629,1.664,-0.247,-0.767,-22.339,0.284,1.664,4.73,2.851,0,4.145,10.0,3.91,-3.0,0.743,1.631,0,0,0,OFFBOARD
923,RETURN,95.63,22.137,0.554,1.629,1.664,-0.247,-0.767,-22.137,0.254,1.664,4.557,2.663,0,4.197,10.0,3.782,-3.0,0.806,1.631,0,0,0,OFFBOARD
924,RETURN,95.73,21.935,0.533,1.629,1.664,-0.247,-0.767,-21.935,0.233,1.664,5.491,2.509,0,4.069,10.0,3.669,-3.0,0.875,1.632,0,0,0,OFFBOARD
925,RETURN,95.83,21.733,0.52,1.629,1.664,-0.247,-0.767,-21.733,0.22,1.664,5.393,2.361,0,3.953,10.0,3.594,-3.0,0.952,1.633,0,0,0,OFFBOARD
926,RETURN,95.94,21.531,0.515,1.629,1.664,-0.247,-0.767,-21.531,0.215,1.664,5.595,2.291,0,3.835,10.0,3.554,-3.0,1.038,1.633,0,0,0,OFFBOARD
927,RETURN,96.04,21.327,0.518,1.629,1.664,-0.247,-0.767,-21.327,0.219,1.664,5.75,2.789,0,3.683,10.0,3.55,-3.0,1.172,1.634,0,0,0,OFFBOARD
928,RETURN,96.14,21.125,0.531,1.63,1.664,-0.247,-0.767,-21.125,0.231,1.664,5.765,2.591,0,3.679,10.0,3.58,-3.0,1.321,1.634,0,0,0,OFFBOARD
929,RETURN,96.24,20.921,0.553,1.63,1.664,-0.247,-0.767,-20.921,0.253,1.664,5.748,2.391,0,4.15,10.0,4.074,-3.0,1.485,1.635,0,0,0,OFFBOARD
930,RETURN,96.34,20.719,0.585,1.63,1.664,-0.247,-0.767,-20.719,0.285,1.664,5.546,2.189,0,4.191,10.0,4.13,-3.0,1.657,1.635,0,0,0,OFFBOARD
931,RETURN,96.44,20.517,0.627,1.631,1.664,-0.247,-0.767,-20.517,0.327,1.664,5.348,1.991,1,4.091,10.0,4.13,-3.0,1.833,1.636,0,0,0,OFFBOARD
932,RETURN,96.54,20.313,0.682,1.631,1.664,-0.247,-0.767,-20.313,0.382,1.664,5.148,1.791,1,3.891,10.0,4.129,-3.0,1.972,1.635,0,0,0,OFFBOARD
933,RETURN,96.65,20.111,0.749,1.632,1.664,-0.247,-0.767,-20.111,0.449,1.664,5.006,1.824,1,3.691,10.0,4.128,-3.0,2.069,1.629,0,0,0,OFFBOARD
934,RETURN,96.75,19.907,0.83,1.632,1.664,-0.247,-0.767,-19.907,0.53,1.664,4.859,1.949,1,3.505,10.0,4.128,-3.0,2.079,1.621,0,0,0,OFFBOARD
935,RETURN,96.85,19.707,0.923,1.632,1.664,-0.247,-0.767,-19.707,0.623,1.664,4.681,2.096,0,3.387,10.0,4.129,-3.0,2.08,1.614,0,0,0,OFFBOARD
936,RETURN,96.95,19.507,1.028,1.632,1.664,-0.247,-0.767,-19.507,0.728,1.664,4.476,2.576,0,3.254,6.882,4.132,-3.0,2.029,1.61,0,0,0,OFFBOARD
937,RETURN,97.05,19.303,1.146,1.631,1.664,-0.247,-0.767,-19.303,0.846,1.664,4.252,2.403,0,3.106,6.66,4.133,-3.0,1.98,1.607,0,0,0,OFFBOARD
938,RETURN,97.15,19.099,1.27,1.63,1.664,-0.247,-0.767,-19.099,0.97,1.664,3.94,2.159,0,3.302,6.392,4.12,-3.0,1.92,1.606,0,0,0,OFFBOARD
939,RETURN,97.25,18.897,1.396,1.628,1.664,-0.247,-0.767,-18.897,1.096,1.664,3.706,1.98,1,3.193,5.077,4.117,-3.0,1.849,1.605,0,0,0,OFFBOARD
940,RETURN,97.36,18.693,1.519,1.626,1.664,-0.247,-0.767,-18.693,1.219,1.664,3.482,1.802,1,3.063,4.738,4.103,-3.0,1.764,1.605,0,0,0,OFFBOARD
941,RETURN,97.46,18.536,1.603,1.62,1.664,-0.247,-0.767,-18.536,1.303,1.664,3.326,1.605,1,2.743,4.576,3.979,-3.0,1.653,1.606,0,0,0,OFFBOARD
942,RETURN,97.56,18.501,1.59,1.604,1.664,-0.247,-0.767,-18.501,1.29,1.664,2.876,1.402,1,2.086,3.175,3.027,-3.0,1.514,1.61,0,0,0,OFFBOARD
943,RETURN,97.66,18.465,1.558,1.593,1.664,-0.247,-0.767,-18.465,1.258,1.664,2.206,1.342,1,2.046,2.242,2.233,-3.0,1.372,1.615,0,0,0,OFFBOARD
944,RETURN,97.76,18.416,1.504,1.585,1.664,-0.247,-0.767,-18.416,1.204,1.664,2.138,0.484,1,2.008,2.17,2.177,-3.0,1.199,1.622,0,1,0,OFFBOARD
945,RETURN,97.86,18.346,1.43,1.581,1.664,-0.247,-0.767,-18.346,1.13,1.664,2.122,1.354,1,1.985,2.182,2.05,-3.0,1.101,1.627,0,0,0,OFFBOARD
946,RETURN,97.96,18.243,1.34,1.579,1.664,-0.247,-0.767,-18.243,1.04,1.664,2.192,1.442,1,2.005,2.195,2.096,-3.0,0.993,1.626,0,0,0,OFFBOARD
947,RETURN,98.07,18.103,1.238,1.579,1.664,-0.247,-0.767,-18.103,0.938,1.664,2.384,1.552,1,2.409,2.32,2.274,-3.0,0.872,1.621,0,0,0,OFFBOARD
948,RETURN,98.17,17.93,1.135,1.58,1.664,-0.247,-0.767,-17.93,0.835,1.664,2.643,1.689,1,2.593,2.693,2.422,-3.0,0.731,1.613,0,0,0,OFFBOARD
949,RETURN,98.27,17.729,1.033,1.582,1.664,-0.247,-0.767,-17.729,0.733,1.664,2.82,1.662,1,2.678,2.942,2.618,-3.0,0.562,1.605,0,0,0,OFFBOARD
950,RETURN,98.37,17.505,0.934,1.584,1.664,-0.247,-0.767,-17.505,0.634,1.664,3.314,1.951,1,2.558,3.458,2.945,-3.0,0.407,1.601,0,0,0,OFFBOARD
951,RETURN,98.47,17.271,0.84,1.586,1.664,-0.247,-0.767,-17.271,0.54,1.664,3.535,2.142,0,3.077,3.708,3.377,-3.0,0.277,1.599,0,0,0,OFFBOARD
952,RETURN,98.57,17.028,0.747,1.588,1.664,-0.247,-0.767,-17.028,0.447,1.664,3.456,2.154,0,3.203,4.53,3.893,-3.0,0.175,1.6,0,0,0,OFFBOARD
953,RETURN,98.67,16.788,0.654,1.59,1.664,-0.247,-0.767,-16.788,0.354,1.664,4.189,2.44,0,3.063,4.594,4.398,-3.0,0.119,1.602,0,0,0,OFFBOARD
954,RETURN,98.78,16.552,0.557,1.591,1.664,-0.247,-0.767,-16.552,0.257,1.664,4.075,2.65,0,3.523,5.351,4.755,-3.0,0.089,1.606,0,0,0,OFFBOARD
955,RETURN,98.88,16.319,0.449,1.593,1.664,-0.247,-0.767,-16.319,0.149,1.664,4.976,2.595,0,3.591,6.327,4.86,-3.0,0.081,1.61,0,0,0,OFFBOARD
956,RETURN,98.98,16.098,0.334,1.594,1.664,-0.247,-0.767,-16.098,0.034,1.664,4.816,3.198,0,3.555,10.0,4.769,-3.0,0.109,1.614,0,0,0,OFFBOARD
957,RETURN,99.08,15.877,0.204,1.596,1.664,-0.247,-0.767,-15.877,-0.096,1.664,5.798,3.24,0,3.887,10.0,4.601,-3.0,0.159,1.619,0,0,0,OFFBOARD
958,RETURN,99.18,15.663,0.073,1.597,1.664,-0.247,-0.767,-15.663,-0.227,1.664,5.643,3.345,0,4.179,10.0,4.44,-3.0,0.249,1.623,0,0,0,OFFBOARD
959,RETURN,99.28,15.449,-0.05,1.599,1.664,-0.247,-0.767,-15.449,-0.35,1.664,5.429,3.058,0,4.132,10.0,4.327,-3.0,0.362,1.628,0,0,0,OFFBOARD
960,RETURN,99.39,15.236,-0.147,1.601,1.664,-0.247,-0.767,-15.236,-0.447,1.664,5.226,2.856,0,3.956,6.648,4.263,-3.0,0.482,1.632,0,0,0,OFFBOARD
961,RETURN,99.49,15.024,-0.204,1.604,1.664,-0.247,-0.767,-15.024,-0.504,1.664,5.11,2.745,0,4.231,6.374,4.272,-3.0,0.6,1.636,0,0,0,OFFBOARD
962,RETURN,99.59,14.801,-0.212,1.606,1.664,-0.247,-0.767,-14.801,-0.512,1.664,5.663,3.001,0,4.409,6.115,4.278,-3.0,0.708,1.64,0,0,0,OFFBOARD
963,RETURN,99.69,14.579,-0.17,1.609,1.664,-0.247,-0.767,-14.579,-0.47,1.664,5.691,3.06,0,4.356,6.752,4.24,-3.0,0.822,1.644,0,0,0,OFFBOARD
964,RETURN,99.79,14.35,-0.085,1.612,1.664,-0.247,-0.767,-14.35,-0.385,1.664,5.514,3.098,0,4.215,6.894,4.199,-3.0,0.936,1.647,0,0,0,OFFBOARD
965,RETURN,99.89,14.12,0.031,1.615,1.664,-0.247,-0.767,-14.12,-0.269,1.664,5.324,3.062,0,4.04,10.0,4.187,-3.0,1.051,1.65,0,0,0,OFFBOARD
966,RETURN,99.99,13.89,0.165,1.618,1.664,-0.247,-0.767,-13.89,-0.135,1.664,5.994,3.607,0,4.194,10.0,4.197,-3.0,1.15,1.652,0,0,0,OFFBOARD
967,RETURN,100.1,13.659,0.31,1.621,1.664,-0.247,-0.767,-13.659,0.01,1.664,5.956,3.666,0,4.396,10.0,4.207,-3.0,1.237,1.654,0,0,0,OFFBOARD
968,RETURN,100.2,13.431,0.457,1.624,1.664,-0.247,-0.767,-13.431,0.157,1.664,5.738,3.283,0,4.317,10.0,4.247,-3.0,1.297,1.655,0,0,0,OFFBOARD
969,RETURN,100.3,13.204,0.603,1.628,1.664,-0.247,-0.767,-13.204,0.303,1.664,4.714,2.992,0,4.236,10.0,4.316,-3.0,1.34,1.656,0,0,0,OFFBOARD
970,RETURN,100.4,12.977,0.75,1.631,1.664,-0.247,-0.767,-12.977,0.45,1.664,4.296,2.797,0,4.012,10.0,4.276,-3.0,1.371,1.656,0,0,0,OFFBOARD
971,RETURN,100.5,12.754,0.896,1.634,1.664,-0.247,-0.767,-12.754,0.596,1.664,4.145,2.599,0,3.842,10.0,4.064,-3.0,1.382,1.656,0,0,0,OFFBOARD
972,RETURN,100.6,12.535,1.04,1.636,1.664,-0.247,-0.767,-12.535,0.74,1.664,4.143,2.397,0,3.625,6.179,3.851,-3.0,1.365,1.656,0,0,0,OFFBOARD
973,RETURN,100.7,12.319,1.179,1.639,1.664,-0.247,-0.767,-12.319,0.879,1.664,4.198,2.193,0,3.411,5.948,3.64,-3.0,1.328,1.655,0,0,0,OFFBOARD
974,RETURN,100.81,12.105,1.308,1.641,1.664,-0.247,-0.767,-12.105,1.008,1.664,4.169,1.988,1,3.249,4.606,3.427,-3.0,1.272,1.654,0,0,0,OFFBOARD
975,RETURN,100.91,11.894,1.42,1.643,1.664,-0.247,-0.767,-11.894,1.12,1.664,3.895,1.782,1,3.036,4.296,3.216,-3.0,1.196,1.652,0,0,0,OFFBOARD
976,RETURN,101.01,11.685,1.509,1.645,1.664,-0.247,-0.767,-11.685,1.209,1.664,3.796,1.574,1,2.824,4.085,3.016,-3.0,1.12,1.65,0,0,0,OFFBOARD
977,RETURN,101.11,11.475,1.571,1.646,1.664,-0.247,-0.767,-11.475,1.271,1.664,3.714,1.39,1,2.614,3.878,2.819,-3.0,1.037,1.647,0,0,0,OFFBOARD
978,RETURN,101.21,11.267,1.6,1.647,1.664,-0.247,-0.767,-11.267,1.3,1.664,3.649,1.343,1,2.457,3.671,2.625,-3.0,0.947,1.644,0,0,0,OFFBOARD
979,RETURN,101.31,11.057,1.598,1.648,1.664,-0.247,-0.767,-11.057,1.298,1.664,3.45,1.596,1,2.929,3.464,2.531,-3.0,0.866,1.641,0,0,0,OFFBOARD
980,RETURN,101.41,10.849,1.565,1.648,1.664,-0.247,-0.767,-10.849,1.265,1.664,3.24,1.628,1,3.001,3.463,2.511,-3.0,0.778,1.638,0,0,0,OFFBOARD
981,RETURN,101.51,10.64,1.507,1.648,1.664,-0.247,-0.767,-10.64,1.207,1.664,3.244,1.699,1,3.017,4.3,2.5,-3.0,0.683,1.635,0,0,0,OFFBOARD
982,RETURN,101.62,10.429,1.426,1.648,1.664,-0.247,-0.767,-10.429,1.126,1.664,4.069,1.577,1,2.819,4.095,2.499,-3.0,0.601,1.632,0,0,0,OFFBOARD
983,RETURN,101.72,10.219,1.331,1.647,1.664,-0.247,-0.767,-10.219,1.031,1.664,3.867,1.922,1,2.722,5.133,2.509,-3.0,0.54,1.629,0,0,0,OFFBOARD
984,RETURN,101.82,10.009,1.225,1.647,1.664,-0.247,-0.767,-10.009,0.925,1.664,3.796,2.088,0,3.355,5.051,2.546,-3.0,0.497,1.626,0,0,0,OFFBOARD
985,RETURN,101.92,9.802,1.115,1.645,1.664,-0.247,-0.767,-9.802,0.815,1.664,4.638,2.13,0,3.382,5.9,4.215,-3.0,0.469,1.624,0,0,0,OFFBOARD
986,RETURN,102.02,9.589,1.001,1.644,1.664,-0.247,-0.767,-9.589,0.701,1.664,4.435,2.511,0,3.189,6.944,4.234,-3.0,0.463,1.622,0,0,0,OFFBOARD
987,RETURN,102.13,9.379,0.89,1.642,1.664,-0.247,-0.767,-9.379,0.591,1.664,5.107,2.736,0,3.835,10.0,4.253,-3.0,0.474,1.62,0,0,0,OFFBOARD
988,RETURN,102.23,9.164,0.783,1.64,1.664,-0.247,-0.767,-9.164,0.483,1.664,5.273,2.751,0,3.948,10.0,4.262,-3.0,0.497,1.619,0,0,0,OFFBOARD
989,RETURN,102.33,8.956,0.687,1.638,1.664,-0.247,-0.767,-8.956,0.387,1.664,5.067,2.74,0,3.811,10.0,4.256,-3.0,0.529,1.618,0,0,0,OFFBOARD
990,RETURN,102.43,8.75,0.603,1.636,1.664,-0.247,-0.767,-8.75,0.303,1.664,5.657,3.251,0,3.71,10.0,4.241,-3.0,0.578,1.618,0,0,0,OFFBOARD
991,RETURN,102.53,8.546,0.531,1.635,1.664,-0.247,-0.767,-8.546,0.231,1.664,5.824,3.368,0,4.112,10.0,4.219,-3.0,0.639,1.617,0,0,0,OFFBOARD
992,RETURN,102.63,8.34,0.472,1.633,1.664,-0.247,-0.767,-8.34,0.172,1.664,5.704,3.176,0,4.209,10.0,4.195,-3.0,0.7,1.617,0,0,0,OFFBOARD
993,RETURN,102.74,8.137,0.428,1.631,1.664,-0.247,-0.767,-8.137,0.128,1.664,5.53,3.492,0,4.242,10.0,4.171,-3.0,0.768,1.618,0,0,0,OFFBOARD
994,RETURN,102.84,7.934,0.399,1.629,1.664,-0.247,-0.767,-7.934,0.099,1.664,5.559,3.607,0,4.045,10.0,4.151,-3.0,0.833,1.618,0,0,0,OFFBOARD
995,RETURN,102.94,7.73,0.385,1.628,1.664,-0.247,-0.767,-7.73,0.085,1.664,5.818,3.622,0,3.978,10.0,4.135,-3.0,0.901,1.619,0,0,0,OFFBOARD
996,RETURN,103.04,7.525,0.385,1.626,1.664,-0.247,-0.767,-7.525,0.085,1.664,5.864,3.62,0,4.305,10.0,4.125,-3.0,0.974,1.62,0,0,0,OFFBOARD
997,RETURN,103.14,7.322,0.399,1.625,1.664,-0.247,-0.767,-7.322,0.099,1.664,5.885,3.425,0,4.342,10.0,4.12,-3.0,1.036,1.621,0,0,0,OFFBOARD
998,RETURN,103.24,7.119,0.426,1.624,1.664,-0.247,-0.767,-7.119,0.126,1.664,5.749,3.229,0,4.29,10.0,4.119,-3.0,1.092,1.623,0,0,0,OFFBOARD
999,RETURN,103.34,6.915,0.464,1.624,1.664,-0.247,-0.767,-6.915,0.164,1.664,5.551,3.137,0,4.147,10.0,4.12,-3.0,1.144,1.624,0,0,0,OFFBOARD
1000,RETURN,103.44,6.71,0.511,1.623,1.664,-0.247,-0.767,-6.71,0.211,1.664,5.478,3.05,0,4.01,10.0,4.123,-3.0,1.195,1.626,0,0,0,OFFBOARD
1001,RETURN,103.55,6.508,0.566,1.623,1.664,-0.247,-0.767,-6.508,0.266,1.664,5.381,3.249,0,3.895,10.0,4.124,-3.0,1.245,1.627,0,0,0,OFFBOARD
1002,RETURN,103.65,6.303,0.628,1.623,1.664,-0.247,-0.767,-6.303,0.328,1.664,5.676,3.166,0,3.698,10.0,4.122,-3.0,1.289,1.629,0,0,0,OFFBOARD
1003,RETURN,103.75,6.1,0.694,1.623,1.664,-0.247,-0.767,-6.1,0.394,1.664,5.706,3.068,0,3.624,10.0,4.122,-3.0,1.325,1.63,0,0,0,OFFBOARD
1004,RETURN,103.85,5.897,0.762,1.623,1.664,-0.247,-0.767,-5.897,0.462,1.664,5.692,2.969,0,3.945,10.0,4.122,-3.0,1.355,1.632,0,0,0,OFFBOARD
1005,RETURN,103.95,5.692,0.832,1.623,1.664,-0.247,-0.767,-5.692,0.532,1.664,5.611,2.874,0,4.008,10.0,4.122,-3.0,1.376,1.633,0,0,0,OFFBOARD
1006,RETURN,104.05,5.488,0.903,1.624,1.664,-0.247,-0.767,-5.488,0.603,1.664,5.41,2.782,0,3.97,10.0,4.122,-3.0,1.384,1.635,0,0,0,OFFBOARD
1007,RETURN,104.16,5.283,0.972,1.625,1.664,-0.247,-0.767,-5.283,0.672,1.664,5.21,2.694,0,3.936,10.0,4.122,-3.0,1.385,1.636,0,0,0,OFFBOARD
1008,RETURN,104.26,5.079,1.039,1.625,1.664,-0.247,-0.767,-5.079,0.739,1.664,5.009,2.499,0,3.752,10.0,4.122,-3.0,1.327,1.637,0,0,0,OFFBOARD
1009,RETURN,104.36,4.877,1.103,1.626,1.664,-0.247,-0.767,-4.877,0.803,1.664,4.743,2.233,0,3.486,10.0,4.124,-3.0,1.228,1.638,0,0,0,OFFBOARD
1010,RETURN,104.46,4.673,1.163,1.627,1.664,-0.247,-0.767,-4.673,0.863,1.664,4.542,2.035,0,3.286,10.0,4.126,-3.0,1.092,1.639,0,0,0,OFFBOARD
1011,RETURN,104.56,4.471,1.217,1.628,1.664,-0.247,-0.767,-4.471,0.917,1.664,4.342,1.958,1,3.086,10.0,4.13,-3.0,0.931,1.64,0,0,0,OFFBOARD
1012,RETURN,104.66,4.269,1.264,1.629,1.664,-0.247,-0.767,-4.269,0.964,1.664,4.142,2.176,0,3.016,10.0,4.132,-3.0,0.769,1.64,0,0,0,OFFBOARD
1013,RETURN,104.76,4.067,1.301,1.63,1.664,-0.247,-0.767,-4.067,1.002,1.664,4.019,2.155,0,3.422,10.0,10.0,-3.0,0.601,1.64,0,0,0,OFFBOARD
1014,RETURN,104.87,3.863,1.327,1.632,1.664,-0.247,-0.767,-3.863,1.027,1.664,10.0,2.135,0,3.505,10.0,10.0,-3.0,0.429,1.641,0,0,0,OFFBOARD
1015,RETURN,104.97,3.661,1.336,1.633,1.664,-0.247,-0.767,-3.661,1.036,1.664,10.0,2.123,0,3.538,10.0,10.0,-3.0,0.29,1.641,0,0,0,OFFBOARD
1016,RETURN,105.07,3.459,1.328,1.633,1.664,-0.247,-0.767,-3.459,1.028,1.664,10.0,2.083,0,3.339,10.0,10.0,-3.0,0.173,1.64,0,0,0,OFFBOARD
1017,RETURN,105.17,3.254,1.301,1.634,1.664,-0.247,-0.767,-3.254,1.001,1.664,10.0,1.883,1,3.138,10.0,10.0,-3.0,0.073,1.64,0,0,0,OFFBOARD
1018,RETURN,105.27,3.052,1.254,1.635,1.664,-0.247,-0.767,-3.052,0.954,1.664,10.0,1.897,1,10.0,10.0,10.0,-3.0,0.004,1.635,0,0,0,OFFBOARD
1019,RETURN,105.37,2.85,1.188,1.636,1.664,-0.247,-0.767,-2.85,0.888,1.664,10.0,2.278,0,10.0,10.0,10.0,-3.0,-0.082,1.621,0,0,0,OFFBOARD
1020,RETURN,105.47,2.646,1.103,1.636,1.664,-0.247,-0.767,-2.646,0.803,1.664,10.0,2.403,0,10.0,10.0,10.0,-3.0,-0.155,1.611,0,0,0,OFFBOARD
1021,RETURN,105.57,2.444,1.005,1.636,1.664,-0.247,-0.767,-2.444,0.705,1.664,10.0,2.332,0,10.0,10.0,10.0,-3.0,-0.187,1.604,0,0,0,OFFBOARD
1022,RETURN,105.68,2.24,0.894,1.635,1.664,-0.247,-0.767,-2.24,0.594,1.664,10.0,10.0,0,10.0,10.0,10.0,-3.0,-0.204,1.586,0,0,0,OFFBOARD
1023,RETURN,105.78,2.038,0.777,1.633,1.664,-0.247,-0.767,-2.038,0.477,1.664,10.0,10.0,0,10.0,10.0,10.0,-3.0,-0.193,1.575,0,0,0,OFFBOARD
