step,phase,t_s,x_m,y_m,z_m,vx_ms,vy_ms,vz_ms,fwd_progress_m,lat_offset_m,speed_ms,front_d_m,min_depth_m,prox_alarm,depth_top,depth_mid,depth_bot,tgt_x,tgt_y,tgt_z,collision,near_miss,armed,mode
0,OUTBOUND,0.0,-0.0,-0.451,1.576,1.614,-0.154,-0.682,-0.0,-0.0,1.614,5.885,3.392,0,4.479,10.0,3.986,0.225,-0.421,1.489,0,0,0,OFFBOARD
1,OUTBOUND,0.1,0.0,-0.451,1.569,1.614,-0.154,-0.682,0.0,-0.0,1.614,5.85,3.416,0,4.531,10.0,3.933,0.406,-0.393,1.484,0,0,0,OFFBOARD
2,OUTBOUND,0.2,0.001,-0.45,1.562,1.614,-0.154,-0.682,0.001,-0.0,1.614,5.668,3.488,0,4.727,10.0,3.785,0.566,-0.373,1.485,0,0,0,OFFBOARD
3,OUTBOUND,0.3,0.004,-0.45,1.554,1.614,-0.154,-0.682,0.004,0.0,1.614,5.186,3.466,0,4.684,10.0,3.563,0.701,-0.364,1.49,0,0,0,OFFBOARD
4,OUTBOUND,0.41,0.012,-0.449,1.547,1.614,-0.154,-0.682,0.012,0.001,1.614,4.701,3.441,0,5.39,10.0,3.325,0.826,-0.366,1.498,0,0,0,OFFBOARD
5,OUTBOUND,0.51,0.028,-0.447,1.54,1.614,-0.154,-0.682,0.028,0.004,1.614,4.311,3.465,0,5.768,6.918,3.124,0.939,-0.381,1.509,0,0,0,OFFBOARD
6,OUTBOUND,0.61,0.056,-0.443,1.535,1.614,-0.154,-0.682,0.056,0.007,1.614,4.051,3.546,0,5.798,6.283,2.984,1.039,-0.414,1.521,0,0,0,OFFBOARD
7,OUTBOUND,0.71,0.097,-0.438,1.53,1.614,-0.154,-0.682,0.097,0.012,1.614,3.922,3.683,0,6.608,5.983,2.911,1.139,-0.454,1.535,0,0,0,OFFBOARD
8,OUTBOUND,0.81,0.152,-0.432,1.526,1.614,-0.154,-0.682,0.152,0.018,1.614,3.918,3.736,0,6.586,5.967,2.904,1.239,-0.504,1.549,0,0,0,OFFBOARD
9,OUTBOUND,0.91,0.221,-0.425,1.524,1.614,-0.154,-0.682,0.221,0.025,1.614,4.015,3.79,0,6.36,6.202,2.953,1.395,-0.558,1.565,0,0,0,OFFBOARD
10,OUTBOUND,1.01,0.303,-0.419,1.524,1.614,-0.154,-0.682,0.303,0.031,1.614,4.181,3.808,0,5.569,6.636,3.047,1.545,-0.612,1.581,0,0,0,OFFBOARD
11,OUTBOUND,1.11,0.395,-0.415,1.525,1.614,-0.154,-0.682,0.395,0.035,1.614,4.367,3.797,0,5.472,10.0,3.155,1.656,-0.659,1.596,0,0,0,OFFBOARD
12,OUTBOUND,1.22,0.498,-0.414,1.528,1.614,-0.154,-0.682,0.498,0.036,1.614,4.548,3.778,0,5.388,10.0,3.259,1.756,-0.694,1.612,0,0,0,OFFBOARD
13,OUTBOUND,1.32,0.607,-0.417,1.532,1.614,-0.154,-0.682,0.607,0.033,1.614,4.719,3.752,0,5.306,10.0,3.355,1.856,-0.719,1.627,0,0,0,OFFBOARD
14,OUTBOUND,1.42,0.724,-0.426,1.537,1.614,-0.154,-0.682,0.724,0.024,1.614,4.886,3.72,0,5.199,10.0,3.447,1.956,-0.741,1.641,0,0,0,OFFBOARD
15,OUTBOUND,1.52,0.845,-0.44,1.544,1.614,-0.154,-0.682,0.845,0.01,1.614,5.058,3.656,0,5.033,10.0,3.536,2.056,-0.763,1.654,0,0,0,OFFBOARD
16,OUTBOUND,1.62,0.971,-0.459,1.552,1.614,-0.154,-0.682,0.971,-0.009,1.614,5.249,3.589,0,4.873,10.0,3.628,2.156,-0.785,1.666,0,0,0,OFFBOARD
17,OUTBOUND,1.73,1.102,-0.483,1.56,1.614,-0.154,-0.682,1.101,-0.033,1.614,5.456,3.514,0,4.718,10.0,3.726,2.256,-0.804,1.677,0,0,0,OFFBOARD
18,OUTBOUND,1.83,1.232,-0.51,1.57,1.614,-0.154,-0.682,1.232,-0.06,1.614,5.678,3.409,0,4.519,10.0,3.865,2.356,-0.813,1.686,0,0,0,OFFBOARD
19,OUTBOUND,1.93,1.363,-0.54,1.58,1.614,-0.154,-0.682,1.363,-0.089,1.614,5.79,3.328,0,4.385,10.0,3.97,2.456,-0.808,1.694,0,0,0,OFFBOARD
20,OUTBOUND,2.03,1.496,-0.571,1.59,1.614,-0.154,-0.682,1.496,-0.121,1.614,5.807,3.245,0,4.266,10.0,4.074,2.559,-0.788,1.7,0,0,0,OFFBOARD
21,OUTBOUND,2.13,1.628,-0.604,1.601,1.614,-0.154,-0.682,1.628,-0.154,1.614,5.688,3.159,0,4.164,10.0,4.166,2.684,-0.75,1.705,0,0,0,OFFBOARD
22,OUTBOUND,2.23,1.757,-0.636,1.611,1.614,-0.154,-0.682,1.757,-0.186,1.614,5.566,3.038,0,4.086,10.0,4.251,2.821,-0.702,1.709,0,0,0,OFFBOARD
23,OUTBOUND,2.33,1.886,-0.667,1.621,1.614,-0.154,-0.682,1.886,-0.217,1.614,5.523,2.994,0,4.063,10.0,4.275,2.983,-0.644,1.71,0,0,0,OFFBOARD
24,OUTBOUND,2.44,2.012,-0.695,1.631,1.614,-0.154,-0.682,2.012,-0.245,1.614,5.315,2.79,0,4.029,10.0,4.306,3.177,-0.567,1.711,0,0,0,OFFBOARD
25,OUTBOUND,2.54,2.136,-0.72,1.64,1.614,-0.154,-0.682,2.136,-0.27,1.614,5.182,2.662,0,3.926,10.0,4.258,3.374,-0.485,1.71,0,0,0,OFFBOARD
26,OUTBOUND,2.64,2.261,-0.74,1.649,1.614,-0.154,-0.682,2.261,-0.29,1.614,5.064,2.605,0,3.785,10.0,4.161,3.57,-0.402,1.707,0,0,0,OFFBOARD
27,OUTBOUND,2.74,2.385,-0.754,1.657,1.614,-0.154,-0.682,2.385,-0.303,1.614,5.72,2.615,0,3.775,10.0,4.032,3.776,-0.325,1.704,0,0,0,OFFBOARD
28,OUTBOUND,2.84,2.51,-0.76,1.664,1.614,-0.154,-0.682,2.51,-0.31,1.614,5.561,2.98,0,4.349,10.0,3.896,4.024,-0.254,1.699,0,0,0,OFFBOARD
29,OUTBOUND,2.94,2.64,-0.758,1.67,1.614,-0.154,-0.682,2.64,-0.307,1.614,5.281,3.003,0,4.43,10.0,3.768,4.283,-0.178,1.693,0,0,0,OFFBOARD
30,OUTBOUND,3.04,2.776,-0.746,1.675,1.614,-0.154,-0.682,2.776,-0.296,1.614,5.038,3.036,0,4.42,10.0,3.648,4.56,-0.099,1.687,0,0,0,OFFBOARD
31,OUTBOUND,3.15,2.917,-0.724,1.679,1.614,-0.154,-0.682,2.917,-0.274,1.614,4.843,3.07,0,4.382,10.0,3.548,4.855,-0.025,1.68,0,0,0,OFFBOARD
32,OUTBOUND,3.25,3.069,-0.693,1.682,1.614,-0.154,-0.682,3.069,-0.243,1.614,4.716,2.929,0,5.142,10.0,3.479,5.133,0.044,1.673,0,0,0,OFFBOARD
33,OUTBOUND,3.35,3.229,-0.652,1.684,1.614,-0.154,-0.682,3.229,-0.202,1.614,4.699,2.928,0,5.16,10.0,3.467,5.342,0.104,1.665,0,0,0,OFFBOARD
34,OUTBOUND,3.45,3.399,-0.603,1.685,1.614,-0.154,-0.682,3.399,-0.153,1.614,4.799,3.263,0,5.018,10.0,3.514,5.494,0.146,1.657,0,0,0,OFFBOARD
35,OUTBOUND,3.55,3.576,-0.546,1.685,1.614,-0.154,-0.682,3.576,-0.096,1.614,5.005,3.334,0,4.873,6.948,3.614,5.615,0.182,1.649,0,0,0,OFFBOARD
36,OUTBOUND,3.65,3.762,-0.483,1.684,1.614,-0.154,-0.682,3.762,-0.032,1.614,5.296,3.395,0,4.726,6.837,3.749,5.715,0.199,1.642,0,0,0,OFFBOARD
37,OUTBOUND,3.75,3.951,-0.414,1.683,1.614,-0.154,-0.682,3.951,0.036,1.614,5.633,3.352,0,4.577,10.0,3.897,5.815,0.215,1.634,0,0,0,OFFBOARD
38,OUTBOUND,3.86,4.143,-0.343,1.68,1.614,-0.154,-0.682,4.143,0.107,1.614,5.698,3.181,0,4.419,10.0,4.033,5.915,0.232,1.627,0,0,0,OFFBOARD
39,OUTBOUND,3.96,4.339,-0.268,1.677,1.614,-0.154,-0.682,4.339,0.182,1.614,5.731,3.488,0,4.248,10.0,4.136,6.015,0.247,1.62,0,0,0,OFFBOARD
40,OUTBOUND,4.06,4.536,-0.194,1.673,1.614,-0.154,-0.682,4.536,0.256,1.614,5.873,3.628,0,4.131,10.0,4.181,6.115,0.272,1.614,0,0,0,OFFBOARD
41,OUTBOUND,4.16,4.726,-0.123,1.669,1.614,-0.154,-0.682,4.726,0.327,1.614,6.142,3.76,0,3.933,10.0,4.298,6.215,0.302,1.609,0,0,0,OFFBOARD
42,OUTBOUND,4.26,4.927,-0.05,1.664,1.614,-0.154,-0.682,4.927,0.4,1.614,6.165,3.64,0,3.857,10.0,4.406,6.315,0.337,1.604,0,0,0,OFFBOARD
43,OUTBOUND,4.37,5.121,0.017,1.659,1.614,-0.154,-0.682,5.121,0.467,1.614,5.999,3.479,0,3.974,10.0,4.553,6.415,0.378,1.6,0,0,0,OFFBOARD
44,OUTBOUND,4.47,5.309,0.078,1.653,1.614,-0.154,-0.682,5.309,0.529,1.614,5.774,3.309,0,3.964,10.0,4.732,6.515,0.421,1.597,0,0,0,OFFBOARD
45,OUTBOUND,4.57,5.492,0.136,1.648,1.614,-0.154,-0.682,5.492,0.586,1.614,5.524,3.147,0,3.868,10.0,4.921,6.615,0.459,1.595,0,0,0,OFFBOARD
46,OUTBOUND,4.67,5.669,0.189,1.643,1.614,-0.154,-0.682,5.669,0.639,1.614,5.322,3.053,0,3.792,10.0,5.095,6.715,0.498,1.594,0,0,0,OFFBOARD
47,OUTBOUND,4.77,5.84,0.24,1.638,1.614,-0.154,-0.682,5.84,0.69,1.614,5.168,2.98,0,3.733,10.0,5.222,6.815,0.538,1.593,0,0,0,OFFBOARD
48,OUTBOUND,4.87,6.0,0.286,1.633,1.614,-0.154,-0.682,6.0,0.736,1.614,5.076,3.232,0,3.695,10.0,5.284,6.925,0.586,1.593,0,0,0,OFFBOARD
49,OUTBOUND,4.97,6.152,0.33,1.628,1.614,-0.154,-0.682,6.152,0.78,1.614,5.034,3.233,0,3.666,10.0,5.274,7.069,0.634,1.594,0,0,0,OFFBOARD
50,OUTBOUND,5.07,6.296,0.373,1.624,1.614,-0.154,-0.682,6.296,0.823,1.614,4.908,3.201,0,3.655,10.0,5.188,7.263,0.686,1.596,0,0,0,OFFBOARD
51,OUTBOUND,5.18,6.431,0.413,1.62,1.614,-0.154,-0.682,6.431,0.863,1.614,4.764,3.205,0,3.515,10.0,5.014,7.486,0.73,1.598,0,0,0,OFFBOARD
52,OUTBOUND,5.28,6.558,0.453,1.616,1.614,-0.154,-0.682,6.558,0.903,1.614,4.742,3.189,0,3.546,10.0,4.753,7.726,0.77,1.6,0,0,0,OFFBOARD
53,OUTBOUND,5.38,6.681,0.492,1.613,1.614,-0.154,-0.682,6.681,0.942,1.614,5.694,3.161,0,4.075,10.0,4.435,7.927,0.813,1.603,0,0,0,OFFBOARD
54,OUTBOUND,5.48,6.8,0.53,1.611,1.614,-0.154,-0.682,6.8,0.98,1.614,5.539,3.024,0,4.282,10.0,4.108,8.068,0.855,1.607,0,0,0,OFFBOARD
55,OUTBOUND,5.58,6.92,0.568,1.609,1.614,-0.154,-0.682,6.92,1.018,1.614,5.475,2.986,0,4.125,10.0,3.837,8.169,0.886,1.61,0,0,0,OFFBOARD
56,OUTBOUND,5.68,7.043,0.606,1.608,1.614,-0.154,-0.682,7.043,1.056,1.614,5.312,3.299,0,4.708,10.0,3.662,8.269,0.915,1.614,0,0,0,OFFBOARD
57,OUTBOUND,5.78,7.171,0.644,1.607,1.614,-0.154,-0.682,7.171,1.094,1.614,5.204,3.331,0,4.816,10.0,3.597,8.369,0.931,1.618,0,0,0,OFFBOARD
58,OUTBOUND,5.88,7.306,0.682,1.606,1.614,-0.154,-0.682,7.306,1.132,1.614,5.253,3.264,0,4.708,10.0,3.634,8.501,0.943,1.622,0,0,0,OFFBOARD
59,OUTBOUND,5.98,7.443,0.72,1.606,1.614,-0.154,-0.682,7.443,1.17,1.614,5.436,3.163,0,4.525,10.0,3.749,8.664,0.952,1.626,0,0,0,OFFBOARD
60,OUTBOUND,6.09,7.584,0.756,1.607,1.614,-0.154,-0.682,7.584,1.206,1.614,5.609,3.056,0,4.282,10.0,3.905,8.836,0.962,1.63,0,0,0,OFFBOARD
61,OUTBOUND,6.19,7.727,0.793,1.608,1.614,-0.154,-0.682,7.727,1.243,1.614,5.682,2.955,0,4.079,10.0,4.055,8.978,0.974,1.633,0,0,0,OFFBOARD
62,OUTBOUND,6.29,7.868,0.827,1.609,1.614,-0.154,-0.682,7.868,1.277,1.614,5.523,2.879,0,3.966,10.0,4.151,9.106,0.985,1.637,0,0,0,OFFBOARD
63,OUTBOUND,6.39,8.01,0.86,1.611,1.614,-0.154,-0.682,8.01,1.31,1.614,5.444,2.825,0,3.923,10.0,4.19,9.235,0.994,1.64,0,0,0,OFFBOARD
64,OUTBOUND,6.49,8.152,0.891,1.613,1.614,-0.154,-0.682,8.152,1.341,1.614,5.444,2.791,0,3.91,10.0,4.184,9.368,1.001,1.643,0,0,0,OFFBOARD
65,OUTBOUND,6.6,8.291,0.918,1.616,1.614,-0.154,-0.682,8.291,1.368,1.614,5.288,2.759,0,3.862,10.0,4.145,9.491,1.005,1.646,0,0,0,OFFBOARD
66,OUTBOUND,6.7,8.43,0.943,1.618,1.614,-0.154,-0.682,8.43,1.393,1.614,5.148,2.633,0,3.847,10.0,4.115,9.596,1.005,1.648,0,0,0,OFFBOARD
67,OUTBOUND,6.8,8.568,0.965,1.621,1.614,-0.154,-0.682,8.568,1.415,1.614,5.009,2.496,0,3.753,10.0,4.105,9.696,1.007,1.65,0,0,0,OFFBOARD
68,OUTBOUND,6.9,8.707,0.985,1.623,1.614,-0.154,-0.682,8.706,1.435,1.614,4.875,2.361,0,3.619,10.0,4.126,9.805,1.001,1.651,0,0,0,OFFBOARD
69,OUTBOUND,7.0,8.844,1.002,1.626,1.614,-0.154,-0.682,8.844,1.452,1.614,4.744,2.26,0,3.488,10.0,4.18,9.92,0.988,1.652,0,0,0,OFFBOARD
70,OUTBOUND,7.1,8.982,1.017,1.629,1.614,-0.154,-0.682,8.982,1.467,1.614,4.619,2.224,0,3.363,10.0,4.253,10.067,0.971,1.653,0,0,0,OFFBOARD
71,OUTBOUND,7.2,9.115,1.029,1.631,1.614,-0.154,-0.682,9.115,1.479,1.614,4.492,2.192,0,3.237,6.979,4.324,10.259,0.95,1.653,0,0,0,OFFBOARD
72,OUTBOUND,7.31,9.249,1.038,1.634,1.614,-0.154,-0.682,9.249,1.488,1.614,4.364,2.496,0,3.156,6.852,4.353,10.517,0.942,1.653,0,0,0,OFFBOARD
73,OUTBOUND,7.41,9.381,1.045,1.636,1.614,-0.154,-0.682,9.381,1.495,1.614,4.277,2.484,0,3.176,6.725,4.301,10.837,0.938,1.652,0,0,0,OFFBOARD
74,OUTBOUND,7.51,9.511,1.049,1.638,1.614,-0.154,-0.682,9.511,1.499,1.614,5.063,2.494,0,3.8,6.588,4.138,11.138,0.934,1.65,0,0,0,OFFBOARD
75,OUTBOUND,7.61,9.642,1.051,1.64,1.614,-0.154,-0.682,9.641,1.501,1.614,5.162,2.591,0,3.899,6.988,3.883,11.49,0.932,1.647,0,0,0,OFFBOARD
76,OUTBOUND,7.71,9.775,1.049,1.642,1.614,-0.154,-0.682,9.775,1.499,1.614,4.998,2.516,0,3.737,6.951,3.619,11.875,0.938,1.644,0,0,0,OFFBOARD
77,OUTBOUND,7.81,9.916,1.045,1.643,1.614,-0.154,-0.682,9.916,1.495,1.614,4.732,2.378,0,4.618,6.881,3.406,12.282,0.948,1.641,0,0,0,OFFBOARD
78,OUTBOUND,7.91,10.066,1.038,1.644,1.614,-0.154,-0.682,10.066,1.488,1.614,4.523,2.419,0,4.603,6.792,3.293,12.704,0.964,1.635,0,0,0,OFFBOARD
79,OUTBOUND,8.01,10.229,1.03,1.644,1.614,-0.154,-0.682,10.229,1.48,1.614,4.506,2.763,0,4.461,6.703,3.28,13.135,0.991,1.627,0,0,0,OFFBOARD
80,OUTBOUND,8.12,10.403,1.021,1.644,1.614,-0.154,-0.682,10.403,1.471,1.614,4.658,2.756,0,4.314,6.605,3.356,13.573,1.01,1.62,0,0,0,OFFBOARD
81,OUTBOUND,8.22,10.584,1.011,1.644,1.614,-0.154,-0.682,10.584,1.461,1.614,4.947,2.696,0,4.165,6.496,3.499,14.015,1.021,1.613,0,0,0,OFFBOARD
82,OUTBOUND,8.32,10.774,1.002,1.642,1.614,-0.154,-0.682,10.774,1.452,1.614,5.199,2.634,0,4.017,6.378,3.688,14.46,1.027,1.606,0,0,0,OFFBOARD
83,OUTBOUND,8.42,10.967,0.994,1.64,1.614,-0.154,-0.682,10.967,1.444,1.614,5.129,2.619,0,3.866,6.253,3.882,14.907,1.029,1.599,0,0,0,OFFBOARD
84,OUTBOUND,8.52,11.162,0.988,1.638,1.614,-0.154,-0.682,11.162,1.438,1.614,4.96,2.455,0,3.702,6.119,4.045,15.354,1.032,1.593,0,0,0,OFFBOARD
85,OUTBOUND,8.62,11.359,0.984,1.635,1.614,-0.154,-0.682,11.359,1.435,1.614,4.783,2.288,0,3.527,5.987,4.145,15.802,1.025,1.588,0,0,0,OFFBOARD
86,OUTBOUND,8.73,11.557,0.983,1.632,1.614,-0.154,-0.682,11.557,1.433,1.614,4.595,2.287,0,3.339,5.848,4.177,16.249,1.018,1.583,0,0,0,OFFBOARD
87,OUTBOUND,8.83,11.75,0.983,1.628,1.614,-0.154,-0.682,11.75,1.433,1.614,4.516,2.586,0,3.313,5.707,4.153,16.697,1.026,1.578,0,0,0,OFFBOARD
88,OUTBOUND,8.93,11.944,0.984,1.624,1.614,-0.154,-0.682,11.944,1.434,1.614,5.222,2.591,0,3.829,5.58,4.098,17.143,1.03,1.573,0,0,0,OFFBOARD
89,OUTBOUND,9.03,12.143,0.987,1.62,1.614,-0.154,-0.682,12.143,1.437,1.614,5.189,2.597,0,3.931,5.412,4.019,17.59,1.031,1.567,0,0,0,OFFBOARD
90,OUTBOUND,9.13,12.335,0.99,1.615,1.614,-0.154,-0.682,12.335,1.44,1.614,4.991,2.486,0,3.733,5.281,3.972,18.038,1.036,1.557,0,0,0,OFFBOARD
91,OUTBOUND,9.23,12.536,0.993,1.61,1.614,-0.154,-0.682,12.536,1.443,1.614,4.796,2.333,0,3.538,5.146,3.945,18.487,1.035,1.542,0,0,0,OFFBOARD
92,OUTBOUND,9.33,12.739,0.997,1.605,1.614,-0.154,-0.682,12.739,1.447,1.614,4.776,2.331,0,3.469,5.01,3.939,18.936,1.038,1.528,0,0,0,OFFBOARD
93,OUTBOUND,9.44,12.938,1.0,1.599,1.614,-0.154,-0.682,12.938,1.45,1.614,4.814,2.688,0,3.94,4.873,3.948,19.385,1.057,1.512,0,0,0,OFFBOARD
94,OUTBOUND,9.54,13.141,1.004,1.593,1.614,-0.154,-0.682,13.141,1.454,1.614,4.698,2.688,0,3.999,4.736,3.964,19.834,1.074,1.492,0,0,0,OFFBOARD
95,OUTBOUND,9.64,13.342,1.008,1.586,1.614,-0.154,-0.682,13.342,1.458,1.614,4.588,2.684,0,3.956,4.6,3.98,20.284,1.092,1.469,0,0,0,OFFBOARD
96,OUTBOUND,9.74,13.543,1.012,1.578,1.614,-0.154,-0.682,13.543,1.462,1.614,4.493,2.564,0,3.82,4.467,3.988,20.734,1.117,1.445,0,0,0,OFFBOARD
97,OUTBOUND,9.84,13.745,1.017,1.568,1.614,-0.154,-0.682,13.745,1.467,1.614,4.521,2.366,0,3.623,4.337,3.982,21.184,1.14,1.42,0,0,0,OFFBOARD
98,OUTBOUND,9.94,13.948,1.023,1.558,1.614,-0.154,-0.682,13.948,1.473,1.614,4.667,2.304,0,3.423,4.209,3.964,21.634,1.167,1.395,0,0,0,OFFBOARD
99,OUTBOUND,10.04,14.149,1.03,1.546,1.614,-0.154,-0.682,14.149,1.48,1.614,4.481,2.595,0,3.428,4.087,3.931,22.084,1.217,1.37,0,0,0,OFFBOARD
100,OUTBOUND,10.14,14.353,1.038,1.532,1.614,-0.154,-0.682,14.353,1.488,1.614,4.333,2.57,0,3.924,3.974,3.862,22.534,1.27,1.347,0,0,0,OFFBOARD
101,OUTBOUND,10.25,14.554,1.048,1.518,1.614,-0.154,-0.682,14.554,1.498,1.614,4.92,2.581,0,3.969,3.883,3.804,22.984,1.325,1.326,0,0,0,OFFBOARD
102,OUTBOUND,10.35,14.755,1.06,1.502,1.614,-0.154,-0.682,14.755,1.51,1.614,4.999,2.587,0,3.974,3.855,3.793,23.433,1.382,1.307,0,0,0,OFFBOARD
103,OUTBOUND,10.45,14.959,1.075,1.486,1.614,-0.154,-0.682,14.959,1.525,1.614,4.937,2.425,0,3.681,6.094,3.74,23.883,1.449,1.289,0,0,0,OFFBOARD
104,OUTBOUND,10.55,15.16,1.093,1.469,1.614,-0.154,-0.682,15.16,1.543,1.614,4.737,2.28,0,3.481,5.895,3.703,24.333,1.509,1.275,0,0,0,OFFBOARD
105,OUTBOUND,10.65,15.362,1.114,1.451,1.614,-0.154,-0.682,15.362,1.564,1.614,4.541,2.482,0,3.47,5.693,3.669,24.783,1.556,1.262,0,0,0,OFFBOARD
106,OUTBOUND,10.75,15.566,1.139,1.433,1.614,-0.154,-0.682,15.566,1.589,1.614,4.98,2.521,0,3.976,5.544,3.634,25.233,1.598,1.258,0,0,0,OFFBOARD
107,OUTBOUND,10.85,15.768,1.169,1.415,1.614,-0.154,-0.682,15.768,1.619,1.614,4.971,2.54,0,3.997,5.409,3.595,25.683,1.632,1.255,0,0,0,OFFBOARD
108,OUTBOUND,10.96,15.97,1.203,1.398,1.614,-0.154,-0.682,15.97,1.653,1.614,4.93,2.517,0,3.94,5.145,3.554,26.133,1.609,1.255,0,0,0,OFFBOARD
109,OUTBOUND,11.06,16.174,1.242,1.381,1.614,-0.154,-0.682,16.174,1.692,1.614,4.846,2.481,0,3.74,2.786,3.509,26.583,1.572,1.256,0,0,0,OFFBOARD
110,OUTBOUND,11.16,16.378,1.284,1.366,1.614,-0.154,-0.682,16.378,1.734,1.614,4.538,2.282,0,3.539,2.548,3.454,27.033,1.518,1.259,0,0,0,OFFBOARD
111,OUTBOUND,11.26,16.581,1.328,1.352,1.614,-0.154,-0.682,16.581,1.778,1.614,2.498,2.085,0,3.341,2.369,3.388,27.483,1.433,1.265,0,0,0,OFFBOARD
112,OUTBOUND,11.36,16.785,1.373,1.339,1.614,-0.154,-0.682,16.785,1.823,1.614,2.189,1.958,1,3.718,2.149,2.168,27.932,1.327,1.284,0,0,0,OFFBOARD
113,OUTBOUND,11.46,16.985,1.415,1.328,1.614,-0.154,-0.682,16.985,1.865,1.614,2.014,1.932,1,3.774,1.988,1.974,28.225,1.205,1.306,0,0,0,OFFBOARD
114,OUTBOUND,11.57,17.189,1.453,1.319,1.614,-0.154,-0.682,17.189,1.903,1.614,1.85,1.785,1,3.79,1.834,1.814,28.415,1.04,1.335,0,0,0,OFFBOARD
115,OUTBOUND,11.67,17.393,1.483,1.313,1.614,-0.154,-0.682,17.393,1.933,1.614,1.695,1.636,1,3.629,1.683,1.661,28.538,0.833,1.371,0,0,0,OFFBOARD
116,OUTBOUND,11.77,17.595,1.503,1.31,1.614,-0.154,-0.682,17.595,1.953,1.614,1.55,1.488,1,3.429,1.537,1.516,28.638,0.572,1.41,0,0,0,OFFBOARD
117,OUTBOUND,11.87,17.799,1.51,1.31,1.614,-0.154,-0.682,17.799,1.96,1.614,1.42,1.34,1,3.3,1.397,1.384,28.738,0.276,1.452,0,0,0,OFFBOARD
118,OUTBOUND,11.97,18.003,1.501,1.314,1.614,-0.154,-0.682,18.003,1.951,1.614,1.339,1.237,1,3.794,1.314,1.312,28.838,-0.044,1.496,0,0,0,OFFBOARD
119,OUTBOUND,12.07,18.205,1.472,1.321,1.614,-0.154,-0.682,18.205,1.923,1.614,1.267,1.033,1,4.03,5.341,1.19,28.938,-0.394,1.54,0,0,0,OFFBOARD
120,OUTBOUND,12.17,18.409,1.422,1.332,1.614,-0.154,-0.682,18.409,1.872,1.614,4.829,0.877,1,3.885,5.296,3.176,29.097,-0.742,1.58,0,0,0,OFFBOARD
121,OUTBOUND,12.28,18.611,1.348,1.346,1.614,-0.154,-0.682,18.611,1.798,1.614,4.864,0.765,1,3.685,6.198,3.415,29.354,-1.046,1.615,0,1,0,OFFBOARD
122,OUTBOUND,12.38,18.813,1.249,1.363,1.614,-0.154,-0.682,18.813,1.699,1.614,4.931,2.229,0,4.25,5.998,3.457,29.584,-1.194,1.64,0,0,0,OFFBOARD
123,OUTBOUND,12.48,19.017,1.126,1.383,1.614,-0.154,-0.682,19.017,1.576,1.614,5.03,2.542,0,4.442,10.0,3.508,29.891,-1.318,1.655,0,0,0,OFFBOARD
124,OUTBOUND,12.58,19.219,0.985,1.405,1.614,-0.154,-0.682,19.219,1.435,1.614,5.159,2.731,0,4.342,6.955,3.568,30.248,-1.417,1.67,0,0,0,OFFBOARD
125,OUTBOUND,12.68,19.421,0.828,1.428,1.614,-0.154,-0.682,19.421,1.278,1.614,5.309,2.885,0,4.142,10.0,3.63,30.637,-1.484,1.679,0,0,0,OFFBOARD
126,OUTBOUND,12.78,19.625,0.659,1.452,1.614,-0.154,-0.682,19.625,1.109,1.614,5.469,2.845,0,4.145,10.0,3.688,31.048,-1.518,1.691,0,0,0,OFFBOARD
127,OUTBOUND,12.88,19.827,0.485,1.475,1.614,-0.154,-0.682,19.827,0.935,1.614,5.62,3.356,0,4.64,10.0,3.739,31.472,-1.52,1.703,0,0,0,OFFBOARD
128,OUTBOUND,12.99,20.031,0.305,1.499,1.614,-0.154,-0.682,20.031,0.755,1.614,5.751,3.541,0,4.738,10.0,3.791,31.905,-1.497,1.716,0,0,0,OFFBOARD
129,OUTBOUND,13.09,20.235,0.123,1.522,1.614,-0.154,-0.682,20.235,0.573,1.614,5.854,3.506,0,4.598,10.0,3.844,32.34,-1.459,1.727,0,0,0,OFFBOARD
130,OUTBOUND,13.19,20.437,-0.059,1.544,1.614,-0.154,-0.682,20.437,0.391,1.614,5.832,4.095,0,4.398,10.0,3.897,32.739,-1.401,1.737,0,0,0,OFFBOARD
131,OUTBOUND,13.29,20.641,-0.244,1.565,1.614,-0.154,-0.682,20.641,0.206,1.614,5.837,3.806,0,4.247,10.0,3.947,33.012,-1.328,1.744,0,0,0,OFFBOARD
132,OUTBOUND,13.39,20.843,-0.426,1.585,1.614,-0.154,-0.682,20.843,0.024,1.614,5.88,3.503,0,4.144,10.0,3.98,33.196,-1.262,1.75,0,0,0,OFFBOARD
133,OUTBOUND,13.49,21.043,-0.605,1.604,1.614,-0.154,-0.682,21.043,-0.155,1.614,5.149,3.129,0,3.906,10.0,3.722,33.323,-1.188,1.753,0,0,0,OFFBOARD
134,OUTBOUND,13.6,21.253,-0.785,1.622,1.614,-0.154,-0.682,21.253,-0.335,1.614,3.57,2.857,0,3.728,3.666,3.505,33.429,-1.111,1.754,0,0,0,OFFBOARD
135,OUTBOUND,13.7,21.457,-0.948,1.639,1.614,-0.154,-0.682,21.457,-0.498,1.614,3.295,2.603,0,3.553,3.413,3.293,33.529,-1.006,1.752,0,0,0,OFFBOARD
136,OUTBOUND,13.8,21.659,-1.093,1.654,1.614,-0.154,-0.682,21.659,-0.643,1.614,3.054,2.395,0,3.769,3.223,3.095,33.629,-0.881,1.749,0,0,0,OFFBOARD
137,OUTBOUND,13.9,21.861,-1.218,1.667,1.614,-0.154,-0.682,21.861,-0.768,1.614,2.845,2.215,0,3.656,3.026,2.892,33.729,-0.758,1.743,0,0,0,OFFBOARD
138,OUTBOUND,14.0,22.063,-1.318,1.679,1.614,-0.154,-0.682,22.063,-0.868,1.614,2.65,2.073,0,3.534,2.831,2.69,33.829,-0.641,1.736,0,0,0,OFFBOARD
139,OUTBOUND,14.1,22.267,-1.394,1.69,1.614,-0.154,-0.682,22.267,-0.944,1.614,2.454,1.964,1,3.444,2.634,2.474,33.929,-0.529,1.727,0,0,0,OFFBOARD
140,OUTBOUND,14.21,22.469,-1.441,1.698,1.614,-0.154,-0.682,22.469,-0.991,1.614,2.261,1.898,1,3.374,2.438,2.274,34.029,-0.423,1.716,0,0,0,OFFBOARD
141,OUTBOUND,14.31,22.673,-1.461,1.705,1.614,-0.154,-0.682,22.673,-1.011,1.614,2.068,1.881,1,3.337,2.241,2.079,34.129,-0.317,1.704,0,0,0,OFFBOARD
142,OUTBOUND,14.41,22.875,-1.456,1.71,1.614,-0.154,-0.682,22.875,-1.006,1.614,1.89,1.89,1,3.188,2.043,1.886,34.229,-0.19,1.689,0,0,0,OFFBOARD
143,OUTBOUND,14.51,23.077,-1.426,1.714,1.614,-0.154,-0.682,23.077,-0.976,1.614,1.743,1.686,1,2.986,1.847,1.716,34.329,-0.063,1.668,0,0,0,OFFBOARD
144,OUTBOUND,14.61,23.279,-1.375,1.715,1.614,-0.154,-0.682,23.279,-0.925,1.614,1.655,1.522,1,2.794,5.301,1.57,34.429,0.076,1.64,0,0,0,OFFBOARD
145,OUTBOUND,14.71,23.483,-1.304,1.714,1.614,-0.154,-0.682,23.483,-0.854,1.614,1.594,1.351,1,3.291,5.101,1.486,34.529,0.274,1.605,0,0,0,OFFBOARD
146,OUTBOUND,14.81,23.685,-1.217,1.711,1.614,-0.154,-0.682,23.685,-0.767,1.614,4.636,1.208,1,3.486,6.157,4.226,34.63,0.532,1.567,0,0,0,OFFBOARD
147,OUTBOUND,14.91,23.889,-1.114,1.705,1.614,-0.154,-0.682,23.889,-0.664,1.614,4.701,1.117,1,3.445,5.957,4.305,34.73,0.71,1.526,0,0,0,OFFBOARD
148,OUTBOUND,15.02,24.091,-0.998,1.696,1.614,-0.154,-0.682,24.091,-0.548,1.614,4.499,2.142,0,3.277,10.0,4.287,34.83,0.792,1.493,0,0,0,OFFBOARD
149,OUTBOUND,15.12,24.295,-0.867,1.684,1.614,-0.154,-0.682,24.295,-0.417,1.614,5.363,2.583,0,3.879,6.854,4.263,35.0,0.87,1.469,0,0,0,OFFBOARD
150,OUTBOUND,15.22,24.497,-0.725,1.67,1.614,-0.154,-0.682,24.497,-0.275,1.614,5.355,2.805,0,4.099,10.0,4.233,35.146,0.954,1.452,0,0,0,OFFBOARD
151,OUTBOUND,15.32,24.699,-0.571,1.654,1.614,-0.154,-0.682,24.699,-0.121,1.614,5.232,2.727,0,3.901,10.0,4.199,35.301,1.015,1.441,0,0,0,OFFBOARD
152,OUTBOUND,15.42,24.901,-0.407,1.636,1.614,-0.154,-0.682,24.901,0.043,1.614,6.054,3.289,0,4.148,10.0,4.16,35.454,1.044,1.434,0,0,0,OFFBOARD
153,OUTBOUND,15.52,25.105,-0.235,1.618,1.614,-0.154,-0.682,25.105,0.215,1.614,6.009,3.497,0,4.466,10.0,4.112,35.572,1.048,1.433,0,0,0,OFFBOARD
154,OUTBOUND,15.62,25.307,-0.06,1.6,1.614,-0.154,-0.682,25.307,0.39,1.614,5.834,3.483,0,4.555,10.0,4.064,35.672,1.049,1.435,0,0,0,OFFBOARD
155,OUTBOUND,15.73,25.511,0.118,1.582,1.614,-0.154,-0.682,25.511,0.568,1.614,5.889,3.852,0,4.357,10.0,4.022,35.772,1.032,1.441,0,0,0,OFFBOARD
156,OUTBOUND,15.83,25.709,0.286,1.565,1.614,-0.154,-0.682,25.709,0.736,1.614,5.9,3.635,0,4.229,10.0,3.976,35.872,1.016,1.45,0,0,0,OFFBOARD
157,OUTBOUND,15.93,25.919,0.457,1.549,1.614,-0.154,-0.682,25.919,0.907,1.614,5.77,3.423,0,4.521,10.0,3.937,36.03,1.008,1.461,0,0,0,OFFBOARD
158,OUTBOUND,16.03,26.119,0.608,1.535,1.614,-0.154,-0.682,26.119,1.058,1.614,5.667,3.224,0,4.546,10.0,3.899,36.29,1.006,1.475,0,0,0,OFFBOARD
159,OUTBOUND,16.13,26.325,0.749,1.523,1.614,-0.154,-0.682,26.325,1.199,1.614,5.593,3.058,0,4.54,10.0,3.867,36.615,1.009,1.491,0,0,0,OFFBOARD
160,OUTBOUND,16.23,26.529,0.871,1.514,1.614,-0.154,-0.682,26.529,1.321,1.614,5.545,2.916,0,4.432,10.0,3.841,36.984,1.013,1.508,0,0,0,OFFBOARD
161,OUTBOUND,16.34,26.729,0.975,1.507,1.614,-0.154,-0.682,26.729,1.425,1.614,5.52,2.783,0,4.295,10.0,3.824,37.381,1.014,1.526,0,0,0,OFFBOARD
162,OUTBOUND,16.44,26.931,1.062,1.502,1.614,-0.154,-0.682,26.931,1.512,1.614,5.404,2.652,0,4.147,6.663,3.813,37.796,1.009,1.545,0,0,0,OFFBOARD
163,OUTBOUND,16.54,27.133,1.133,1.499,1.614,-0.154,-0.682,27.133,1.583,1.614,5.204,2.499,0,3.947,6.46,3.809,38.224,0.99,1.554,0,0,0,OFFBOARD
164,OUTBOUND,16.64,27.337,1.19,1.499,1.614,-0.154,-0.682,27.337,1.64,1.614,5.002,2.404,0,3.745,6.258,3.81,38.659,0.963,1.555,0,0,0,OFFBOARD
165,OUTBOUND,16.74,27.539,1.233,1.5,1.614,-0.154,-0.682,27.539,1.683,1.614,4.802,2.289,0,3.545,6.058,3.815,39.1,0.936,1.552,0,0,0,OFFBOARD
166,OUTBOUND,16.84,27.741,1.265,1.503,1.614,-0.154,-0.682,27.741,1.715,1.614,4.604,2.091,0,3.347,5.86,3.822,39.543,0.894,1.546,0,0,0,OFFBOARD
167,OUTBOUND,16.94,27.943,1.285,1.506,1.614,-0.154,-0.682,27.943,1.735,1.614,4.404,1.971,1,3.258,5.735,3.83,39.989,0.843,1.538,0,0,0,OFFBOARD
168,OUTBOUND,17.04,28.147,1.296,1.509,1.614,-0.154,-0.682,28.147,1.746,1.614,4.317,2.243,0,3.667,5.677,3.839,40.281,0.761,1.538,0,0,0,OFFBOARD
169,OUTBOUND,17.15,28.349,1.296,1.512,1.614,-0.154,-0.682,28.349,1.746,1.614,4.969,2.27,0,3.734,6.437,3.846,40.629,0.702,1.534,0,0,0,OFFBOARD
170,OUTBOUND,17.25,28.551,1.288,1.515,1.614,-0.154,-0.682,28.551,1.738,1.614,5.06,2.277,0,3.752,6.316,3.853,41.012,0.638,1.526,0,0,0,OFFBOARD
171,OUTBOUND,17.35,28.753,1.269,1.518,1.614,-0.154,-0.682,28.753,1.72,1.614,4.86,2.309,0,3.604,6.116,3.86,41.418,0.57,1.515,0,0,0,OFFBOARD
172,OUTBOUND,17.45,28.955,1.242,1.52,1.614,-0.154,-0.682,28.955,1.692,1.614,4.66,2.147,0,3.404,5.916,3.865,41.84,0.505,1.502,0,0,0,OFFBOARD
173,OUTBOUND,17.55,29.157,1.205,1.521,1.614,-0.154,-0.682,29.157,1.655,1.614,4.46,2.053,0,3.319,6.53,3.868,42.272,0.446,1.492,0,0,0,OFFBOARD
174,OUTBOUND,17.65,29.361,1.159,1.521,1.614,-0.154,-0.682,29.361,1.609,1.614,5.172,2.422,0,3.853,6.77,3.869,42.71,0.422,1.485,0,0,0,OFFBOARD
175,OUTBOUND,17.75,29.563,1.106,1.52,1.614,-0.154,-0.682,29.563,1.556,1.614,5.314,2.483,0,3.98,6.57,3.867,43.152,0.393,1.478,0,0,0,OFFBOARD
176,OUTBOUND,17.86,29.767,1.044,1.518,1.614,-0.154,-0.682,29.767,1.494,1.614,5.112,2.6,0,3.856,10.0,3.862,43.597,0.371,1.468,0,0,0,OFFBOARD
177,OUTBOUND,17.96,29.969,0.978,1.515,1.614,-0.154,-0.682,29.969,1.428,1.614,4.916,2.404,0,3.66,10.0,3.853,44.044,0.36,1.466,0,0,0,OFFBOARD
178,OUTBOUND,18.06,30.173,0.906,1.512,1.614,-0.154,-0.682,30.173,1.356,1.614,5.439,2.732,0,3.678,10.0,3.843,44.491,0.378,1.471,0,0,0,OFFBOARD
179,OUTBOUND,18.16,30.375,0.834,1.509,1.614,-0.154,-0.682,30.375,1.284,1.614,5.534,2.844,0,4.246,10.0,3.834,44.939,0.405,1.48,0,0,0,OFFBOARD
180,OUTBOUND,18.26,30.577,0.761,1.505,1.614,-0.154,-0.682,30.577,1.211,1.614,5.572,3.006,0,4.316,10.0,3.825,45.388,0.443,1.49,0,0,0,OFFBOARD
181,OUTBOUND,18.36,30.781,0.689,1.502,1.614,-0.154,-0.682,30.781,1.139,1.614,5.372,2.86,0,4.116,10.0,3.819,45.837,0.491,1.5,0,0,0,OFFBOARD
182,OUTBOUND,18.46,30.979,0.623,1.5,1.614,-0.154,-0.682,30.979,1.073,1.614,5.359,3.191,0,4.032,10.0,3.815,46.286,0.563,1.512,0,0,0,OFFBOARD
183,OUTBOUND,18.57,31.189,0.559,1.498,1.614,-0.154,-0.682,31.189,1.009,1.614,5.549,2.991,0,4.494,10.0,3.814,46.735,0.642,1.526,0,0,0,OFFBOARD
184,OUTBOUND,18.67,31.393,0.505,1.498,1.614,-0.154,-0.682,31.393,0.955,1.614,5.573,2.813,0,4.522,10.0,3.813,47.185,0.729,1.542,0,0,0,OFFBOARD
185,OUTBOUND,18.77,31.595,0.461,1.498,1.614,-0.154,-0.682,31.595,0.911,1.614,5.57,2.73,0,4.504,10.0,3.813,47.634,0.814,1.558,0,0,0,OFFBOARD
186,OUTBOUND,18.87,31.797,0.427,1.5,1.614,-0.154,-0.682,31.797,0.877,1.614,5.561,2.666,0,4.304,10.0,3.816,48.082,0.9,1.576,0,0,0,OFFBOARD
187,OUTBOUND,18.97,31.999,0.405,1.504,1.614,-0.154,-0.682,31.999,0.855,1.614,5.44,2.623,0,4.22,10.0,3.822,48.528,0.995,1.593,0,0,0,OFFBOARD
188,OUTBOUND,19.07,32.201,0.396,1.508,1.614,-0.154,-0.682,32.201,0.846,1.614,5.481,2.602,0,4.521,10.0,3.832,48.969,1.085,1.611,0,0,0,OFFBOARD
189,OUTBOUND,19.17,32.403,0.4,1.514,1.614,-0.154,-0.682,32.403,0.85,1.614,5.572,2.605,0,4.545,10.0,3.846,49.409,1.152,1.627,0,0,0,OFFBOARD
190,OUTBOUND,19.28,32.605,0.417,1.522,1.614,-0.154,-0.682,32.605,0.867,1.614,5.618,2.63,0,4.523,10.0,3.863,49.851,1.224,1.643,0,0,0,OFFBOARD
191,OUTBOUND,19.38,32.807,0.446,1.53,1.614,-0.154,-0.682,32.807,0.896,1.614,5.648,2.68,0,4.375,10.0,3.884,50.291,1.296,1.658,0,0,0,OFFBOARD
192,OUTBOUND,19.48,33.011,0.489,1.54,1.614,-0.154,-0.682,33.011,0.939,1.614,5.615,3.147,0,4.227,10.0,3.908,50.728,1.33,1.672,0,0,0,OFFBOARD
193,OUTBOUND,19.58,33.213,0.541,1.55,1.614,-0.154,-0.682,33.213,0.991,1.614,5.417,3.058,0,4.102,10.0,3.933,51.167,1.365,1.684,0,0,0,OFFBOARD
194,OUTBOUND,19.68,33.415,0.604,1.561,1.614,-0.154,-0.682,33.415,1.054,1.614,5.377,3.224,0,3.961,10.0,3.96,51.606,1.402,1.694,0,0,0,OFFBOARD
195,OUTBOUND,19.78,33.619,0.674,1.573,1.614,-0.154,-0.682,33.619,1.124,1.614,5.428,3.15,0,3.761,10.0,3.985,52.044,1.437,1.703,0,0,0,OFFBOARD
196,OUTBOUND,19.88,33.821,0.75,1.585,1.614,-0.154,-0.682,33.821,1.2,1.614,5.544,3.029,0,3.682,10.0,4.009,52.484,1.467,1.71,0,0,0,OFFBOARD
197,OUTBOUND,19.98,34.023,0.829,1.597,1.614,-0.154,-0.682,34.023,1.279,1.614,5.542,2.893,0,3.674,10.0,4.035,52.928,1.49,1.715,0,0,0,OFFBOARD
198,OUTBOUND,20.09,34.225,0.911,1.609,1.614,-0.154,-0.682,34.225,1.361,1.614,5.409,2.752,0,4.008,10.0,4.063,53.373,1.505,1.719,0,0,0,OFFBOARD
199,OUTBOUND,20.19,34.429,0.993,1.621,1.614,-0.154,-0.682,34.429,1.443,1.614,5.262,2.626,0,3.935,10.0,4.09,53.82,1.509,1.721,0,0,0,OFFBOARD
200,OUTBOUND,20.29,34.633,1.074,1.632,1.614,-0.154,-0.682,34.633,1.524,1.614,5.143,2.519,0,3.818,6.508,4.118,54.268,1.503,1.721,0,0,0,OFFBOARD
201,OUTBOUND,20.39,34.835,1.151,1.643,1.614,-0.154,-0.682,34.835,1.601,1.614,5.015,2.418,0,3.687,6.229,4.144,54.716,1.487,1.709,0,0,0,OFFBOARD
202,OUTBOUND,20.49,35.037,1.225,1.652,1.614,-0.154,-0.682,35.037,1.675,1.614,4.873,2.323,0,3.567,6.029,4.17,55.164,1.46,1.688,0,0,0,OFFBOARD
203,OUTBOUND,20.59,35.241,1.294,1.66,1.614,-0.154,-0.682,35.241,1.744,1.614,4.673,2.161,0,3.417,5.829,4.193,55.612,1.42,1.662,0,0,0,OFFBOARD
204,OUTBOUND,20.7,35.445,1.358,1.667,1.614,-0.154,-0.682,35.445,1.808,1.614,4.473,1.961,1,3.217,5.629,4.211,56.058,1.364,1.634,0,0,0,OFFBOARD
205,OUTBOUND,20.8,35.647,1.414,1.671,1.614,-0.154,-0.682,35.647,1.864,1.614,4.273,1.761,1,3.017,5.429,4.223,56.349,1.256,1.612,0,0,0,OFFBOARD
206,OUTBOUND,20.9,35.851,1.463,1.672,1.614,-0.154,-0.682,35.851,1.913,1.614,4.007,1.575,1,2.751,5.163,4.225,56.537,1.095,1.595,0,0,0,OFFBOARD
207,OUTBOUND,21.0,36.055,1.502,1.671,1.614,-0.154,-0.682,36.055,1.952,1.614,3.807,1.52,1,2.564,4.963,4.19,56.66,0.901,1.582,0,0,0,OFFBOARD
208,OUTBOUND,21.1,36.257,1.531,1.668,1.614,-0.154,-0.682,36.257,1.981,1.614,3.603,1.731,1,2.539,4.759,4.129,56.76,0.699,1.571,0,0,0,OFFBOARD
209,OUTBOUND,21.2,36.459,1.547,1.663,1.614,-0.154,-0.682,36.459,1.997,1.614,3.405,1.712,1,3.091,4.561,4.061,56.86,0.488,1.562,0,0,0,OFFBOARD
210,OUTBOUND,21.3,36.663,1.548,1.657,1.614,-0.154,-0.682,36.663,1.998,1.614,4.025,1.745,1,3.158,4.363,4.047,56.96,0.269,1.556,0,0,0,OFFBOARD
211,OUTBOUND,21.41,36.863,1.532,1.65,1.614,-0.154,-0.682,36.863,1.982,1.614,4.163,1.751,1,3.007,4.339,4.057,57.06,0.043,1.552,0,0,0,OFFBOARD
212,OUTBOUND,21.51,37.065,1.496,1.642,1.614,-0.154,-0.682,37.065,1.946,1.614,3.963,1.561,1,2.807,5.125,4.018,57.16,-0.183,1.549,0,0,0,OFFBOARD
213,OUTBOUND,21.61,37.269,1.437,1.633,1.614,-0.154,-0.682,37.269,1.887,1.614,3.84,1.951,1,3.372,5.02,4.054,57.26,-0.391,1.547,0,0,0,OFFBOARD
214,OUTBOUND,21.71,37.471,1.356,1.625,1.614,-0.154,-0.682,37.471,1.806,1.614,4.725,2.105,0,3.563,4.867,4.071,57.36,-0.581,1.546,0,0,0,OFFBOARD
215,OUTBOUND,21.81,37.675,1.252,1.617,1.614,-0.154,-0.682,37.675,1.702,1.614,4.525,2.207,0,3.363,5.633,4.076,57.52,-0.714,1.539,0,0,0,OFFBOARD
216,OUTBOUND,21.91,37.877,1.127,1.609,1.614,-0.154,-0.682,37.877,1.577,1.614,4.321,2.073,0,3.357,5.672,4.064,57.765,-0.815,1.529,0,0,0,OFFBOARD
217,OUTBOUND,22.01,38.081,0.982,1.601,1.614,-0.154,-0.682,38.081,1.432,1.614,4.125,2.543,0,3.977,6.539,4.055,58.078,-0.866,1.517,0,0,0,OFFBOARD
218,OUTBOUND,22.11,38.283,0.825,1.593,1.614,-0.154,-0.682,38.283,1.275,1.614,3.925,2.763,0,4.019,6.549,3.925,58.439,-0.886,1.508,0,0,0,OFFBOARD
219,OUTBOUND,22.22,38.485,0.658,1.585,1.614,-0.154,-0.682,38.485,1.108,1.614,4.84,2.71,0,3.82,10.0,3.877,58.831,-0.89,1.503,0,0,0,OFFBOARD
220,OUTBOUND,22.32,38.687,0.484,1.577,1.614,-0.154,-0.682,38.687,0.934,1.614,5.891,3.279,0,4.204,10.0,4.001,59.242,-0.874,1.504,0,0,0,OFFBOARD
221,OUTBOUND,22.42,38.889,0.306,1.569,1.614,-0.154,-0.682,38.889,0.756,1.614,5.932,3.325,0,4.534,10.0,3.98,59.661,-0.848,1.508,0,0,0,OFFBOARD
222,OUTBOUND,22.52,39.091,0.129,1.562,1.614,-0.154,-0.682,39.091,0.579,1.614,5.741,3.125,0,4.476,10.0,3.963,60.073,-0.816,1.514,0,0,0,OFFBOARD
223,OUTBOUND,22.62,39.293,-0.045,1.555,1.614,-0.154,-0.682,39.293,0.405,1.614,5.808,2.931,0,4.276,10.0,3.952,60.444,-0.797,1.523,0,0,0,OFFBOARD
224,OUTBOUND,22.72,39.495,-0.212,1.549,1.614,-0.154,-0.682,39.495,0.238,1.614,5.798,3.256,0,4.289,10.0,3.94,60.694,-0.771,1.534,0,0,0,OFFBOARD
225,OUTBOUND,22.82,39.697,-0.368,1.544,1.614,-0.154,-0.682,39.697,0.082,1.614,5.717,3.546,0,4.633,10.0,3.924,60.857,-0.745,1.546,0,0,0,OFFBOARD
226,OUTBOUND,22.92,39.901,-0.512,1.541,1.614,-0.154,-0.682,39.901,-0.062,1.614,5.656,3.354,0,4.615,10.0,3.909,60.963,-0.704,1.559,0,0,0,OFFBOARD
227,OUTBOUND,23.03,40.103,-0.639,1.539,1.614,-0.154,-0.682,40.103,-0.189,1.614,5.617,3.183,0,4.567,10.0,3.899,61.063,-0.657,1.572,0,0,0,OFFBOARD
228,OUTBOUND,23.13,40.307,-0.748,1.538,1.614,-0.154,-0.682,40.307,-0.298,1.614,5.595,3.03,0,4.53,10.0,3.893,61.163,-0.607,1.586,0,0,0,OFFBOARD
229,OUTBOUND,23.23,40.511,-0.839,1.538,1.614,-0.154,-0.682,40.511,-0.389,1.614,5.588,2.887,0,4.332,10.0,3.892,61.263,-0.545,1.6,0,0,0,OFFBOARD
230,OUTBOUND,23.33,40.715,-0.91,1.54,1.614,-0.154,-0.682,40.715,-0.46,1.614,5.322,2.758,0,4.066,10.0,3.898,61.363,-0.477,1.613,0,0,0,OFFBOARD
231,OUTBOUND,23.43,40.919,-0.962,1.544,1.614,-0.154,-0.682,40.919,-0.512,1.614,5.122,2.61,0,3.866,10.0,3.908,61.463,-0.391,1.627,0,0,0,OFFBOARD
232,OUTBOUND,23.54,41.119,-0.996,1.548,1.614,-0.154,-0.682,41.119,-0.546,1.614,4.995,2.41,0,3.678,10.0,3.92,61.563,-0.288,1.639,0,0,0,OFFBOARD
233,OUTBOUND,23.64,41.327,-1.014,1.554,1.614,-0.154,-0.682,41.327,-0.564,1.614,4.933,2.317,0,3.634,10.0,3.935,61.663,-0.175,1.651,0,0,0,OFFBOARD
234,OUTBOUND,23.74,41.529,-1.014,1.561,1.614,-0.154,-0.682,41.529,-0.564,1.614,5.57,2.606,0,4.079,10.0,3.952,61.763,-0.075,1.662,0,0,0,OFFBOARD
235,OUTBOUND,23.84,41.731,-0.999,1.568,1.614,-0.154,-0.682,41.731,-0.549,1.614,5.579,2.614,0,4.132,6.835,3.97,61.863,0.027,1.672,0,0,0,OFFBOARD
236,OUTBOUND,23.94,41.935,-0.968,1.577,1.614,-0.154,-0.682,41.935,-0.518,1.614,5.379,2.654,0,4.122,6.857,3.99,61.963,0.127,1.68,0,0,0,OFFBOARD
237,OUTBOUND,24.04,42.137,-0.922,1.585,1.614,-0.154,-0.682,42.137,-0.472,1.614,5.179,2.666,0,3.922,10.0,4.012,62.063,0.21,1.687,0,0,0,OFFBOARD
238,OUTBOUND,24.15,42.341,-0.862,1.595,1.614,-0.154,-0.682,42.341,-0.412,1.614,5.04,2.466,0,3.722,10.0,4.035,62.163,0.308,1.693,0,0,0,OFFBOARD
239,OUTBOUND,24.25,42.545,-0.788,1.604,1.614,-0.154,-0.682,42.545,-0.338,1.614,5.662,2.839,0,3.741,10.0,4.059,62.263,0.392,1.697,0,0,0,OFFBOARD
240,OUTBOUND,24.35,42.747,-0.703,1.613,1.614,-0.154,-0.682,42.747,-0.253,1.614,5.835,2.967,0,4.248,10.0,4.083,62.363,0.475,1.7,0,0,0,OFFBOARD
241,OUTBOUND,24.45,42.949,-0.608,1.622,1.614,-0.154,-0.682,42.949,-0.158,1.614,5.635,3.075,0,4.19,10.0,4.106,62.463,0.544,1.702,0,0,0,OFFBOARD
242,OUTBOUND,24.55,43.153,-0.503,1.631,1.614,-0.154,-0.682,43.153,-0.053,1.614,5.435,2.922,0,4.078,10.0,4.126,62.563,0.607,1.702,0,0,0,OFFBOARD
243,OUTBOUND,24.65,43.355,-0.392,1.639,1.614,-0.154,-0.682,43.355,0.058,1.614,5.937,3.322,0,3.979,10.0,4.142,62.663,0.653,1.701,0,0,0,OFFBOARD
244,OUTBOUND,24.75,43.559,-0.276,1.647,1.614,-0.154,-0.682,43.559,0.174,1.614,6.087,3.49,0,3.838,10.0,4.158,62.763,0.685,1.699,0,0,0,OFFBOARD
245,OUTBOUND,24.85,43.761,-0.158,1.654,1.614,-0.154,-0.682,43.761,0.292,1.614,6.089,3.577,0,4.227,10.0,4.173,62.863,0.699,1.696,0,0,0,OFFBOARD
246,OUTBOUND,24.96,43.963,-0.039,1.66,1.614,-0.154,-0.682,43.963,0.411,1.614,5.891,3.506,0,4.389,10.0,4.188,62.963,0.717,1.692,0,0,0,OFFBOARD
247,OUTBOUND,25.06,44.165,0.078,1.666,1.614,-0.154,-0.682,44.165,0.528,1.614,5.876,3.858,0,4.42,10.0,4.203,63.063,0.713,1.687,0,0,0,OFFBOARD
248,OUTBOUND,25.16,44.367,0.192,1.67,1.614,-0.154,-0.682,44.367,0.643,1.614,5.953,3.702,0,4.235,10.0,4.217,63.163,0.697,1.682,0,0,0,OFFBOARD
249,OUTBOUND,25.26,44.569,0.301,1.674,1.614,-0.154,-0.682,44.569,0.751,1.614,6.096,3.549,0,4.035,10.0,4.231,63.263,0.695,1.675,0,0,0,OFFBOARD
250,OUTBOUND,25.36,44.771,0.403,1.677,1.614,-0.154,-0.682,44.771,0.853,1.614,6.09,3.408,0,3.941,10.0,4.24,63.363,0.701,1.669,0,0,0,OFFBOARD
251,OUTBOUND,25.46,44.975,0.498,1.678,1.614,-0.154,-0.682,44.975,0.948,1.614,6.084,3.276,0,4.024,10.0,4.245,63.463,0.712,1.662,0,0,0,OFFBOARD
252,OUTBOUND,25.56,45.177,0.581,1.679,1.614,-0.154,-0.682,45.177,1.031,1.614,5.947,3.151,0,4.222,10.0,4.247,63.649,0.725,1.655,0,0,0,OFFBOARD
253,OUTBOUND,25.67,45.377,0.654,1.679,1.614,-0.154,-0.682,45.377,1.104,1.614,5.679,2.966,0,4.161,10.0,4.247,63.918,0.735,1.648,0,0,0,OFFBOARD
254,OUTBOUND,25.77,45.587,0.719,1.679,1.614,-0.154,-0.682,45.587,1.169,1.614,5.479,2.883,0,4.124,10.0,4.246,64.248,0.743,1.641,0,0,0,OFFBOARD
255,OUTBOUND,25.87,45.789,0.771,1.677,1.614,-0.154,-0.682,45.789,1.221,1.614,5.279,2.767,0,4.023,10.0,4.243,64.619,0.755,1.635,0,0,0,OFFBOARD
256,OUTBOUND,25.97,45.991,0.814,1.675,1.614,-0.154,-0.682,45.991,1.264,1.614,5.077,2.565,0,3.821,10.0,4.238,65.013,0.759,1.629,0,0,0,OFFBOARD
257,OUTBOUND,26.07,46.193,0.848,1.672,1.614,-0.154,-0.682,46.193,1.298,1.614,4.879,2.425,0,3.623,10.0,4.232,65.423,0.756,1.623,0,0,0,OFFBOARD
258,OUTBOUND,26.17,46.397,0.875,1.669,1.614,-0.154,-0.682,46.397,1.325,1.614,4.743,2.397,0,3.473,6.873,4.223,65.847,0.75,1.618,0,0,0,OFFBOARD
259,OUTBOUND,26.27,46.599,0.894,1.665,1.614,-0.154,-0.682,46.599,1.344,1.614,4.708,2.746,0,3.448,6.717,4.212,66.279,0.757,1.612,0,0,0,OFFBOARD
260,OUTBOUND,26.38,46.803,0.908,1.661,1.614,-0.154,-0.682,46.803,1.358,1.614,5.268,2.741,0,3.883,6.665,4.208,66.718,0.76,1.605,0,0,0,OFFBOARD
261,OUTBOUND,26.48,47.005,0.916,1.656,1.614,-0.154,-0.682,47.005,1.367,1.614,5.336,2.706,0,3.897,6.398,4.189,67.159,0.737,1.594,0,0,0,OFFBOARD
262,OUTBOUND,26.58,47.209,0.921,1.651,1.614,-0.154,-0.682,47.209,1.371,1.614,5.136,2.623,0,3.879,6.232,4.177,67.603,0.722,1.574,0,0,0,OFFBOARD
263,OUTBOUND,26.68,47.411,0.92,1.646,1.614,-0.154,-0.682,47.411,1.371,1.614,4.936,2.423,0,3.679,6.065,4.164,68.049,0.705,1.548,0,0,0,OFFBOARD
264,OUTBOUND,26.78,47.613,0.917,1.64,1.614,-0.154,-0.682,47.613,1.367,1.614,4.736,2.372,0,3.479,5.893,4.149,68.496,0.691,1.519,0,0,0,OFFBOARD
265,OUTBOUND,26.88,47.817,0.909,1.632,1.614,-0.154,-0.682,47.817,1.36,1.614,4.733,2.743,0,3.465,5.711,4.132,68.943,0.702,1.489,0,0,0,OFFBOARD
266,OUTBOUND,26.98,48.019,0.899,1.623,1.614,-0.154,-0.682,48.019,1.349,1.614,5.396,2.776,0,3.941,5.523,4.111,69.388,0.715,1.463,0,0,0,OFFBOARD
267,OUTBOUND,27.09,48.221,0.886,1.612,1.614,-0.154,-0.682,48.221,1.336,1.614,5.354,2.799,0,3.971,5.399,4.095,69.834,0.727,1.436,0,0,0,OFFBOARD
268,OUTBOUND,27.19,48.423,0.87,1.6,1.614,-0.154,-0.682,48.423,1.32,1.614,5.189,2.679,0,3.908,6.448,4.057,70.281,0.749,1.407,0,0,0,OFFBOARD
269,OUTBOUND,27.29,48.627,0.853,1.586,1.614,-0.154,-0.682,48.627,1.303,1.614,4.992,2.511,0,3.736,10.0,4.024,70.729,0.767,1.38,0,0,0,OFFBOARD
270,OUTBOUND,27.39,48.829,0.835,1.57,1.614,-0.154,-0.682,48.829,1.285,1.614,4.838,2.847,0,3.637,10.0,3.983,71.176,0.784,1.366,0,0,0,OFFBOARD
271,OUTBOUND,27.49,49.031,0.817,1.553,1.614,-0.154,-0.682,49.031,1.267,1.614,5.46,2.892,0,4.15,10.0,3.95,71.623,0.771,1.361,0,0,0,OFFBOARD
272,OUTBOUND,27.59,49.233,0.8,1.536,1.614,-0.154,-0.682,49.233,1.25,1.614,5.569,2.955,0,4.269,10.0,3.909,72.072,0.733,1.364,0,0,0,OFFBOARD
273,OUTBOUND,27.69,49.435,0.785,1.518,1.614,-0.154,-0.682,49.435,1.235,1.614,5.448,2.936,0,4.192,10.0,3.868,72.52,0.684,1.373,0,0,0,OFFBOARD
274,OUTBOUND,27.79,49.639,0.772,1.502,1.614,-0.154,-0.682,49.639,1.222,1.614,5.263,2.736,0,3.992,10.0,3.828,72.969,0.612,1.387,0,0,0,OFFBOARD
275,OUTBOUND,27.9,49.841,0.762,1.486,1.614,-0.154,-0.682,49.841,1.212,1.614,5.277,2.736,0,3.903,10.0,3.79,73.418,0.528,1.405,0,0,0,OFFBOARD
276,OUTBOUND,28.0,50.045,0.753,1.472,1.614,-0.154,-0.682,50.045,1.203,1.614,5.488,3.037,0,4.41,10.0,3.756,73.867,0.426,1.427,0,0,0,OFFBOARD
277,OUTBOUND,28.1,50.245,0.744,1.461,1.614,-0.154,-0.682,50.245,1.194,1.614,5.598,3.007,0,4.521,10.0,3.718,74.316,0.332,1.45,0,0,0,OFFBOARD
278,OUTBOUND,28.2,50.453,0.732,1.452,1.614,-0.154,-0.682,50.453,1.182,1.614,5.58,2.797,0,4.382,10.0,3.699,74.766,0.215,1.476,0,0,0,OFFBOARD
279,OUTBOUND,28.3,50.651,0.717,1.446,1.614,-0.154,-0.682,50.651,1.167,1.614,5.438,2.573,0,4.182,10.0,3.688,75.215,0.079,1.503,0,0,0,OFFBOARD
280,OUTBOUND,28.41,50.861,0.695,1.443,1.614,-0.154,-0.682,50.861,1.145,1.614,5.463,2.346,0,4.154,10.0,3.683,75.665,-0.07,1.531,0,0,0,OFFBOARD
281,OUTBOUND,28.51,51.063,0.666,1.443,1.614,-0.154,-0.682,51.063,1.116,1.614,5.441,2.13,0,4.681,10.0,3.683,76.115,-0.196,1.559,0,0,0,OFFBOARD
282,OUTBOUND,28.61,51.265,0.629,1.446,1.614,-0.154,-0.682,51.265,1.079,1.614,5.428,1.985,1,4.721,10.0,3.689,76.563,-0.336,1.586,0,0,0,OFFBOARD
283,OUTBOUND,28.71,51.467,0.581,1.452,1.614,-0.154,-0.682,51.467,1.031,1.614,5.434,3.34,0,4.636,10.0,3.701,76.861,-0.424,1.602,0,0,0,OFFBOARD
284,OUTBOUND,28.81,51.669,0.523,1.46,1.614,-0.154,-0.682,51.669,0.973,1.614,5.457,3.182,0,4.438,10.0,3.719,77.211,-0.507,1.62,0,0,0,OFFBOARD
285,OUTBOUND,28.91,51.871,0.454,1.471,1.614,-0.154,-0.682,51.871,0.904,1.614,5.498,3.134,0,4.338,10.0,3.743,77.595,-0.578,1.638,0,0,0,OFFBOARD
286,OUTBOUND,29.01,52.075,0.374,1.482,1.614,-0.154,-0.682,52.075,0.824,1.614,5.557,3.535,0,4.711,10.0,3.771,78.0,-0.629,1.657,0,0,0,OFFBOARD
287,OUTBOUND,29.11,52.277,0.285,1.496,1.614,-0.154,-0.682,52.277,0.735,1.614,5.628,3.673,0,4.746,10.0,3.802,78.417,-0.666,1.675,0,0,0,OFFBOARD
288,OUTBOUND,29.22,52.479,0.19,1.51,1.614,-0.154,-0.682,52.479,0.64,1.614,5.621,3.638,0,4.688,10.0,3.832,78.837,-0.672,1.691,0,0,0,OFFBOARD
289,OUTBOUND,29.32,52.681,0.089,1.525,1.614,-0.154,-0.682,52.681,0.539,1.614,5.65,3.579,0,4.575,4.803,3.864,79.232,-0.657,1.706,0,0,0,OFFBOARD
290,OUTBOUND,29.42,52.883,-0.015,1.541,1.614,-0.154,-0.682,52.883,0.435,1.614,5.487,4.075,0,4.462,4.402,3.899,79.641,-0.631,1.719,0,0,0,OFFBOARD
291,OUTBOUND,29.52,53.085,-0.119,1.557,1.614,-0.154,-0.682,53.085,0.331,1.614,4.118,3.899,0,4.291,4.166,3.939,80.062,-0.611,1.728,0,0,0,OFFBOARD
292,OUTBOUND,29.62,53.287,-0.22,1.574,1.614,-0.154,-0.682,53.287,0.23,1.614,3.887,3.729,0,4.095,3.938,3.874,80.492,-0.608,1.735,0,0,0,OFFBOARD
293,OUTBOUND,29.72,53.491,-0.316,1.59,1.614,-0.154,-0.682,53.491,0.134,1.614,3.679,3.568,0,3.995,3.767,3.688,80.876,-0.612,1.74,0,0,0,OFFBOARD
294,OUTBOUND,29.82,53.693,-0.405,1.606,1.614,-0.154,-0.682,53.693,0.045,1.614,3.413,3.413,0,3.929,3.581,3.498,81.179,-0.627,1.743,0,0,0,OFFBOARD
295,OUTBOUND,29.93,53.897,-0.485,1.621,1.614,-0.154,-0.682,53.897,-0.034,1.614,3.215,3.215,0,4.303,3.394,3.306,81.377,-0.643,1.744,0,0,0,OFFBOARD
296,OUTBOUND,30.03,54.099,-0.554,1.636,1.614,-0.154,-0.682,54.099,-0.103,1.614,3.024,3.024,0,4.311,3.209,3.116,81.506,-0.661,1.743,0,0,0,OFFBOARD
297,OUTBOUND,30.13,54.301,-0.612,1.649,1.614,-0.154,-0.682,54.301,-0.162,1.614,2.842,2.842,0,4.28,3.025,2.925,81.606,-0.682,1.74,0,0,0,OFFBOARD
298,OUTBOUND,30.23,54.505,-0.662,1.661,1.614,-0.154,-0.682,54.505,-0.212,1.614,2.666,2.666,0,4.151,2.846,2.686,81.706,-0.695,1.736,0,0,0,OFFBOARD
299,OUTBOUND,30.33,54.709,-0.703,1.672,1.614,-0.154,-0.682,54.709,-0.253,1.614,2.5,2.5,0,3.951,2.668,2.496,81.806,-0.699,1.73,0,0,0,OFFBOARD
300,OUTBOUND,30.43,54.913,-0.736,1.682,1.614,-0.154,-0.682,54.913,-0.286,1.614,2.351,2.351,0,3.751,2.493,2.322,81.906,-0.698,1.722,0,0,0,OFFBOARD
301,OUTBOUND,30.54,55.111,-0.762,1.69,1.614,-0.154,-0.682,55.111,-0.312,1.614,2.118,2.118,0,3.549,2.267,2.107,82.006,-0.705,1.713,0,0,0,OFFBOARD
302,OUTBOUND,30.64,55.319,-0.784,1.697,1.614,-0.154,-0.682,55.319,-0.334,1.614,1.965,1.965,1,3.506,2.102,1.952,82.106,-0.707,1.704,0,0,0,OFFBOARD
303,OUTBOUND,30.74,55.523,-0.801,1.702,1.614,-0.154,-0.682,55.523,-0.351,1.614,1.815,1.815,1,3.957,1.94,1.799,82.206,-0.701,1.693,0,0,0,OFFBOARD
304,OUTBOUND,30.84,55.725,-0.813,1.705,1.614,-0.154,-0.682,55.725,-0.363,1.614,1.672,1.672,1,3.91,1.785,1.653,82.306,-0.688,1.683,0,0,0,OFFBOARD
305,OUTBOUND,30.94,55.927,-0.822,1.707,1.614,-0.154,-0.682,55.927,-0.372,1.614,1.531,1.531,1,3.923,1.629,1.509,82.406,-0.641,1.672,0,0,0,OFFBOARD
306,OUTBOUND,31.04,56.131,-0.828,1.708,1.614,-0.154,-0.682,56.131,-0.378,1.614,1.388,1.388,1,3.739,1.474,1.37,82.506,-0.578,1.66,0,0,0,OFFBOARD
307,OUTBOUND,31.14,56.333,-0.829,1.707,1.614,-0.154,-0.682,56.333,-0.379,1.614,1.248,1.248,1,3.541,1.319,1.237,82.606,-0.507,1.649,0,0,0,OFFBOARD
308,OUTBOUND,31.25,56.537,-0.827,1.705,1.614,-0.154,-0.682,56.537,-0.377,1.614,1.111,1.111,1,3.431,1.165,1.096,82.706,-0.44,1.639,0,0,0,OFFBOARD
309,OUTBOUND,31.35,56.739,-0.82,1.702,1.614,-0.154,-0.682,56.739,-0.37,1.614,0.982,0.982,1,3.904,1.014,0.957,82.806,-0.361,1.628,0,0,0,OFFBOARD
310,OUTBOUND,31.45,56.941,-0.809,1.697,1.614,-0.154,-0.682,56.941,-0.359,1.614,0.86,0.86,1,3.956,0.873,0.824,82.906,-0.272,1.619,0,0,0,OFFBOARD
311,OUTBOUND,31.55,57.143,-0.791,1.692,1.614,-0.154,-0.682,57.143,-0.341,1.614,0.762,0.726,1,3.897,0.758,0.699,83.006,-0.096,1.61,0,1,0,OFFBOARD
312,OUTBOUND,31.65,57.345,-0.767,1.686,1.614,-0.154,-0.682,57.345,-0.317,1.614,4.954,0.57,1,3.697,10.0,0.587,83.106,0.17,1.602,0,1,0,OFFBOARD
313,OUTBOUND,31.75,57.547,-0.735,1.68,1.614,-0.154,-0.682,57.547,-0.285,1.614,4.967,0.404,1,3.606,10.0,4.252,83.247,0.377,1.595,0,1,0,OFFBOARD
314,OUTBOUND,31.85,57.751,-0.695,1.672,1.614,-0.154,-0.682,57.751,-0.244,1.614,5.755,2.906,0,4.11,10.0,4.213,83.355,0.336,1.589,0,0,0,OFFBOARD
315,OUTBOUND,31.95,57.953,-0.643,1.665,1.614,-0.154,-0.682,57.953,-0.193,1.614,5.61,2.954,0,4.14,10.0,4.191,83.461,0.339,1.584,0,0,0,OFFBOARD
316,OUTBOUND,32.06,58.157,-0.579,1.658,1.614,-0.154,-0.682,58.157,-0.129,1.614,5.41,2.897,0,4.026,10.0,4.158,83.573,0.363,1.58,0,0,0,OFFBOARD
317,OUTBOUND,32.16,58.359,-0.503,1.65,1.614,-0.154,-0.682,58.359,-0.053,1.614,5.385,2.854,0,3.954,10.0,4.075,83.703,0.401,1.577,0,0,0,OFFBOARD
318,OUTBOUND,32.26,58.561,-0.416,1.643,1.614,-0.154,-0.682,58.561,0.034,1.614,6.093,3.077,0,3.804,10.0,3.391,83.923,0.434,1.576,0,0,0,OFFBOARD
319,OUTBOUND,32.36,58.763,-0.321,1.635,1.614,-0.154,-0.682,58.763,0.13,1.614,5.852,2.886,0,4.205,10.0,3.036,84.203,0.466,1.575,0,0,0,OFFBOARD
320,OUTBOUND,32.46,58.967,-0.219,1.628,1.614,-0.154,-0.682,58.967,0.231,1.614,3.079,2.699,0,4.421,10.0,2.756,84.521,0.486,1.576,0,0,0,OFFBOARD
321,OUTBOUND,32.56,59.169,-0.118,1.622,1.614,-0.154,-0.682,59.169,0.332,1.614,2.796,2.657,0,4.41,10.0,2.511,84.767,0.487,1.576,0,0,0,OFFBOARD
322,OUTBOUND,32.66,59.373,-0.018,1.616,1.614,-0.154,-0.682,59.373,0.432,1.614,2.671,2.671,0,4.21,10.0,2.285,84.945,0.464,1.577,0,0,0,OFFBOARD
323,OUTBOUND,32.77,59.577,0.078,1.611,1.614,-0.154,-0.682,59.577,0.528,1.614,2.669,2.669,0,4.144,10.0,2.078,85.087,0.435,1.579,0,0,0,OFFBOARD
324,OUTBOUND,32.87,59.777,0.166,1.606,1.614,-0.154,-0.682,59.777,0.616,1.614,6.049,3.778,0,4.516,10.0,1.888,85.224,0.44,1.583,0,0,0,OFFBOARD
325,OUTBOUND,32.97,59.977,0.247,1.602,1.614,-0.154,-0.682,59.977,0.697,1.614,6.003,3.542,0,4.544,10.0,1.741,85.407,0.451,1.587,0,0,0,OFFBOARD
326,OUTBOUND,33.07,60.183,0.321,1.598,1.614,-0.154,-0.682,60.183,0.771,1.614,5.854,3.342,0,4.522,10.0,1.698,85.638,0.459,1.591,0,0,0,OFFBOARD
327,OUTBOUND,33.17,60.393,0.386,1.595,1.614,-0.154,-0.682,60.393,0.836,1.614,5.713,3.142,0,4.398,10.0,1.676,85.906,0.446,1.597,0,0,0,OFFBOARD
328,OUTBOUND,33.28,60.595,0.44,1.594,1.614,-0.154,-0.682,60.595,0.891,1.614,5.651,3.048,0,4.198,10.0,3.94,86.207,0.42,1.602,0,0,0,OFFBOARD
329,OUTBOUND,33.38,60.797,0.486,1.592,1.614,-0.154,-0.682,60.797,0.936,1.614,5.909,3.295,0,4.042,10.0,4.04,86.531,0.413,1.608,0,0,0,OFFBOARD
330,OUTBOUND,33.48,61.001,0.524,1.592,1.614,-0.154,-0.682,61.001,0.974,1.614,5.963,3.294,0,4.008,10.0,4.039,86.883,0.41,1.615,0,0,0,OFFBOARD
331,OUTBOUND,33.58,61.203,0.553,1.592,1.614,-0.154,-0.682,61.203,1.003,1.614,5.904,3.256,0,4.405,10.0,4.039,87.261,0.399,1.621,0,0,0,OFFBOARD
332,OUTBOUND,33.68,61.403,0.575,1.593,1.614,-0.154,-0.682,61.403,1.025,1.614,5.799,3.214,0,4.427,10.0,4.04,87.656,0.365,1.627,0,0,0,OFFBOARD
333,OUTBOUND,33.78,61.607,0.59,1.594,1.614,-0.154,-0.682,61.607,1.04,1.614,5.711,3.197,0,4.416,10.0,4.043,88.058,0.319,1.632,0,0,0,OFFBOARD
334,OUTBOUND,33.88,61.809,0.599,1.597,1.614,-0.154,-0.682,61.809,1.049,1.614,5.511,2.998,0,4.254,10.0,4.047,88.453,0.269,1.638,0,0,0,OFFBOARD
335,OUTBOUND,33.98,62.013,0.601,1.599,1.614,-0.154,-0.682,62.013,1.051,1.614,5.398,2.832,0,4.052,10.0,4.052,88.851,0.211,1.643,0,0,0,OFFBOARD
336,OUTBOUND,34.09,62.215,0.597,1.602,1.614,-0.154,-0.682,62.215,1.047,1.614,5.809,2.832,0,3.906,10.0,4.059,89.257,0.154,1.648,0,0,0,OFFBOARD
337,OUTBOUND,34.19,62.417,0.587,1.606,1.614,-0.154,-0.682,62.417,1.037,1.614,5.878,3.132,0,4.253,10.0,4.068,89.669,0.11,1.652,0,0,0,OFFBOARD
338,OUTBOUND,34.29,62.619,0.571,1.609,1.614,-0.154,-0.682,62.619,1.021,1.614,5.927,3.159,0,4.322,10.0,4.077,90.078,0.064,1.655,0,0,0,OFFBOARD
339,OUTBOUND,34.39,62.821,0.548,1.613,1.614,-0.154,-0.682,62.821,0.998,1.614,5.767,3.194,0,4.289,10.0,4.086,90.484,0.016,1.658,0,0,0,OFFBOARD
340,OUTBOUND,34.49,63.023,0.519,1.617,1.614,-0.154,-0.682,63.023,0.969,1.614,5.567,3.054,0,4.155,10.0,4.095,90.888,-0.021,1.661,0,0,0,OFFBOARD
341,OUTBOUND,34.59,63.227,0.483,1.621,1.614,-0.154,-0.682,63.227,0.933,1.614,5.483,2.952,0,4.059,10.0,4.103,91.288,-0.044,1.662,0,0,0,OFFBOARD
342,OUTBOUND,34.69,63.431,0.442,1.626,1.614,-0.154,-0.682,63.431,0.892,1.614,5.927,3.358,0,3.911,10.0,4.111,91.675,-0.044,1.663,0,0,0,OFFBOARD
343,OUTBOUND,34.8,63.633,0.397,1.63,1.614,-0.154,-0.682,63.633,0.847,1.614,5.992,3.422,0,3.832,10.0,4.119,92.054,-0.033,1.664,0,0,0,OFFBOARD
344,OUTBOUND,34.9,63.837,0.347,1.633,1.614,-0.154,-0.682,63.837,0.797,1.614,6.023,3.486,0,4.261,10.0,4.127,92.444,-0.006,1.664,0,0,0,OFFBOARD
345,OUTBOUND,35.0,64.039,0.296,1.637,1.614,-0.154,-0.682,64.039,0.746,1.614,5.823,3.311,0,4.379,10.0,4.134,92.825,0.023,1.663,0,0,0,OFFBOARD
346,OUTBOUND,35.1,64.241,0.244,1.64,1.614,-0.154,-0.682,64.241,0.694,1.614,5.718,3.276,0,4.367,10.0,4.143,93.178,0.055,1.662,0,0,0,OFFBOARD
347,OUTBOUND,35.2,64.445,0.193,1.643,1.614,-0.154,-0.682,64.445,0.643,1.614,5.812,3.693,0,4.167,10.0,4.151,93.506,0.097,1.661,0,0,0,OFFBOARD
348,OUTBOUND,35.3,64.643,0.146,1.646,1.614,-0.154,-0.682,64.643,0.597,1.614,6.057,3.79,0,4.047,10.0,4.163,93.813,0.143,1.659,0,0,0,OFFBOARD
349,OUTBOUND,35.41,64.853,0.102,1.649,1.614,-0.154,-0.682,64.853,0.552,1.614,6.072,3.699,0,4.397,10.0,4.172,94.118,0.195,1.657,0,0,0,OFFBOARD
350,OUTBOUND,35.51,65.055,0.066,1.65,1.614,-0.154,-0.682,65.055,0.516,1.614,6.013,3.584,0,4.415,10.0,4.178,94.438,0.249,1.654,0,0,0,OFFBOARD
351,OUTBOUND,35.61,65.259,0.037,1.652,1.614,-0.154,-0.682,65.259,0.487,1.614,5.813,3.855,0,4.426,6.925,4.182,94.737,0.302,1.651,0,0,0,OFFBOARD
352,OUTBOUND,35.71,65.461,0.016,1.653,1.614,-0.154,-0.682,65.461,0.466,1.614,5.803,3.641,0,4.357,6.725,4.185,94.947,0.359,1.645,0,0,0,OFFBOARD
353,OUTBOUND,35.81,65.665,0.004,1.654,1.614,-0.154,-0.682,65.665,0.454,1.614,5.977,3.387,0,4.157,6.525,4.187,95.091,0.417,1.636,0,0,0,OFFBOARD
354,OUTBOUND,35.91,65.867,0.001,1.654,1.614,-0.154,-0.682,65.867,0.451,1.614,6.058,3.291,0,4.053,6.325,4.187,95.217,0.479,1.629,0,0,0,OFFBOARD
355,OUTBOUND,36.01,66.069,0.007,1.653,1.614,-0.154,-0.682,66.069,0.457,1.614,6.066,3.757,0,4.381,6.125,4.186,95.329,0.553,1.624,0,0,0,OFFBOARD
356,OUTBOUND,36.11,66.271,0.021,1.652,1.614,-0.154,-0.682,66.271,0.471,1.614,5.925,3.557,0,4.433,6.009,4.184,95.429,0.629,1.618,0,0,0,OFFBOARD
357,OUTBOUND,36.22,66.475,0.044,1.65,1.614,-0.154,-0.682,66.475,0.494,1.614,5.87,3.571,0,4.435,6.114,4.179,95.529,0.707,1.605,0,0,0,OFFBOARD
358,OUTBOUND,36.32,66.677,0.075,1.648,1.614,-0.154,-0.682,66.677,0.525,1.614,5.779,3.913,0,4.411,6.259,4.174,95.629,0.769,1.585,0,0,0,OFFBOARD
359,OUTBOUND,36.42,66.879,0.113,1.645,1.614,-0.154,-0.682,66.879,0.563,1.614,5.818,3.87,0,4.211,6.452,4.166,95.729,0.824,1.56,0,0,0,OFFBOARD
360,OUTBOUND,36.52,67.081,0.158,1.64,1.614,-0.154,-0.682,67.081,0.608,1.614,5.966,3.816,0,4.054,10.0,4.156,95.829,0.881,1.535,0,0,0,OFFBOARD
361,OUTBOUND,36.62,67.283,0.21,1.634,1.614,-0.154,-0.682,67.283,0.66,1.614,5.985,3.744,0,4.094,10.0,4.142,95.929,0.936,1.519,0,0,0,OFFBOARD
362,OUTBOUND,36.72,67.485,0.268,1.627,1.614,-0.154,-0.682,67.485,0.718,1.614,5.986,3.613,0,4.403,10.0,4.124,96.079,0.982,1.508,0,0,0,OFFBOARD
363,OUTBOUND,36.82,67.689,0.332,1.619,1.614,-0.154,-0.682,67.689,0.782,1.614,5.926,3.413,0,4.408,10.0,4.103,96.295,1.023,1.502,0,0,0,OFFBOARD
364,OUTBOUND,36.92,67.891,0.4,1.609,1.614,-0.154,-0.682,67.891,0.85,1.614,5.726,3.213,0,4.285,10.0,4.08,96.571,1.058,1.5,0,0,0,OFFBOARD
365,OUTBOUND,37.02,68.093,0.471,1.6,1.614,-0.154,-0.682,68.093,0.921,1.614,5.562,3.075,0,4.143,10.0,4.055,96.889,1.096,1.501,0,0,0,OFFBOARD
366,OUTBOUND,37.13,68.295,0.544,1.59,1.614,-0.154,-0.682,68.295,0.994,1.614,5.502,2.981,0,4.07,10.0,4.032,97.238,1.138,1.505,0,0,0,OFFBOARD
367,OUTBOUND,37.23,68.497,0.618,1.58,1.614,-0.154,-0.682,68.497,1.068,1.614,5.585,3.19,0,3.868,10.0,4.001,97.614,1.19,1.511,0,0,0,OFFBOARD
368,OUTBOUND,37.33,68.701,0.692,1.571,1.614,-0.154,-0.682,68.701,1.142,1.614,5.681,3.113,0,3.779,10.0,3.987,98.003,1.234,1.519,0,0,0,OFFBOARD
369,OUTBOUND,37.43,68.905,0.765,1.563,1.614,-0.154,-0.682,68.905,1.215,1.614,5.674,3.005,0,4.107,10.0,3.968,98.41,1.247,1.528,0,0,0,OFFBOARD
370,OUTBOUND,37.53,69.109,0.836,1.556,1.614,-0.154,-0.682,69.109,1.287,1.614,5.639,2.897,0,4.218,10.0,3.951,98.83,1.219,1.539,0,0,0,OFFBOARD
371,OUTBOUND,37.63,69.309,0.904,1.551,1.614,-0.154,-0.682,69.309,1.354,1.614,5.582,2.82,0,4.201,10.0,3.937,99.258,1.154,1.551,0,0,0,OFFBOARD
372,OUTBOUND,37.74,69.509,0.969,1.547,1.614,-0.154,-0.682,69.509,1.419,1.614,5.38,2.752,0,4.124,10.0,3.927,99.692,1.062,1.563,0,0,0,OFFBOARD
373,OUTBOUND,37.84,69.713,1.031,1.544,1.614,-0.154,-0.682,69.713,1.481,1.614,5.316,2.731,0,4.06,10.0,3.925,100.0,0.955,1.576,0,0,0,OFFBOARD
374,OUTBOUND,37.94,69.917,1.087,1.543,1.614,-0.154,-0.682,69.917,1.537,1.614,4.914,2.402,0,3.658,10.0,3.921,100.0,0.813,1.59,0,0,0,OFFBOARD
375,OUTBOUND,38.04,70.119,1.136,1.543,1.614,-0.154,-0.682,70.119,1.586,1.614,4.716,2.204,0,3.46,10.0,3.923,100.0,0.653,1.603,0,0,0,OFFBOARD
376,OUTBOUND,38.14,70.319,1.175,1.545,1.614,-0.154,-0.682,70.319,1.625,1.614,4.543,2.1,0,3.375,6.878,3.923,100.0,0.481,1.616,0,0,0,OFFBOARD
377,OUTBOUND,38.24,70.525,1.202,1.548,1.614,-0.154,-0.682,70.525,1.652,1.614,4.517,2.329,0,3.777,6.782,3.925,100.0,0.321,1.624,0,0,0,OFFBOARD
378,OUTBOUND,38.34,70.729,1.214,1.553,1.614,-0.154,-0.682,70.729,1.664,1.614,5.129,2.347,0,3.852,6.629,3.93,100.0,0.159,1.631,0,0,0,OFFBOARD
379,OUTBOUND,38.45,70.931,1.208,1.558,1.614,-0.154,-0.682,70.931,1.658,1.614,5.172,2.338,0,3.905,6.429,3.937,100.0,-0.01,1.635,0,0,0,OFFBOARD
380,OUTBOUND,38.55,71.135,1.182,1.564,1.614,-0.154,-0.682,71.135,1.632,1.614,4.972,2.407,0,3.716,6.229,3.949,100.0,-0.181,1.63,0,0,0,OFFBOARD
381,OUTBOUND,38.65,71.337,1.137,1.57,1.614,-0.154,-0.682,71.337,1.587,1.614,4.772,2.26,0,3.516,6.111,3.963,100.0,-0.349,1.618,0,0,0,OFFBOARD
382,OUTBOUND,38.75,71.541,1.071,1.576,1.614,-0.154,-0.682,71.541,1.521,1.614,4.758,2.196,0,3.534,10.0,3.978,100.0,-0.52,1.601,0,0,0,OFFBOARD
383,OUTBOUND,38.85,71.743,0.986,1.581,1.614,-0.154,-0.682,71.743,1.437,1.614,5.603,2.653,0,4.12,6.885,3.993,100.0,-0.665,1.59,0,0,0,OFFBOARD
384,OUTBOUND,38.95,71.947,0.883,1.585,1.614,-0.154,-0.682,71.947,1.333,1.614,5.427,2.759,0,4.17,10.0,4.007,100.0,-0.81,1.578,0,0,0,OFFBOARD
385,OUTBOUND,39.05,72.149,0.763,1.588,1.614,-0.154,-0.682,72.149,1.213,1.614,5.229,2.716,0,3.972,10.0,4.019,100.0,-0.947,1.571,0,0,0,OFFBOARD
386,OUTBOUND,39.15,72.351,0.629,1.59,1.614,-0.154,-0.682,72.351,1.08,1.614,5.839,2.738,0,3.915,10.0,4.028,100.0,-1.07,1.567,0,0,0,OFFBOARD
387,OUTBOUND,39.26,72.553,0.483,1.591,1.614,-0.154,-0.682,72.553,0.933,1.614,5.912,3.261,0,4.403,10.0,4.034,100.0,-1.173,1.567,0,0,0,OFFBOARD
388,OUTBOUND,39.36,72.755,0.327,1.59,1.614,-0.154,-0.682,72.755,0.777,1.614,5.885,3.372,0,4.419,10.0,4.035,100.0,-1.244,1.569,0,0,0,OFFBOARD
389,OUTBOUND,39.46,72.959,0.16,1.59,1.614,-0.154,-0.682,72.959,0.61,1.614,5.83,3.357,0,4.334,10.0,4.031,100.0,-1.276,1.572,0,0,0,OFFBOARD
390,OUTBOUND,39.56,73.161,-0.01,1.588,1.614,-0.154,-0.682,73.161,0.44,1.614,5.98,3.952,0,4.229,10.0,4.024,100.0,-1.273,1.576,0,0,0,OFFBOARD
391,OUTBOUND,39.66,73.363,-0.182,1.587,1.614,-0.154,-0.682,73.363,0.268,1.614,6.056,3.821,0,4.033,10.0,4.019,100.0,-1.25,1.582,0,0,0,OFFBOARD
392,OUTBOUND,39.76,73.567,-0.356,1.586,1.614,-0.154,-0.682,73.567,0.094,1.614,6.043,3.565,0,3.979,10.0,4.018,100.0,-1.196,1.587,0,0,0,OFFBOARD
393,OUTBOUND,39.86,73.769,-0.524,1.585,1.614,-0.154,-0.682,73.769,-0.074,1.614,5.99,3.319,0,4.264,10.0,4.022,100.0,-1.124,1.594,0,0,0,OFFBOARD
394,OUTBOUND,39.97,73.973,-0.686,1.585,1.614,-0.154,-0.682,73.973,-0.236,1.614,5.906,3.082,0,4.362,10.0,4.021,100.0,-1.046,1.6,0,0,0,OFFBOARD
395,OUTBOUND,40.07,74.175,-0.835,1.585,1.614,-0.154,-0.682,74.175,-0.385,1.614,5.741,2.869,0,4.319,10.0,4.015,100.0,-0.958,1.605,0,0,0,OFFBOARD
396,OUTBOUND,40.17,74.379,-0.97,1.585,1.614,-0.154,-0.682,74.379,-0.52,1.614,5.541,2.688,0,4.197,10.0,4.008,100.0,-0.857,1.61,0,0,0,OFFBOARD
397,OUTBOUND,40.27,74.577,-1.083,1.586,1.614,-0.154,-0.682,74.577,-0.633,1.614,5.339,2.532,0,4.078,6.505,4.004,100.0,-0.729,1.614,0,0,0,OFFBOARD
398,OUTBOUND,40.37,74.779,-1.178,1.588,1.614,-0.154,-0.682,74.779,-0.728,1.614,5.073,2.367,0,3.817,6.229,3.87,100.0,-0.616,1.62,0,0,0,OFFBOARD
399,OUTBOUND,40.47,74.981,-1.251,1.59,1.614,-0.154,-0.682,74.981,-0.801,1.614,4.941,2.304,0,3.685,6.097,3.67,100.0,-0.516,1.625,0,0,0,OFFBOARD
400,OUTBOUND,40.58,75.183,-1.3,1.592,1.614,-0.154,-0.682,75.183,-0.85,1.614,4.673,2.161,0,3.417,5.829,2.386,100.0,-0.407,1.631,0,0,0,OFFBOARD
401,OUTBOUND,40.68,75.395,-1.327,1.595,1.614,-0.154,-0.682,75.395,-0.877,1.614,4.473,1.961,1,3.217,5.629,2.207,100.0,-0.295,1.636,0,0,0,OFFBOARD
402,OUTBOUND,40.78,75.597,-1.328,1.598,1.614,-0.154,-0.682,75.597,-0.878,1.614,4.273,1.848,1,3.167,5.429,3.675,100.0,-0.179,1.64,0,0,0,OFFBOARD
403,OUTBOUND,40.88,75.799,-1.308,1.601,1.614,-0.154,-0.682,75.799,-0.858,1.614,4.803,1.849,1,3.671,5.363,4.007,100.0,-0.071,1.643,0,0,0,OFFBOARD
404,OUTBOUND,40.98,76.003,-1.266,1.605,1.614,-0.154,-0.682,76.003,-0.816,1.614,5.029,1.692,1,3.762,6.286,4.049,100.0,0.056,1.647,0,0,0,OFFBOARD
405,OUTBOUND,41.08,76.205,-1.207,1.608,1.614,-0.154,-0.682,76.205,-0.757,1.614,4.829,1.525,1,3.673,6.086,4.062,100.0,0.161,1.65,0,0,0,OFFBOARD
406,OUTBOUND,41.18,76.407,-1.13,1.612,1.614,-0.154,-0.682,76.407,-0.68,1.614,4.629,1.369,1,3.473,6.071,4.075,100.0,0.274,1.652,0,0,0,OFFBOARD
407,OUTBOUND,41.29,76.611,-1.038,1.616,1.614,-0.154,-0.682,76.611,-0.588,1.614,4.631,1.269,1,3.409,6.942,4.088,100.0,0.336,1.654,0,0,0,OFFBOARD
408,OUTBOUND,41.39,76.813,-0.934,1.62,1.614,-0.154,-0.682,76.813,-0.484,1.614,5.486,2.617,0,4.031,6.742,4.101,100.0,0.33,1.656,0,0,0,OFFBOARD
409,OUTBOUND,41.49,77.015,-0.819,1.623,1.614,-0.154,-0.682,77.015,-0.369,1.614,5.286,2.788,0,4.029,6.701,4.112,100.0,0.313,1.656,0,0,0,OFFBOARD
410,OUTBOUND,41.59,77.219,-0.694,1.627,1.614,-0.154,-0.682,77.219,-0.244,1.614,5.138,2.673,0,3.829,6.614,4.119,100.0,0.295,1.655,0,0,0,OFFBOARD
411,OUTBOUND,41.69,77.421,-0.564,1.63,1.614,-0.154,-0.682,77.421,-0.114,1.614,5.826,3.155,0,3.831,6.354,4.121,100.0,0.257,1.653,0,0,0,OFFBOARD
412,OUTBOUND,41.79,77.623,-0.432,1.634,1.614,-0.154,-0.682,77.623,0.018,1.614,5.841,3.331,0,4.306,5.841,4.127,100.0,0.215,1.649,0,0,0,OFFBOARD
413,OUTBOUND,41.89,77.825,-0.303,1.636,1.614,-0.154,-0.682,77.825,0.148,1.614,5.639,3.227,0,4.289,5.639,4.138,100.0,0.173,1.638,0,0,0,OFFBOARD
414,OUTBOUND,41.99,78.029,-0.177,1.638,1.614,-0.154,-0.682,78.029,0.273,1.614,5.441,3.691,0,4.167,5.441,4.149,100.0,0.133,1.619,0,0,0,OFFBOARD
415,OUTBOUND,42.1,78.231,-0.062,1.64,1.614,-0.154,-0.682,78.231,0.388,1.614,5.241,3.917,0,4.074,5.241,4.15,100.0,0.097,1.594,0,0,0,OFFBOARD
416,OUTBOUND,42.2,78.435,0.042,1.64,1.614,-0.154,-0.682,78.435,0.492,1.614,5.039,3.855,0,3.912,5.039,4.146,100.0,0.084,1.564,0,0,0,OFFBOARD
417,OUTBOUND,42.3,78.637,0.131,1.638,1.614,-0.154,-0.682,78.637,0.581,1.614,4.841,3.686,0,3.909,4.841,4.14,100.0,0.085,1.532,0,0,0,OFFBOARD
418,OUTBOUND,42.4,78.841,0.206,1.634,1.614,-0.154,-0.682,78.841,0.656,1.614,4.641,3.486,0,4.419,4.641,4.132,100.0,0.098,1.498,0,0,0,OFFBOARD
419,OUTBOUND,42.5,79.043,0.264,1.628,1.614,-0.154,-0.682,79.043,0.714,1.614,4.441,3.286,0,4.505,4.441,4.12,100.0,0.117,1.465,0,0,0,OFFBOARD
420,OUTBOUND,42.6,79.247,0.308,1.619,1.614,-0.154,-0.682,79.247,0.758,1.614,4.241,3.164,0,4.342,4.241,4.105,100.0,0.132,1.432,0,0,0,OFFBOARD
421,OUTBOUND,42.71,79.451,0.338,1.608,1.614,-0.154,-0.682,79.451,0.788,1.614,3.975,3.488,0,4.122,3.975,3.975,100.0,0.134,1.401,0,0,0,OFFBOARD
422,OUTBOUND,42.81,79.653,0.357,1.594,1.614,-0.154,-0.682,79.653,0.807,1.614,3.775,3.505,0,4.284,3.775,3.775,100.0,0.099,1.375,0,0,0,OFFBOARD
423,OUTBOUND,42.91,79.857,0.368,1.579,1.614,-0.154,-0.682,79.857,0.818,1.614,3.573,3.47,0,4.542,3.573,3.573,100.0,0.036,1.354,0,0,0,OFFBOARD
424,OUTBOUND,43.01,80.059,0.371,1.561,1.614,-0.154,-0.682,80.059,0.821,1.614,3.375,3.375,0,4.57,3.375,3.375,100.0,-0.042,1.339,0,0,0,OFFBOARD
425,OUTBOUND,43.11,80.263,0.368,1.543,1.614,-0.154,-0.682,80.263,0.818,1.614,3.175,3.175,0,4.532,3.175,3.175,100.0,-0.156,1.329,0,0,0,OFFBOARD
426,OUTBOUND,43.21,80.465,0.359,1.523,1.614,-0.154,-0.682,80.465,0.809,1.614,2.975,2.975,0,4.332,2.975,2.975,100.0,-0.287,1.327,0,0,0,OFFBOARD
427,OUTBOUND,43.31,80.667,0.345,1.504,1.614,-0.154,-0.682,80.667,0.795,1.614,2.775,2.775,0,4.325,2.775,2.775,100.0,-0.424,1.333,0,0,0,OFFBOARD
428,OUTBOUND,43.42,80.871,0.324,1.485,1.614,-0.154,-0.682,80.871,0.774,1.614,2.575,2.575,0,4.757,2.575,2.575,100.0,-0.578,1.346,0,0,0,OFFBOARD
429,OUTBOUND,43.52,81.075,0.294,1.467,1.614,-0.154,-0.682,81.075,0.744,1.614,2.375,2.375,0,4.843,2.375,2.375,100.0,-0.788,1.364,0,0,0,OFFBOARD
430,OUTBOUND,43.62,81.277,0.254,1.451,1.614,-0.154,-0.682,81.277,0.704,1.614,2.175,2.175,0,4.788,2.175,2.175,100.0,-1.019,1.387,0,0,0,OFFBOARD
431,OUTBOUND,43.72,81.479,0.202,1.438,1.614,-0.154,-0.682,81.479,0.652,1.614,1.975,1.975,1,4.588,1.975,1.975,100.0,-1.273,1.413,0,0,0,OFFBOARD
432,OUTBOUND,43.82,81.681,0.136,1.427,1.614,-0.154,-0.682,81.681,0.586,1.614,1.795,1.773,1,4.573,2.035,1.773,100.0,-1.54,1.442,0,0,0,OFFBOARD
433,OUTBOUND,43.92,81.883,0.055,1.42,1.614,-0.154,-0.682,81.883,0.505,1.614,2.154,1.575,1,4.957,2.442,1.747,100.0,-1.826,1.472,0,0,0,OFFBOARD
434,OUTBOUND,44.02,82.085,-0.044,1.415,1.614,-0.154,-0.682,82.085,0.406,1.614,5.196,1.375,1,4.98,10.0,2.1,100.0,-2.073,1.504,0,0,0,OFFBOARD
435,OUTBOUND,44.12,82.287,-0.16,1.414,1.614,-0.154,-0.682,82.287,0.29,1.614,5.191,1.173,1,4.851,10.0,3.598,100.0,-2.324,1.535,0,0,0,OFFBOARD
436,OUTBOUND,44.23,82.489,-0.294,1.416,1.614,-0.154,-0.682,82.489,0.156,1.614,5.217,1.324,1,4.695,10.0,3.606,100.0,-2.5,1.566,0,0,0,OFFBOARD
437,OUTBOUND,44.33,82.691,-0.444,1.422,1.614,-0.154,-0.682,82.691,0.006,1.614,5.273,1.574,1,4.529,10.0,3.622,100.0,-2.5,1.595,0,0,0,OFFBOARD
438,OUTBOUND,44.43,82.893,-0.606,1.43,1.614,-0.154,-0.682,82.893,-0.156,1.614,5.354,3.188,0,4.373,10.0,3.645,100.0,-2.5,1.624,0,0,0,OFFBOARD
439,OUTBOUND,44.53,83.097,-0.78,1.442,1.614,-0.154,-0.682,83.097,-0.33,1.614,5.436,2.986,0,4.243,10.0,3.67,100.0,-2.5,1.651,0,0,0,OFFBOARD
440,OUTBOUND,44.63,83.299,-0.959,1.455,1.614,-0.154,-0.682,83.299,-0.509,1.614,5.301,2.788,0,4.045,10.0,3.695,100.0,-2.5,1.676,0,0,0,OFFBOARD
441,OUTBOUND,44.73,83.501,-1.141,1.471,1.614,-0.154,-0.682,83.501,-0.691,1.614,5.099,2.586,0,3.843,10.0,3.729,100.0,-2.461,1.699,0,0,0,OFFBOARD
442,OUTBOUND,44.83,83.703,-1.325,1.489,1.614,-0.154,-0.682,83.703,-0.875,1.614,4.897,2.334,0,3.641,6.153,3.766,100.0,-2.362,1.718,0,0,0,OFFBOARD
443,OUTBOUND,44.93,83.907,-1.51,1.508,1.614,-0.154,-0.682,83.907,-1.06,1.614,4.486,2.047,0,3.36,5.768,3.813,100.0,-2.259,1.735,0,0,0,OFFBOARD
444,OUTBOUND,45.04,84.109,-1.688,1.527,1.614,-0.154,-0.682,84.109,-1.238,1.614,3.388,1.749,1,3.026,4.501,3.836,100.0,-2.138,1.748,0,0,0,OFFBOARD
445,OUTBOUND,45.14,84.307,-1.854,1.547,1.614,-0.154,-0.682,84.307,-1.404,1.614,2.979,1.358,1,2.592,3.178,3.468,100.0,-1.974,1.759,0,0,0,OFFBOARD
446,OUTBOUND,45.24,84.519,-2.017,1.569,1.614,-0.154,-0.682,84.519,-1.567,1.614,2.779,1.086,1,2.18,2.779,2.779,100.0,-1.781,1.768,0,0,0,OFFBOARD
447,OUTBOUND,45.34,84.721,-2.153,1.589,1.614,-0.154,-0.682,84.721,-1.703,1.614,2.498,0.846,1,1.403,2.577,2.476,100.0,-1.557,1.773,0,0,0,OFFBOARD
448,OUTBOUND,45.44,84.923,-2.266,1.608,1.614,-0.154,-0.682,84.923,-1.816,1.614,1.342,0.662,1,1.122,1.297,1.325,100.0,-1.293,1.775,0,1,0,OFFBOARD
449,OUTBOUND,45.54,85.007,-2.245,1.594,1.614,-0.154,-0.682,85.007,-1.795,1.614,1.053,0.603,1,1.044,1.045,1.044,100.0,-1.014,1.775,0,1,0,OFFBOARD
450,OUTBOUND,45.65,85.089,-2.187,1.589,1.614,-0.154,-0.682,85.089,-1.737,1.614,0.985,0.617,1,0.964,0.983,0.996,100.0,-0.745,1.773,0,1,0,OFFBOARD
451,OUTBOUND,45.75,85.177,-2.098,1.59,1.614,-0.154,-0.682,85.177,-1.648,1.614,1.043,0.679,1,0.924,0.996,1.021,100.0,-0.5,1.772,0,1,0,OFFBOARD
452,OUTBOUND,45.85,85.279,-1.984,1.596,1.614,-0.154,-0.682,85.279,-1.534,1.614,1.481,0.784,1,1.338,1.536,1.487,100.0,-0.289,1.772,0,1,0,OFFBOARD
453,OUTBOUND,45.95,85.401,-1.856,1.605,1.614,-0.154,-0.682,85.401,-1.406,1.614,1.705,0.757,1,1.508,1.757,1.696,100.0,-0.107,1.772,0,1,0,OFFBOARD
454,OUTBOUND,46.05,85.547,-1.72,1.617,1.614,-0.154,-0.682,85.547,-1.27,1.614,1.84,0.895,1,1.742,1.928,1.827,100.0,0.04,1.772,0,0,0,OFFBOARD
455,OUTBOUND,46.15,85.717,-1.586,1.629,1.614,-0.154,-0.682,85.717,-1.136,1.614,1.882,1.218,1,1.677,1.977,2.08,100.0,0.162,1.77,0,0,0,OFFBOARD
456,OUTBOUND,46.25,85.909,-1.457,1.642,1.614,-0.154,-0.682,85.909,-1.007,1.614,2.541,1.381,1,2.158,2.677,2.488,100.0,0.28,1.767,0,0,0,OFFBOARD
457,OUTBOUND,46.36,86.121,-1.333,1.655,1.614,-0.154,-0.682,86.121,-0.883,1.614,2.586,1.41,1,2.381,2.723,2.869,100.0,0.403,1.763,0,0,0,OFFBOARD
458,OUTBOUND,46.46,86.343,-1.215,1.668,1.614,-0.154,-0.682,86.343,-0.765,1.614,3.24,1.746,1,2.335,3.547,3.256,100.0,0.495,1.757,0,0,0,OFFBOARD
459,OUTBOUND,46.56,86.572,-1.099,1.679,1.614,-0.154,-0.682,86.572,-0.649,1.614,3.364,1.828,1,2.81,3.54,3.831,100.0,0.576,1.75,0,0,0,OFFBOARD
460,OUTBOUND,46.66,86.806,-0.98,1.69,1.614,-0.154,-0.682,86.806,-0.53,1.614,3.3,1.952,1,3.043,4.448,4.32,100.0,0.641,1.741,0,0,0,OFFBOARD
461,OUTBOUND,46.76,87.036,-0.858,1.699,1.614,-0.154,-0.682,87.036,-0.408,1.614,4.162,2.253,0,2.927,5.282,4.704,100.0,0.67,1.731,0,0,0,OFFBOARD
462,OUTBOUND,46.86,87.265,-0.727,1.706,1.614,-0.154,-0.682,87.265,-0.277,1.614,3.958,2.541,0,3.391,6.005,4.897,100.0,0.692,1.719,0,0,0,OFFBOARD
463,OUTBOUND,46.96,87.488,-0.588,1.712,1.614,-0.154,-0.682,87.488,-0.137,1.614,4.936,2.469,0,3.695,6.412,4.922,100.0,0.724,1.704,0,0,0,OFFBOARD
464,OUTBOUND,47.07,87.708,-0.436,1.716,1.614,-0.154,-0.682,87.708,0.014,1.614,4.736,3.085,0,3.484,10.0,4.842,100.0,0.76,1.688,0,0,0,OFFBOARD
465,OUTBOUND,47.17,87.922,-0.278,1.719,1.614,-0.154,-0.682,87.922,0.172,1.614,4.662,3.172,0,3.943,10.0,4.636,100.0,0.803,1.673,0,0,0,OFFBOARD
466,OUTBOUND,47.27,88.132,-0.116,1.719,1.614,-0.154,-0.682,88.132,0.334,1.614,5.5,3.332,0,4.007,8.048,4.498,100.0,0.83,1.658,0,0,0,OFFBOARD
467,OUTBOUND,47.37,88.342,0.044,1.718,1.614,-0.154,-0.682,88.342,0.494,1.614,5.386,3.052,0,3.877,6.601,4.607,100.0,0.857,1.644,0,0,0,OFFBOARD
468,OUTBOUND,47.47,88.549,0.189,1.715,1.614,-0.154,-0.682,88.549,0.639,1.614,5.178,2.821,0,3.736,6.168,4.564,100.0,0.879,1.619,0,0,0,OFFBOARD
469,OUTBOUND,47.57,88.754,0.311,1.711,1.614,-0.154,-0.682,88.754,0.761,1.614,4.906,2.611,0,3.633,5.889,4.529,100.0,0.901,1.587,0,0,0,OFFBOARD
470,OUTBOUND,47.68,88.967,0.41,1.705,1.614,-0.154,-0.682,88.967,0.86,1.614,4.708,2.817,0,3.517,5.712,4.502,100.0,0.929,1.551,0,0,0,OFFBOARD
471,OUTBOUND,47.78,89.173,0.475,1.697,1.614,-0.154,-0.682,89.173,0.925,1.614,4.607,2.787,0,3.93,5.546,4.46,100.0,0.964,1.515,0,0,0,OFFBOARD
472,OUTBOUND,47.88,89.386,0.514,1.686,1.614,-0.154,-0.682,89.386,0.964,1.614,5.124,2.772,0,3.969,5.378,4.403,100.0,1.001,1.48,0,0,0,OFFBOARD
473,OUTBOUND,47.98,89.597,0.528,1.673,1.614,-0.154,-0.682,89.597,0.978,1.614,5.157,2.838,0,4.003,5.205,4.345,100.0,1.046,1.445,0,0,0,OFFBOARD
474,OUTBOUND,48.08,89.806,0.524,1.657,1.614,-0.154,-0.682,89.806,0.974,1.614,4.98,2.629,0,3.83,5.047,4.288,100.0,1.098,1.412,0,0,0,OFFBOARD
475,OUTBOUND,48.18,90.015,0.512,1.64,1.614,-0.154,-0.682,90.015,0.962,1.614,4.818,2.754,0,3.654,4.893,4.216,100.0,1.172,1.38,0,0,0,OFFBOARD
476,OUTBOUND,48.28,90.226,0.498,1.62,1.614,-0.154,-0.682,90.226,0.948,1.614,4.651,2.911,0,4.081,4.729,4.164,100.0,1.242,1.353,0,0,0,OFFBOARD
477,OUTBOUND,48.38,90.432,0.488,1.599,1.614,-0.154,-0.682,90.432,0.938,1.614,4.496,3.21,0,4.169,4.558,4.127,100.0,1.291,1.327,0,0,0,OFFBOARD
478,OUTBOUND,48.49,90.639,0.489,1.576,1.614,-0.154,-0.682,90.639,0.939,1.614,4.354,3.04,0,4.228,4.384,4.067,100.0,1.335,1.303,0,0,0,OFFBOARD
479,OUTBOUND,48.59,90.845,0.503,1.553,1.614,-0.154,-0.682,90.845,0.953,1.614,4.167,3.424,0,4.028,4.208,3.958,100.0,1.364,1.284,0,0,0,OFFBOARD
480,OUTBOUND,48.69,91.052,0.534,1.528,1.614,-0.154,-0.682,91.052,0.984,1.614,3.996,3.431,0,3.993,4.031,3.854,100.0,1.378,1.271,0,0,0,OFFBOARD
481,OUTBOUND,48.79,91.257,0.581,1.503,1.614,-0.154,-0.682,91.257,1.031,1.614,3.827,3.455,0,4.389,3.854,3.739,100.0,1.365,1.264,0,0,0,OFFBOARD
482,OUTBOUND,48.89,91.461,0.643,1.479,1.614,-0.154,-0.682,91.461,1.093,1.614,3.661,3.363,0,4.451,3.678,3.606,100.0,1.328,1.261,0,0,0,OFFBOARD
483,OUTBOUND,48.99,91.666,0.718,1.455,1.614,-0.154,-0.682,91.666,1.168,1.614,3.482,3.157,0,4.438,3.501,3.465,100.0,1.269,1.264,0,0,0,OFFBOARD
484,OUTBOUND,49.09,91.87,0.802,1.433,1.614,-0.154,-0.682,91.87,1.252,1.614,3.297,2.954,0,4.24,3.322,3.283,100.0,1.231,1.268,0,0,0,OFFBOARD
485,OUTBOUND,49.2,92.074,0.891,1.412,1.614,-0.154,-0.682,92.074,1.341,1.614,3.125,2.786,0,4.096,3.138,3.098,100.0,1.187,1.279,0,0,0,OFFBOARD
486,OUTBOUND,49.3,92.28,0.982,1.393,1.614,-0.154,-0.682,92.28,1.432,1.614,2.975,2.661,0,4.062,2.97,2.994,100.0,1.142,1.288,0,0,0,OFFBOARD
487,OUTBOUND,49.4,92.484,1.07,1.376,1.614,-0.154,-0.682,92.484,1.52,1.614,2.84,2.534,0,4.51,2.834,3.351,100.0,1.132,1.297,0,0,0,OFFBOARD
488,OUTBOUND,49.5,92.688,1.151,1.362,1.614,-0.154,-0.682,92.688,1.601,1.614,5.122,2.527,0,4.505,10.0,3.462,100.0,1.123,1.308,0,0,0,OFFBOARD
489,OUTBOUND,49.6,92.894,1.223,1.35,1.614,-0.154,-0.682,92.894,1.674,1.614,5.065,2.325,0,4.411,6.978,3.454,100.0,1.15,1.33,0,0,0,OFFBOARD
490,OUTBOUND,49.7,93.099,1.285,1.341,1.614,-0.154,-0.682,93.099,1.735,1.614,5.04,2.118,0,4.287,6.781,3.443,100.0,1.141,1.349,0,0,0,OFFBOARD
491,OUTBOUND,49.8,93.301,1.333,1.334,1.614,-0.154,-0.682,93.301,1.784,1.614,5.04,1.923,1,4.092,6.585,3.438,100.0,1.126,1.365,0,0,0,OFFBOARD
492,OUTBOUND,49.91,93.506,1.372,1.33,1.614,-0.154,-0.682,93.506,1.822,1.614,5.054,1.812,1,3.896,6.389,3.437,100.0,1.053,1.379,0,0,0,OFFBOARD
493,OUTBOUND,50.01,93.709,1.399,1.328,1.614,-0.154,-0.682,93.709,1.849,1.614,4.953,1.74,1,3.698,6.192,3.436,100.0,0.965,1.391,0,0,0,OFFBOARD
494,OUTBOUND,50.11,93.912,1.416,1.329,1.614,-0.154,-0.682,93.912,1.866,1.614,4.755,2.221,0,3.499,5.996,3.436,100.0,0.784,1.403,0,0,0,OFFBOARD
495,OUTBOUND,50.21,94.117,1.423,1.331,1.614,-0.154,-0.682,94.117,1.873,1.614,4.49,1.976,1,3.305,5.731,3.435,100.0,0.594,1.413,0,0,0,OFFBOARD
496,OUTBOUND,50.31,94.321,1.42,1.335,1.614,-0.154,-0.682,94.321,1.87,1.614,4.378,1.886,1,3.809,5.529,3.435,100.0,0.398,1.432,0,0,0,OFFBOARD
497,OUTBOUND,50.41,94.525,1.406,1.34,1.614,-0.154,-0.682,94.525,1.856,1.614,5.0,2.159,0,3.921,5.325,3.437,100.0,0.225,1.454,0,0,0,OFFBOARD
498,OUTBOUND,50.51,94.727,1.378,1.347,1.614,-0.154,-0.682,94.727,1.829,1.614,4.985,2.173,0,3.885,5.123,3.442,100.0,0.051,1.473,0,0,0,OFFBOARD
499,OUTBOUND,50.62,94.929,1.335,1.355,1.614,-0.154,-0.682,94.929,1.785,1.614,4.975,2.224,0,3.753,4.991,3.448,100.0,-0.122,1.487,0,0,0,OFFBOARD
500,RETURN,50.72,95.132,1.274,1.364,1.614,-0.154,-0.682,95.132,1.724,1.614,4.723,2.238,0,3.623,4.724,3.468,95.132,1.274,1.364,0,0,0,OFFBOARD
501,RETURN,52.83,95.33,1.321,1.369,1.614,-0.154,-0.682,-95.33,1.771,1.614,1.314,1.057,1,1.119,1.229,1.422,94.692,1.12,1.376,0,0,0,OFFBOARD
502,RETURN,52.93,95.285,1.333,1.368,1.614,-0.154,-0.682,-95.285,1.784,1.614,1.383,0.99,1,1.328,1.465,1.526,94.252,0.918,1.384,0,0,0,OFFBOARD
503,RETURN,53.03,95.24,1.341,1.368,1.614,-0.154,-0.682,-95.24,1.791,1.614,1.518,1.17,1,1.442,1.608,1.665,93.809,0.715,1.39,0,0,0,OFFBOARD
504,RETURN,53.13,95.19,1.343,1.369,1.614,-0.154,-0.682,-95.19,1.793,1.614,1.651,1.241,1,1.604,1.715,1.754,93.365,0.499,1.393,0,0,0,OFFBOARD
505,RETURN,53.23,95.133,1.338,1.37,1.614,-0.154,-0.682,-95.133,1.788,1.614,2.159,1.388,1,1.97,2.24,1.965,92.919,0.313,1.397,0,0,0,OFFBOARD
506,RETURN,53.34,95.063,1.321,1.371,1.614,-0.154,-0.682,-95.063,1.771,1.614,2.52,1.419,1,2.474,2.651,2.303,92.472,0.197,1.405,0,0,0,OFFBOARD
507,RETURN,53.44,94.973,1.288,1.373,1.614,-0.154,-0.682,-94.973,1.738,1.614,3.06,1.917,1,3.488,3.641,2.429,92.023,0.174,1.411,0,0,0,OFFBOARD
508,RETURN,53.54,94.859,1.234,1.375,1.614,-0.154,-0.682,-94.859,1.684,1.614,2.804,2.145,0,5.645,3.966,2.268,91.575,0.203,1.414,0,0,0,OFFBOARD
509,RETURN,53.64,94.721,1.159,1.378,1.614,-0.154,-0.682,-94.721,1.609,1.614,2.773,2.432,0,10.0,3.899,2.244,91.126,0.267,1.423,0,0,0,OFFBOARD
510,RETURN,53.74,94.557,1.061,1.381,1.614,-0.154,-0.682,-94.557,1.511,1.614,2.981,2.718,0,10.0,4.313,2.36,90.678,0.345,1.43,0,0,0,OFFBOARD
511,RETURN,53.84,94.383,0.955,1.385,1.614,-0.154,-0.682,-94.383,1.406,1.614,3.721,3.718,0,6.279,5.801,2.722,90.231,0.385,1.435,0,0,0,OFFBOARD
512,RETURN,53.95,94.187,0.842,1.389,1.614,-0.154,-0.682,-94.187,1.292,1.614,4.444,3.977,0,5.333,10.0,3.173,89.784,0.431,1.446,0,0,0,OFFBOARD
513,RETURN,54.05,93.988,0.741,1.393,1.614,-0.154,-0.682,-93.988,1.191,1.614,5.353,3.415,0,4.341,6.607,3.671,89.335,0.511,1.459,0,0,0,OFFBOARD
514,RETURN,54.15,93.784,0.66,1.398,1.614,-0.154,-0.682,-93.784,1.11,1.614,5.272,3.196,0,4.05,6.167,4.079,88.886,0.61,1.477,0,0,0,OFFBOARD
515,RETURN,54.25,93.579,0.607,1.403,1.614,-0.154,-0.682,-93.579,1.057,1.614,5.086,3.335,0,3.943,6.047,4.244,88.437,0.711,1.499,0,0,0,OFFBOARD
516,RETURN,54.35,93.37,0.585,1.41,1.614,-0.154,-0.682,-93.37,1.036,1.614,4.949,3.336,0,4.371,6.153,4.143,87.987,0.811,1.523,0,0,0,OFFBOARD
517,RETURN,54.45,93.155,0.596,1.417,1.614,-0.154,-0.682,-93.155,1.046,1.614,5.644,3.456,0,4.463,6.159,3.897,87.538,0.906,1.55,0,0,0,OFFBOARD
518,RETURN,54.55,92.937,0.635,1.426,1.614,-0.154,-0.682,-92.937,1.086,1.614,5.208,3.428,0,4.485,10.0,3.647,87.088,0.993,1.576,0,0,0,OFFBOARD
519,RETURN,54.66,92.713,0.699,1.436,1.614,-0.154,-0.682,-92.713,1.149,1.614,4.904,3.923,0,4.907,10.0,3.483,86.638,1.069,1.601,0,0,0,OFFBOARD
520,RETURN,54.76,92.48,0.782,1.448,1.614,-0.154,-0.682,-92.48,1.232,1.614,4.827,3.98,0,4.874,10.0,3.428,86.188,1.145,1.624,0,0,0,OFFBOARD
521,RETURN,54.86,92.244,0.877,1.461,1.614,-0.154,-0.682,-92.244,1.327,1.614,4.991,3.875,0,4.597,6.862,3.484,85.738,1.213,1.645,0,0,0,OFFBOARD
522,RETURN,54.96,92.005,0.98,1.475,1.614,-0.154,-0.682,-92.005,1.43,1.614,5.41,2.964,0,4.288,6.714,3.637,85.289,1.256,1.664,0,0,0,OFFBOARD
523,RETURN,55.06,91.762,1.086,1.491,1.614,-0.154,-0.682,-91.762,1.536,1.614,5.373,2.788,0,4.093,6.538,3.88,84.839,1.277,1.681,0,0,0,OFFBOARD
524,RETURN,55.16,91.524,1.188,1.507,1.614,-0.154,-0.682,-91.524,1.638,1.614,4.951,2.406,0,3.726,6.303,4.178,84.389,1.264,1.693,0,0,0,OFFBOARD
525,RETURN,55.26,91.287,1.284,1.524,1.614,-0.154,-0.682,-91.287,1.734,1.614,3.741,2.126,0,3.324,4.978,4.451,83.939,1.224,1.695,0,0,0,OFFBOARD
526,RETURN,55.37,91.058,1.367,1.541,1.614,-0.154,-0.682,-91.058,1.817,1.614,3.526,1.914,1,3.051,4.724,4.428,83.489,1.16,1.695,0,0,0,OFFBOARD
527,RETURN,55.47,90.833,1.433,1.557,1.614,-0.154,-0.682,-90.833,1.884,1.614,3.305,1.757,1,2.88,3.505,4.097,83.039,1.074,1.696,0,0,0,OFFBOARD
528,RETURN,55.57,90.615,1.48,1.573,1.614,-0.154,-0.682,-90.615,1.93,1.614,3.088,1.654,1,2.758,3.197,3.68,82.589,0.97,1.698,0,0,0,OFFBOARD
529,RETURN,55.67,90.401,1.503,1.588,1.614,-0.154,-0.682,-90.401,1.953,1.614,2.868,1.598,1,2.687,3.022,3.316,82.14,0.853,1.7,0,0,0,OFFBOARD
530,RETURN,55.77,90.188,1.502,1.602,1.614,-0.154,-0.682,-90.188,1.952,1.614,2.751,1.409,1,2.63,3.5,3.35,81.692,0.721,1.701,0,0,0,OFFBOARD
531,RETURN,55.87,89.976,1.475,1.615,1.614,-0.154,-0.682,-89.976,1.925,1.614,3.401,1.37,1,2.42,3.687,3.343,81.245,0.604,1.702,0,0,0,OFFBOARD
532,RETURN,55.97,89.761,1.422,1.626,1.614,-0.154,-0.682,-89.761,1.872,1.614,3.449,1.651,1,2.825,3.494,3.462,80.797,0.502,1.701,0,0,0,OFFBOARD
533,RETURN,56.07,89.545,1.344,1.637,1.614,-0.154,-0.682,-89.545,1.794,1.614,3.243,1.782,1,3.06,3.512,3.442,80.349,0.413,1.699,0,0,0,OFFBOARD
534,RETURN,56.18,89.329,1.245,1.646,1.614,-0.154,-0.682,-89.328,1.695,1.614,4.167,1.721,1,2.93,4.246,3.896,79.9,0.342,1.696,0,0,0,OFFBOARD
535,RETURN,56.28,89.099,1.122,1.654,1.614,-0.154,-0.682,-89.099,1.572,1.614,3.976,2.15,0,2.95,4.289,4.045,79.451,0.289,1.693,0,0,0,OFFBOARD
536,RETURN,56.38,88.876,0.99,1.661,1.614,-0.154,-0.682,-88.876,1.44,1.614,4.078,2.367,0,3.605,4.135,4.051,79.002,0.26,1.681,0,0,0,OFFBOARD
537,RETURN,56.48,88.651,0.847,1.667,1.614,-0.154,-0.682,-88.651,1.297,1.614,3.881,2.298,0,3.526,3.953,3.881,78.553,0.241,1.67,0,0,0,OFFBOARD
538,RETURN,56.58,88.429,0.702,1.671,1.614,-0.154,-0.682,-88.429,1.152,1.614,3.672,2.799,0,3.376,3.762,3.676,78.104,0.253,1.66,0,0,0,OFFBOARD
539,RETURN,56.69,88.207,0.557,1.674,1.614,-0.154,-0.682,-88.207,1.007,1.614,3.457,3.079,0,3.826,3.554,3.461,77.655,0.266,1.651,0,0,0,OFFBOARD
540,RETURN,56.79,87.989,0.422,1.676,1.614,-0.154,-0.682,-87.989,0.872,1.614,3.357,2.996,0,3.927,3.354,3.262,77.206,0.285,1.643,0,0,0,OFFBOARD
541,RETURN,56.89,87.772,0.298,1.676,1.614,-0.154,-0.682,-87.772,0.748,1.614,3.195,3.01,0,3.921,3.209,3.183,76.756,0.313,1.635,0,0,0,OFFBOARD
542,RETURN,56.99,87.56,0.192,1.675,1.614,-0.154,-0.682,-87.56,0.642,1.614,2.99,2.784,0,3.74,3.272,2.979,76.307,0.322,1.627,0,0,0,OFFBOARD
543,RETURN,57.09,87.348,0.107,1.673,1.614,-0.154,-0.682,-87.348,0.557,1.614,3.535,2.567,0,4.04,3.693,3.27,75.858,0.315,1.62,0,0,0,OFFBOARD
544,RETURN,57.19,87.14,0.045,1.67,1.614,-0.154,-0.682,-87.14,0.495,1.614,5.789,2.337,0,4.213,10.0,4.28,75.408,0.301,1.614,0,0,0,OFFBOARD
545,RETURN,57.29,86.935,0.007,1.667,1.614,-0.154,-0.682,-86.935,0.457,1.614,5.617,2.135,0,4.141,6.912,4.341,74.96,0.276,1.608,0,0,0,OFFBOARD
546,RETURN,57.39,86.727,-0.008,1.663,1.614,-0.154,-0.682,-86.727,0.442,1.614,5.485,1.988,1,4.008,6.811,4.296,74.511,0.226,1.603,0,0,0,OFFBOARD
547,RETURN,57.5,86.521,-0.003,1.658,1.614,-0.154,-0.682,-86.521,0.447,1.614,6.139,1.838,1,3.923,6.686,4.243,74.063,0.161,1.599,0,0,0,OFFBOARD
548,RETURN,57.6,86.313,0.02,1.653,1.614,-0.154,-0.682,-86.313,0.47,1.614,6.119,1.696,1,3.844,6.533,4.207,73.614,0.076,1.595,0,0,0,OFFBOARD
549,RETURN,57.7,86.106,0.055,1.648,1.614,-0.154,-0.682,-86.106,0.505,1.614,5.977,1.548,1,4.364,6.369,4.18,73.165,-0.032,1.593,0,0,0,OFFBOARD
550,RETURN,57.8,85.9,0.099,1.643,1.614,-0.154,-0.682,-85.9,0.549,1.614,5.845,1.35,1,4.449,6.207,4.083,72.716,-0.167,1.591,0,0,0,OFFBOARD
551,RETURN,57.9,85.693,0.146,1.638,1.614,-0.154,-0.682,-85.693,0.596,1.614,5.832,1.15,1,4.328,6.063,1.994,72.267,-0.336,1.59,0,0,0,OFFBOARD
552,RETURN,58.0,85.487,0.191,1.633,1.614,-0.154,-0.682,-85.486,0.641,1.614,5.454,0.954,1,4.141,5.982,1.608,71.818,-0.537,1.59,0,0,0,OFFBOARD
553,RETURN,58.1,85.281,0.229,1.628,1.614,-0.154,-0.682,-85.281,0.679,1.614,1.674,0.994,1,4.071,10.0,1.319,71.372,-0.752,1.591,0,0,0,OFFBOARD
554,RETURN,58.2,85.073,0.254,1.623,1.614,-0.154,-0.682,-85.073,0.705,1.614,1.44,1.04,1,4.378,10.0,1.121,71.025,-0.988,1.589,0,0,0,OFFBOARD
555,RETURN,58.31,84.869,0.263,1.619,1.614,-0.154,-0.682,-84.869,0.713,1.614,1.317,1.033,1,4.416,10.0,1.013,70.745,-1.231,1.587,0,0,0,OFFBOARD
556,RETURN,58.41,84.663,0.249,1.615,1.614,-0.154,-0.682,-84.663,0.699,1.614,5.749,1.053,1,4.462,10.0,0.991,70.487,-1.301,1.582,0,0,0,OFFBOARD
557,RETURN,58.51,84.457,0.21,1.611,1.614,-0.154,-0.682,-84.457,0.66,1.614,5.724,3.141,0,4.387,10.0,4.04,70.162,-1.299,1.58,0,0,0,OFFBOARD
558,RETURN,58.61,84.252,0.143,1.608,1.614,-0.154,-0.682,-84.252,0.593,1.614,5.802,3.517,0,4.174,10.0,4.082,69.793,-1.269,1.58,0,0,0,OFFBOARD
559,RETURN,58.71,84.05,0.05,1.605,1.614,-0.154,-0.682,-84.05,0.5,1.614,5.785,3.674,0,4.518,10.0,4.061,69.396,-1.227,1.581,0,0,0,OFFBOARD
560,RETURN,58.81,83.847,-0.067,1.601,1.614,-0.154,-0.682,-83.847,0.383,1.614,5.806,3.735,0,4.559,10.0,4.046,68.98,-1.172,1.584,0,0,0,OFFBOARD
561,RETURN,58.92,83.641,-0.203,1.599,1.614,-0.154,-0.682,-83.641,0.247,1.614,5.878,3.61,0,4.546,10.0,4.039,68.553,-1.094,1.587,0,0,0,OFFBOARD
562,RETURN,59.02,83.438,-0.351,1.596,1.614,-0.154,-0.682,-83.438,0.1,1.614,5.836,3.522,0,4.54,10.0,4.037,68.118,-1.009,1.592,0,0,0,OFFBOARD
563,RETURN,59.12,83.234,-0.502,1.595,1.614,-0.154,-0.682,-83.234,-0.052,1.614,5.648,3.084,0,4.25,10.0,4.008,67.677,-0.902,1.597,0,0,0,OFFBOARD
564,RETURN,59.22,83.028,-0.652,1.593,1.614,-0.154,-0.682,-83.028,-0.202,1.614,5.304,2.885,0,4.053,10.0,3.936,67.233,-0.78,1.603,0,0,0,OFFBOARD
565,RETURN,59.32,82.824,-0.791,1.592,1.614,-0.154,-0.682,-82.824,-0.341,1.614,3.953,2.685,0,3.866,4.014,3.874,66.787,-0.642,1.608,0,0,0,OFFBOARD
566,RETURN,59.42,82.62,-0.915,1.592,1.614,-0.154,-0.682,-82.62,-0.465,1.614,3.785,2.49,0,3.764,3.83,3.758,66.341,-0.495,1.614,0,0,0,OFFBOARD
567,RETURN,59.52,82.414,-1.02,1.593,1.614,-0.154,-0.682,-82.414,-0.57,1.614,3.625,2.307,0,3.663,3.668,3.599,65.906,-0.341,1.62,0,0,0,OFFBOARD
568,RETURN,59.63,82.211,-1.101,1.594,1.614,-0.154,-0.682,-82.211,-0.651,1.614,3.466,2.188,0,3.97,3.513,3.444,65.572,-0.181,1.626,0,0,0,OFFBOARD
569,RETURN,59.73,82.006,-1.157,1.595,1.614,-0.154,-0.682,-82.006,-0.707,1.614,3.31,2.383,0,3.932,3.363,3.293,65.353,-0.033,1.632,0,0,0,OFFBOARD
570,RETURN,59.83,81.803,-1.186,1.597,1.614,-0.154,-0.682,-81.803,-0.736,1.614,3.158,2.317,0,3.9,3.213,3.142,65.209,0.119,1.637,0,0,0,OFFBOARD
571,RETURN,59.93,81.598,-1.188,1.6,1.614,-0.154,-0.682,-81.598,-0.738,1.614,3.109,2.304,0,3.896,3.165,3.092,65.109,0.273,1.642,0,0,0,OFFBOARD
572,RETURN,60.03,81.394,-1.164,1.603,1.614,-0.154,-0.682,-81.394,-0.714,1.614,2.869,2.317,0,3.71,2.927,2.852,65.009,0.439,1.646,0,0,0,OFFBOARD
573,RETURN,60.13,81.192,-1.113,1.606,1.614,-0.154,-0.682,-81.192,-0.663,1.614,2.735,2.25,0,3.506,4.977,2.707,64.909,0.606,1.65,0,0,0,OFFBOARD
574,RETURN,60.23,80.99,-1.039,1.61,1.614,-0.154,-0.682,-80.99,-0.589,1.614,2.74,2.177,0,3.515,5.977,2.575,64.809,0.786,1.654,0,0,0,OFFBOARD
575,RETURN,60.34,80.788,-0.941,1.614,1.614,-0.154,-0.682,-80.788,-0.491,1.614,5.537,2.361,0,4.025,6.882,3.766,64.618,0.943,1.657,0,0,0,OFFBOARD
576,RETURN,60.44,80.592,-0.827,1.617,1.614,-0.154,-0.682,-80.592,-0.377,1.614,5.483,2.254,0,4.109,6.877,4.068,64.335,1.128,1.659,0,0,0,OFFBOARD
577,RETURN,60.54,80.379,-0.686,1.621,1.614,-0.154,-0.682,-80.379,-0.236,1.614,5.221,2.06,0,3.963,6.615,4.087,63.995,1.311,1.661,0,0,0,OFFBOARD
578,RETURN,60.64,80.175,-0.535,1.625,1.614,-0.154,-0.682,-80.175,-0.085,1.614,5.951,2.002,0,3.885,6.415,4.102,63.615,1.46,1.662,0,0,0,OFFBOARD
579,RETURN,60.74,79.976,-0.379,1.629,1.614,-0.154,-0.682,-79.976,0.071,1.614,6.065,3.3,0,4.387,6.215,4.116,63.212,1.565,1.663,0,0,0,OFFBOARD
580,RETURN,60.85,79.767,-0.207,1.633,1.614,-0.154,-0.682,-79.767,0.243,1.614,5.875,3.366,0,4.432,6.014,4.125,62.792,1.661,1.663,0,0,0,OFFBOARD
581,RETURN,60.95,79.562,-0.033,1.637,1.614,-0.154,-0.682,-79.562,0.417,1.614,5.746,3.847,0,4.346,5.746,4.138,62.361,1.741,1.662,0,0,0,OFFBOARD
582,RETURN,61.05,79.359,0.144,1.64,1.614,-0.154,-0.682,-79.359,0.594,1.614,5.967,3.836,0,4.148,6.447,4.148,61.924,1.809,1.661,0,0,0,OFFBOARD
583,RETURN,61.15,79.154,0.325,1.643,1.614,-0.154,-0.682,-79.154,0.775,1.614,5.94,3.56,0,4.014,10.0,4.158,61.482,1.872,1.66,0,0,0,OFFBOARD
584,RETURN,61.25,78.949,0.509,1.645,1.614,-0.154,-0.682,-78.949,0.959,1.614,5.842,3.293,0,3.882,10.0,4.167,61.037,1.919,1.658,0,0,0,OFFBOARD
585,RETURN,61.35,78.747,0.693,1.648,1.614,-0.154,-0.682,-78.746,1.143,1.614,5.688,3.048,0,3.7,10.0,4.173,60.591,1.955,1.656,0,0,0,OFFBOARD
586,RETURN,61.46,78.544,0.878,1.65,1.614,-0.154,-0.682,-78.544,1.328,1.614,4.795,2.817,0,3.491,10.0,4.179,60.144,1.978,1.653,0,0,0,OFFBOARD
587,RETURN,61.56,78.341,1.06,1.651,1.614,-0.154,-0.682,-78.341,1.51,1.614,4.467,2.557,0,3.274,6.914,4.186,59.696,1.984,1.651,0,0,0,OFFBOARD
588,RETURN,61.66,78.137,1.239,1.652,1.614,-0.154,-0.682,-78.137,1.689,1.614,4.202,2.277,0,3.047,6.522,4.194,59.248,1.963,1.644,0,0,0,OFFBOARD
589,RETURN,61.76,77.935,1.408,1.653,1.614,-0.154,-0.682,-77.935,1.858,1.614,4.001,1.715,1,2.811,5.258,4.193,58.799,1.9,1.634,0,0,0,OFFBOARD
590,RETURN,61.86,77.73,1.567,1.653,1.614,-0.154,-0.682,-77.73,2.017,1.614,3.801,1.488,1,2.573,5.057,4.123,58.35,1.809,1.626,0,0,0,OFFBOARD
591,RETURN,61.96,77.528,1.709,1.652,1.614,-0.154,-0.682,-77.528,2.159,1.614,3.596,1.277,1,2.34,3.693,3.797,57.901,1.693,1.659,0,0,0,OFFBOARD
592,RETURN,62.06,77.324,1.835,1.652,1.614,-0.154,-0.682,-77.324,2.286,1.614,3.4,1.098,1,2.144,3.4,3.4,57.453,1.549,1.694,0,0,0,OFFBOARD
593,RETURN,62.17,77.122,1.94,1.652,1.614,-0.154,-0.682,-77.122,2.39,1.614,3.2,1.222,1,1.944,3.2,3.2,57.004,1.377,1.731,0,0,0,OFFBOARD
594,RETURN,62.27,76.918,2.023,1.654,1.614,-0.154,-0.682,-76.918,2.473,1.614,2.975,1.101,1,1.743,3.0,2.962,56.556,1.166,1.768,0,0,0,OFFBOARD
595,RETURN,62.37,76.716,2.081,1.658,1.614,-0.154,-0.682,-76.716,2.531,1.614,2.785,1.017,1,1.543,2.799,2.736,56.107,0.918,1.806,0,0,0,OFFBOARD
596,RETURN,62.47,76.514,2.113,1.664,1.614,-0.154,-0.682,-76.514,2.563,1.614,2.731,0.994,1,1.48,2.731,2.68,55.658,0.651,1.844,0,0,0,OFFBOARD
597,RETURN,62.57,76.311,2.118,1.674,1.614,-0.154,-0.682,-76.311,2.568,1.614,2.397,0.928,1,1.917,2.397,2.397,55.209,0.356,1.882,0,0,0,OFFBOARD
598,RETURN,62.67,76.107,2.095,1.686,1.614,-0.154,-0.682,-76.107,2.545,1.614,2.199,0.928,1,2.036,2.199,2.199,54.76,0.048,1.92,0,0,0,OFFBOARD
599,RETURN,62.77,75.905,2.043,1.701,1.614,-0.154,-0.682,-75.905,2.493,1.614,1.998,0.742,1,1.998,1.999,2.035,54.312,-0.255,1.958,0,1,0,OFFBOARD
600,RETURN,62.88,75.703,1.963,1.718,1.614,-0.154,-0.682,-75.703,2.413,1.614,2.843,1.072,1,1.796,3.053,3.017,53.862,-0.497,1.995,0,0,0,OFFBOARD
601,RETURN,62.98,75.501,1.858,1.738,1.614,-0.154,-0.682,-75.501,2.308,1.614,2.854,1.195,1,1.778,2.854,2.854,53.413,-0.722,2.033,0,0,0,OFFBOARD
602,RETURN,63.08,75.297,1.729,1.76,1.614,-0.154,-0.682,-75.297,2.179,1.614,2.652,1.336,1,2.513,3.908,3.849,52.965,-0.914,2.072,0,0,0,OFFBOARD
603,RETURN,63.18,75.093,1.583,1.785,1.614,-0.154,-0.682,-75.093,2.033,1.614,3.556,1.235,1,2.45,3.706,4.18,52.519,-1.067,2.048,0,0,0,OFFBOARD
604,RETURN,63.28,74.894,1.429,1.809,1.614,-0.154,-0.682,-74.894,1.879,1.614,3.442,1.813,1,2.382,4.698,4.534,52.082,-1.172,2.021,0,0,0,OFFBOARD
605,RETURN,63.38,74.684,1.257,1.835,1.614,-0.154,-0.682,-74.684,1.707,1.614,3.979,1.985,1,3.1,5.754,4.612,51.687,-1.249,1.99,0,0,0,OFFBOARD
606,RETURN,63.49,74.482,1.086,1.857,1.614,-0.154,-0.682,-74.482,1.536,1.614,4.298,1.895,1,3.042,5.659,4.663,51.411,-1.304,1.96,0,0,0,OFFBOARD
607,RETURN,63.59,74.28,0.911,1.877,1.614,-0.154,-0.682,-74.28,1.362,1.614,4.098,2.433,0,2.939,6.134,4.709,51.21,-1.322,1.929,0,0,0,OFFBOARD
608,RETURN,63.69,74.078,0.734,1.892,1.614,-0.154,-0.682,-74.078,1.184,1.614,4.961,2.641,0,3.579,6.166,4.746,50.922,-1.324,1.899,0,0,0,OFFBOARD
609,RETURN,63.79,73.876,0.555,1.904,1.614,-0.154,-0.682,-73.876,1.005,1.614,4.954,2.539,0,3.669,10.0,4.776,50.607,-1.315,1.868,0,0,0,OFFBOARD
610,RETURN,63.89,73.672,0.371,1.912,1.614,-0.154,-0.682,-73.672,0.821,1.614,4.754,3.069,0,3.498,10.0,4.795,50.319,-1.275,1.838,0,0,0,OFFBOARD
611,RETURN,63.99,73.47,0.185,1.916,1.614,-0.154,-0.682,-73.47,0.635,1.614,5.54,3.288,0,3.445,10.0,4.805,50.101,-1.223,1.808,0,0,0,OFFBOARD
612,RETURN,64.09,73.268,-0.003,1.916,1.614,-0.154,-0.682,-73.268,0.447,1.614,5.457,3.194,0,3.799,10.0,4.805,49.879,-1.149,1.778,0,0,0,OFFBOARD
613,RETURN,64.19,73.064,-0.194,1.912,1.614,-0.154,-0.682,-73.064,0.256,1.614,5.276,3.062,0,3.815,10.0,4.797,49.686,-1.048,1.748,0,0,0,OFFBOARD
614,RETURN,64.3,72.863,-0.381,1.906,1.614,-0.154,-0.682,-72.863,0.069,1.614,5.211,2.806,0,3.817,10.0,4.789,49.534,-0.925,1.717,0,0,0,OFFBOARD
615,RETURN,64.4,72.661,-0.563,1.896,1.614,-0.154,-0.682,-72.661,-0.113,1.614,5.009,2.562,0,3.752,10.0,4.77,49.37,-0.783,1.687,0,0,0,OFFBOARD
616,RETURN,64.5,72.459,-0.732,1.883,1.614,-0.154,-0.682,-72.459,-0.282,1.614,4.811,2.351,0,3.555,10.0,4.728,49.157,-0.619,1.657,0,0,0,OFFBOARD
617,RETURN,64.6,72.255,-0.885,1.868,1.614,-0.154,-0.682,-72.255,-0.435,1.614,4.611,2.172,0,3.355,10.0,4.678,48.866,-0.44,1.627,0,0,0,OFFBOARD
618,RETURN,64.7,72.053,-1.014,1.851,1.614,-0.154,-0.682,-72.053,-0.564,1.614,4.411,2.028,0,3.155,6.733,4.628,48.524,-0.247,1.597,0,0,0,OFFBOARD
619,RETURN,64.8,71.851,-1.114,1.831,1.614,-0.154,-0.682,-71.851,-0.664,1.614,4.345,1.989,1,3.124,6.518,4.612,48.144,-0.051,1.567,0,0,0,OFFBOARD
620,RETURN,64.9,71.649,-1.182,1.811,1.614,-0.154,-0.682,-71.649,-0.732,1.614,4.12,2.184,0,3.506,5.387,4.489,47.876,0.093,1.541,0,0,0,OFFBOARD
621,RETURN,65.0,71.447,-1.217,1.788,1.614,-0.154,-0.682,-71.447,-0.767,1.614,4.704,2.154,0,3.56,5.267,4.411,47.544,0.247,1.517,0,0,0,OFFBOARD
622,RETURN,65.1,71.245,-1.218,1.765,1.614,-0.154,-0.682,-71.245,-0.768,1.614,4.867,2.176,0,3.603,6.044,4.364,47.171,0.414,1.498,0,0,0,OFFBOARD
623,RETURN,65.21,71.043,-1.186,1.741,1.614,-0.154,-0.682,-71.043,-0.736,1.614,4.667,2.155,0,3.411,5.923,4.362,46.771,0.593,1.481,0,0,0,OFFBOARD
624,RETURN,65.31,70.841,-1.125,1.717,1.614,-0.154,-0.682,-70.841,-0.675,1.614,4.467,1.961,1,3.236,5.724,4.318,46.353,0.775,1.469,0,0,0,OFFBOARD
625,RETURN,65.41,70.637,-1.036,1.692,1.614,-0.154,-0.682,-70.637,-0.586,1.614,4.498,2.403,0,3.742,6.78,4.267,46.034,0.882,1.46,0,0,0,OFFBOARD
626,RETURN,65.51,70.433,-0.923,1.668,1.614,-0.154,-0.682,-70.433,-0.473,1.614,5.322,2.559,0,3.925,6.616,4.219,45.67,1.002,1.455,0,0,0,OFFBOARD
627,RETURN,65.61,70.229,-0.792,1.644,1.614,-0.154,-0.682,-70.229,-0.342,1.614,5.124,2.611,0,3.867,10.0,4.175,45.275,1.121,1.453,0,0,0,OFFBOARD
628,RETURN,65.72,70.025,-0.646,1.622,1.614,-0.154,-0.682,-70.025,-0.196,1.614,5.914,2.996,0,3.828,10.0,4.114,44.861,1.226,1.455,0,0,0,OFFBOARD
629,RETURN,65.82,69.821,-0.49,1.601,1.614,-0.154,-0.682,-69.821,-0.04,1.614,5.914,3.22,0,4.399,10.0,4.066,44.434,1.329,1.459,0,0,0,OFFBOARD
630,RETURN,65.92,69.619,-0.327,1.583,1.614,-0.154,-0.682,-69.619,0.123,1.614,5.741,3.198,0,4.454,10.0,4.017,43.999,1.426,1.467,0,0,0,OFFBOARD
631,RETURN,66.02,69.417,-0.158,1.566,1.614,-0.154,-0.682,-69.417,0.292,1.614,5.902,3.775,0,4.256,10.0,3.974,43.559,1.511,1.477,0,0,0,OFFBOARD
632,RETURN,66.12,69.215,0.015,1.551,1.614,-0.154,-0.682,-69.215,0.465,1.614,5.939,4.032,0,4.275,10.0,3.938,43.116,1.587,1.49,0,0,0,OFFBOARD
633,RETURN,66.22,69.011,0.193,1.538,1.614,-0.154,-0.682,-69.011,0.643,1.614,5.909,3.858,0,4.654,10.0,3.906,42.67,1.661,1.504,0,0,0,OFFBOARD
634,RETURN,66.32,68.807,0.373,1.528,1.614,-0.154,-0.682,-68.807,0.823,1.614,5.879,3.643,0,4.643,6.937,3.881,42.223,1.724,1.52,0,0,0,OFFBOARD
635,RETURN,66.42,68.605,0.553,1.521,1.614,-0.154,-0.682,-68.605,1.003,1.614,5.793,3.393,0,4.547,6.682,3.862,41.775,1.776,1.536,0,0,0,OFFBOARD
636,RETURN,66.53,68.403,0.732,1.515,1.614,-0.154,-0.682,-68.403,1.182,1.614,5.692,3.145,0,4.455,6.605,3.849,41.326,1.812,1.552,0,0,0,OFFBOARD
637,RETURN,66.63,68.199,0.909,1.512,1.614,-0.154,-0.682,-68.199,1.359,1.614,5.57,2.9,0,4.314,6.665,3.845,40.877,1.832,1.562,0,0,0,OFFBOARD
638,RETURN,66.73,67.997,1.078,1.512,1.614,-0.154,-0.682,-67.997,1.528,1.614,5.37,2.66,0,4.114,5.873,3.846,40.427,1.836,1.567,0,0,0,OFFBOARD
639,RETURN,66.83,67.795,1.239,1.513,1.614,-0.154,-0.682,-67.795,1.689,1.614,5.17,2.413,0,3.906,5.501,3.847,39.977,1.824,1.568,0,0,0,OFFBOARD
640,RETURN,66.93,67.593,1.39,1.515,1.614,-0.154,-0.682,-67.593,1.84,1.614,4.971,2.17,0,3.714,5.217,3.849,39.528,1.793,1.566,0,0,0,OFFBOARD
641,RETURN,67.03,67.389,1.529,1.518,1.614,-0.154,-0.682,-67.389,1.979,1.614,4.56,1.946,1,3.467,4.771,3.852,39.078,1.741,1.563,0,0,0,OFFBOARD
642,RETURN,67.13,67.187,1.653,1.522,1.614,-0.154,-0.682,-67.187,2.103,1.614,3.543,1.755,1,3.231,4.571,3.783,38.628,1.618,1.561,0,0,0,OFFBOARD
643,RETURN,67.24,66.985,1.761,1.525,1.614,-0.154,-0.682,-66.985,2.211,1.614,3.227,1.595,1,3.03,4.369,3.634,38.178,1.442,1.563,0,0,0,OFFBOARD
644,RETURN,67.34,66.781,1.853,1.529,1.614,-0.154,-0.682,-66.781,2.303,1.614,2.952,1.467,1,2.847,4.133,3.384,37.728,1.224,1.57,0,0,0,OFFBOARD
645,RETURN,67.44,66.579,1.925,1.533,1.614,-0.154,-0.682,-66.579,2.375,1.614,2.723,1.358,1,2.688,2.948,2.902,37.278,0.972,1.581,0,0,0,OFFBOARD
646,RETURN,67.54,66.377,1.977,1.537,1.614,-0.154,-0.682,-66.377,2.427,1.614,2.556,1.256,1,2.512,2.686,2.629,36.828,0.7,1.599,0,0,0,OFFBOARD
647,RETURN,67.64,66.173,2.007,1.541,1.614,-0.154,-0.682,-66.173,2.457,1.614,2.468,1.058,1,2.314,2.524,2.441,36.378,0.406,1.622,0,0,0,OFFBOARD
648,RETURN,67.74,65.971,2.01,1.546,1.614,-0.154,-0.682,-65.971,2.46,1.614,3.189,0.899,1,2.114,3.314,2.342,35.928,0.125,1.65,0,0,0,OFFBOARD
649,RETURN,67.84,65.767,1.984,1.552,1.614,-0.154,-0.682,-65.767,2.434,1.614,3.171,1.18,1,1.998,3.171,2.812,35.478,-0.14,1.68,0,0,0,OFFBOARD
650,RETURN,67.95,65.563,1.927,1.56,1.614,-0.154,-0.682,-65.563,2.378,1.614,2.971,1.256,1,2.731,2.971,2.971,35.029,-0.398,1.711,0,0,0,OFFBOARD
651,RETURN,68.05,65.363,1.842,1.569,1.614,-0.154,-0.682,-65.363,2.292,1.614,2.895,1.379,1,2.771,3.695,2.82,34.58,-0.63,1.744,0,0,0,OFFBOARD
652,RETURN,68.15,65.159,1.728,1.581,1.614,-0.154,-0.682,-65.159,2.179,1.614,3.759,1.266,1,2.503,3.759,3.701,34.13,-0.831,1.76,0,0,0,OFFBOARD
653,RETURN,68.25,64.955,1.592,1.594,1.614,-0.154,-0.682,-64.955,2.042,1.614,3.561,1.675,1,3.137,4.817,3.916,33.682,-0.99,1.755,0,0,0,OFFBOARD
654,RETURN,68.35,64.753,1.441,1.608,1.614,-0.154,-0.682,-64.753,1.891,1.614,4.36,1.887,1,3.303,5.517,4.048,33.234,-1.091,1.74,0,0,0,OFFBOARD
655,RETURN,68.45,64.549,1.277,1.622,1.614,-0.154,-0.682,-64.549,1.727,1.614,4.549,1.976,1,3.293,5.705,4.081,32.785,-1.183,1.716,0,0,0,OFFBOARD
656,RETURN,68.55,64.347,1.108,1.635,1.614,-0.154,-0.682,-64.347,1.558,1.614,4.314,2.388,0,3.171,6.628,2.128,32.336,-1.326,1.686,0,0,0,OFFBOARD
657,RETURN,68.66,64.143,0.934,1.646,1.614,-0.154,-0.682,-64.143,1.384,1.614,5.171,2.663,0,3.894,10.0,1.903,31.893,-1.435,1.661,0,0,0,OFFBOARD
658,RETURN,68.76,63.941,0.758,1.655,1.614,-0.154,-0.682,-63.941,1.208,1.614,4.971,2.559,0,3.815,10.0,1.83,31.469,-1.519,1.642,0,0,0,OFFBOARD
659,RETURN,68.86,63.739,0.581,1.661,1.614,-0.154,-0.682,-63.739,1.031,1.614,5.829,3.062,0,3.748,10.0,1.819,31.041,-1.558,1.627,0,0,0,OFFBOARD
660,RETURN,68.96,63.535,0.399,1.665,1.614,-0.154,-0.682,-63.535,0.849,1.614,5.83,3.384,0,4.315,10.0,4.191,30.607,-1.58,1.614,0,0,0,OFFBOARD
661,RETURN,69.06,63.333,0.217,1.666,1.614,-0.154,-0.682,-63.333,0.667,1.614,5.657,3.232,0,4.373,10.0,4.208,30.169,-1.577,1.604,0,0,0,OFFBOARD
662,RETURN,69.16,63.129,0.03,1.665,1.614,-0.154,-0.682,-63.129,0.48,1.614,5.935,3.827,0,4.173,10.0,4.207,29.726,-1.541,1.595,0,0,0,OFFBOARD
663,RETURN,69.26,62.927,-0.159,1.663,1.614,-0.154,-0.682,-62.927,0.291,1.614,6.028,3.813,0,4.015,10.0,4.202,29.281,-1.48,1.588,0,0,0,OFFBOARD
664,RETURN,69.37,62.725,-0.35,1.659,1.614,-0.154,-0.682,-62.725,0.1,1.614,5.993,3.531,0,3.984,10.0,4.193,28.835,-1.401,1.582,0,0,0,OFFBOARD
665,RETURN,69.47,62.521,-0.544,1.654,1.614,-0.154,-0.682,-62.521,-0.094,1.614,5.907,3.24,0,4.184,10.0,4.182,28.387,-1.298,1.577,0,0,0,OFFBOARD
666,RETURN,69.57,62.319,-0.732,1.648,1.614,-0.154,-0.682,-62.319,-0.282,1.614,5.738,2.96,0,4.151,10.0,4.177,27.939,-1.179,1.574,0,0,0,OFFBOARD
667,RETURN,69.67,62.117,-0.912,1.642,1.614,-0.154,-0.682,-62.117,-0.462,1.614,5.562,2.702,0,4.022,10.0,4.159,27.49,-1.041,1.572,0,0,0,OFFBOARD
668,RETURN,69.77,61.915,-1.077,1.636,1.614,-0.154,-0.682,-61.915,-0.627,1.614,5.399,2.472,0,3.897,6.742,4.131,27.041,-0.886,1.571,0,0,0,OFFBOARD
669,RETURN,69.87,61.713,-1.222,1.63,1.614,-0.154,-0.682,-61.713,-0.772,1.614,5.154,2.278,0,3.812,6.542,4.104,26.591,-0.717,1.571,0,0,0,OFFBOARD
670,RETURN,69.97,61.509,-1.343,1.623,1.614,-0.154,-0.682,-61.509,-0.893,1.614,4.961,2.131,0,3.761,5.297,4.066,26.141,-0.535,1.573,0,0,0,OFFBOARD
671,RETURN,70.07,61.307,-1.432,1.617,1.614,-0.154,-0.682,-61.307,-0.982,1.614,4.792,2.032,0,3.63,4.894,3.976,25.704,-0.342,1.575,0,0,0,OFFBOARD
672,RETURN,70.18,61.103,-1.491,1.612,1.614,-0.154,-0.682,-61.103,-1.041,1.614,4.684,1.969,1,3.428,4.684,3.891,25.313,-0.138,1.578,0,0,0,OFFBOARD
673,RETURN,70.28,60.901,-1.515,1.607,1.614,-0.154,-0.682,-60.901,-1.065,1.614,4.484,1.929,1,3.228,4.488,3.837,25.028,0.026,1.578,0,0,0,OFFBOARD
674,RETURN,70.38,60.697,-1.507,1.602,1.614,-0.154,-0.682,-60.697,-1.057,1.614,4.284,1.771,1,3.028,4.481,3.831,24.802,0.158,1.576,0,0,0,OFFBOARD
675,RETURN,70.48,60.497,-1.469,1.599,1.614,-0.154,-0.682,-60.497,-1.019,1.614,4.086,1.641,1,3.02,5.342,3.89,24.566,0.278,1.576,0,0,0,OFFBOARD
676,RETURN,70.58,60.291,-1.399,1.595,1.614,-0.154,-0.682,-60.291,-0.949,1.614,4.726,2.02,0,3.636,5.074,3.97,24.296,0.351,1.577,0,0,0,OFFBOARD
677,RETURN,70.68,60.095,-1.308,1.592,1.614,-0.154,-0.682,-60.095,-0.858,1.614,4.872,2.151,0,3.616,6.128,4.014,23.988,0.458,1.579,0,0,0,OFFBOARD
678,RETURN,70.79,59.885,-1.188,1.59,1.614,-0.154,-0.682,-59.885,-0.738,1.614,4.674,2.162,0,3.418,5.93,4.017,23.632,0.579,1.583,0,0,0,OFFBOARD
679,RETURN,70.89,59.683,-1.054,1.588,1.614,-0.154,-0.682,-59.683,-0.604,1.614,4.671,2.434,0,3.798,6.017,4.022,23.242,0.697,1.588,0,0,0,OFFBOARD
680,RETURN,70.99,59.479,-0.905,1.586,1.614,-0.154,-0.682,-59.479,-0.455,1.614,5.528,2.673,0,4.101,5.815,4.024,22.832,0.814,1.593,0,0,0,OFFBOARD
681,RETURN,71.09,59.277,-0.748,1.585,1.614,-0.154,-0.682,-59.277,-0.297,1.614,5.33,2.818,0,4.074,5.617,4.022,22.408,0.925,1.6,0,0,0,OFFBOARD
682,RETURN,71.19,59.075,-0.583,1.585,1.614,-0.154,-0.682,-59.075,-0.133,1.614,5.417,2.841,0,3.927,5.417,4.017,21.974,1.034,1.606,0,0,0,OFFBOARD
683,RETURN,71.29,58.873,-0.413,1.585,1.614,-0.154,-0.682,-58.873,0.037,1.614,5.215,3.407,0,4.459,5.215,4.014,21.535,1.13,1.613,0,0,0,OFFBOARD
684,RETURN,71.39,58.669,-0.239,1.586,1.614,-0.154,-0.682,-58.669,0.211,1.614,5.622,3.474,0,4.554,5.992,4.015,21.092,1.219,1.62,0,0,0,OFFBOARD
685,RETURN,71.49,58.467,-0.065,1.587,1.614,-0.154,-0.682,-58.467,0.385,1.614,5.795,3.844,0,4.53,10.0,4.018,20.647,1.297,1.627,0,0,0,OFFBOARD
686,RETURN,71.6,58.265,0.11,1.59,1.614,-0.154,-0.682,-58.265,0.56,1.614,5.79,3.947,0,4.33,10.0,4.022,20.2,1.368,1.633,0,0,0,OFFBOARD
687,RETURN,71.7,58.061,0.284,1.592,1.614,-0.154,-0.682,-58.061,0.734,1.614,5.868,3.696,0,4.168,10.0,4.03,19.752,1.434,1.639,0,0,0,OFFBOARD
688,RETURN,71.8,57.861,0.453,1.595,1.614,-0.154,-0.682,-57.861,0.903,1.614,5.941,3.452,0,4.075,10.0,4.039,19.303,1.494,1.645,0,0,0,OFFBOARD
689,RETURN,71.9,57.659,0.618,1.599,1.614,-0.154,-0.682,-57.659,1.068,1.614,5.889,3.228,0,3.93,10.0,4.05,18.855,1.547,1.65,0,0,0,OFFBOARD
690,RETURN,72.0,57.457,0.777,1.603,1.614,-0.154,-0.682,-57.457,1.227,1.614,5.779,3.008,0,4.135,10.0,4.063,18.405,1.592,1.654,0,0,0,OFFBOARD
691,RETURN,72.1,57.255,0.929,1.607,1.614,-0.154,-0.682,-57.255,1.379,1.614,4.627,2.796,0,3.985,5.861,4.073,17.956,1.622,1.658,0,0,0,OFFBOARD
692,RETURN,72.2,57.051,1.073,1.612,1.614,-0.154,-0.682,-57.051,1.523,1.614,4.316,2.589,0,3.849,4.322,4.076,17.507,1.633,1.656,0,0,0,OFFBOARD
693,RETURN,72.3,56.849,1.205,1.616,1.614,-0.154,-0.682,-56.849,1.656,1.614,4.003,2.367,0,3.667,4.037,3.918,17.057,1.623,1.654,0,0,0,OFFBOARD
694,RETURN,72.41,56.647,1.327,1.621,1.614,-0.154,-0.682,-56.647,1.777,1.614,3.731,2.151,0,3.49,3.781,3.696,16.607,1.594,1.651,0,0,0,OFFBOARD
695,RETURN,72.51,56.443,1.438,1.625,1.614,-0.154,-0.682,-56.443,1.888,1.614,3.481,1.966,1,3.348,3.528,3.45,16.158,1.538,1.647,0,0,0,OFFBOARD
696,RETURN,72.61,56.241,1.536,1.628,1.614,-0.154,-0.682,-56.241,1.986,1.614,3.243,1.826,1,3.228,3.283,3.212,15.708,1.447,1.644,0,0,0,OFFBOARD
697,RETURN,72.71,56.039,1.621,1.631,1.614,-0.154,-0.682,-56.039,2.071,1.614,3.007,1.707,1,3.055,3.039,2.976,15.258,1.325,1.641,0,0,0,OFFBOARD
698,RETURN,72.81,55.837,1.692,1.634,1.614,-0.154,-0.682,-55.837,2.142,1.614,2.766,1.608,1,2.907,2.798,2.742,14.809,1.195,1.678,0,0,0,OFFBOARD
699,RETURN,72.91,55.633,1.748,1.636,1.614,-0.154,-0.682,-55.633,2.198,1.614,2.528,1.528,1,2.789,2.56,2.512,14.36,1.055,1.715,0,0,0,OFFBOARD
700,RETURN,73.01,55.433,1.786,1.64,1.614,-0.154,-0.682,-55.433,2.236,1.614,2.293,1.469,1,2.749,2.327,2.282,13.912,0.904,1.753,0,0,0,OFFBOARD
701,RETURN,73.11,55.231,1.807,1.645,1.614,-0.154,-0.682,-55.231,2.257,1.614,2.059,1.33,1,2.587,2.096,2.051,13.465,0.742,1.792,0,0,0,OFFBOARD
702,RETURN,73.22,55.029,1.808,1.652,1.614,-0.154,-0.682,-55.029,2.258,1.614,1.807,1.13,1,2.387,1.834,1.799,13.019,0.579,1.83,0,0,0,OFFBOARD
703,RETURN,73.32,54.823,1.788,1.662,1.614,-0.154,-0.682,-54.823,2.238,1.614,1.463,1.364,1,2.128,1.475,1.454,12.572,0.409,1.87,0,0,0,OFFBOARD
704,RETURN,73.42,54.625,1.748,1.674,1.614,-0.154,-0.682,-54.625,2.198,1.614,1.228,1.21,1,2.707,1.222,1.202,12.125,0.233,1.909,0,0,0,OFFBOARD
705,RETURN,73.52,54.419,1.686,1.69,1.614,-0.154,-0.682,-54.419,2.136,1.614,1.016,0.954,1,2.841,4.231,0.971,11.678,0.013,1.949,0,0,0,OFFBOARD
706,RETURN,73.62,54.215,1.603,1.708,1.614,-0.154,-0.682,-54.215,2.053,1.614,3.858,0.71,1,2.775,4.031,0.814,11.232,-0.195,1.937,0,1,0,OFFBOARD
707,RETURN,73.72,54.013,1.503,1.727,1.614,-0.154,-0.682,-54.013,1.953,1.614,3.833,1.462,1,2.577,5.089,4.213,10.784,-0.298,1.922,0,0,0,OFFBOARD
708,RETURN,73.82,53.811,1.385,1.746,1.614,-0.154,-0.682,-53.811,1.835,1.614,3.633,1.906,1,3.09,4.889,4.326,10.338,-0.37,1.905,0,0,0,OFFBOARD
709,RETURN,73.93,53.609,1.251,1.765,1.614,-0.154,-0.682,-53.609,1.701,1.614,4.444,2.042,0,3.369,5.946,4.439,9.905,-0.423,1.884,0,0,0,OFFBOARD
710,RETURN,74.03,53.405,1.102,1.783,1.614,-0.154,-0.682,-53.405,1.552,1.614,4.489,1.977,1,3.233,5.746,4.486,9.466,-0.463,1.861,0,0,0,OFFBOARD
711,RETURN,74.13,53.203,0.943,1.797,1.614,-0.154,-0.682,-53.203,1.393,1.614,4.289,2.403,0,3.1,6.802,4.525,9.031,-0.475,1.836,0,0,0,OFFBOARD
712,RETURN,74.23,52.999,0.775,1.81,1.614,-0.154,-0.682,-52.999,1.225,1.614,5.092,2.684,0,3.689,10.0,4.55,8.591,-0.471,1.809,0,0,0,OFFBOARD
713,RETURN,74.33,52.797,0.605,1.819,1.614,-0.154,-0.682,-52.797,1.055,1.614,5.146,2.633,0,3.819,10.0,4.567,8.181,-0.453,1.781,0,0,0,OFFBOARD
714,RETURN,74.43,52.595,0.434,1.824,1.614,-0.154,-0.682,-52.595,0.884,1.614,4.944,3.149,0,3.687,10.0,4.584,7.765,-0.402,1.752,0,0,0,OFFBOARD
715,RETURN,74.53,52.393,0.266,1.827,1.614,-0.154,-0.682,-52.393,0.717,1.614,5.571,3.317,0,3.574,10.0,4.595,7.353,-0.344,1.723,0,0,0,OFFBOARD
716,RETURN,74.63,52.189,0.105,1.826,1.614,-0.154,-0.682,-52.189,0.555,1.614,5.802,3.322,0,3.972,10.0,4.598,6.937,-0.268,1.694,0,0,0,OFFBOARD
717,RETURN,74.74,51.987,-0.042,1.822,1.614,-0.154,-0.682,-51.987,0.408,1.614,5.602,3.215,0,4.063,10.0,4.583,6.535,-0.17,1.665,0,0,0,OFFBOARD
718,RETURN,74.84,51.785,-0.175,1.815,1.614,-0.154,-0.682,-51.785,0.275,1.614,5.402,3.052,0,3.944,10.0,4.56,6.125,-0.06,1.638,0,0,0,OFFBOARD
719,RETURN,74.94,51.583,-0.29,1.805,1.614,-0.154,-0.682,-51.583,0.16,1.614,5.202,2.918,0,3.795,10.0,4.533,5.703,0.055,1.612,0,0,0,OFFBOARD
720,RETURN,75.04,51.379,-0.385,1.793,1.614,-0.154,-0.682,-51.379,0.065,1.614,5.148,3.155,0,3.686,10.0,4.501,5.273,0.171,1.588,0,0,0,OFFBOARD
721,RETURN,75.14,51.177,-0.457,1.779,1.614,-0.154,-0.682,-51.177,-0.007,1.614,5.711,3.095,0,3.546,10.0,4.467,4.837,0.292,1.566,0,0,0,OFFBOARD
722,RETURN,75.24,50.973,-0.507,1.763,1.614,-0.154,-0.682,-50.973,-0.057,1.614,5.758,3.047,0,3.562,10.0,4.429,4.397,0.419,1.547,0,0,0,OFFBOARD
723,RETURN,75.35,50.769,-0.532,1.745,1.614,-0.154,-0.682,-50.769,-0.082,1.614,5.656,3.019,0,4.082,10.0,4.39,3.954,0.548,1.53,0,0,0,OFFBOARD
724,RETURN,75.45,50.565,-0.534,1.727,1.614,-0.154,-0.682,-50.565,-0.084,1.614,5.458,2.946,0,4.178,10.0,4.349,3.508,0.673,1.516,0,0,0,OFFBOARD
725,RETURN,75.55,50.361,-0.513,1.708,1.614,-0.154,-0.682,-50.361,-0.063,1.614,5.258,2.746,0,4.002,10.0,4.308,3.062,0.805,1.505,0,0,0,OFFBOARD
726,RETURN,75.65,50.161,-0.472,1.689,1.614,-0.154,-0.682,-50.161,-0.022,1.614,5.996,3.172,0,3.886,10.0,4.253,2.614,0.921,1.496,0,0,0,OFFBOARD
727,RETURN,75.75,49.957,-0.41,1.669,1.614,-0.154,-0.682,-49.957,0.04,1.614,6.048,3.272,0,4.33,10.0,4.211,2.166,1.037,1.491,0,0,0,OFFBOARD
728,RETURN,75.85,49.753,-0.329,1.651,1.614,-0.154,-0.682,-49.753,0.121,1.614,5.848,3.336,0,4.399,10.0,4.171,1.717,1.144,1.488,0,0,0,OFFBOARD
729,RETURN,75.95,49.551,-0.233,1.633,1.614,-0.154,-0.682,-49.551,0.217,1.614,5.751,3.204,0,4.392,10.0,4.133,1.268,1.25,1.489,0,0,0,OFFBOARD
730,RETURN,76.06,49.349,-0.122,1.616,1.614,-0.154,-0.682,-49.349,0.328,1.614,5.963,3.704,0,4.192,10.0,4.097,0.818,1.342,1.491,0,0,0,OFFBOARD
731,RETURN,76.16,49.147,0.0,1.6,1.614,-0.154,-0.682,-49.147,0.45,1.614,5.962,3.897,0,4.173,10.0,4.062,0.369,1.425,1.496,0,0,0,OFFBOARD
732,RETURN,76.26,48.943,0.134,1.585,1.614,-0.154,-0.682,-48.943,0.584,1.614,5.958,3.792,0,4.548,10.0,4.028,-0.081,1.504,1.503,0,0,0,OFFBOARD
733,RETURN,76.36,48.741,0.274,1.573,1.614,-0.154,-0.682,-48.741,0.724,1.614,5.938,3.59,0,4.567,10.0,3.993,-0.531,1.571,1.512,0,0,0,OFFBOARD
734,RETURN,76.46,48.539,0.418,1.562,1.614,-0.154,-0.682,-48.539,0.868,1.614,5.884,3.392,0,4.537,10.0,3.963,-0.98,1.629,1.523,0,0,0,OFFBOARD
735,RETURN,76.56,48.335,0.567,1.553,1.614,-0.154,-0.682,-48.335,1.017,1.614,5.705,3.192,0,4.448,10.0,3.939,-1.43,1.679,1.535,0,0,0,OFFBOARD
736,RETURN,76.66,48.133,0.715,1.546,1.614,-0.154,-0.682,-48.133,1.165,1.614,5.18,2.99,0,4.246,6.947,3.922,-1.88,1.716,1.548,0,0,0,OFFBOARD
737,RETURN,76.77,47.929,0.862,1.54,1.614,-0.154,-0.682,-47.929,1.312,1.614,4.346,2.792,0,4.048,6.561,3.91,-2.329,1.741,1.559,0,0,0,OFFBOARD
738,RETURN,76.87,47.725,1.006,1.537,1.614,-0.154,-0.682,-47.725,1.456,1.614,3.935,2.592,0,3.848,5.35,3.904,-2.779,1.751,1.568,0,0,0,OFFBOARD
739,RETURN,76.97,47.523,1.143,1.535,1.614,-0.154,-0.682,-47.523,1.593,1.614,3.735,2.392,0,3.648,4.958,3.735,-3.0,1.744,1.576,0,0,0,OFFBOARD
740,RETURN,77.07,47.319,1.273,1.535,1.614,-0.154,-0.682,-47.319,1.724,1.614,3.667,2.324,0,3.58,4.842,3.667,-3.0,1.732,1.584,0,0,0,OFFBOARD
741,RETURN,77.17,47.117,1.394,1.537,1.614,-0.154,-0.682,-47.117,1.844,1.614,3.331,1.988,1,3.244,4.48,3.331,-3.0,1.688,1.592,0,0,0,OFFBOARD
742,RETURN,77.27,46.915,1.505,1.539,1.614,-0.154,-0.682,-46.915,1.955,1.614,3.135,1.792,1,3.048,4.305,3.135,-3.0,1.603,1.601,0,0,0,OFFBOARD
743,RETURN,77.37,46.713,1.604,1.542,1.614,-0.154,-0.682,-46.713,2.054,1.614,2.935,1.592,1,2.848,4.105,2.935,-3.0,1.486,1.612,0,0,0,OFFBOARD
744,RETURN,77.48,46.511,1.69,1.547,1.614,-0.154,-0.682,-46.511,2.14,1.614,2.735,1.392,1,2.648,3.905,2.735,-3.0,1.336,1.647,0,0,0,OFFBOARD
745,RETURN,77.58,46.307,1.762,1.552,1.614,-0.154,-0.682,-46.307,2.212,1.614,2.535,1.27,1,2.448,3.705,2.535,-3.0,1.157,1.683,0,0,0,OFFBOARD
746,RETURN,77.68,46.105,1.818,1.559,1.614,-0.154,-0.682,-46.105,2.268,1.614,2.335,1.179,1,2.251,3.505,2.335,-3.0,0.969,1.72,0,0,0,OFFBOARD
747,RETURN,77.78,45.901,1.855,1.568,1.614,-0.154,-0.682,-45.901,2.305,1.614,2.135,1.406,1,2.167,3.305,2.135,-3.0,0.805,1.736,0,0,0,OFFBOARD
748,RETURN,77.88,45.697,1.872,1.58,1.614,-0.154,-0.682,-45.697,2.322,1.614,1.935,1.37,1,2.659,3.105,1.935,-3.0,0.648,1.739,0,0,0,OFFBOARD
749,RETURN,77.98,45.497,1.867,1.592,1.614,-0.154,-0.682,-45.497,2.317,1.614,1.735,1.365,1,2.695,2.991,1.735,-3.0,0.499,1.732,0,0,0,OFFBOARD
750,RETURN,78.08,45.297,1.84,1.605,1.614,-0.154,-0.682,-45.297,2.29,1.614,1.686,1.376,1,2.633,3.889,1.463,-3.0,0.361,1.715,0,0,0,OFFBOARD
751,RETURN,78.19,45.087,1.787,1.618,1.614,-0.154,-0.682,-45.087,2.238,1.614,1.731,1.248,1,2.505,3.761,1.335,-3.0,0.222,1.692,0,0,0,OFFBOARD
752,RETURN,78.29,44.885,1.714,1.63,1.614,-0.154,-0.682,-44.885,2.164,1.614,1.953,1.491,1,2.357,3.573,1.279,-3.0,0.109,1.664,0,0,0,OFFBOARD
753,RETURN,78.39,44.681,1.619,1.639,1.614,-0.154,-0.682,-44.681,2.069,1.614,1.991,1.607,1,3.071,4.549,1.354,-3.0,-0.007,1.63,0,0,0,OFFBOARD
754,RETURN,78.49,44.479,1.507,1.647,1.614,-0.154,-0.682,-44.479,1.957,1.614,3.091,1.811,1,3.091,4.413,1.419,-3.0,-0.096,1.605,0,0,0,OFFBOARD
755,RETURN,78.59,44.275,1.378,1.651,1.614,-0.154,-0.682,-44.275,1.828,1.614,4.149,1.689,1,2.893,5.305,1.506,-3.0,-0.195,1.586,0,0,0,OFFBOARD
756,RETURN,78.69,44.073,1.237,1.652,1.614,-0.154,-0.682,-44.073,1.687,1.614,4.057,2.204,0,3.435,6.362,1.737,-3.0,-0.261,1.572,0,0,0,OFFBOARD
757,RETURN,78.8,43.871,1.087,1.651,1.614,-0.154,-0.682,-43.871,1.537,1.614,4.903,2.435,0,3.747,6.16,4.181,-3.0,-0.307,1.561,0,0,0,OFFBOARD
758,RETURN,78.9,43.669,0.93,1.648,1.614,-0.154,-0.682,-43.669,1.38,1.614,4.705,2.307,0,3.549,10.0,4.168,-3.0,-0.336,1.542,0,0,0,OFFBOARD
759,RETURN,79.0,43.465,0.768,1.643,1.614,-0.154,-0.682,-43.465,1.218,1.614,5.625,2.891,0,4.006,10.0,4.153,-3.0,-0.324,1.529,0,0,0,OFFBOARD
760,RETURN,79.1,43.263,0.608,1.636,1.614,-0.154,-0.682,-43.263,1.058,1.614,5.562,3.125,0,4.18,10.0,4.139,-3.0,-0.291,1.52,0,0,0,OFFBOARD
761,RETURN,79.2,43.061,0.45,1.628,1.614,-0.154,-0.682,-43.061,0.9,1.614,5.457,3.018,0,4.105,10.0,4.125,-3.0,-0.249,1.515,0,0,0,OFFBOARD
762,RETURN,79.3,42.859,0.298,1.619,1.614,-0.154,-0.682,-42.859,0.748,1.614,5.816,3.6,0,4.026,10.0,4.109,-3.0,-0.189,1.513,0,0,0,OFFBOARD
763,RETURN,79.4,42.655,0.154,1.61,1.614,-0.154,-0.682,-42.655,0.604,1.614,5.938,3.703,0,4.475,6.883,4.085,-3.0,-0.115,1.514,0,0,0,OFFBOARD
764,RETURN,79.5,42.453,0.023,1.6,1.614,-0.154,-0.682,-42.453,0.473,1.614,5.897,3.594,0,4.531,6.667,4.057,-3.0,-0.035,1.517,0,0,0,OFFBOARD
765,RETURN,79.61,42.249,-0.095,1.591,1.614,-0.154,-0.682,-42.249,0.355,1.614,5.818,3.451,0,4.407,6.467,4.03,-3.0,0.058,1.522,0,0,0,OFFBOARD
766,RETURN,79.71,42.047,-0.194,1.582,1.614,-0.154,-0.682,-42.047,0.256,1.614,5.761,3.333,0,4.283,6.267,4.004,-3.0,0.158,1.529,0,0,0,OFFBOARD
767,RETURN,79.81,41.845,-0.274,1.574,1.614,-0.154,-0.682,-41.845,0.176,1.614,5.714,3.568,0,4.162,6.067,3.982,-3.0,0.252,1.537,0,0,0,OFFBOARD
768,RETURN,79.91,41.641,-0.335,1.568,1.614,-0.154,-0.682,-41.641,0.115,1.614,5.678,3.495,0,4.05,5.865,3.963,-3.0,0.352,1.546,0,0,0,OFFBOARD
769,RETURN,80.01,41.441,-0.374,1.562,1.614,-0.154,-0.682,-41.441,0.076,1.614,5.656,3.439,0,4.465,5.667,3.949,-3.0,0.457,1.557,0,0,0,OFFBOARD
770,RETURN,80.11,41.237,-0.392,1.558,1.614,-0.154,-0.682,-41.237,0.058,1.614,5.467,3.41,0,4.594,5.467,3.939,-3.0,0.564,1.568,0,0,0,OFFBOARD
771,RETURN,80.21,41.035,-0.39,1.555,1.614,-0.154,-0.682,-41.035,0.06,1.614,5.267,3.362,0,4.618,5.267,3.932,-3.0,0.667,1.579,0,0,0,OFFBOARD
772,RETURN,80.32,40.829,-0.368,1.553,1.614,-0.154,-0.682,-40.829,0.082,1.614,5.067,3.162,0,4.418,5.067,3.93,-3.0,0.775,1.591,0,0,0,OFFBOARD
773,RETURN,80.42,40.627,-0.328,1.553,1.614,-0.154,-0.682,-40.627,0.122,1.614,4.801,3.495,0,4.267,4.801,3.932,-3.0,0.873,1.603,0,0,0,OFFBOARD
774,RETURN,80.52,40.423,-0.271,1.554,1.614,-0.154,-0.682,-40.423,0.179,1.614,4.601,3.599,0,4.606,4.601,3.939,-3.0,0.97,1.615,0,0,0,OFFBOARD
775,RETURN,80.62,40.221,-0.199,1.556,1.614,-0.154,-0.682,-40.221,0.251,1.614,4.54,3.679,0,4.678,4.674,3.948,-3.0,1.066,1.627,0,0,0,OFFBOARD
776,RETURN,80.72,40.019,-0.114,1.56,1.614,-0.154,-0.682,-40.019,0.336,1.614,5.013,3.552,0,4.671,5.106,3.959,-3.0,1.165,1.638,0,0,0,OFFBOARD
777,RETURN,80.82,39.817,-0.018,1.565,1.614,-0.154,-0.682,-39.817,0.433,1.614,5.83,3.571,0,4.606,10.0,3.972,-3.0,1.261,1.648,0,0,0,OFFBOARD
778,RETURN,80.92,39.613,0.09,1.57,1.614,-0.154,-0.682,-39.613,0.54,1.614,5.752,3.485,0,4.408,10.0,3.985,-3.0,1.361,1.657,0,0,0,OFFBOARD
779,RETURN,81.03,39.411,0.204,1.577,1.614,-0.154,-0.682,-39.411,0.654,1.614,5.715,3.568,0,4.208,10.0,3.998,-3.0,1.456,1.666,0,0,0,OFFBOARD
780,RETURN,81.13,39.209,0.325,1.584,1.614,-0.154,-0.682,-39.209,0.775,1.614,5.784,3.401,0,4.139,10.0,4.011,-3.0,1.551,1.673,0,0,0,OFFBOARD
781,RETURN,81.23,39.005,0.452,1.591,1.614,-0.154,-0.682,-39.005,0.902,1.614,5.815,3.201,0,4.139,10.0,4.027,-3.0,1.643,1.68,0,0,0,OFFBOARD
782,RETURN,81.33,38.803,0.581,1.599,1.614,-0.154,-0.682,-38.803,1.031,1.614,5.782,2.997,0,4.257,10.0,4.044,-3.0,1.728,1.685,0,0,0,OFFBOARD
783,RETURN,81.43,38.601,0.712,1.607,1.614,-0.154,-0.682,-38.601,1.162,1.614,5.75,3.097,0,4.18,10.0,4.061,-3.0,1.796,1.689,0,0,0,OFFBOARD
784,RETURN,81.53,38.399,0.844,1.615,1.614,-0.154,-0.682,-38.399,1.294,1.614,5.652,2.906,0,4.098,10.0,4.072,-3.0,1.84,1.691,0,0,0,OFFBOARD
785,RETURN,81.63,38.197,0.975,1.623,1.614,-0.154,-0.682,-38.197,1.425,1.614,5.365,2.714,0,3.902,6.964,4.099,-3.0,1.867,1.693,0,0,0,OFFBOARD
786,RETURN,81.73,37.993,1.107,1.63,1.614,-0.154,-0.682,-37.993,1.557,1.614,5.053,2.522,0,3.701,6.577,4.118,-3.0,1.863,1.686,0,0,0,OFFBOARD
787,RETURN,81.84,37.791,1.234,1.637,1.614,-0.154,-0.682,-37.791,1.684,1.614,4.77,2.326,0,3.532,6.377,4.137,-3.0,1.843,1.67,0,0,0,OFFBOARD
788,RETURN,81.94,37.589,1.357,1.644,1.614,-0.154,-0.682,-37.589,1.807,1.614,3.86,2.126,0,3.388,6.163,4.156,-3.0,1.803,1.648,0,0,0,OFFBOARD
789,RETURN,82.04,37.387,1.474,1.649,1.614,-0.154,-0.682,-37.387,1.924,1.614,3.582,1.928,1,3.211,4.758,4.166,-3.0,1.743,1.629,0,0,0,OFFBOARD
790,RETURN,82.14,37.185,1.583,1.652,1.614,-0.154,-0.682,-37.185,2.033,1.614,3.321,1.749,1,3.03,4.521,4.127,-3.0,1.66,1.615,0,0,0,OFFBOARD
791,RETURN,82.24,36.983,1.682,1.653,1.614,-0.154,-0.682,-36.983,2.132,1.614,3.066,1.592,1,2.872,4.321,4.014,-3.0,1.554,1.638,0,0,0,OFFBOARD
792,RETURN,82.34,36.779,1.768,1.654,1.614,-0.154,-0.682,-36.779,2.218,1.614,2.86,1.455,1,2.727,4.117,3.849,-3.0,1.425,1.667,0,0,0,OFFBOARD
793,RETURN,82.44,36.577,1.839,1.654,1.614,-0.154,-0.682,-36.577,2.289,1.614,2.662,1.345,1,2.584,3.919,3.628,-3.0,1.273,1.698,0,0,0,OFFBOARD
794,RETURN,82.54,36.373,1.894,1.655,1.614,-0.154,-0.682,-36.373,2.344,1.614,2.496,1.208,1,2.454,3.707,3.439,-3.0,1.099,1.73,0,0,0,OFFBOARD
795,RETURN,82.65,36.171,1.929,1.657,1.614,-0.154,-0.682,-36.171,2.379,1.614,2.384,1.008,1,2.264,3.521,3.283,-3.0,0.899,1.764,0,0,0,OFFBOARD
796,RETURN,82.75,35.967,1.944,1.661,1.614,-0.154,-0.682,-35.967,2.394,1.614,2.996,0.896,1,2.06,3.317,3.232,-3.0,0.697,1.798,0,0,0,OFFBOARD
797,RETURN,82.85,35.767,1.938,1.668,1.614,-0.154,-0.682,-35.767,2.388,1.614,3.071,1.194,1,1.864,3.121,3.121,-3.0,0.495,1.833,0,0,0,OFFBOARD
798,RETURN,82.95,35.569,1.91,1.677,1.614,-0.154,-0.682,-35.569,2.36,1.614,2.855,1.231,1,2.368,2.855,2.855,-3.0,0.283,1.87,0,0,0,OFFBOARD
799,RETURN,83.05,35.359,1.856,1.688,1.614,-0.154,-0.682,-35.359,2.306,1.614,2.655,1.298,1,2.533,2.864,3.35,-3.0,0.065,1.908,0,0,0,OFFBOARD
800,RETURN,83.15,35.157,1.781,1.702,1.614,-0.154,-0.682,-35.157,2.231,1.614,3.4,1.198,1,2.455,3.711,3.711,-3.0,-0.146,1.946,0,0,0,OFFBOARD
801,RETURN,83.26,34.953,1.683,1.719,1.614,-0.154,-0.682,-34.953,2.133,1.614,3.511,1.216,1,2.255,3.526,3.663,-3.0,-0.317,1.984,0,0,0,OFFBOARD
802,RETURN,83.36,34.749,1.564,1.738,1.614,-0.154,-0.682,-34.749,2.014,1.614,3.311,1.649,1,2.927,4.567,4.091,-3.0,-0.447,1.968,0,0,0,OFFBOARD
803,RETURN,83.46,34.547,1.427,1.758,1.614,-0.154,-0.682,-34.547,1.878,1.614,3.998,1.855,1,3.078,4.483,4.367,-3.0,-0.545,1.949,0,0,0,OFFBOARD
804,RETURN,83.56,34.345,1.277,1.778,1.614,-0.154,-0.682,-34.345,1.727,1.614,4.165,1.712,1,2.909,5.421,4.476,-3.0,-0.625,1.926,0,0,0,OFFBOARD
805,RETURN,83.66,34.143,1.115,1.797,1.614,-0.154,-0.682,-34.143,1.565,1.614,3.967,2.182,0,2.873,6.48,4.524,-3.0,-0.664,1.902,0,0,0,OFFBOARD
806,RETURN,83.76,33.941,0.946,1.814,1.614,-0.154,-0.682,-33.941,1.396,1.614,4.815,2.423,0,3.513,6.283,4.561,-3.0,-0.687,1.874,0,0,0,OFFBOARD
807,RETURN,83.86,33.739,0.772,1.828,1.614,-0.154,-0.682,-33.739,1.222,1.614,4.821,2.33,0,3.565,10.0,4.592,-3.0,-0.696,1.845,0,0,0,OFFBOARD
808,RETURN,83.96,33.537,0.594,1.839,1.614,-0.154,-0.682,-33.537,1.044,1.614,4.655,2.894,0,3.365,10.0,4.617,-3.0,-0.671,1.815,0,0,0,OFFBOARD
809,RETURN,84.07,33.333,0.412,1.847,1.614,-0.154,-0.682,-33.333,0.863,1.614,5.588,3.167,0,3.792,10.0,4.636,-3.0,-0.632,1.784,0,0,0,OFFBOARD
810,RETURN,84.17,33.131,0.234,1.851,1.614,-0.154,-0.682,-33.131,0.684,1.614,5.48,3.047,0,3.915,10.0,4.65,-3.0,-0.579,1.754,0,0,0,OFFBOARD
811,RETURN,84.27,32.929,0.061,1.851,1.614,-0.154,-0.682,-32.929,0.511,1.614,5.278,3.684,0,3.97,10.0,4.66,-3.0,-0.501,1.724,0,0,0,OFFBOARD
812,RETURN,84.37,32.727,-0.105,1.849,1.614,-0.154,-0.682,-32.727,0.345,1.614,5.122,3.453,0,3.821,10.0,4.653,-3.0,-0.408,1.694,0,0,0,OFFBOARD
813,RETURN,84.47,32.523,-0.26,1.842,1.614,-0.154,-0.682,-32.523,0.19,1.614,5.103,3.253,0,3.636,10.0,4.631,-3.0,-0.301,1.664,0,0,0,OFFBOARD
814,RETURN,84.57,32.321,-0.397,1.833,1.614,-0.154,-0.682,-32.321,0.053,1.614,5.594,3.083,0,3.609,10.0,4.602,-3.0,-0.185,1.634,0,0,0,OFFBOARD
815,RETURN,84.67,32.117,-0.516,1.822,1.614,-0.154,-0.682,-32.117,-0.066,1.614,5.53,2.948,0,3.97,10.0,4.567,-3.0,-0.061,1.606,0,0,0,OFFBOARD
816,RETURN,84.78,31.915,-0.611,1.807,1.614,-0.154,-0.682,-31.915,-0.161,1.614,5.536,2.842,0,3.981,10.0,4.531,-3.0,0.078,1.58,0,0,0,OFFBOARD
817,RETURN,84.88,31.711,-0.682,1.791,1.614,-0.154,-0.682,-31.711,-0.232,1.614,5.336,2.764,0,3.877,10.0,4.491,-3.0,0.224,1.556,0,0,0,OFFBOARD
818,RETURN,84.98,31.509,-0.726,1.773,1.614,-0.154,-0.682,-31.509,-0.276,1.614,5.136,2.623,0,3.801,10.0,4.449,-3.0,0.37,1.535,0,0,0,OFFBOARD
819,RETURN,85.08,31.305,-0.745,1.753,1.614,-0.154,-0.682,-31.305,-0.295,1.614,4.936,2.426,0,3.68,10.0,4.405,-3.0,0.524,1.517,0,0,0,OFFBOARD
820,RETURN,85.18,31.101,-0.737,1.733,1.614,-0.154,-0.682,-31.101,-0.287,1.614,4.917,2.45,0,3.569,10.0,4.36,-3.0,0.672,1.502,0,0,0,OFFBOARD
821,RETURN,85.28,30.899,-0.704,1.712,1.614,-0.154,-0.682,-30.899,-0.254,1.614,5.635,2.815,0,4.036,10.0,4.313,-3.0,0.809,1.49,0,0,0,OFFBOARD
822,RETURN,85.38,30.699,-0.649,1.691,1.614,-0.154,-0.682,-30.699,-0.199,1.614,5.524,2.925,0,4.199,10.0,4.251,-3.0,0.944,1.482,0,0,0,OFFBOARD
823,RETURN,85.49,30.497,-0.572,1.67,1.614,-0.154,-0.682,-30.497,-0.122,1.614,5.324,2.812,0,4.068,10.0,4.207,-3.0,1.074,1.476,0,0,0,OFFBOARD
824,RETURN,85.59,30.287,-0.471,1.648,1.614,-0.154,-0.682,-30.287,-0.021,1.614,6.001,3.191,0,3.96,10.0,4.163,-3.0,1.187,1.474,0,0,0,OFFBOARD
825,RETURN,85.69,30.083,-0.355,1.629,1.614,-0.154,-0.682,-30.083,0.095,1.614,5.973,3.396,0,4.421,10.0,4.122,-3.0,1.297,1.475,0,0,0,OFFBOARD
826,RETURN,85.79,29.881,-0.225,1.61,1.614,-0.154,-0.682,-29.881,0.225,1.614,5.955,3.468,0,4.523,10.0,4.083,-3.0,1.396,1.478,0,0,0,OFFBOARD
827,RETURN,85.89,29.677,-0.082,1.593,1.614,-0.154,-0.682,-29.677,0.368,1.614,5.848,3.45,0,4.524,10.0,4.046,-3.0,1.49,1.484,0,0,0,OFFBOARD
828,RETURN,86.0,29.475,0.071,1.578,1.614,-0.154,-0.682,-29.475,0.521,1.614,5.783,4.011,0,4.324,10.0,4.01,-3.0,1.57,1.492,0,0,0,OFFBOARD
829,RETURN,86.1,29.271,0.231,1.564,1.614,-0.154,-0.682,-29.271,0.682,1.614,5.786,3.817,0,4.21,10.0,3.972,-3.0,1.639,1.503,0,0,0,OFFBOARD
830,RETURN,86.2,29.069,0.395,1.552,1.614,-0.154,-0.682,-29.069,0.845,1.614,5.803,3.586,0,4.319,10.0,3.94,-3.0,1.7,1.515,0,0,0,OFFBOARD
831,RETURN,86.3,28.865,0.562,1.543,1.614,-0.154,-0.682,-28.865,1.012,1.614,5.777,3.366,0,4.431,10.0,3.913,-3.0,1.742,1.529,0,0,0,OFFBOARD
832,RETURN,86.4,28.663,0.727,1.535,1.614,-0.154,-0.682,-28.663,1.177,1.614,5.74,3.146,0,4.37,10.0,3.874,-3.0,1.77,1.543,0,0,0,OFFBOARD
833,RETURN,86.5,28.459,0.89,1.53,1.614,-0.154,-0.682,-28.459,1.34,1.614,5.661,2.922,0,4.271,10.0,3.795,-3.0,1.785,1.558,0,0,0,OFFBOARD
834,RETURN,86.6,28.257,1.047,1.527,1.614,-0.154,-0.682,-28.257,1.497,1.614,5.531,2.707,0,4.065,6.889,3.184,-3.0,1.786,1.573,0,0,0,OFFBOARD
835,RETURN,86.71,28.055,1.196,1.526,1.614,-0.154,-0.682,-28.055,1.646,1.614,2.885,2.497,0,3.865,2.91,2.866,-3.0,1.762,1.583,0,0,0,OFFBOARD
836,RETURN,86.81,27.851,1.337,1.527,1.614,-0.154,-0.682,-27.851,1.787,1.614,2.646,2.27,0,3.718,2.674,2.624,-3.0,1.715,1.589,0,0,0,OFFBOARD
837,RETURN,86.91,27.649,1.466,1.529,1.614,-0.154,-0.682,-27.649,1.916,1.614,2.44,2.052,0,3.547,2.461,2.414,-3.0,1.636,1.589,0,0,0,OFFBOARD
838,RETURN,87.01,27.447,1.582,1.532,1.614,-0.154,-0.682,-27.447,2.032,1.614,2.244,1.855,1,3.321,2.26,2.221,-3.0,1.522,1.584,0,0,0,OFFBOARD
839,RETURN,87.11,27.245,1.684,1.536,1.614,-0.154,-0.682,-27.245,2.134,1.614,2.041,1.699,1,3.142,2.06,2.031,-3.0,1.393,1.594,0,0,0,OFFBOARD
840,RETURN,87.21,27.043,1.77,1.54,1.614,-0.154,-0.682,-27.043,2.22,1.614,1.842,1.568,1,2.994,1.86,1.835,-3.0,1.262,1.614,0,0,0,OFFBOARD
841,RETURN,87.31,26.841,1.839,1.545,1.614,-0.154,-0.682,-26.841,2.289,1.614,1.636,1.462,1,2.863,1.659,1.637,-3.0,1.133,1.628,0,0,0,OFFBOARD
842,RETURN,87.41,26.637,1.888,1.551,1.614,-0.154,-0.682,-26.637,2.338,1.614,1.432,1.381,1,2.703,1.456,1.437,-3.0,1.042,1.636,0,0,0,OFFBOARD
843,RETURN,87.52,26.435,1.916,1.557,1.614,-0.154,-0.682,-26.435,2.366,1.614,1.231,1.231,1,2.436,1.257,1.23,-3.0,0.95,1.629,0,0,0,OFFBOARD
844,RETURN,87.62,26.231,1.923,1.564,1.614,-0.154,-0.682,-26.231,2.373,1.614,1.021,1.021,1,1.107,1.064,1.021,-3.0,0.874,1.613,0,0,0,OFFBOARD
845,RETURN,87.72,26.029,1.907,1.571,1.614,-0.154,-0.682,-26.029,2.357,1.614,0.807,0.807,1,0.886,0.878,0.81,-3.0,0.915,1.592,0,0,0,OFFBOARD
846,RETURN,87.82,25.827,1.872,1.576,1.614,-0.154,-0.682,-25.827,2.322,1.614,0.545,0.545,1,0.623,0.634,0.527,-3.0,1.006,1.565,0,1,0,OFFBOARD
847,RETURN,87.92,25.627,1.818,1.58,1.614,-0.154,-0.682,-25.627,2.269,1.614,0.404,0.404,1,0.43,0.446,0.351,-3.0,1.121,1.534,0,1,0,OFFBOARD
848,RETURN,88.02,25.428,1.751,1.583,1.614,-0.154,-0.682,-25.428,2.201,1.614,0.244,0.233,1,0.239,0.25,0.245,-3.0,1.412,1.501,1,0,0,OFFBOARD
849,RETURN,88.12,25.436,1.744,1.592,1.614,-0.154,-0.682,-25.436,2.194,1.614,0.244,0.235,1,0.244,0.247,0.263,-3.0,1.677,1.465,1,0,0,OFFBOARD
850,RETURN,88.23,25.444,1.733,1.593,1.614,-0.154,-0.682,-25.444,2.183,1.614,0.261,0.24,1,0.253,0.275,0.239,-3.0,1.96,1.429,1,0,0,OFFBOARD
851,RETURN,88.33,25.45,1.72,1.591,1.614,-0.154,-0.682,-25.45,2.17,1.614,0.242,0.23,1,0.264,0.292,0.207,-3.0,2.232,1.391,1,0,0,OFFBOARD
852,RETURN,88.43,25.454,1.711,1.593,1.614,-0.154,-0.682,-25.454,2.161,1.614,0.229,0.19,1,0.307,0.276,0.197,-3.0,2.483,1.352,1,0,0,OFFBOARD
853,RETURN,88.53,25.453,1.707,1.596,1.614,-0.154,-0.682,-25.453,2.157,1.614,0.26,0.176,1,3.781,0.287,0.23,-3.0,2.5,1.314,1,0,0,OFFBOARD
854,RETURN,88.63,25.448,1.703,1.606,1.614,-0.154,-0.682,-25.448,2.153,1.614,2.768,0.191,1,3.806,3.067,2.278,-3.0,2.5,1.274,1,0,0,OFFBOARD
855,RETURN,88.73,25.44,1.698,1.614,1.614,-0.154,-0.682,-25.44,2.148,1.614,2.753,0.222,1,3.848,3.158,2.297,-3.0,2.5,1.235,1,0,0,OFFBOARD
856,RETURN,88.83,25.429,1.69,1.618,1.614,-0.154,-0.682,-25.429,2.14,1.614,2.768,0.26,1,3.882,3.148,2.298,-3.0,2.5,1.196,1,0,0,OFFBOARD
857,RETURN,88.93,25.415,1.677,1.619,1.614,-0.154,-0.682,-25.415,2.127,1.614,2.78,0.323,1,3.897,3.131,2.297,-3.0,2.5,1.157,1,0,0,OFFBOARD
858,RETURN,89.04,25.397,1.658,1.617,1.614,-0.154,-0.682,-25.397,2.108,1.614,2.772,0.367,1,3.875,3.084,2.293,-3.0,2.467,1.12,0,1,0,OFFBOARD
859,RETURN,89.14,25.378,1.637,1.612,1.614,-0.154,-0.682,-25.378,2.087,1.614,2.728,1.466,1,3.828,3.009,2.282,-3.0,2.318,1.084,0,0,0,OFFBOARD
860,RETURN,89.24,25.357,1.615,1.605,1.614,-0.154,-0.682,-25.357,2.065,1.614,2.727,1.465,1,3.786,2.984,2.276,-3.0,2.167,1.048,0,0,0,OFFBOARD
861,RETURN,89.34,25.315,1.579,1.589,1.614,-0.154,-0.682,-25.315,2.029,1.614,2.733,1.475,1,3.753,3.006,2.268,-3.0,2.018,1.015,0,0,0,OFFBOARD
862,RETURN,89.44,25.276,1.551,1.574,1.614,-0.154,-0.682,-25.276,2.001,1.614,2.749,1.521,1,3.746,3.314,2.288,-3.0,1.875,0.984,0,0,0,OFFBOARD
863,RETURN,89.54,25.235,1.529,1.555,1.614,-0.154,-0.682,-25.235,1.979,1.614,2.746,1.567,1,3.805,3.417,2.291,-3.0,1.744,0.956,0,0,0,OFFBOARD
864,RETURN,89.64,25.164,1.486,1.526,1.614,-0.154,-0.682,-25.163,1.936,1.614,2.76,1.679,1,4.721,3.555,2.292,-3.0,1.626,0.933,0,0,0,OFFBOARD
865,RETURN,89.75,25.06,1.42,1.488,1.614,-0.154,-0.682,-25.06,1.87,1.614,2.831,2.042,0,4.813,3.85,2.326,-3.0,1.534,0.915,0,0,0,OFFBOARD
866,RETURN,89.85,24.932,1.334,1.445,1.614,-0.154,-0.682,-24.931,1.784,1.614,2.985,2.196,0,5.643,4.221,2.408,-3.0,1.494,0.908,0,0,0,OFFBOARD
867,RETURN,89.95,24.781,1.229,1.399,1.614,-0.154,-0.682,-24.781,1.679,1.614,3.256,2.29,0,5.545,4.879,2.547,-3.0,1.479,0.912,0,0,0,OFFBOARD
868,RETURN,90.05,24.614,1.112,1.352,1.614,-0.154,-0.682,-24.614,1.563,1.614,3.693,2.736,0,5.423,5.858,2.725,-3.0,1.474,0.927,0,0,0,OFFBOARD
869,RETURN,90.15,24.437,0.998,1.306,1.614,-0.154,-0.682,-24.437,1.448,1.614,4.035,3.002,0,5.04,5.999,2.924,-3.0,1.466,0.951,0,0,0,OFFBOARD
870,RETURN,90.25,24.254,0.898,1.262,1.614,-0.154,-0.682,-24.254,1.348,1.614,4.245,2.858,0,4.748,5.785,3.064,-3.0,1.463,0.989,0,0,0,OFFBOARD
871,RETURN,90.35,24.067,0.833,1.222,1.614,-0.154,-0.682,-24.067,1.283,1.614,4.401,2.907,0,4.759,5.538,3.147,-3.0,1.464,1.037,0,0,0,OFFBOARD
872,RETURN,90.46,23.882,0.813,1.188,1.614,-0.154,-0.682,-23.882,1.263,1.614,4.362,2.789,0,4.829,5.36,3.113,-3.0,1.464,1.095,0,0,0,OFFBOARD
873,RETURN,90.56,23.693,0.843,1.159,1.614,-0.154,-0.682,-23.693,1.293,1.614,4.206,2.758,0,4.661,5.181,3.007,-3.0,1.462,1.158,0,0,0,OFFBOARD
874,RETURN,90.66,23.505,0.919,1.138,1.614,-0.154,-0.682,-23.505,1.369,1.614,4.018,2.829,0,4.504,5.067,2.878,-3.0,1.46,1.224,0,0,0,OFFBOARD
875,RETURN,90.76,23.313,1.032,1.124,1.614,-0.154,-0.682,-23.313,1.482,1.614,3.886,3.003,0,5.032,5.331,2.777,-3.0,1.46,1.29,0,0,0,OFFBOARD
876,RETURN,90.86,23.117,1.171,1.117,1.614,-0.154,-0.682,-23.117,1.621,1.614,3.842,2.893,0,5.041,6.155,2.718,-3.0,1.446,1.358,0,0,0,OFFBOARD
877,RETURN,90.96,22.917,1.324,1.119,1.614,-0.154,-0.682,-22.917,1.774,1.614,3.899,2.628,0,4.88,5.996,2.697,-3.0,1.414,1.427,0,0,0,OFFBOARD
878,RETURN,91.07,22.716,1.481,1.128,1.614,-0.154,-0.682,-22.716,1.931,1.614,4.017,2.321,0,4.587,5.751,2.722,-3.0,1.356,1.495,0,0,0,OFFBOARD
879,RETURN,91.17,22.509,1.636,1.144,1.614,-0.154,-0.682,-22.509,2.086,1.614,4.067,2.025,0,3.667,5.493,2.803,-3.0,1.267,1.565,0,0,0,OFFBOARD
880,RETURN,91.27,22.301,1.783,1.167,1.614,-0.154,-0.682,-22.301,2.233,1.614,4.194,1.768,1,3.316,4.723,2.913,-3.0,1.168,1.603,0,0,0,OFFBOARD
881,RETURN,91.37,22.093,1.915,1.195,1.614,-0.154,-0.682,-22.093,2.365,1.614,4.078,1.586,1,3.124,4.374,2.966,-3.0,1.06,1.619,0,0,0,OFFBOARD
882,RETURN,91.47,21.886,2.028,1.227,1.614,-0.154,-0.682,-21.886,2.478,1.614,3.133,1.359,1,2.933,3.138,2.713,-3.0,0.935,1.618,0,0,0,OFFBOARD
883,RETURN,91.57,21.678,2.118,1.262,1.614,-0.154,-0.682,-21.678,2.568,1.614,2.734,1.163,1,2.734,2.728,2.286,-3.0,0.778,1.605,0,0,0,OFFBOARD
884,RETURN,91.67,21.474,2.18,1.296,1.614,-0.154,-0.682,-21.474,2.63,1.614,2.518,1.015,1,2.532,2.525,2.119,-3.0,0.602,1.586,0,0,0,OFFBOARD
885,RETURN,91.78,21.27,2.211,1.33,1.614,-0.154,-0.682,-21.27,2.661,1.614,2.32,0.938,1,2.332,2.325,2.051,-3.0,0.413,1.563,0,0,0,OFFBOARD
886,RETURN,91.88,21.068,2.209,1.36,1.614,-0.154,-0.682,-21.068,2.659,1.614,2.123,0.926,1,2.131,2.127,1.999,-3.0,0.228,1.537,0,0,0,OFFBOARD
887,RETURN,91.98,20.864,2.171,1.388,1.614,-0.154,-0.682,-20.864,2.621,1.614,1.931,0.774,1,1.931,1.931,1.928,-3.0,0.03,1.507,0,1,0,OFFBOARD
888,RETURN,92.08,20.662,2.1,1.412,1.614,-0.154,-0.682,-20.662,2.55,1.614,2.782,1.014,1,1.83,2.758,1.767,-3.0,-0.126,1.476,0,0,0,OFFBOARD
889,RETURN,92.18,20.458,1.998,1.431,1.614,-0.154,-0.682,-20.458,2.448,1.614,2.785,1.13,1,2.551,2.79,2.513,-3.0,-0.273,1.443,0,0,0,OFFBOARD
890,RETURN,92.28,20.256,1.873,1.446,1.614,-0.154,-0.682,-20.256,2.324,1.614,2.59,1.307,1,2.579,2.606,2.52,-3.0,-0.406,1.408,0,0,0,OFFBOARD
891,RETURN,92.38,20.052,1.731,1.456,1.614,-0.154,-0.682,-20.052,2.181,1.614,2.344,1.242,1,2.383,2.349,2.29,-3.0,-0.536,1.374,0,0,0,OFFBOARD
892,RETURN,92.49,19.846,1.576,1.461,1.614,-0.154,-0.682,-19.846,2.026,1.614,2.076,1.765,1,3.107,2.086,2.043,-3.0,-0.662,1.373,0,0,0,OFFBOARD
893,RETURN,92.59,19.643,1.416,1.462,1.614,-0.154,-0.682,-19.643,1.866,1.614,1.834,1.725,1,3.165,1.871,1.787,-3.0,-0.809,1.38,0,0,0,OFFBOARD
894,RETURN,92.69,19.433,1.246,1.461,1.614,-0.154,-0.682,-19.433,1.696,1.614,4.302,1.453,1,3.593,5.622,3.695,-3.0,-0.988,1.393,0,0,0,OFFBOARD
895,RETURN,92.79,19.232,1.08,1.457,1.614,-0.154,-0.682,-19.232,1.531,1.614,5.271,1.29,1,3.987,6.54,3.707,-3.0,-1.08,1.41,0,0,0,OFFBOARD
896,RETURN,92.89,19.018,0.902,1.453,1.614,-0.154,-0.682,-19.018,1.352,1.614,5.098,2.563,0,3.815,10.0,3.717,-3.0,-1.129,1.422,0,0,0,OFFBOARD
897,RETURN,92.99,18.81,0.727,1.449,1.614,-0.154,-0.682,-18.81,1.177,1.614,5.556,3.116,0,4.467,10.0,3.723,-3.0,-1.134,1.438,0,0,0,OFFBOARD
898,RETURN,93.1,18.605,0.55,1.446,1.614,-0.154,-0.682,-18.605,1.0,1.614,5.649,3.347,0,4.643,10.0,3.725,-3.0,-1.112,1.457,0,0,0,OFFBOARD
899,RETURN,93.2,18.398,0.367,1.444,1.614,-0.154,-0.682,-18.398,0.817,1.614,5.629,3.263,0,4.464,10.0,3.723,-3.0,-1.078,1.477,0,0,0,OFFBOARD
900,RETURN,93.3,18.192,0.18,1.443,1.614,-0.154,-0.682,-18.192,0.63,1.614,5.657,3.867,0,4.458,10.0,3.718,-3.0,-1.024,1.5,0,0,0,OFFBOARD
901,RETURN,93.4,17.988,-0.007,1.443,1.614,-0.154,-0.682,-17.988,0.443,1.614,5.65,4.047,0,4.845,10.0,3.713,-3.0,-0.956,1.524,0,0,0,OFFBOARD
902,RETURN,93.5,17.884,-0.03,1.43,1.614,-0.154,-0.682,-17.884,0.42,1.614,5.375,3.134,0,4.11,6.898,3.826,-3.0,-0.849,1.552,0,0,0,OFFBOARD
903,RETURN,93.6,17.818,0.018,1.419,1.614,-0.154,-0.682,-17.818,0.468,1.614,4.335,0.318,1,3.84,4.58,3.537,-3.0,-0.58,1.582,1,0,0,OFFBOARD
904,RETURN,93.7,17.744,0.076,1.415,1.614,-0.154,-0.682,-17.744,0.526,1.614,3.853,2.39,0,3.276,3.918,3.019,-3.0,-0.497,1.613,0,0,0,OFFBOARD
905,RETURN,93.81,17.652,0.144,1.417,1.614,-0.154,-0.682,-17.652,0.594,1.614,3.337,2.446,0,3.238,3.543,2.608,-3.0,-0.433,1.644,0,0,0,OFFBOARD
906,RETURN,93.91,17.529,0.217,1.425,1.614,-0.154,-0.682,-17.529,0.667,1.614,2.927,2.496,0,3.2,3.355,2.357,-3.0,-0.382,1.673,0,0,0,OFFBOARD
907,RETURN,94.01,17.375,0.284,1.438,1.614,-0.154,-0.682,-17.375,0.735,1.614,2.744,2.456,0,3.139,3.288,2.238,-3.0,-0.336,1.7,0,0,0,OFFBOARD
908,RETURN,94.11,17.189,0.341,1.453,1.614,-0.154,-0.682,-17.189,0.791,1.614,2.734,2.533,0,3.123,3.285,2.225,-3.0,-0.279,1.724,0,0,0,OFFBOARD
909,RETURN,94.21,16.976,0.381,1.472,1.614,-0.154,-0.682,-16.976,0.831,1.614,2.881,2.539,0,3.063,3.327,2.303,-3.0,-0.202,1.745,0,0,0,OFFBOARD
910,RETURN,94.31,16.741,0.403,1.493,1.614,-0.154,-0.682,-16.741,0.853,1.614,3.127,2.523,0,3.003,3.378,2.472,-3.0,-0.096,1.763,0,0,0,OFFBOARD
911,RETURN,94.41,16.493,0.407,1.516,1.614,-0.154,-0.682,-16.493,0.857,1.614,3.376,2.651,0,2.92,3.472,2.749,-3.0,0.043,1.778,0,0,0,OFFBOARD
912,RETURN,94.52,16.241,0.398,1.539,1.614,-0.154,-0.682,-16.241,0.848,1.614,3.398,2.591,0,3.093,3.57,3.119,-3.0,0.21,1.79,0,0,0,OFFBOARD
913,RETURN,94.62,15.983,0.38,1.563,1.614,-0.154,-0.682,-15.983,0.83,1.614,3.298,2.446,0,3.037,3.526,3.554,-3.0,0.386,1.8,0,0,0,OFFBOARD
914,RETURN,94.72,15.727,0.358,1.587,1.614,-0.154,-0.682,-15.727,0.808,1.614,3.46,2.649,0,2.87,3.778,3.792,-3.0,0.548,1.806,0,0,0,OFFBOARD
915,RETURN,94.82,15.474,0.339,1.609,1.614,-0.154,-0.682,-15.474,0.789,1.614,3.606,2.624,0,3.183,3.884,3.999,-3.0,0.714,1.809,0,0,0,OFFBOARD
916,RETURN,94.92,15.215,0.328,1.632,1.614,-0.154,-0.682,-15.215,0.778,1.614,3.991,2.762,0,3.124,4.477,4.566,-3.0,0.863,1.808,0,0,0,OFFBOARD
917,RETURN,95.02,14.961,0.329,1.653,1.614,-0.154,-0.682,-14.961,0.779,1.614,4.089,2.848,0,3.513,4.949,4.746,-3.0,0.973,1.805,0,0,0,OFFBOARD
918,RETURN,95.12,14.707,0.345,1.672,1.614,-0.154,-0.682,-14.707,0.796,1.614,4.787,3.134,0,3.561,5.866,4.776,-3.0,1.068,1.799,0,0,0,OFFBOARD
919,RETURN,95.23,14.451,0.382,1.69,1.614,-0.154,-0.682,-14.451,0.832,1.614,5.503,3.299,0,3.972,10.0,4.709,-3.0,1.138,1.79,0,0,0,OFFBOARD
920,RETURN,95.33,14.196,0.438,1.706,1.614,-0.154,-0.682,-14.196,0.889,1.614,5.301,3.632,0,3.894,10.0,4.686,-3.0,1.192,1.779,0,0,0,OFFBOARD
921,RETURN,95.43,13.947,0.516,1.719,1.614,-0.154,-0.682,-13.947,0.966,1.614,5.049,2.759,0,3.697,10.0,4.736,-3.0,1.211,1.766,0,0,0,OFFBOARD
922,RETURN,95.53,13.7,0.612,1.73,1.614,-0.154,-0.682,-13.7,1.062,1.614,3.782,2.459,0,3.358,5.883,4.882,-3.0,1.196,1.751,0,0,0,OFFBOARD
923,RETURN,95.63,13.46,0.715,1.739,1.614,-0.154,-0.682,-13.46,1.165,1.614,3.479,2.255,0,3.048,4.733,4.742,-3.0,1.147,1.735,0,0,0,OFFBOARD
924,RETURN,95.73,13.225,0.812,1.745,1.614,-0.154,-0.682,-13.225,1.262,1.614,3.259,2.065,0,2.889,4.057,4.34,-3.0,1.076,1.718,0,0,0,OFFBOARD
925,RETURN,95.83,12.995,0.887,1.75,1.614,-0.154,-0.682,-12.995,1.337,1.614,3.034,1.839,1,2.814,3.24,3.731,-3.0,0.989,1.701,0,0,0,OFFBOARD
926,RETURN,95.93,12.762,0.926,1.751,1.614,-0.154,-0.682,-12.762,1.376,1.614,2.875,1.637,1,2.735,3.072,3.09,-3.0,0.898,1.683,0,0,0,OFFBOARD
927,RETURN,96.04,12.526,0.922,1.751,1.614,-0.154,-0.682,-12.526,1.372,1.614,3.304,1.866,1,2.542,3.501,3.399,-3.0,0.828,1.665,0,0,0,OFFBOARD
928,RETURN,96.14,12.284,0.874,1.749,1.614,-0.154,-0.682,-12.284,1.324,1.614,3.458,1.942,1,2.813,3.607,3.598,-3.0,0.761,1.647,0,0,0,OFFBOARD
929,RETURN,96.24,12.04,0.79,1.744,1.614,-0.154,-0.682,-12.04,1.24,1.614,3.322,2.078,0,3.0,3.543,3.403,-3.0,0.703,1.631,0,0,0,OFFBOARD
930,RETURN,96.34,11.791,0.68,1.738,1.614,-0.154,-0.682,-11.791,1.13,1.614,3.944,1.966,1,3.038,4.391,3.187,-3.0,0.659,1.614,0,0,0,OFFBOARD
931,RETURN,96.44,11.542,0.557,1.731,1.614,-0.154,-0.682,-11.542,1.007,1.614,4.041,2.484,0,2.995,5.194,3.002,-3.0,0.643,1.598,0,0,0,OFFBOARD
932,RETURN,96.54,11.291,0.426,1.721,1.614,-0.154,-0.682,-11.291,0.876,1.614,3.976,2.625,0,3.658,5.952,2.854,-3.0,0.648,1.584,0,0,0,OFFBOARD
933,RETURN,96.64,11.04,0.293,1.711,1.614,-0.154,-0.682,-11.04,0.743,1.614,4.784,2.945,0,3.509,6.254,3.045,-3.0,0.676,1.572,0,0,0,OFFBOARD
934,RETURN,96.75,10.793,0.164,1.7,1.614,-0.154,-0.682,-10.793,0.614,1.614,4.747,3.213,0,3.373,10.0,4.484,-3.0,0.719,1.562,0,0,0,OFFBOARD
935,RETURN,96.85,10.547,0.037,1.688,1.614,-0.154,-0.682,-10.547,0.487,1.614,5.492,3.175,0,3.815,10.0,4.777,-3.0,0.778,1.553,0,0,0,OFFBOARD
936,RETURN,96.95,10.309,-0.08,1.676,1.614,-0.154,-0.682,-10.309,0.37,1.614,5.292,3.53,0,3.868,10.0,4.913,-3.0,0.864,1.547,0,0,0,OFFBOARD
937,RETURN,97.05,10.074,-0.183,1.663,1.614,-0.154,-0.682,-10.074,0.268,1.614,5.083,3.258,0,3.806,10.0,4.964,-3.0,0.97,1.542,0,0,0,OFFBOARD
938,RETURN,97.15,9.848,-0.259,1.651,1.614,-0.154,-0.682,-9.848,0.191,1.614,4.866,3.064,0,3.612,10.0,4.936,-3.0,1.092,1.539,0,0,0,OFFBOARD
939,RETURN,97.25,9.629,-0.302,1.639,1.614,-0.154,-0.682,-9.629,0.148,1.614,4.679,2.929,0,3.881,6.994,4.809,-3.0,1.224,1.538,0,0,0,OFFBOARD
940,RETURN,97.36,9.406,-0.304,1.628,1.614,-0.154,-0.682,-9.406,0.146,1.614,5.29,2.937,0,4.025,6.939,4.709,-3.0,1.356,1.539,0,0,0,OFFBOARD
941,RETURN,97.46,9.186,-0.261,1.617,1.614,-0.154,-0.682,-9.185,0.189,1.614,5.362,2.924,0,4.085,6.696,4.453,-3.0,1.481,1.541,0,0,0,OFFBOARD
942,RETURN,97.56,8.969,-0.18,1.607,1.614,-0.154,-0.682,-8.969,0.27,1.614,5.172,2.834,0,3.903,10.0,4.263,-3.0,1.608,1.545,0,0,0,OFFBOARD
943,RETURN,97.66,8.75,-0.066,1.598,1.614,-0.154,-0.682,-8.75,0.384,1.614,5.894,3.321,0,4.395,10.0,4.111,-3.0,1.718,1.55,0,0,0,OFFBOARD
944,RETURN,97.76,8.531,0.067,1.59,1.614,-0.154,-0.682,-8.531,0.517,1.614,5.791,3.535,0,4.541,10.0,4.011,-3.0,1.817,1.557,0,0,0,OFFBOARD
945,RETURN,97.86,8.309,0.214,1.583,1.614,-0.154,-0.682,-8.309,0.664,1.614,5.769,3.521,0,4.434,10.0,3.949,-3.0,1.911,1.564,0,0,0,OFFBOARD
946,RETURN,97.97,8.088,0.366,1.578,1.614,-0.154,-0.682,-8.087,0.816,1.614,5.743,4.034,0,4.279,10.0,3.935,-3.0,1.992,1.573,0,0,0,OFFBOARD
947,RETURN,98.07,7.863,0.52,1.574,1.614,-0.154,-0.682,-7.863,0.97,1.614,5.88,3.685,0,4.245,10.0,3.966,-3.0,2.059,1.582,0,0,0,OFFBOARD
948,RETURN,98.17,7.641,0.672,1.571,1.614,-0.154,-0.682,-7.641,1.122,1.614,5.963,3.379,0,4.288,10.0,4.038,-3.0,2.109,1.591,0,0,0,OFFBOARD
949,RETURN,98.27,7.42,0.826,1.569,1.614,-0.154,-0.682,-7.42,1.276,1.614,5.767,3.082,0,3.752,10.0,4.116,-3.0,2.147,1.6,0,0,0,OFFBOARD
950,RETURN,98.37,7.201,0.982,1.569,1.614,-0.154,-0.682,-7.201,1.432,1.614,4.715,2.733,0,3.439,10.0,4.185,-3.0,2.167,1.61,0,0,0,OFFBOARD
951,RETURN,98.47,6.981,1.143,1.57,1.614,-0.154,-0.682,-6.981,1.593,1.614,4.39,2.441,0,3.139,6.873,4.23,-3.0,2.159,1.619,0,0,0,OFFBOARD
952,RETURN,98.57,6.766,1.307,1.572,1.614,-0.154,-0.682,-6.766,1.757,1.614,4.179,1.885,1,2.927,5.429,4.247,-3.0,2.11,1.621,0,0,0,OFFBOARD
953,RETURN,98.67,6.551,1.474,1.574,1.614,-0.154,-0.682,-6.551,1.924,1.614,3.967,1.625,1,2.717,5.204,4.243,-3.0,2.026,1.625,0,0,0,OFFBOARD
954,RETURN,98.78,6.341,1.636,1.578,1.614,-0.154,-0.682,-6.341,2.086,1.614,3.669,1.384,1,2.504,3.762,4.128,-3.0,1.915,1.63,0,0,0,OFFBOARD
955,RETURN,98.88,6.135,1.787,1.582,1.614,-0.154,-0.682,-6.135,2.237,1.614,3.309,1.167,1,2.292,3.544,3.528,-3.0,1.775,1.666,0,0,0,OFFBOARD
956,RETURN,98.98,5.928,1.923,1.586,1.614,-0.154,-0.682,-5.928,2.374,1.614,2.937,0.977,1,2.082,3.311,3.059,-3.0,1.591,1.702,0,0,0,OFFBOARD
957,RETURN,99.08,5.722,2.037,1.592,1.614,-0.154,-0.682,-5.722,2.487,1.614,2.042,0.816,1,1.873,2.061,2.064,-3.0,1.341,1.739,0,0,0,OFFBOARD
958,RETURN,99.18,5.515,2.122,1.6,1.614,-0.154,-0.682,-5.515,2.572,1.614,1.768,0.926,1,1.666,1.713,1.672,-3.0,1.087,1.775,0,0,0,OFFBOARD
959,RETURN,99.28,5.307,2.174,1.611,1.614,-0.154,-0.682,-5.307,2.624,1.614,1.567,0.823,1,1.459,1.483,1.463,-3.0,0.822,1.81,0,0,0,OFFBOARD
960,RETURN,99.38,5.102,2.191,1.623,1.614,-0.154,-0.682,-5.102,2.641,1.614,1.46,0.77,1,1.253,1.377,1.321,-3.0,0.544,1.847,0,1,0,OFFBOARD
961,RETURN,99.49,4.893,2.172,1.638,1.614,-0.154,-0.682,-4.893,2.622,1.614,2.164,0.79,1,1.218,2.284,1.987,-3.0,0.271,1.884,0,1,0,OFFBOARD
962,RETURN,99.59,4.684,2.118,1.655,1.614,-0.154,-0.682,-4.684,2.568,1.614,2.098,0.844,1,1.908,2.102,2.104,-3.0,0.002,1.903,0,0,0,OFFBOARD
963,RETURN,99.69,4.481,2.037,1.674,1.614,-0.154,-0.682,-4.481,2.487,1.614,1.894,0.687,1,1.891,1.897,1.9,-3.0,-0.255,1.908,0,1,0,OFFBOARD
964,RETURN,99.79,4.271,1.927,1.694,1.614,-0.154,-0.682,-4.271,2.377,1.614,2.739,1.065,1,1.688,2.946,2.948,-3.0,-0.486,1.922,0,0,0,OFFBOARD
965,RETURN,99.89,4.06,1.796,1.715,1.614,-0.154,-0.682,-4.059,2.246,1.614,2.669,1.269,1,2.413,3.628,3.504,-3.0,-0.674,1.943,0,0,0,OFFBOARD
966,RETURN,99.99,3.852,1.653,1.737,1.614,-0.154,-0.682,-3.852,2.103,1.614,3.341,1.208,1,2.463,3.719,10.0,-3.0,-0.824,1.921,0,0,0,OFFBOARD
967,RETURN,100.09,3.645,1.5,1.757,1.614,-0.154,-0.682,-3.645,1.95,1.614,3.512,1.732,1,2.305,10.0,10.0,-3.0,-0.931,1.898,0,0,0,OFFBOARD
968,RETURN,100.2,3.436,1.339,1.777,1.614,-0.154,-0.682,-3.436,1.789,1.614,3.404,1.986,1,3.028,10.0,10.0,-3.0,-1.014,1.873,0,0,0,OFFBOARD
969,RETURN,100.3,3.23,1.174,1.793,1.614,-0.154,-0.682,-3.23,1.624,1.614,10.0,1.844,1,3.107,10.0,10.0,-3.0,-1.104,1.847,0,0,0,OFFBOARD
970,RETURN,100.4,3.025,1.005,1.807,1.614,-0.154,-0.682,-3.025,1.455,1.614,10.0,2.321,0,2.949,10.0,10.0,-3.0,-1.148,1.81,0,0,0,OFFBOARD
971,RETURN,100.5,2.819,0.83,1.818,1.614,-0.154,-0.682,-2.819,1.28,1.614,10.0,2.65,0,10.0,10.0,10.0,-3.0,-1.171,1.774,0,0,0,OFFBOARD
972,RETURN,100.6,2.615,0.652,1.825,1.614,-0.154,-0.682,-2.615,1.102,1.614,10.0,2.502,0,10.0,10.0,10.0,-3.0,-1.166,1.739,0,0,0,OFFBOARD
973,RETURN,100.7,2.413,0.471,1.827,1.614,-0.154,-0.682,-2.413,0.921,1.614,10.0,10.0,0,10.0,10.0,10.0,-3.0,-1.169,1.693,0,0,0,OFFBOARD
974,RETURN,100.8,2.209,0.283,1.826,1.614,-0.154,-0.682,-2.209,0.733,1.614,10.0,10.0,0,10.0,10.0,10.0,-3.0,-1.149,1.652,0,0,0,OFFBOARD
975,RETURN,100.91,2.007,0.094,1.821,1.614,-0.154,-0.682,-2.007,0.544,1.614,10.0,10.0,0,10.0,10.0,10.0,-3.0,-1.112,1.616,0,0,0,OFFBOARD
