step,phase,t_s,x_m,y_m,z_m,vx_ms,vy_ms,vz_ms,fwd_progress_m,lat_offset_m,speed_ms,front_d_m,min_depth_m,prox_alarm,depth_top,depth_mid,depth_bot,tgt_x,tgt_y,tgt_z,collision,near_miss,armed,mode
0,OUTBOUND,0.0,-0.0,-0.35,1.576,-40.363,0.34,-0.702,-0.0,-0.0,40.363,5.959,3.51,0,4.528,10.0,3.985,0.225,-0.331,1.489,0,0,0,OFFBOARD
1,OUTBOUND,0.1,-0.0,-0.35,1.569,-40.363,0.34,-0.702,-0.0,-0.0,40.363,5.917,3.506,0,4.59,10.0,3.928,0.523,-0.288,1.484,0,0,0,OFFBOARD
2,OUTBOUND,0.2,0.001,-0.35,1.562,-40.363,0.34,-0.702,0.001,-0.0,40.363,5.605,3.488,0,4.721,10.0,3.756,0.868,-0.228,1.485,0,0,0,OFFBOARD
3,OUTBOUND,0.3,0.004,-0.35,1.554,-40.363,0.34,-0.702,0.004,0.0,40.363,4.969,3.464,0,4.815,10.0,3.459,1.235,-0.157,1.49,0,0,0,OFFBOARD
4,OUTBOUND,0.41,0.014,-0.349,1.547,-40.363,0.34,-0.702,0.014,0.001,40.363,4.278,3.632,0,5.777,6.823,3.111,1.598,-0.087,1.498,0,0,0,OFFBOARD
5,OUTBOUND,0.51,0.037,-0.346,1.54,-40.363,0.34,-0.702,0.036,0.004,40.363,3.667,3.59,0,6.867,5.413,2.782,1.847,-0.028,1.509,0,0,0,OFFBOARD
6,OUTBOUND,0.61,0.078,-0.34,1.535,-40.363,0.34,-0.702,0.078,0.01,40.363,3.236,3.148,0,10.0,4.536,2.536,2.012,0.029,1.521,0,0,0,OFFBOARD
7,OUTBOUND,0.71,0.143,-0.33,1.53,-40.363,0.34,-0.702,0.143,0.02,40.363,3.018,2.919,0,10.0,4.125,2.406,2.119,0.081,1.535,0,0,0,OFFBOARD
8,OUTBOUND,0.81,0.237,-0.316,1.526,-40.363,0.34,-0.702,0.237,0.035,40.363,2.992,2.881,0,10.0,4.09,2.392,2.219,0.126,1.55,0,0,0,OFFBOARD
9,OUTBOUND,0.91,0.356,-0.295,1.524,-40.363,0.34,-0.702,0.356,0.055,40.363,3.143,3.015,0,10.0,4.394,2.486,2.319,0.169,1.566,0,0,0,OFFBOARD
10,OUTBOUND,1.01,0.5,-0.268,1.524,-40.363,0.34,-0.702,0.5,0.082,40.363,3.467,3.315,0,10.0,5.068,2.678,2.419,0.212,1.581,0,0,0,OFFBOARD
11,OUTBOUND,1.12,0.662,-0.236,1.525,-40.363,0.34,-0.702,0.662,0.114,40.363,3.958,3.779,0,6.351,6.191,2.954,2.519,0.267,1.597,0,0,0,OFFBOARD
12,OUTBOUND,1.22,0.835,-0.199,1.528,-40.363,0.34,-0.702,0.835,0.152,40.363,4.584,3.888,0,5.213,10.0,3.282,2.619,0.341,1.613,0,0,0,OFFBOARD
13,OUTBOUND,1.32,1.014,-0.157,1.532,-40.363,0.34,-0.702,1.014,0.193,40.363,5.225,3.75,0,4.985,10.0,3.593,2.719,0.425,1.628,0,0,0,OFFBOARD
14,OUTBOUND,1.42,1.198,-0.111,1.537,-40.363,0.34,-0.702,1.198,0.239,40.363,5.738,3.626,0,4.791,10.0,3.827,2.911,0.51,1.642,0,0,0,OFFBOARD
15,OUTBOUND,1.52,1.38,-0.063,1.544,-40.363,0.34,-0.702,1.38,0.287,40.363,5.828,3.626,0,4.648,10.0,3.962,3.186,0.596,1.656,0,0,0,OFFBOARD
16,OUTBOUND,1.62,1.563,-0.012,1.552,-40.363,0.34,-0.702,1.563,0.338,40.363,5.795,3.986,0,4.587,10.0,3.993,3.516,0.675,1.668,0,0,0,OFFBOARD
17,OUTBOUND,1.72,1.744,0.042,1.561,-40.363,0.34,-0.702,1.744,0.392,40.363,5.636,4.017,0,4.34,10.0,3.928,3.874,0.752,1.679,0,0,0,OFFBOARD
18,OUTBOUND,1.83,1.926,0.1,1.57,-40.363,0.34,-0.702,1.926,0.45,40.363,5.47,4.011,0,4.424,10.0,3.836,4.261,0.828,1.688,0,0,0,OFFBOARD
19,OUTBOUND,1.93,2.112,0.161,1.58,-40.363,0.34,-0.702,2.112,0.511,40.363,5.299,3.957,0,4.843,10.0,3.758,4.663,0.907,1.696,0,0,0,OFFBOARD
20,OUTBOUND,2.03,2.294,0.225,1.591,-40.363,0.34,-0.702,2.294,0.575,40.363,5.065,3.706,0,4.769,10.0,3.717,5.07,0.975,1.702,0,0,0,OFFBOARD
21,OUTBOUND,2.13,2.49,0.296,1.601,-40.363,0.34,-0.702,2.49,0.646,40.363,4.879,3.518,0,4.638,10.0,3.74,5.472,1.038,1.707,0,0,0,OFFBOARD
22,OUTBOUND,2.23,2.685,0.369,1.612,-40.363,0.34,-0.702,2.685,0.719,40.363,4.677,3.33,0,4.479,10.0,3.803,5.867,1.095,1.71,0,0,0,OFFBOARD
23,OUTBOUND,2.33,2.881,0.445,1.622,-40.363,0.34,-0.702,2.881,0.795,40.363,4.475,3.159,0,4.316,10.0,3.89,6.262,1.145,1.712,0,0,0,OFFBOARD
24,OUTBOUND,2.44,3.082,0.523,1.632,-40.363,0.34,-0.702,3.082,0.874,40.363,4.268,3.01,0,4.16,10.0,3.988,6.671,1.189,1.711,0,0,0,OFFBOARD
25,OUTBOUND,2.54,3.281,0.603,1.642,-40.363,0.34,-0.702,3.281,0.953,40.363,4.062,2.864,0,4.012,10.0,4.061,7.093,1.22,1.71,0,0,0,OFFBOARD
26,OUTBOUND,2.64,3.482,0.683,1.65,-40.363,0.34,-0.702,3.482,1.033,40.363,3.907,2.725,0,3.821,10.0,3.856,7.522,1.241,1.706,0,0,0,OFFBOARD
27,OUTBOUND,2.74,3.682,0.763,1.658,-40.363,0.34,-0.702,3.682,1.113,40.363,3.899,2.598,0,3.63,10.0,3.656,7.956,1.254,1.702,0,0,0,OFFBOARD
28,OUTBOUND,2.84,3.884,0.842,1.665,-40.363,0.34,-0.702,3.884,1.192,40.363,3.956,2.784,0,3.474,10.0,3.457,8.392,1.272,1.696,0,0,0,OFFBOARD
29,OUTBOUND,2.94,4.084,0.918,1.671,-40.363,0.34,-0.702,4.084,1.268,40.363,3.983,2.68,0,3.404,10.0,3.261,8.83,1.284,1.69,0,0,0,OFFBOARD
30,OUTBOUND,3.04,4.284,0.99,1.676,-40.363,0.34,-0.702,4.284,1.341,40.363,3.996,2.58,0,3.756,6.8,3.065,9.268,1.287,1.683,0,0,0,OFFBOARD
31,OUTBOUND,3.15,4.484,1.059,1.68,-40.363,0.34,-0.702,4.484,1.409,40.363,4.002,2.471,0,3.763,6.602,2.869,9.704,1.28,1.676,0,0,0,OFFBOARD
32,OUTBOUND,3.25,4.689,1.123,1.682,-40.363,0.34,-0.702,4.689,1.473,40.363,3.913,2.398,0,3.704,6.403,2.673,10.135,1.263,1.669,0,0,0,OFFBOARD
33,OUTBOUND,3.35,4.889,1.18,1.684,-40.363,0.34,-0.702,4.889,1.53,40.363,4.765,2.334,0,3.612,6.205,2.622,10.563,1.24,1.661,0,0,0,OFFBOARD
34,OUTBOUND,3.45,5.09,1.231,1.685,-40.363,0.34,-0.702,5.09,1.581,40.363,4.747,2.237,0,3.491,6.007,2.615,10.998,1.207,1.653,0,0,0,OFFBOARD
35,OUTBOUND,3.55,5.294,1.276,1.684,-40.363,0.34,-0.702,5.294,1.626,40.363,4.549,2.039,0,3.293,5.808,2.611,11.436,1.166,1.645,0,0,0,OFFBOARD
36,OUTBOUND,3.65,5.495,1.313,1.683,-40.363,0.34,-0.702,5.495,1.663,40.363,4.351,1.84,1,3.095,5.609,2.608,11.875,1.114,1.638,0,0,0,OFFBOARD
37,OUTBOUND,3.76,5.699,1.342,1.681,-40.363,0.34,-0.702,5.699,1.692,40.363,4.153,1.751,1,2.897,5.41,2.604,12.175,1.052,1.631,0,0,0,OFFBOARD
38,OUTBOUND,3.86,5.903,1.363,1.678,-40.363,0.34,-0.702,5.903,1.714,40.363,3.954,1.985,1,2.768,5.211,2.599,12.388,0.998,1.624,0,0,0,OFFBOARD
39,OUTBOUND,3.96,6.107,1.376,1.674,-40.363,0.34,-0.702,6.107,1.726,40.363,3.755,1.964,1,3.177,5.011,4.243,12.544,0.941,1.618,0,0,0,OFFBOARD
40,OUTBOUND,4.06,6.309,1.38,1.67,-40.363,0.34,-0.702,6.309,1.73,40.363,3.677,1.953,1,3.269,4.965,4.233,12.659,0.883,1.612,0,0,0,OFFBOARD
41,OUTBOUND,4.16,6.509,1.375,1.666,-40.363,0.34,-0.702,6.509,1.725,40.363,4.32,1.992,1,3.293,5.797,4.224,12.759,0.814,1.606,0,0,0,OFFBOARD
42,OUTBOUND,4.26,6.713,1.36,1.661,-40.363,0.34,-0.702,6.712,1.71,40.363,4.412,1.9,1,3.156,5.668,4.211,12.859,0.73,1.601,0,0,0,OFFBOARD
43,OUTBOUND,4.36,6.916,1.337,1.656,-40.363,0.34,-0.702,6.916,1.687,40.363,4.21,1.748,1,2.954,5.467,4.197,12.959,0.638,1.596,0,0,0,OFFBOARD
44,OUTBOUND,4.47,7.116,1.306,1.651,-40.363,0.34,-0.702,7.116,1.656,40.363,3.944,2.087,0,2.9,5.319,4.177,13.059,0.571,1.593,0,0,0,OFFBOARD
45,OUTBOUND,4.57,7.324,1.265,1.645,-40.363,0.34,-0.702,7.324,1.615,40.363,4.578,2.147,0,3.417,6.257,4.162,13.26,0.52,1.59,0,0,0,OFFBOARD
46,OUTBOUND,4.67,7.53,1.216,1.639,-40.363,0.34,-0.702,7.53,1.566,40.363,4.8,2.221,0,3.543,6.057,4.149,13.549,0.475,1.589,0,0,0,OFFBOARD
47,OUTBOUND,4.77,7.732,1.161,1.634,-40.363,0.34,-0.702,7.732,1.511,40.363,4.6,2.088,0,3.344,5.953,4.136,13.893,0.439,1.588,0,0,0,OFFBOARD
48,OUTBOUND,4.87,7.934,1.099,1.629,-40.363,0.34,-0.702,7.934,1.449,40.363,4.4,2.113,0,3.223,6.913,4.123,14.275,0.409,1.589,0,0,0,OFFBOARD
49,OUTBOUND,4.97,8.136,1.032,1.624,-40.363,0.34,-0.702,8.136,1.382,40.363,5.094,2.577,0,3.812,6.711,4.11,14.68,0.408,1.59,0,0,0,OFFBOARD
50,OUTBOUND,5.08,8.34,0.961,1.62,-40.363,0.34,-0.702,8.34,1.311,40.363,5.257,2.696,0,3.869,10.0,4.099,15.101,0.41,1.592,0,0,0,OFFBOARD
51,OUTBOUND,5.18,8.542,0.887,1.616,-40.363,0.34,-0.702,8.542,1.237,40.363,5.057,2.544,0,3.801,10.0,4.089,15.531,0.417,1.594,0,0,0,OFFBOARD
52,OUTBOUND,5.28,8.746,0.813,1.612,-40.363,0.34,-0.702,8.746,1.163,40.363,4.91,2.535,0,3.601,10.0,4.081,15.967,0.43,1.597,0,0,0,OFFBOARD
53,OUTBOUND,5.38,8.948,0.74,1.609,-40.363,0.34,-0.702,8.948,1.09,40.363,5.597,2.951,0,3.613,10.0,4.075,16.407,0.46,1.601,0,0,0,OFFBOARD
54,OUTBOUND,5.48,9.15,0.671,1.607,-40.363,0.34,-0.702,9.15,1.021,40.363,5.683,3.087,0,4.146,10.0,4.071,16.85,0.495,1.605,0,0,0,OFFBOARD
55,OUTBOUND,5.58,9.352,0.607,1.605,-40.363,0.34,-0.702,9.352,0.957,40.363,5.513,3.0,0,4.224,10.0,4.069,17.295,0.535,1.609,0,0,0,OFFBOARD
56,OUTBOUND,5.68,9.554,0.549,1.604,-40.363,0.34,-0.702,9.554,0.899,40.363,5.384,2.949,0,4.052,10.0,4.068,17.741,0.579,1.613,0,0,0,OFFBOARD
57,OUTBOUND,5.78,9.756,0.498,1.603,-40.363,0.34,-0.702,9.756,0.848,40.363,5.561,3.335,0,3.933,10.0,4.066,18.189,0.631,1.617,0,0,0,OFFBOARD
58,OUTBOUND,5.89,9.96,0.456,1.603,-40.363,0.34,-0.702,9.96,0.806,40.363,5.756,3.403,0,4.273,10.0,4.065,18.636,0.683,1.622,0,0,0,OFFBOARD
59,OUTBOUND,5.99,10.164,0.424,1.603,-40.363,0.34,-0.702,10.164,0.774,40.363,5.779,3.456,0,4.319,10.0,4.065,19.084,0.743,1.626,0,0,0,OFFBOARD
60,OUTBOUND,6.09,10.368,0.401,1.604,-40.363,0.34,-0.702,10.368,0.751,40.363,5.769,3.256,0,4.355,10.0,4.067,19.533,0.798,1.63,0,0,0,OFFBOARD
61,OUTBOUND,6.19,10.572,0.389,1.605,-40.363,0.34,-0.702,10.572,0.739,40.363,5.569,3.207,0,4.313,6.906,4.069,19.981,0.852,1.634,0,0,0,OFFBOARD
62,OUTBOUND,6.29,10.774,0.386,1.607,-40.363,0.34,-0.702,10.774,0.736,40.363,5.543,3.556,0,4.113,6.706,4.073,20.425,0.917,1.638,0,0,0,OFFBOARD
63,OUTBOUND,6.4,10.978,0.394,1.609,-40.363,0.34,-0.702,10.978,0.744,40.363,5.681,3.555,0,4.017,6.506,4.078,20.869,0.981,1.641,0,0,0,OFFBOARD
64,OUTBOUND,6.5,11.178,0.411,1.612,-40.363,0.34,-0.702,11.178,0.761,40.363,5.8,3.493,0,4.345,6.24,4.086,21.314,1.038,1.645,0,0,0,OFFBOARD
65,OUTBOUND,6.6,11.382,0.437,1.614,-40.363,0.34,-0.702,11.382,0.787,40.363,5.817,3.447,0,4.369,6.04,4.092,21.759,1.096,1.647,0,0,0,OFFBOARD
66,OUTBOUND,6.7,11.592,0.472,1.617,-40.363,0.34,-0.702,11.592,0.822,40.363,5.759,3.247,0,4.32,5.84,4.098,22.203,1.148,1.65,0,0,0,OFFBOARD
67,OUTBOUND,6.8,11.794,0.515,1.62,-40.363,0.34,-0.702,11.794,0.865,40.363,5.559,3.047,0,4.302,5.64,4.104,22.647,1.194,1.652,0,0,0,OFFBOARD
68,OUTBOUND,6.91,11.998,0.564,1.623,-40.363,0.34,-0.702,11.998,0.914,40.363,5.359,2.93,0,4.103,5.44,4.109,23.093,1.236,1.653,0,0,0,OFFBOARD
69,OUTBOUND,7.01,12.2,0.619,1.626,-40.363,0.34,-0.702,12.2,0.969,40.363,5.24,2.846,0,3.903,5.539,4.114,23.54,1.271,1.655,0,0,0,OFFBOARD
70,OUTBOUND,7.11,12.404,0.679,1.629,-40.363,0.34,-0.702,12.404,1.029,40.363,5.143,3.094,0,3.727,5.832,4.119,23.986,1.312,1.655,0,0,0,OFFBOARD
71,OUTBOUND,7.21,12.606,0.742,1.632,-40.363,0.34,-0.702,12.606,1.092,40.363,5.587,3.021,0,3.652,10.0,4.125,24.432,1.347,1.655,0,0,0,OFFBOARD
72,OUTBOUND,7.31,12.808,0.808,1.634,-40.363,0.34,-0.702,12.808,1.158,40.363,5.566,2.918,0,3.959,10.0,4.13,24.88,1.377,1.654,0,0,0,OFFBOARD
73,OUTBOUND,7.41,13.01,0.876,1.637,-40.363,0.34,-0.702,13.01,1.226,40.363,5.471,2.839,0,3.937,6.884,4.136,25.328,1.401,1.65,0,0,0,OFFBOARD
74,OUTBOUND,7.51,13.214,0.944,1.639,-40.363,0.34,-0.702,13.214,1.294,40.363,5.348,2.745,0,3.899,6.693,4.141,25.776,1.422,1.647,0,0,0,OFFBOARD
75,OUTBOUND,7.61,13.416,1.012,1.641,-40.363,0.34,-0.702,13.416,1.362,40.363,5.215,2.652,0,3.828,6.472,4.146,26.225,1.438,1.644,0,0,0,OFFBOARD
76,OUTBOUND,7.72,13.62,1.078,1.642,-40.363,0.34,-0.702,13.62,1.428,40.363,5.015,2.503,0,3.759,6.208,4.15,26.675,1.449,1.641,0,0,0,OFFBOARD
77,OUTBOUND,7.82,13.822,1.142,1.643,-40.363,0.34,-0.702,13.822,1.492,40.363,4.815,2.303,0,3.559,5.979,4.154,27.125,1.461,1.639,0,0,0,OFFBOARD
78,OUTBOUND,7.92,14.024,1.202,1.644,-40.363,0.34,-0.702,14.024,1.552,40.363,4.615,2.103,0,3.359,5.75,4.156,27.574,1.468,1.637,0,0,0,OFFBOARD
79,OUTBOUND,8.02,14.224,1.259,1.644,-40.363,0.34,-0.702,14.224,1.609,40.363,4.415,1.908,1,3.159,5.52,4.158,28.024,1.462,1.635,0,0,0,OFFBOARD
80,OUTBOUND,8.12,14.428,1.312,1.644,-40.363,0.34,-0.702,14.428,1.662,40.363,4.215,1.83,1,2.959,5.289,4.159,28.374,1.439,1.632,0,0,0,OFFBOARD
81,OUTBOUND,8.22,14.63,1.36,1.644,-40.363,0.34,-0.702,14.63,1.71,40.363,4.015,2.024,0,2.811,5.058,4.158,28.673,1.402,1.63,0,0,0,OFFBOARD
82,OUTBOUND,8.32,14.834,1.404,1.643,-40.363,0.34,-0.702,14.834,1.754,40.363,3.811,1.979,1,2.74,4.822,4.157,29.024,1.363,1.628,0,0,0,OFFBOARD
83,OUTBOUND,8.43,15.036,1.442,1.643,-40.363,0.34,-0.702,15.036,1.792,40.363,3.615,1.905,1,3.213,4.594,4.155,29.307,1.289,1.623,0,0,0,OFFBOARD
84,OUTBOUND,8.53,15.24,1.474,1.641,-40.363,0.34,-0.702,15.24,1.824,40.363,3.513,1.866,1,3.195,4.36,4.138,29.509,1.173,1.615,0,0,0,OFFBOARD
85,OUTBOUND,8.63,15.442,1.498,1.64,-40.363,0.34,-0.702,15.442,1.848,40.363,3.877,1.851,1,3.147,4.12,4.029,29.648,1.003,1.603,0,0,0,OFFBOARD
86,OUTBOUND,8.73,15.644,1.515,1.638,-40.363,0.34,-0.702,15.644,1.865,40.363,3.8,1.759,1,3.015,3.886,3.823,29.748,0.811,1.59,0,0,0,OFFBOARD
87,OUTBOUND,8.83,15.846,1.523,1.635,-40.363,0.34,-0.702,15.846,1.873,40.363,3.6,1.559,1,2.815,3.645,3.585,29.848,0.606,1.579,0,0,0,OFFBOARD
88,OUTBOUND,8.93,16.048,1.52,1.632,-40.363,0.34,-0.702,16.048,1.87,40.363,3.285,1.523,1,2.634,3.325,3.267,29.948,0.398,1.57,0,0,0,OFFBOARD
89,OUTBOUND,9.04,16.254,1.503,1.628,-40.363,0.34,-0.702,16.254,1.853,40.363,3.048,1.805,1,3.23,3.084,3.029,30.048,0.202,1.564,0,0,0,OFFBOARD
90,OUTBOUND,9.14,16.452,1.471,1.624,-40.363,0.34,-0.702,16.452,1.821,40.363,2.808,1.886,1,3.365,2.846,2.792,30.148,0.003,1.56,0,0,0,OFFBOARD
91,OUTBOUND,9.24,16.664,1.418,1.618,-40.363,0.34,-0.702,16.664,1.768,40.363,2.572,1.949,1,3.206,2.635,2.56,30.248,-0.211,1.559,0,0,0,OFFBOARD
92,OUTBOUND,9.34,16.866,1.347,1.613,-40.363,0.34,-0.702,16.866,1.697,40.363,2.394,1.788,1,3.059,5.352,2.332,30.348,-0.436,1.558,0,0,0,OFFBOARD
93,OUTBOUND,9.44,17.068,1.256,1.608,-40.363,0.34,-0.702,17.068,1.606,40.363,3.962,2.073,0,3.735,5.436,2.179,30.536,-0.647,1.556,0,0,0,OFFBOARD
94,OUTBOUND,9.54,17.272,1.143,1.602,-40.363,0.34,-0.702,17.272,1.494,40.363,5.016,1.825,1,3.76,6.272,4.038,30.816,-0.887,1.557,0,0,0,OFFBOARD
95,OUTBOUND,9.65,17.474,1.013,1.597,-40.363,0.34,-0.702,17.474,1.363,40.363,4.816,1.594,1,3.56,10.0,4.041,31.067,-1.12,1.554,0,0,0,OFFBOARD
96,OUTBOUND,9.75,17.676,0.867,1.592,-40.363,0.34,-0.702,17.676,1.217,40.363,5.636,1.523,1,4.079,10.0,4.036,31.345,-1.274,1.551,0,0,0,OFFBOARD
97,OUTBOUND,9.85,17.88,0.706,1.588,-40.363,0.34,-0.702,17.88,1.057,40.363,5.674,2.93,0,4.217,6.966,4.03,31.55,-1.333,1.55,0,0,0,OFFBOARD
98,OUTBOUND,9.95,18.082,0.538,1.583,-40.363,0.34,-0.702,18.082,0.888,40.363,5.484,2.96,0,4.143,6.861,4.02,31.84,-1.354,1.552,0,0,0,OFFBOARD
99,OUTBOUND,10.05,18.284,0.362,1.579,-40.363,0.34,-0.702,18.284,0.712,40.363,5.879,3.47,0,4.018,6.748,4.005,32.184,-1.338,1.557,0,0,0,OFFBOARD
100,OUTBOUND,10.15,18.488,0.181,1.576,-40.363,0.34,-0.702,18.488,0.531,40.363,6.047,3.715,0,4.034,6.475,3.994,32.556,-1.298,1.563,0,0,0,OFFBOARD
101,OUTBOUND,10.25,18.69,-0.001,1.573,-40.363,0.34,-0.702,18.69,0.349,40.363,6.066,3.619,0,4.561,10.0,3.985,32.954,-1.242,1.57,0,0,0,OFFBOARD
102,OUTBOUND,10.35,18.892,-0.184,1.57,-40.363,0.34,-0.702,18.892,0.166,40.363,5.931,3.517,0,4.613,10.0,3.979,33.37,-1.163,1.578,0,0,0,OFFBOARD
103,OUTBOUND,10.46,19.094,-0.366,1.569,-40.363,0.34,-0.702,19.094,-0.015,40.363,5.741,3.258,0,4.474,10.0,3.978,33.798,-1.068,1.587,0,0,0,OFFBOARD
104,OUTBOUND,10.56,19.298,-0.544,1.568,-40.363,0.34,-0.702,19.298,-0.193,40.363,5.66,3.018,0,4.274,10.0,3.982,34.232,-0.961,1.596,0,0,0,OFFBOARD
105,OUTBOUND,10.66,19.5,-0.71,1.568,-40.363,0.34,-0.702,19.5,-0.36,40.363,5.463,2.818,0,4.074,10.0,3.977,34.672,-0.836,1.605,0,0,0,OFFBOARD
106,OUTBOUND,10.76,19.702,-0.863,1.569,-40.363,0.34,-0.702,19.702,-0.513,40.363,5.262,2.618,0,3.874,10.0,3.969,35.114,-0.699,1.615,0,0,0,OFFBOARD
107,OUTBOUND,10.86,19.904,-0.996,1.571,-40.363,0.34,-0.702,19.904,-0.646,40.363,5.075,2.418,0,3.74,10.0,3.963,35.559,-0.548,1.624,0,0,0,OFFBOARD
108,OUTBOUND,10.96,20.108,-1.107,1.574,-40.363,0.34,-0.702,20.108,-0.757,40.363,4.906,2.221,0,3.636,10.0,3.961,36.004,-0.385,1.633,0,0,0,OFFBOARD
109,OUTBOUND,11.06,20.31,-1.191,1.577,-40.363,0.34,-0.702,20.31,-0.841,40.363,4.757,2.101,0,4.001,5.981,3.965,36.442,-0.212,1.641,0,0,0,OFFBOARD
110,OUTBOUND,11.17,20.516,-1.247,1.582,-40.363,0.34,-0.702,20.516,-0.897,40.363,5.181,2.014,0,3.983,5.702,3.972,36.798,-0.035,1.648,0,0,0,OFFBOARD
111,OUTBOUND,11.27,20.72,-1.272,1.587,-40.363,0.34,-0.702,20.72,-0.921,40.363,5.188,2.204,0,3.908,5.52,3.988,37.122,0.132,1.655,0,0,0,OFFBOARD
112,OUTBOUND,11.37,20.918,-1.267,1.592,-40.363,0.34,-0.702,20.918,-0.917,40.363,5.183,2.2,0,3.927,6.227,3.995,37.454,0.301,1.662,0,0,0,OFFBOARD
113,OUTBOUND,11.47,21.126,-1.234,1.598,-40.363,0.34,-0.702,21.126,-0.883,40.363,4.987,2.223,0,3.731,6.243,4.011,37.82,0.471,1.667,0,0,0,OFFBOARD
114,OUTBOUND,11.57,21.33,-1.173,1.604,-40.363,0.34,-0.702,21.33,-0.823,40.363,4.719,2.206,0,3.463,5.975,4.034,38.2,0.626,1.671,0,0,0,OFFBOARD
115,OUTBOUND,11.68,21.534,-1.087,1.61,-40.363,0.34,-0.702,21.534,-0.737,40.363,4.697,2.143,0,3.477,6.994,4.053,38.573,0.774,1.675,0,0,0,OFFBOARD
116,OUTBOUND,11.78,21.738,-0.979,1.616,-40.363,0.34,-0.702,21.738,-0.629,40.363,5.575,2.543,0,4.047,6.831,4.074,38.961,0.873,1.677,0,0,0,OFFBOARD
117,OUTBOUND,11.88,21.94,-0.853,1.622,-40.363,0.34,-0.702,21.94,-0.503,40.363,5.375,2.744,0,4.119,10.0,4.097,39.371,0.947,1.678,0,0,0,OFFBOARD
118,OUTBOUND,11.98,22.142,-0.712,1.628,-40.363,0.34,-0.702,22.142,-0.362,40.363,5.175,2.524,0,3.919,10.0,4.119,39.795,0.982,1.675,0,0,0,OFFBOARD
119,OUTBOUND,12.08,22.346,-0.557,1.634,-40.363,0.34,-0.702,22.346,-0.207,40.363,5.943,2.335,0,3.865,10.0,4.137,40.228,1.003,1.667,0,0,0,OFFBOARD
120,OUTBOUND,12.18,22.542,-0.399,1.639,-40.363,0.34,-0.702,22.542,-0.049,40.363,2.387,2.129,0,4.337,2.328,2.277,40.667,1.049,1.66,0,0,0,OFFBOARD
121,OUTBOUND,12.28,22.75,-0.226,1.644,-40.363,0.34,-0.702,22.75,0.124,40.363,1.937,1.937,1,4.354,2.093,1.922,40.952,1.084,1.654,0,0,0,OFFBOARD
122,OUTBOUND,12.39,22.952,-0.055,1.647,-40.363,0.34,-0.702,22.952,0.295,40.363,1.74,1.74,1,4.247,1.896,1.721,41.235,1.139,1.648,0,0,0,OFFBOARD
123,OUTBOUND,12.49,23.154,0.116,1.65,-40.363,0.34,-0.702,23.154,0.466,40.363,1.545,1.545,1,4.12,1.7,1.529,41.419,1.27,1.644,0,0,0,OFFBOARD
124,OUTBOUND,12.59,23.358,0.285,1.651,-40.363,0.34,-0.702,23.358,0.635,40.363,6.117,1.348,1,3.975,10.0,4.169,41.55,1.461,1.639,0,0,0,OFFBOARD
125,OUTBOUND,12.69,23.56,0.447,1.652,-40.363,0.34,-0.702,23.56,0.797,40.363,6.062,1.173,1,3.794,10.0,4.182,41.65,1.621,1.635,0,0,0,OFFBOARD
126,OUTBOUND,12.79,23.764,0.603,1.653,-40.363,0.34,-0.702,23.764,0.953,40.363,5.916,3.191,0,3.721,10.0,4.043,41.775,1.645,1.631,0,0,0,OFFBOARD
127,OUTBOUND,12.89,23.966,0.75,1.652,-40.363,0.34,-0.702,23.966,1.1,40.363,4.695,2.952,0,3.673,10.0,3.778,42.014,1.661,1.627,0,0,0,OFFBOARD
128,OUTBOUND,12.99,24.168,0.891,1.651,-40.363,0.34,-0.702,24.168,1.242,40.363,3.729,2.741,0,3.939,10.0,3.514,42.326,1.662,1.623,0,0,0,OFFBOARD
129,OUTBOUND,13.09,24.37,1.027,1.65,-40.363,0.34,-0.702,24.37,1.377,40.363,3.411,2.572,0,3.859,6.744,3.278,42.687,1.649,1.62,0,0,0,OFFBOARD
130,OUTBOUND,13.2,24.572,1.157,1.648,-40.363,0.34,-0.702,24.572,1.507,40.363,3.156,2.388,0,3.685,6.544,3.062,43.079,1.62,1.618,0,0,0,OFFBOARD
131,OUTBOUND,13.3,24.776,1.282,1.646,-40.363,0.34,-0.702,24.776,1.632,40.363,2.942,2.209,0,3.523,6.344,2.862,43.491,1.576,1.616,0,0,0,OFFBOARD
132,OUTBOUND,13.4,24.98,1.399,1.643,-40.363,0.34,-0.702,24.98,1.749,40.363,2.846,2.043,0,3.397,5.85,2.658,43.916,1.508,1.614,0,0,0,OFFBOARD
133,OUTBOUND,13.5,25.182,1.504,1.641,-40.363,0.34,-0.702,25.182,1.854,40.363,2.855,1.991,1,3.355,4.972,2.592,44.317,1.438,1.612,0,0,0,OFFBOARD
134,OUTBOUND,13.6,25.384,1.597,1.638,-40.363,0.34,-0.702,25.384,1.947,40.363,2.715,1.712,1,3.067,4.422,2.201,44.58,1.329,1.61,0,0,0,OFFBOARD
135,OUTBOUND,13.7,25.59,1.677,1.636,-40.363,0.34,-0.702,25.59,2.027,40.363,3.104,1.595,1,2.942,4.222,2.008,44.752,1.186,1.606,0,0,0,OFFBOARD
136,OUTBOUND,13.81,25.792,1.738,1.633,-40.363,0.34,-0.702,25.792,2.088,40.363,2.981,1.497,1,2.765,4.022,1.836,44.868,0.995,1.6,0,0,0,OFFBOARD
137,OUTBOUND,13.91,25.996,1.78,1.63,-40.363,0.34,-0.702,25.996,2.13,40.363,3.622,1.309,1,2.565,3.822,1.734,44.968,0.766,1.619,0,0,0,OFFBOARD
138,OUTBOUND,14.01,26.198,1.802,1.628,-40.363,0.34,-0.702,26.198,2.153,40.363,3.601,1.13,1,2.365,3.622,1.718,45.068,0.518,1.637,0,0,0,OFFBOARD
139,OUTBOUND,14.11,26.4,1.803,1.626,-40.363,0.34,-0.702,26.4,2.153,40.363,3.422,1.129,1,2.196,3.422,1.712,45.168,0.255,1.656,0,0,0,OFFBOARD
140,OUTBOUND,14.21,26.602,1.781,1.625,-40.363,0.34,-0.702,26.602,2.131,40.363,3.222,1.399,1,2.809,3.303,3.183,45.268,-0.002,1.674,0,0,0,OFFBOARD
141,OUTBOUND,14.31,26.806,1.735,1.626,-40.363,0.34,-0.702,26.806,2.085,40.363,3.085,1.47,1,2.993,4.276,3.498,45.368,-0.251,1.662,0,0,0,OFFBOARD
142,OUTBOUND,14.41,27.008,1.663,1.627,-40.363,0.34,-0.702,27.008,2.013,40.363,3.984,1.565,1,2.822,4.078,3.671,45.468,-0.497,1.646,0,0,0,OFFBOARD
143,OUTBOUND,14.52,27.212,1.566,1.629,-40.363,0.34,-0.702,27.212,1.916,40.363,3.878,1.451,1,2.664,4.864,3.878,45.568,-0.734,1.63,0,0,0,OFFBOARD
144,OUTBOUND,14.62,27.414,1.448,1.631,-40.363,0.34,-0.702,27.414,1.798,40.363,3.733,1.893,1,3.282,4.934,4.066,45.668,-0.942,1.616,0,0,0,OFFBOARD
145,OUTBOUND,14.72,27.616,1.31,1.632,-40.363,0.34,-0.702,27.616,1.66,40.363,4.721,2.078,0,3.478,5.99,4.12,45.775,-1.133,1.602,0,0,0,OFFBOARD
146,OUTBOUND,14.82,27.82,1.156,1.632,-40.363,0.34,-0.702,27.82,1.506,40.363,4.534,2.022,0,3.278,5.836,4.131,46.002,-1.269,1.593,0,0,0,OFFBOARD
147,OUTBOUND,14.92,28.022,0.992,1.631,-40.363,0.34,-0.702,28.022,1.342,40.363,4.55,2.557,0,3.768,6.847,4.133,46.307,-1.336,1.586,0,0,0,OFFBOARD
148,OUTBOUND,15.02,28.226,0.819,1.629,-40.363,0.34,-0.702,28.226,1.169,40.363,5.39,2.783,0,3.939,10.0,4.125,46.663,-1.373,1.582,0,0,0,OFFBOARD
149,OUTBOUND,15.12,28.428,0.644,1.626,-40.363,0.34,-0.702,28.428,0.994,40.363,5.19,2.69,0,3.934,10.0,4.116,47.052,-1.385,1.58,0,0,0,OFFBOARD
150,OUTBOUND,15.23,28.63,0.465,1.623,-40.363,0.34,-0.702,28.63,0.815,40.363,5.864,3.257,0,3.775,10.0,4.107,47.462,-1.363,1.577,0,0,0,OFFBOARD
151,OUTBOUND,15.33,28.834,0.282,1.62,-40.363,0.34,-0.702,28.834,0.632,40.363,6.033,3.534,0,4.307,10.0,4.099,47.886,-1.319,1.576,0,0,0,OFFBOARD
152,OUTBOUND,15.43,29.036,0.099,1.616,-40.363,0.34,-0.702,29.036,0.449,40.363,5.845,3.422,0,4.484,6.662,4.09,48.319,-1.267,1.576,0,0,0,OFFBOARD
153,OUTBOUND,15.53,29.24,-0.087,1.612,-40.363,0.34,-0.702,29.24,0.263,40.363,5.777,3.957,0,4.39,5.68,4.08,48.743,-1.195,1.577,0,0,0,OFFBOARD
154,OUTBOUND,15.63,29.442,-0.272,1.608,-40.363,0.34,-0.702,29.442,0.078,40.363,4.954,3.707,0,4.19,4.79,4.071,49.164,-1.109,1.58,0,0,0,OFFBOARD
155,OUTBOUND,15.73,29.644,-0.455,1.604,-40.363,0.34,-0.702,29.644,-0.105,40.363,4.59,3.447,0,4.074,4.59,4.066,49.494,-1.012,1.583,0,0,0,OFFBOARD
156,OUTBOUND,15.83,29.846,-0.632,1.601,-40.363,0.34,-0.702,29.846,-0.281,40.363,4.324,3.09,0,3.914,4.324,4.059,49.75,-0.895,1.587,0,0,0,OFFBOARD
157,OUTBOUND,15.94,30.048,-0.796,1.599,-40.363,0.34,-0.702,30.048,-0.446,40.363,4.124,2.85,0,4.27,4.124,4.042,49.983,-0.764,1.592,0,0,0,OFFBOARD
158,OUTBOUND,16.04,30.258,-0.949,1.596,-40.363,0.34,-0.702,30.258,-0.599,40.363,3.922,2.654,0,4.231,3.922,3.922,50.15,-0.62,1.597,0,0,0,OFFBOARD
159,OUTBOUND,16.14,30.462,-1.075,1.595,-40.363,0.34,-0.702,30.462,-0.725,40.363,3.724,2.501,0,4.107,3.724,3.724,50.261,-0.465,1.603,0,0,0,OFFBOARD
160,OUTBOUND,16.24,30.666,-1.174,1.594,-40.363,0.34,-0.702,30.666,-0.824,40.363,3.524,2.363,0,4.004,3.524,3.524,50.361,-0.301,1.609,0,0,0,OFFBOARD
161,OUTBOUND,16.34,30.868,-1.242,1.593,-40.363,0.34,-0.702,30.868,-0.892,40.363,3.32,2.251,0,3.977,3.32,3.32,50.461,-0.131,1.615,0,0,0,OFFBOARD
162,OUTBOUND,16.45,31.07,-1.281,1.593,-40.363,0.34,-0.702,31.07,-0.931,40.363,3.122,2.194,0,3.779,3.122,3.122,50.561,0.047,1.62,0,0,0,OFFBOARD
163,OUTBOUND,16.55,31.272,-1.289,1.594,-40.363,0.34,-0.702,31.272,-0.939,40.363,2.924,2.179,0,3.581,2.924,2.924,50.661,0.228,1.626,0,0,0,OFFBOARD
164,OUTBOUND,16.65,31.476,-1.268,1.596,-40.363,0.34,-0.702,31.476,-0.918,40.363,2.724,2.124,0,3.381,2.724,2.724,50.761,0.415,1.632,0,0,0,OFFBOARD
165,OUTBOUND,16.75,31.678,-1.22,1.598,-40.363,0.34,-0.702,31.678,-0.87,40.363,2.524,1.987,1,3.371,2.524,2.524,50.861,0.612,1.637,0,0,0,OFFBOARD
166,OUTBOUND,16.85,31.884,-1.144,1.6,-40.363,0.34,-0.702,31.884,-0.794,40.363,2.324,2.324,0,3.951,2.324,2.324,50.961,0.809,1.642,0,0,0,OFFBOARD
167,OUTBOUND,16.95,32.086,-1.046,1.603,-40.363,0.34,-0.702,32.086,-0.696,40.363,2.124,2.124,0,4.037,2.124,2.124,51.061,1.036,1.646,0,0,0,OFFBOARD
168,OUTBOUND,17.06,32.29,-0.927,1.606,-40.363,0.34,-0.702,32.29,-0.576,40.363,1.924,1.924,1,3.837,1.924,1.924,51.161,1.303,1.65,0,0,0,OFFBOARD
169,OUTBOUND,17.16,32.494,-0.79,1.61,-40.363,0.34,-0.702,32.494,-0.44,40.363,1.724,1.724,1,3.717,1.724,1.724,51.261,1.596,1.654,0,0,0,OFFBOARD
170,OUTBOUND,17.26,32.696,-0.641,1.614,-40.363,0.34,-0.702,32.696,-0.291,40.363,2.184,1.524,1,4.273,2.162,1.779,51.361,1.907,1.657,0,0,0,OFFBOARD
171,OUTBOUND,17.36,32.9,-0.48,1.618,-40.363,0.34,-0.702,32.9,-0.13,40.363,5.749,1.324,1,4.287,10.0,2.497,51.461,2.214,1.659,0,0,0,OFFBOARD
172,OUTBOUND,17.46,33.102,-0.313,1.622,-40.363,0.34,-0.702,33.102,0.037,40.363,5.661,1.288,1,4.164,10.0,4.104,51.561,2.494,1.661,0,0,0,OFFBOARD
173,OUTBOUND,17.56,33.306,-0.139,1.625,-40.363,0.34,-0.702,33.306,0.211,40.363,6.093,1.592,1,4.089,10.0,4.11,51.661,2.5,1.662,0,0,0,OFFBOARD
174,OUTBOUND,17.66,33.508,0.038,1.629,-40.363,0.34,-0.702,33.508,0.388,40.363,6.115,1.892,1,3.95,10.0,4.118,51.761,2.5,1.662,0,0,0,OFFBOARD
175,OUTBOUND,17.77,33.712,0.22,1.633,-40.363,0.34,-0.702,33.712,0.57,40.363,6.076,3.693,0,3.921,10.0,4.126,51.861,2.5,1.662,0,0,0,OFFBOARD
176,OUTBOUND,17.87,33.916,0.404,1.636,-40.363,0.34,-0.702,33.916,0.754,40.363,5.971,3.493,0,4.259,10.0,4.134,52.031,2.5,1.66,0,0,0,OFFBOARD
177,OUTBOUND,17.97,34.118,0.59,1.64,-40.363,0.34,-0.702,34.118,0.94,40.363,5.736,3.174,0,4.157,10.0,4.144,52.298,2.5,1.656,0,0,0,OFFBOARD
178,OUTBOUND,18.07,34.32,0.778,1.642,-40.363,0.34,-0.702,34.32,1.128,40.363,5.536,2.939,0,4.051,10.0,4.15,52.63,2.5,1.651,0,0,0,OFFBOARD
179,OUTBOUND,18.17,34.526,0.972,1.645,-40.363,0.34,-0.702,34.526,1.322,40.363,5.241,2.667,0,3.887,10.0,4.156,53.003,2.5,1.646,0,0,0,OFFBOARD
180,OUTBOUND,18.27,34.728,1.165,1.646,-40.363,0.34,-0.702,34.728,1.515,40.363,4.798,2.365,0,3.577,6.294,4.16,53.403,2.481,1.641,0,0,0,OFFBOARD
181,OUTBOUND,18.38,34.932,1.36,1.648,-40.363,0.34,-0.702,34.932,1.71,40.363,3.892,2.145,0,3.403,6.162,4.155,53.82,2.444,1.636,0,0,0,OFFBOARD
182,OUTBOUND,18.48,35.136,1.555,1.648,-40.363,0.34,-0.702,35.136,1.905,40.363,3.481,1.736,1,2.927,4.738,4.153,54.249,2.36,1.632,0,0,0,OFFBOARD
183,OUTBOUND,18.58,35.34,1.744,1.648,-40.363,0.34,-0.702,35.34,2.094,40.363,3.279,1.45,1,2.144,4.354,3.962,54.531,2.194,1.621,0,0,0,OFFBOARD
184,OUTBOUND,18.68,35.542,1.923,1.648,-40.363,0.34,-0.702,35.542,2.273,40.363,3.079,1.198,1,1.823,3.079,3.099,54.718,1.958,1.631,0,0,0,OFFBOARD
185,OUTBOUND,18.78,35.746,2.089,1.646,-40.363,0.34,-0.702,35.746,2.439,40.363,2.564,0.98,1,1.625,2.881,2.853,54.843,1.662,1.633,0,0,0,OFFBOARD
186,OUTBOUND,18.89,35.95,2.234,1.645,-40.363,0.34,-0.702,35.95,2.584,40.363,1.423,0.806,1,1.423,1.446,1.538,54.943,1.312,1.63,0,0,0,OFFBOARD
187,OUTBOUND,18.99,36.054,2.256,1.621,-40.363,0.34,-0.702,36.054,2.606,40.363,1.3,0.678,1,1.308,1.304,1.297,55.043,0.962,1.635,0,1,0,OFFBOARD
188,OUTBOUND,19.09,36.125,2.211,1.598,-40.363,0.34,-0.702,36.125,2.561,40.363,1.243,0.664,1,1.24,1.249,1.251,55.143,0.612,1.641,0,1,0,OFFBOARD
189,OUTBOUND,19.19,36.2,2.127,1.583,-40.363,0.34,-0.702,36.2,2.477,40.363,1.17,0.709,1,1.157,1.192,1.221,55.243,0.262,1.653,0,1,0,OFFBOARD
190,OUTBOUND,19.29,36.287,2.01,1.573,-40.363,0.34,-0.702,36.287,2.36,40.363,1.207,0.807,1,1.096,1.166,1.211,55.343,-0.084,1.67,0,0,0,OFFBOARD
191,OUTBOUND,19.39,36.396,1.87,1.569,-40.363,0.34,-0.702,36.396,2.22,40.363,1.791,0.933,1,1.615,1.854,1.433,55.443,-0.397,1.69,0,0,0,OFFBOARD
192,OUTBOUND,19.49,36.529,1.72,1.569,-40.363,0.34,-0.702,36.529,2.07,40.363,1.979,0.971,1,1.807,2.075,1.799,55.543,-0.685,1.691,0,0,0,OFFBOARD
193,OUTBOUND,19.6,36.687,1.571,1.573,-40.363,0.34,-0.702,36.687,1.921,40.363,2.065,1.087,1,1.968,2.193,2.162,55.643,-0.943,1.692,0,0,0,OFFBOARD
194,OUTBOUND,19.7,36.87,1.429,1.579,-40.363,0.34,-0.702,36.87,1.779,40.363,2.674,1.541,1,1.979,2.754,2.559,55.743,-1.177,1.694,0,0,0,OFFBOARD
195,OUTBOUND,19.8,37.074,1.295,1.586,-40.363,0.34,-0.702,37.074,1.645,40.363,2.928,1.669,1,2.56,3.065,2.8,55.843,-1.392,1.696,0,0,0,OFFBOARD
196,OUTBOUND,19.9,37.291,1.17,1.595,-40.363,0.34,-0.702,37.291,1.52,40.363,3.394,1.609,1,2.678,3.618,3.163,55.943,-1.601,1.698,0,0,0,OFFBOARD
197,OUTBOUND,20.0,37.513,1.052,1.604,-40.363,0.34,-0.702,37.513,1.402,40.363,3.654,2.009,0,2.623,3.782,3.595,56.043,-1.769,1.7,0,0,0,OFFBOARD
198,OUTBOUND,20.1,37.744,0.931,1.613,-40.363,0.34,-0.702,37.744,1.281,40.363,3.604,2.209,0,3.269,4.66,4.19,56.231,-1.929,1.701,0,0,0,OFFBOARD
199,OUTBOUND,20.21,37.978,0.804,1.622,-40.363,0.34,-0.702,37.978,1.154,40.363,4.233,2.432,0,3.152,5.664,4.222,56.511,-2.073,1.701,0,0,0,OFFBOARD
200,OUTBOUND,20.31,38.202,0.673,1.631,-40.363,0.34,-0.702,38.202,1.023,40.363,4.042,2.683,0,3.659,6.659,3.973,56.85,-2.159,1.699,0,0,0,OFFBOARD
201,OUTBOUND,20.41,38.421,0.532,1.639,-40.363,0.34,-0.702,38.421,0.882,40.363,4.95,2.672,0,3.738,10.0,4.261,57.228,-2.204,1.697,0,0,0,OFFBOARD
202,OUTBOUND,20.51,38.636,0.38,1.647,-40.363,0.34,-0.702,38.636,0.73,40.363,5.031,3.264,0,3.697,10.0,4.602,57.632,-2.206,1.689,0,0,0,OFFBOARD
203,OUTBOUND,20.61,38.85,0.216,1.654,-40.363,0.34,-0.702,38.85,0.566,40.363,5.969,3.258,0,3.627,10.0,4.498,58.051,-2.18,1.674,0,0,0,OFFBOARD
204,OUTBOUND,20.71,39.058,0.043,1.659,-40.363,0.34,-0.702,39.058,0.393,40.363,5.757,3.237,0,4.082,10.0,4.421,58.481,-2.129,1.658,0,0,0,OFFBOARD
205,OUTBOUND,20.81,39.266,-0.139,1.663,-40.363,0.34,-0.702,39.266,0.211,40.363,5.62,3.182,0,4.099,10.0,4.376,58.919,-2.046,1.645,0,0,0,OFFBOARD
206,OUTBOUND,20.91,39.469,-0.321,1.666,-40.363,0.34,-0.702,39.469,0.029,40.363,5.385,2.974,0,4.036,6.83,4.379,59.359,-1.934,1.634,0,0,0,OFFBOARD
207,OUTBOUND,21.02,39.672,-0.497,1.667,-40.363,0.34,-0.702,39.672,-0.147,40.363,5.148,2.766,0,3.914,6.528,4.404,59.657,-1.802,1.625,0,0,0,OFFBOARD
208,OUTBOUND,21.12,39.875,-0.658,1.667,-40.363,0.34,-0.702,39.875,-0.308,40.363,4.987,2.552,0,3.73,6.264,4.402,59.858,-1.653,1.617,0,0,0,OFFBOARD
209,OUTBOUND,21.22,40.077,-0.793,1.665,-40.363,0.34,-0.702,40.077,-0.443,40.363,4.791,2.336,0,3.538,5.867,4.36,60.005,-1.491,1.61,0,0,0,OFFBOARD
210,OUTBOUND,21.32,40.281,-0.894,1.663,-40.363,0.34,-0.702,40.281,-0.543,40.363,4.591,2.133,0,3.378,5.689,4.289,60.132,-1.318,1.604,0,0,0,OFFBOARD
211,OUTBOUND,21.42,40.488,-0.956,1.659,-40.363,0.34,-0.702,40.488,-0.606,40.363,4.385,2.087,0,3.82,5.654,4.234,60.303,-1.139,1.599,0,0,0,OFFBOARD
212,OUTBOUND,21.52,40.694,-0.979,1.655,-40.363,0.34,-0.702,40.694,-0.629,40.363,4.379,2.388,0,3.859,5.46,4.212,60.565,-0.978,1.595,0,0,0,OFFBOARD
213,OUTBOUND,21.62,40.902,-0.967,1.651,-40.363,0.34,-0.702,40.902,-0.617,40.363,5.071,2.412,0,3.873,5.405,4.177,60.893,-0.813,1.592,0,0,0,OFFBOARD
214,OUTBOUND,21.72,41.11,-0.928,1.646,-40.363,0.34,-0.702,41.11,-0.578,40.363,4.986,2.495,0,3.726,6.275,4.142,61.257,-0.647,1.59,0,0,0,OFFBOARD
215,OUTBOUND,21.83,41.322,-0.868,1.641,-40.363,0.34,-0.702,41.322,-0.517,40.363,4.781,2.308,0,3.522,6.995,4.137,61.536,-0.482,1.588,0,0,0,OFFBOARD
216,OUTBOUND,21.93,41.532,-0.796,1.636,-40.363,0.34,-0.702,41.532,-0.446,40.363,5.286,2.736,0,3.538,10.0,4.147,61.754,-0.342,1.588,0,0,0,OFFBOARD
217,OUTBOUND,22.03,41.744,-0.718,1.63,-40.363,0.34,-0.702,41.744,-0.368,40.363,5.612,2.946,0,4.077,10.0,4.159,62.052,-0.208,1.588,0,0,0,OFFBOARD
218,OUTBOUND,22.13,41.953,-0.641,1.626,-40.363,0.34,-0.702,41.953,-0.291,40.363,5.404,2.883,0,4.117,10.0,4.191,62.401,-0.083,1.589,0,0,0,OFFBOARD
219,OUTBOUND,22.23,42.162,-0.568,1.621,-40.363,0.34,-0.702,42.162,-0.218,40.363,5.24,3.134,0,3.942,10.0,4.225,62.782,0.026,1.591,0,0,0,OFFBOARD
220,OUTBOUND,22.33,42.373,-0.502,1.617,-40.363,0.34,-0.702,42.373,-0.152,40.363,5.826,3.354,0,3.843,10.0,4.241,63.185,0.129,1.593,0,0,0,OFFBOARD
221,OUTBOUND,22.44,42.578,-0.445,1.613,-40.363,0.34,-0.702,42.578,-0.095,40.363,5.962,3.42,0,4.249,10.0,4.233,63.603,0.228,1.596,0,0,0,OFFBOARD
222,OUTBOUND,22.54,42.787,-0.395,1.61,-40.363,0.34,-0.702,42.787,-0.045,40.363,5.766,3.259,0,4.311,10.0,4.209,64.031,0.328,1.6,0,0,0,OFFBOARD
223,OUTBOUND,22.64,42.993,-0.353,1.608,-40.363,0.34,-0.702,42.993,-0.003,40.363,5.717,3.611,0,4.183,10.0,4.172,64.467,0.42,1.604,0,0,0,OFFBOARD
224,OUTBOUND,22.74,43.194,-0.318,1.606,-40.363,0.34,-0.702,43.194,0.032,40.363,5.939,3.697,0,4.078,10.0,4.133,64.908,0.513,1.608,0,0,0,OFFBOARD
225,OUTBOUND,22.84,43.397,-0.287,1.604,-40.363,0.34,-0.702,43.397,0.063,40.363,6.086,3.74,0,3.939,10.0,4.098,65.351,0.599,1.612,0,0,0,OFFBOARD
226,OUTBOUND,22.94,43.6,-0.259,1.603,-40.363,0.34,-0.702,43.6,0.091,40.363,6.116,3.656,0,4.301,10.0,4.073,65.796,0.683,1.616,0,0,0,OFFBOARD
227,OUTBOUND,23.04,43.804,-0.23,1.603,-40.363,0.34,-0.702,43.804,0.12,40.363,5.997,3.464,0,4.504,10.0,4.06,66.241,0.777,1.621,0,0,0,OFFBOARD
228,OUTBOUND,23.14,44.007,-0.199,1.603,-40.363,0.34,-0.702,44.006,0.151,40.363,5.869,3.447,0,4.543,10.0,4.058,66.687,0.871,1.625,0,0,0,OFFBOARD
229,OUTBOUND,23.25,44.211,-0.164,1.604,-40.363,0.34,-0.702,44.211,0.186,40.363,5.869,3.799,0,4.352,10.0,4.065,67.134,0.958,1.63,0,0,0,OFFBOARD
230,OUTBOUND,23.35,44.415,-0.122,1.605,-40.363,0.34,-0.702,44.415,0.228,40.363,5.977,3.799,0,4.171,10.0,4.075,67.582,1.047,1.634,0,0,0,OFFBOARD
231,OUTBOUND,23.45,44.617,-0.072,1.607,-40.363,0.34,-0.702,44.617,0.278,40.363,6.002,3.82,0,4.156,10.0,4.083,68.029,1.13,1.638,0,0,0,OFFBOARD
232,OUTBOUND,23.55,44.819,-0.012,1.609,-40.363,0.34,-0.702,44.819,0.338,40.363,5.987,3.754,0,4.492,10.0,4.089,68.476,1.21,1.641,0,0,0,OFFBOARD
233,OUTBOUND,23.65,45.021,0.058,1.611,-40.363,0.34,-0.702,45.02,0.409,40.363,5.977,3.586,0,4.5,10.0,4.093,68.924,1.291,1.644,0,0,0,OFFBOARD
234,OUTBOUND,23.75,45.224,0.142,1.614,-40.363,0.34,-0.702,45.224,0.492,40.363,5.87,3.905,0,4.512,10.0,4.095,69.371,1.368,1.647,0,0,0,OFFBOARD
235,OUTBOUND,23.85,45.426,0.236,1.616,-40.363,0.34,-0.702,45.426,0.587,40.363,5.68,3.829,0,4.411,10.0,4.096,69.818,1.441,1.65,0,0,0,OFFBOARD
236,OUTBOUND,23.96,45.627,0.342,1.619,-40.363,0.34,-0.702,45.627,0.692,40.363,5.622,3.702,0,4.21,10.0,4.096,70.266,1.504,1.651,0,0,0,OFFBOARD
237,OUTBOUND,24.06,45.829,0.458,1.622,-40.363,0.34,-0.702,45.829,0.808,40.363,5.607,3.535,0,4.012,10.0,4.097,70.715,1.564,1.652,0,0,0,OFFBOARD
238,OUTBOUND,24.16,46.033,0.584,1.625,-40.363,0.34,-0.702,46.033,0.934,40.363,5.651,3.346,0,3.903,10.0,4.098,71.163,1.609,1.652,0,0,0,OFFBOARD
239,OUTBOUND,24.26,46.235,0.716,1.628,-40.363,0.34,-0.702,46.235,1.066,40.363,5.651,3.141,0,3.771,6.831,4.098,71.612,1.644,1.65,0,0,0,OFFBOARD
240,OUTBOUND,24.36,46.438,0.852,1.631,-40.363,0.34,-0.702,46.438,1.202,40.363,5.602,2.924,0,3.613,6.652,4.101,71.98,1.669,1.649,0,0,0,OFFBOARD
241,OUTBOUND,24.46,46.64,0.99,1.633,-40.363,0.34,-0.702,46.64,1.34,40.363,5.337,2.701,0,3.445,6.492,4.105,72.355,1.681,1.648,0,0,0,OFFBOARD
242,OUTBOUND,24.56,46.845,1.129,1.636,-40.363,0.34,-0.702,46.845,1.479,40.363,4.465,2.477,0,3.692,6.331,4.119,72.738,1.678,1.647,0,0,0,OFFBOARD
243,OUTBOUND,24.66,47.048,1.263,1.638,-40.363,0.34,-0.702,47.048,1.613,40.363,4.169,2.252,0,3.487,6.145,4.134,73.143,1.657,1.646,0,0,0,OFFBOARD
244,OUTBOUND,24.77,47.253,1.392,1.639,-40.363,0.34,-0.702,47.253,1.742,40.363,3.886,2.053,0,3.296,5.325,4.149,73.565,1.611,1.644,0,0,0,OFFBOARD
245,OUTBOUND,24.87,47.454,1.51,1.64,-40.363,0.34,-0.702,47.454,1.86,40.363,3.667,1.874,1,3.123,4.921,4.151,73.996,1.541,1.638,0,0,0,OFFBOARD
246,OUTBOUND,24.97,47.661,1.621,1.641,-40.363,0.34,-0.702,47.661,1.971,40.363,3.465,1.714,1,2.942,4.719,4.078,74.302,1.402,1.624,0,0,0,OFFBOARD
247,OUTBOUND,25.07,47.864,1.715,1.642,-40.363,0.34,-0.702,47.864,2.065,40.363,3.267,1.581,1,2.793,4.52,3.936,74.519,1.21,1.605,0,0,0,OFFBOARD
248,OUTBOUND,25.17,48.068,1.794,1.641,-40.363,0.34,-0.702,48.068,2.144,40.363,2.997,1.431,1,2.681,4.014,3.638,74.673,0.972,1.6,0,0,0,OFFBOARD
249,OUTBOUND,25.27,48.271,1.853,1.64,-40.363,0.34,-0.702,48.271,2.203,40.363,2.797,1.349,1,2.623,2.993,3.254,74.785,0.712,1.591,0,0,0,OFFBOARD
250,OUTBOUND,25.38,48.475,1.892,1.638,-40.363,0.34,-0.702,48.475,2.242,40.363,2.598,1.298,1,2.598,2.815,2.829,74.885,0.429,1.581,0,0,0,OFFBOARD
251,OUTBOUND,25.48,48.677,1.905,1.634,-40.363,0.34,-0.702,48.677,2.255,40.363,2.587,1.142,1,2.398,3.59,3.019,74.985,0.127,1.574,0,0,0,OFFBOARD
252,OUTBOUND,25.58,48.879,1.891,1.631,-40.363,0.34,-0.702,48.879,2.241,40.363,3.442,1.008,1,2.198,3.454,3.15,75.085,-0.163,1.57,0,0,0,OFFBOARD
253,OUTBOUND,25.68,49.082,1.846,1.626,-40.363,0.34,-0.702,49.082,2.196,40.363,3.254,1.369,1,2.208,3.255,3.255,75.185,-0.435,1.566,0,0,0,OFFBOARD
254,OUTBOUND,25.78,49.286,1.771,1.621,-40.363,0.34,-0.702,49.286,2.121,40.363,3.052,1.483,1,2.947,3.272,3.092,75.285,-0.703,1.544,0,0,0,OFFBOARD
255,OUTBOUND,25.88,49.488,1.667,1.616,-40.363,0.34,-0.702,49.488,2.017,40.363,3.863,1.596,1,2.85,4.005,3.693,75.385,-0.956,1.522,0,0,0,OFFBOARD
256,OUTBOUND,25.98,49.693,1.539,1.61,-40.363,0.34,-0.702,49.693,1.889,40.363,3.694,1.482,1,2.671,3.819,3.712,75.485,-1.198,1.499,0,0,0,OFFBOARD
257,OUTBOUND,26.08,49.895,1.393,1.602,-40.363,0.34,-0.702,49.895,1.743,40.363,3.443,1.977,1,3.422,3.592,3.494,75.585,-1.396,1.478,0,0,0,OFFBOARD
258,OUTBOUND,26.19,50.098,1.234,1.594,-40.363,0.34,-0.702,50.098,1.584,40.363,3.265,2.253,0,3.507,3.395,3.286,75.685,-1.587,1.459,0,0,0,OFFBOARD
259,OUTBOUND,26.29,50.302,1.066,1.584,-40.363,0.34,-0.702,50.302,1.416,40.363,4.564,2.15,0,3.308,10.0,3.38,75.858,-1.765,1.449,0,0,0,OFFBOARD
260,OUTBOUND,26.39,50.505,0.894,1.573,-40.363,0.34,-0.702,50.505,1.244,40.363,5.478,2.687,0,4.01,10.0,3.982,76.126,-1.881,1.446,0,0,0,OFFBOARD
261,OUTBOUND,26.49,50.709,0.718,1.562,-40.363,0.34,-0.702,50.709,1.068,40.363,5.419,2.634,0,4.162,10.0,3.969,76.458,-1.956,1.446,0,0,0,OFFBOARD
262,OUTBOUND,26.59,50.912,0.542,1.551,-40.363,0.34,-0.702,50.912,0.892,40.363,5.551,2.427,0,3.988,10.0,3.944,76.831,-1.988,1.448,0,0,0,OFFBOARD
263,OUTBOUND,26.69,51.117,0.361,1.54,-40.363,0.34,-0.702,51.116,0.711,40.363,5.896,3.49,0,4.565,10.0,3.919,77.228,-1.971,1.454,0,0,0,OFFBOARD
264,OUTBOUND,26.79,51.319,0.18,1.529,-40.363,0.34,-0.702,51.319,0.53,40.363,5.874,3.561,0,4.689,10.0,3.895,77.641,-1.933,1.463,0,0,0,OFFBOARD
265,OUTBOUND,26.9,51.523,-0.006,1.519,-40.363,0.34,-0.702,51.523,0.344,40.363,5.753,3.956,0,4.617,10.0,3.872,78.062,-1.876,1.476,0,0,0,OFFBOARD
266,OUTBOUND,27.0,51.728,-0.195,1.511,-40.363,0.34,-0.702,51.728,0.155,40.363,5.711,3.932,0,4.415,10.0,3.851,78.482,-1.804,1.491,0,0,0,OFFBOARD
267,OUTBOUND,27.1,51.93,-0.386,1.505,-40.363,0.34,-0.702,51.93,-0.036,40.363,5.62,3.68,0,4.3,10.0,3.833,78.909,-1.723,1.508,0,0,0,OFFBOARD
268,OUTBOUND,27.2,52.13,-0.577,1.5,-40.363,0.34,-0.702,52.13,-0.227,40.363,5.511,1.413,1,4.166,10.0,3.819,79.334,-1.542,1.527,0,0,0,OFFBOARD
269,OUTBOUND,27.3,52.334,-0.772,1.497,-40.363,0.34,-0.702,52.334,-0.422,40.363,5.494,1.069,1,3.991,10.0,3.809,79.613,-1.345,1.546,0,0,0,OFFBOARD
270,OUTBOUND,27.4,52.532,-0.958,1.496,-40.363,0.34,-0.702,52.532,-0.608,40.363,5.552,0.637,1,3.751,10.0,3.812,79.797,-1.023,1.565,0,1,0,OFFBOARD
271,OUTBOUND,27.51,52.742,-1.144,1.497,-40.363,0.34,-0.702,52.742,-0.794,40.363,5.376,0.473,1,3.976,10.0,0.737,79.918,-0.673,1.585,0,1,0,OFFBOARD
272,OUTBOUND,27.61,52.931,-1.288,1.509,-40.363,0.34,-0.702,52.93,-0.938,40.363,0.41,0.41,1,3.971,5.68,0.277,80.018,-0.323,1.598,0,1,0,OFFBOARD
273,OUTBOUND,27.71,53.087,-1.369,1.536,-40.363,0.34,-0.702,53.086,-1.019,40.363,0.354,0.354,1,4.109,5.522,0.261,80.118,-0.197,1.609,0,1,0,OFFBOARD
274,OUTBOUND,27.81,53.221,-1.387,1.557,-40.363,0.34,-0.702,53.221,-1.037,40.363,4.306,2.216,0,4.123,5.877,0.274,80.218,-0.07,1.614,0,0,0,OFFBOARD
275,OUTBOUND,27.91,53.354,-1.355,1.569,-40.363,0.34,-0.702,53.354,-1.005,40.363,3.852,2.534,0,6.06,5.914,3.01,80.318,0.011,1.619,0,0,0,OFFBOARD
276,OUTBOUND,28.01,53.498,-1.288,1.579,-40.363,0.34,-0.702,53.498,-0.938,40.363,3.688,2.566,0,6.869,5.59,2.896,80.418,0.086,1.624,0,0,0,OFFBOARD
277,OUTBOUND,28.12,53.655,-1.197,1.588,-40.363,0.34,-0.702,53.655,-0.847,40.363,3.835,3.133,0,6.954,5.863,2.939,80.518,0.162,1.628,0,0,0,OFFBOARD
278,OUTBOUND,28.22,53.825,-1.1,1.595,-40.363,0.34,-0.702,53.825,-0.75,40.363,4.118,3.249,0,5.861,6.526,3.1,80.618,0.273,1.633,0,0,0,OFFBOARD
279,OUTBOUND,28.32,54.009,-1.012,1.601,-40.363,0.34,-0.702,54.009,-0.662,40.363,4.437,3.388,0,5.534,10.0,3.347,80.718,0.384,1.636,0,0,0,OFFBOARD
280,OUTBOUND,28.42,54.207,-0.954,1.606,-40.363,0.34,-0.702,54.207,-0.604,40.363,4.945,3.424,0,4.433,10.0,3.668,80.871,0.486,1.64,0,0,0,OFFBOARD
281,OUTBOUND,28.52,54.412,-0.939,1.611,-40.363,0.34,-0.702,54.412,-0.589,40.363,5.504,3.474,0,4.146,10.0,3.988,81.122,0.579,1.642,0,0,0,OFFBOARD
282,OUTBOUND,28.62,54.624,-0.972,1.616,-40.363,0.34,-0.702,54.624,-0.622,40.363,5.828,3.487,0,3.932,6.928,4.204,81.442,0.669,1.645,0,0,0,OFFBOARD
283,OUTBOUND,28.72,54.841,-1.052,1.619,-40.363,0.34,-0.702,54.841,-0.702,40.363,5.617,3.197,0,3.741,6.795,4.297,81.79,0.774,1.647,0,0,0,OFFBOARD
284,OUTBOUND,28.83,55.058,-1.165,1.623,-40.363,0.34,-0.702,55.058,-0.815,40.363,4.829,2.724,0,3.548,6.663,4.315,82.148,0.902,1.648,0,0,0,OFFBOARD
285,OUTBOUND,28.93,55.276,-1.297,1.626,-40.363,0.34,-0.702,55.276,-0.947,40.363,4.619,2.146,0,3.358,6.506,4.283,82.385,1.078,1.649,0,0,0,OFFBOARD
286,OUTBOUND,29.03,55.491,-1.428,1.629,-40.363,0.34,-0.702,55.491,-1.078,40.363,4.552,2.053,0,3.294,6.439,4.254,82.539,1.264,1.649,0,0,0,OFFBOARD
287,OUTBOUND,29.13,55.704,-1.541,1.632,-40.363,0.34,-0.702,55.704,-1.191,40.363,4.281,1.694,1,3.138,5.45,4.139,82.639,1.48,1.649,0,0,0,OFFBOARD
288,OUTBOUND,29.23,55.915,-1.618,1.634,-40.363,0.34,-0.702,55.915,-1.268,40.363,4.775,1.566,1,3.76,5.126,3.829,82.739,1.7,1.649,0,0,0,OFFBOARD
289,OUTBOUND,29.33,56.126,-1.646,1.637,-40.363,0.34,-0.702,56.126,-1.296,40.363,4.454,1.473,1,3.785,4.927,3.66,82.839,1.929,1.649,0,0,0,OFFBOARD
290,OUTBOUND,29.43,56.335,-1.617,1.638,-40.363,0.34,-0.702,56.335,-1.267,40.363,4.329,1.677,1,3.595,4.673,3.563,82.939,2.152,1.647,0,0,0,OFFBOARD
291,OUTBOUND,29.54,56.537,-1.538,1.64,-40.363,0.34,-0.702,56.537,-1.188,40.363,4.346,1.721,1,3.399,4.544,3.379,83.039,2.372,1.646,0,0,0,OFFBOARD
292,OUTBOUND,29.64,56.746,-1.414,1.642,-40.363,0.34,-0.702,56.746,-1.064,40.363,4.34,1.828,1,3.199,4.356,3.946,83.139,2.5,1.645,0,0,0,OFFBOARD
293,OUTBOUND,29.74,56.946,-1.268,1.643,-40.363,0.34,-0.702,56.946,-0.918,40.363,4.154,1.75,1,3.0,5.189,4.194,83.239,2.5,1.643,0,0,0,OFFBOARD
294,OUTBOUND,29.84,57.153,-1.101,1.643,-40.363,0.34,-0.702,57.153,-0.751,40.363,3.958,2.269,0,3.305,5.082,4.224,83.339,2.5,1.641,0,0,0,OFFBOARD
295,OUTBOUND,29.94,57.358,-0.931,1.644,-40.363,0.34,-0.702,57.358,-0.581,40.363,4.85,2.546,0,3.661,4.896,4.119,83.439,2.5,1.639,0,0,0,OFFBOARD
296,OUTBOUND,30.04,57.561,-0.763,1.644,-40.363,0.34,-0.702,57.561,-0.413,40.363,4.702,2.469,0,3.479,4.743,4.068,83.546,2.5,1.638,0,0,0,OFFBOARD
297,OUTBOUND,30.14,57.768,-0.596,1.644,-40.363,0.34,-0.702,57.768,-0.246,40.363,4.559,2.979,0,4.125,4.591,4.02,83.68,2.5,1.636,0,0,0,OFFBOARD
298,OUTBOUND,30.24,57.973,-0.434,1.644,-40.363,0.34,-0.702,57.973,-0.083,40.363,4.4,3.1,0,4.117,4.435,3.784,83.815,2.5,1.634,0,0,0,OFFBOARD
299,OUTBOUND,30.35,58.181,-0.27,1.644,-40.363,0.34,-0.702,58.181,0.08,40.363,3.68,3.115,0,4.098,4.279,3.482,83.915,2.5,1.632,0,0,0,OFFBOARD
300,OUTBOUND,30.45,58.389,-0.106,1.643,-40.363,0.34,-0.702,58.389,0.244,40.363,3.312,3.201,0,3.93,4.119,3.219,84.133,2.5,1.631,0,0,0,OFFBOARD
301,OUTBOUND,30.55,58.597,0.063,1.642,-40.363,0.34,-0.702,58.597,0.413,40.363,3.031,3.03,0,3.944,4.074,2.994,84.424,2.5,1.63,0,0,0,OFFBOARD
302,OUTBOUND,30.65,58.803,0.236,1.641,-40.363,0.34,-0.702,58.803,0.587,40.363,2.808,2.808,0,4.304,10.0,2.792,84.77,2.5,1.628,0,0,0,OFFBOARD
303,OUTBOUND,30.75,59.013,0.42,1.64,-40.363,0.34,-0.702,59.013,0.77,40.363,2.733,2.733,0,4.277,10.0,2.588,85.153,2.5,1.625,0,0,0,OFFBOARD
304,OUTBOUND,30.85,59.221,0.607,1.639,-40.363,0.34,-0.702,59.221,0.957,40.363,2.77,2.77,0,4.129,10.0,2.382,85.559,2.5,1.621,0,0,0,OFFBOARD
305,OUTBOUND,30.95,59.43,0.8,1.638,-40.363,0.34,-0.702,59.43,1.15,40.363,2.852,2.852,0,3.994,10.0,2.183,85.977,2.5,1.618,0,0,0,OFFBOARD
306,OUTBOUND,31.06,59.636,0.995,1.637,-40.363,0.34,-0.702,59.636,1.345,40.363,5.128,2.671,0,3.837,10.0,2.027,86.264,2.496,1.615,0,0,0,OFFBOARD
307,OUTBOUND,31.16,59.843,1.193,1.635,-40.363,0.34,-0.702,59.843,1.543,40.363,4.741,2.37,0,3.541,6.244,2.105,86.594,2.437,1.614,0,0,0,OFFBOARD
308,OUTBOUND,31.26,60.048,1.388,1.633,-40.363,0.34,-0.702,60.048,1.738,40.363,3.663,2.04,0,3.291,5.006,4.209,86.965,2.357,1.613,0,0,0,OFFBOARD
309,OUTBOUND,31.36,60.254,1.58,1.631,-40.363,0.34,-0.702,60.254,1.93,40.363,3.328,1.729,1,3.0,4.583,4.141,87.365,2.223,1.601,0,0,0,OFFBOARD
310,OUTBOUND,31.46,60.457,1.761,1.629,-40.363,0.34,-0.702,60.457,2.111,40.363,3.124,1.451,1,2.691,4.134,3.77,87.625,2.017,1.587,0,0,0,OFFBOARD
311,OUTBOUND,31.56,60.662,1.929,1.627,-40.363,0.34,-0.702,60.662,2.279,40.363,2.92,1.216,1,2.389,2.921,2.92,87.796,1.754,1.589,0,0,0,OFFBOARD
312,OUTBOUND,31.66,60.864,2.073,1.624,-40.363,0.34,-0.702,60.864,2.423,40.363,2.717,1.02,1,1.64,2.719,2.716,87.908,1.445,1.587,0,0,0,OFFBOARD
313,OUTBOUND,31.77,61.069,2.19,1.621,-40.363,0.34,-0.702,61.069,2.54,40.363,2.484,0.869,1,1.377,2.515,2.225,88.008,1.103,1.582,0,0,0,OFFBOARD
314,OUTBOUND,31.87,61.274,2.273,1.618,-40.363,0.34,-0.702,61.274,2.623,40.363,2.046,0.734,1,1.148,1.277,1.192,88.108,0.753,1.579,0,1,0,OFFBOARD
315,OUTBOUND,31.97,61.439,2.277,1.61,-40.363,0.34,-0.702,61.439,2.627,40.363,0.963,0.623,1,0.899,0.923,0.891,88.208,0.403,1.577,0,1,0,OFFBOARD
316,OUTBOUND,32.07,61.602,2.235,1.603,-40.363,0.34,-0.702,61.602,2.585,40.363,0.782,0.579,1,0.758,0.759,0.751,88.308,0.053,1.575,0,1,0,OFFBOARD
317,OUTBOUND,32.17,61.772,2.151,1.597,-40.363,0.34,-0.702,61.772,2.501,40.363,0.798,0.602,1,0.745,0.767,0.742,88.408,-0.297,1.584,0,1,0,OFFBOARD
318,OUTBOUND,32.27,61.943,2.039,1.593,-40.363,0.34,-0.702,61.943,2.389,40.363,1.295,0.534,1,1.194,1.277,1.336,88.508,-0.647,1.601,0,1,0,OFFBOARD
319,OUTBOUND,32.38,62.133,1.899,1.589,-40.363,0.34,-0.702,62.133,2.249,40.363,1.441,0.833,1,1.348,1.5,1.567,88.608,-0.997,1.623,0,0,0,OFFBOARD
320,OUTBOUND,32.48,62.327,1.757,1.587,-40.363,0.34,-0.702,62.327,2.107,40.363,1.345,0.967,1,1.303,1.429,1.606,88.708,-1.347,1.622,0,0,0,OFFBOARD
321,OUTBOUND,32.58,62.534,1.617,1.587,-40.363,0.34,-0.702,62.534,1.967,40.363,1.867,1.138,1,1.672,2.086,2.082,88.808,-1.691,1.623,0,0,0,OFFBOARD
322,OUTBOUND,32.68,62.749,1.486,1.588,-40.363,0.34,-0.702,62.749,1.836,40.363,2.166,1.128,1,1.957,2.283,2.403,88.908,-2.008,1.623,0,0,0,OFFBOARD
323,OUTBOUND,32.78,62.976,1.363,1.59,-40.363,0.34,-0.702,62.976,1.714,40.363,2.232,1.47,1,1.962,2.832,2.721,89.008,-2.297,1.623,0,0,0,OFFBOARD
324,OUTBOUND,32.88,63.209,1.251,1.592,-40.363,0.34,-0.702,63.208,1.601,40.363,2.946,1.643,1,2.546,3.076,3.168,89.108,-2.5,1.624,0,0,0,OFFBOARD
325,OUTBOUND,32.99,63.449,1.141,1.594,-40.363,0.34,-0.702,63.449,1.491,40.363,2.908,1.626,1,2.697,3.729,3.62,89.208,-2.5,1.624,0,0,0,OFFBOARD
326,OUTBOUND,33.09,63.689,1.031,1.597,-40.363,0.34,-0.702,63.689,1.381,40.363,3.508,2.07,0,2.654,3.685,3.619,89.308,-2.5,1.624,0,0,0,OFFBOARD
327,OUTBOUND,33.19,63.931,0.915,1.6,-40.363,0.34,-0.702,63.931,1.265,40.363,3.365,2.292,0,3.359,3.479,3.344,89.408,-2.5,1.615,0,0,0,OFFBOARD
328,OUTBOUND,33.29,64.169,0.791,1.602,-40.363,0.34,-0.702,64.169,1.141,40.363,4.52,2.23,0,3.27,5.785,4.565,89.592,-2.5,1.607,0,0,0,OFFBOARD
329,OUTBOUND,33.39,64.402,0.655,1.604,-40.363,0.34,-0.702,64.402,1.005,40.363,4.451,2.689,0,3.759,6.778,4.678,89.869,-2.5,1.59,0,0,0,OFFBOARD
330,OUTBOUND,33.49,64.632,0.507,1.605,-40.363,0.34,-0.702,64.632,0.857,40.363,5.293,2.611,0,3.942,10.0,4.674,90.203,-2.5,1.576,0,0,0,OFFBOARD
331,OUTBOUND,33.59,64.854,0.348,1.606,-40.363,0.34,-0.702,64.854,0.698,40.363,5.122,3.332,0,3.822,10.0,4.623,90.578,-2.476,1.566,0,0,0,OFFBOARD
332,OUTBOUND,33.7,65.074,0.178,1.605,-40.363,0.34,-0.702,65.074,0.528,40.363,5.881,3.471,0,3.785,10.0,4.558,90.979,-2.427,1.561,0,0,0,OFFBOARD
333,OUTBOUND,33.8,65.288,-0.0,1.603,-40.363,0.34,-0.702,65.288,0.35,40.363,5.564,3.513,0,4.082,10.0,4.49,91.396,-2.349,1.558,0,0,0,OFFBOARD
334,OUTBOUND,33.9,65.497,-0.178,1.6,-40.363,0.34,-0.702,65.497,0.172,40.363,5.343,3.255,0,4.074,6.805,4.448,91.811,-2.25,1.558,0,0,0,OFFBOARD
335,OUTBOUND,34.0,65.703,-0.346,1.597,-40.363,0.34,-0.702,65.703,0.005,40.363,5.25,3.003,0,4.066,6.578,4.399,92.081,-2.129,1.56,0,0,0,OFFBOARD
336,OUTBOUND,34.1,65.91,-0.493,1.594,-40.363,0.34,-0.702,65.91,-0.143,40.363,5.249,2.8,0,4.011,6.35,4.331,92.256,-2.006,1.564,0,0,0,OFFBOARD
337,OUTBOUND,34.2,66.115,-0.604,1.591,-40.363,0.34,-0.702,66.115,-0.254,40.363,5.089,2.639,0,3.829,6.132,4.277,92.371,-1.885,1.568,0,0,0,OFFBOARD
338,OUTBOUND,34.3,66.321,-0.672,1.588,-40.363,0.34,-0.702,66.321,-0.322,40.363,4.885,2.423,0,3.755,5.932,4.214,92.471,-1.753,1.574,0,0,0,OFFBOARD
339,OUTBOUND,34.41,66.531,-0.694,1.585,-40.363,0.34,-0.702,66.531,-0.344,40.363,5.284,2.406,0,4.275,5.732,4.131,92.571,-1.622,1.58,0,0,0,OFFBOARD
340,OUTBOUND,34.51,66.739,-0.674,1.583,-40.363,0.34,-0.702,66.739,-0.324,40.363,5.446,2.77,0,4.301,5.459,4.029,92.671,-1.496,1.587,0,0,0,OFFBOARD
341,OUTBOUND,34.61,66.962,-0.618,1.581,-40.363,0.34,-0.702,66.962,-0.268,40.363,5.238,2.923,0,4.122,5.249,4.001,92.771,-1.365,1.595,0,0,0,OFFBOARD
342,OUTBOUND,34.71,67.182,-0.539,1.581,-40.363,0.34,-0.702,67.182,-0.189,40.363,5.027,2.741,0,3.924,5.032,4.02,92.871,-1.234,1.602,0,0,0,OFFBOARD
343,OUTBOUND,34.81,67.401,-0.452,1.581,-40.363,0.34,-0.702,67.401,-0.102,40.363,4.805,3.256,0,3.9,4.811,4.041,92.971,-1.124,1.61,0,0,0,OFFBOARD
344,OUTBOUND,34.92,67.618,-0.368,1.581,-40.363,0.34,-0.702,67.618,-0.018,40.363,4.582,3.458,0,4.245,4.587,4.103,93.071,-1.069,1.618,0,0,0,OFFBOARD
345,OUTBOUND,35.02,67.832,-0.298,1.583,-40.363,0.34,-0.702,67.832,0.052,40.363,4.771,3.361,0,4.278,4.365,4.149,93.171,-1.038,1.625,0,0,0,OFFBOARD
346,OUTBOUND,35.12,68.045,-0.249,1.585,-40.363,0.34,-0.702,68.045,0.101,40.363,5.463,3.805,0,4.144,4.692,4.194,93.271,-1.014,1.632,0,0,0,OFFBOARD
347,OUTBOUND,35.22,68.256,-0.227,1.588,-40.363,0.34,-0.702,68.256,0.124,40.363,5.564,3.812,0,3.979,5.153,4.222,93.371,-0.993,1.639,0,0,0,OFFBOARD
348,OUTBOUND,35.32,68.467,-0.233,1.591,-40.363,0.34,-0.702,68.467,0.117,40.363,5.966,3.671,0,3.809,10.0,4.224,93.471,-0.971,1.645,0,0,0,OFFBOARD
349,OUTBOUND,35.42,68.674,-0.268,1.595,-40.363,0.34,-0.702,68.674,0.082,40.363,5.993,3.463,0,3.723,10.0,4.201,93.635,-0.915,1.651,0,0,0,OFFBOARD
350,OUTBOUND,35.52,68.881,-0.329,1.599,-40.363,0.34,-0.702,68.881,0.021,40.363,5.953,3.258,0,3.78,10.0,4.163,93.874,-0.835,1.656,0,0,0,OFFBOARD
351,OUTBOUND,35.62,69.087,-0.413,1.604,-40.363,0.34,-0.702,69.087,-0.063,40.363,5.75,3.06,0,4.348,10.0,4.122,94.15,-0.723,1.66,0,0,0,OFFBOARD
352,OUTBOUND,35.73,69.295,-0.516,1.609,-40.363,0.34,-0.702,69.295,-0.166,40.363,5.541,2.863,0,4.284,3.972,4.035,94.41,-0.589,1.664,0,0,0,OFFBOARD
353,OUTBOUND,35.83,69.502,-0.631,1.614,-40.363,0.34,-0.702,69.502,-0.281,40.363,3.741,2.666,0,4.089,3.181,3.385,94.582,-0.429,1.667,0,0,0,OFFBOARD
354,OUTBOUND,35.93,69.709,-0.753,1.619,-40.363,0.34,-0.702,69.709,-0.403,40.363,2.651,2.47,0,3.893,2.494,2.496,94.697,-0.281,1.669,0,0,0,OFFBOARD
355,OUTBOUND,36.03,69.918,-0.876,1.624,-40.363,0.34,-0.702,69.918,-0.526,40.363,2.293,2.273,0,3.759,2.292,2.292,94.797,-0.129,1.67,0,0,0,OFFBOARD
356,OUTBOUND,36.13,70.126,-0.99,1.629,-40.363,0.34,-0.702,70.126,-0.64,40.363,2.089,2.075,0,3.639,2.089,2.087,94.897,0.052,1.671,0,0,0,OFFBOARD
357,OUTBOUND,36.23,70.335,-1.091,1.634,-40.363,0.34,-0.702,70.335,-0.741,40.363,1.885,1.876,1,3.973,1.886,1.883,94.997,0.265,1.671,0,0,0,OFFBOARD
358,OUTBOUND,36.33,70.542,-1.168,1.638,-40.363,0.34,-0.702,70.542,-0.818,40.363,1.682,1.676,1,3.96,1.684,1.68,95.097,0.507,1.67,0,0,0,OFFBOARD
359,OUTBOUND,36.43,70.747,-1.217,1.642,-40.363,0.34,-0.702,70.747,-0.867,40.363,1.479,1.476,1,3.906,1.481,1.477,95.197,0.74,1.669,0,0,0,OFFBOARD
360,OUTBOUND,36.54,70.954,-1.233,1.646,-40.363,0.34,-0.702,70.954,-0.883,40.363,1.278,1.277,1,3.916,1.28,1.276,95.297,1.042,1.667,0,0,0,OFFBOARD
361,OUTBOUND,36.64,71.16,-1.211,1.649,-40.363,0.34,-0.702,71.16,-0.861,40.363,1.077,1.077,1,3.749,1.079,1.076,95.397,1.376,1.665,0,0,0,OFFBOARD
362,OUTBOUND,36.74,71.361,-1.154,1.652,-40.363,0.34,-0.702,71.36,-0.804,40.363,0.876,0.876,1,3.548,0.878,0.876,95.497,1.726,1.662,0,0,0,OFFBOARD
363,OUTBOUND,36.84,71.567,-1.06,1.655,-40.363,0.34,-0.702,71.567,-0.71,40.363,0.611,0.611,1,3.425,0.612,0.611,95.597,2.076,1.659,0,1,0,OFFBOARD
364,OUTBOUND,36.94,71.771,-0.938,1.656,-40.363,0.34,-0.702,71.771,-0.588,40.363,0.757,0.411,1,3.921,0.799,0.61,95.697,2.426,1.655,0,1,0,OFFBOARD
365,OUTBOUND,37.04,71.973,-0.797,1.658,-40.363,0.34,-0.702,71.973,-0.447,40.363,1.401,0.501,1,4.05,1.433,1.145,95.797,2.5,1.651,0,1,0,OFFBOARD
366,OUTBOUND,37.15,72.175,-0.643,1.659,-40.363,0.34,-0.702,72.175,-0.293,40.363,5.187,0.753,1,3.926,10.0,4.168,95.897,2.5,1.648,0,1,0,OFFBOARD
367,OUTBOUND,37.25,72.378,-0.48,1.659,-40.363,0.34,-0.702,72.378,-0.13,40.363,5.849,1.026,1,3.848,10.0,4.149,95.997,2.5,1.644,0,0,0,OFFBOARD
368,OUTBOUND,37.35,72.583,-0.311,1.659,-40.363,0.34,-0.702,72.583,0.039,40.363,6.015,3.402,0,4.349,10.0,4.143,96.097,2.5,1.64,0,0,0,OFFBOARD
369,OUTBOUND,37.45,72.787,-0.142,1.658,-40.363,0.34,-0.702,72.787,0.208,40.363,5.838,3.341,0,4.353,10.0,4.147,96.197,2.5,1.636,0,0,0,OFFBOARD
370,OUTBOUND,37.55,72.993,0.03,1.657,-40.363,0.34,-0.702,72.993,0.38,40.363,5.863,3.868,0,4.257,10.0,4.158,96.319,2.5,1.632,0,0,0,OFFBOARD
371,OUTBOUND,37.65,73.197,0.203,1.656,-40.363,0.34,-0.702,73.197,0.553,40.363,5.939,3.817,0,4.115,10.0,4.171,96.474,2.5,1.629,0,0,0,OFFBOARD
372,OUTBOUND,37.75,73.402,0.379,1.654,-40.363,0.34,-0.702,73.402,0.729,40.363,5.893,3.549,0,3.964,10.0,4.184,96.646,2.5,1.625,0,0,0,OFFBOARD
373,OUTBOUND,37.86,73.608,0.56,1.652,-40.363,0.34,-0.702,73.608,0.91,40.363,5.789,3.277,0,3.766,10.0,4.193,96.879,2.5,1.622,0,0,0,OFFBOARD
374,OUTBOUND,37.96,73.812,0.743,1.65,-40.363,0.34,-0.702,73.812,1.093,40.363,5.023,3.027,0,3.567,10.0,4.197,97.178,2.5,1.62,0,0,0,OFFBOARD
375,OUTBOUND,38.06,74.016,0.931,1.647,-40.363,0.34,-0.702,74.016,1.281,40.363,4.67,2.753,0,3.406,10.0,4.196,97.528,2.5,1.618,0,0,0,OFFBOARD
376,OUTBOUND,38.16,74.222,1.124,1.645,-40.363,0.34,-0.702,74.222,1.474,40.363,4.422,2.424,0,3.166,6.831,4.191,97.913,2.48,1.616,0,0,0,OFFBOARD
377,OUTBOUND,38.26,74.426,1.317,1.642,-40.363,0.34,-0.702,74.426,1.667,40.363,4.22,1.872,1,2.965,5.515,4.182,98.314,2.424,1.613,0,0,0,OFFBOARD
378,OUTBOUND,38.36,74.629,1.51,1.639,-40.363,0.34,-0.702,74.629,1.861,40.363,4.019,1.59,1,2.763,5.274,4.173,98.577,2.298,1.603,0,0,0,OFFBOARD
379,OUTBOUND,38.46,74.832,1.7,1.637,-40.363,0.34,-0.702,74.832,2.05,40.363,3.677,1.317,1,2.562,3.843,4.074,98.748,2.108,1.59,0,0,0,OFFBOARD
380,OUTBOUND,38.56,75.036,1.882,1.633,-40.363,0.34,-0.702,75.036,2.232,40.363,2.565,1.104,1,2.36,3.616,3.614,98.861,1.841,1.595,0,0,0,OFFBOARD
381,OUTBOUND,38.67,75.239,2.047,1.63,-40.363,0.34,-0.702,75.239,2.397,40.363,2.157,0.901,1,2.157,2.323,2.859,98.961,1.518,1.594,0,0,0,OFFBOARD
382,OUTBOUND,38.77,75.443,2.191,1.626,-40.363,0.34,-0.702,75.443,2.541,40.363,1.958,0.702,1,1.949,1.958,1.958,99.061,1.168,1.586,0,1,0,OFFBOARD
383,OUTBOUND,38.87,75.645,2.304,1.623,-40.363,0.34,-0.702,75.645,2.654,40.363,1.757,0.501,1,1.734,1.757,1.757,99.161,0.818,1.573,0,1,0,OFFBOARD
384,OUTBOUND,38.97,75.846,2.381,1.619,-40.363,0.34,-0.702,75.846,2.731,40.363,1.556,0.31,1,1.546,1.556,1.433,99.261,0.468,1.555,1,0,0,OFFBOARD
385,OUTBOUND,39.07,75.875,2.359,1.591,-40.363,0.34,-0.702,75.875,2.709,40.363,1.456,0.282,1,1.374,1.42,1.284,99.361,0.118,1.535,1,0,0,OFFBOARD
386,OUTBOUND,39.17,75.884,2.288,1.569,-40.363,0.34,-0.702,75.884,2.638,40.363,1.351,0.333,1,1.236,1.272,1.211,99.476,-0.232,1.511,1,0,0,OFFBOARD
387,OUTBOUND,39.28,75.897,2.179,1.552,-40.363,0.34,-0.702,75.897,2.529,40.363,1.421,0.7,1,1.363,1.445,1.348,99.576,-0.582,1.488,0,1,0,OFFBOARD
388,OUTBOUND,39.38,75.926,2.037,1.537,-40.363,0.34,-0.702,75.926,2.388,40.363,1.419,0.825,1,1.38,1.487,1.545,99.676,-0.894,1.483,0,0,0,OFFBOARD
389,OUTBOUND,39.48,75.983,1.878,1.525,-40.363,0.34,-0.702,75.983,2.228,40.363,1.575,1.059,1,1.391,1.572,1.653,99.776,-1.145,1.49,0,0,0,OFFBOARD
390,OUTBOUND,39.58,76.073,1.721,1.516,-40.363,0.34,-0.702,76.073,2.071,40.363,2.088,1.239,1,2.125,2.133,1.899,99.876,-1.363,1.496,0,0,0,OFFBOARD
391,OUTBOUND,39.68,76.199,1.571,1.508,-40.363,0.34,-0.702,76.199,1.922,40.363,2.377,1.326,1,2.383,2.414,2.141,99.976,-1.566,1.506,0,0,0,OFFBOARD
392,OUTBOUND,39.78,76.358,1.435,1.503,-40.363,0.34,-0.702,76.358,1.785,40.363,2.682,1.39,1,2.322,2.658,2.279,100.0,-1.763,1.52,0,0,0,OFFBOARD
393,OUTBOUND,39.89,76.544,1.309,1.499,-40.363,0.34,-0.702,76.544,1.659,40.363,3.161,1.804,1,2.898,3.329,2.549,100.0,-1.947,1.535,0,0,0,OFFBOARD
394,OUTBOUND,39.99,76.749,1.189,1.497,-40.363,0.34,-0.702,76.749,1.539,40.363,3.342,1.931,1,3.115,3.808,2.942,100.0,-2.116,1.553,0,0,0,OFFBOARD
395,OUTBOUND,40.09,76.965,1.071,1.497,-40.363,0.34,-0.702,76.964,1.421,40.363,4.125,1.888,1,2.993,4.254,3.441,100.0,-2.277,1.57,0,0,0,OFFBOARD
396,OUTBOUND,40.19,77.184,0.951,1.499,-40.363,0.34,-0.702,77.184,1.301,40.363,3.969,2.313,0,3.462,5.241,3.936,100.0,-2.412,1.588,0,0,0,OFFBOARD
397,OUTBOUND,40.29,77.402,0.823,1.503,-40.363,0.34,-0.702,77.402,1.173,40.363,4.707,2.574,0,3.714,5.991,4.282,100.0,-2.498,1.594,0,0,0,OFFBOARD
398,OUTBOUND,40.39,77.618,0.685,1.508,-40.363,0.34,-0.702,77.618,1.035,40.363,4.788,2.502,0,3.54,5.827,4.4,100.0,-2.5,1.593,0,0,0,OFFBOARD
399,OUTBOUND,40.49,77.828,0.538,1.514,-40.363,0.34,-0.702,77.828,0.888,40.363,5.573,3.117,0,4.117,5.62,4.331,100.0,-2.5,1.585,0,0,0,OFFBOARD
400,OUTBOUND,40.6,78.035,0.378,1.521,-40.363,0.34,-0.702,78.035,0.728,40.363,5.372,3.122,0,4.192,5.403,4.181,100.0,-2.5,1.572,0,0,0,OFFBOARD
401,OUTBOUND,40.7,78.237,0.21,1.527,-40.363,0.34,-0.702,78.237,0.56,40.363,5.174,3.842,0,4.081,5.19,4.038,100.0,-2.5,1.555,0,0,0,OFFBOARD
402,OUTBOUND,40.8,78.437,0.033,1.533,-40.363,0.34,-0.702,78.437,0.383,40.363,4.979,3.839,0,4.09,4.987,3.945,100.0,-2.5,1.537,0,0,0,OFFBOARD
403,OUTBOUND,40.9,78.637,-0.151,1.537,-40.363,0.34,-0.702,78.637,0.199,40.363,5.403,3.581,0,4.379,10.0,3.905,100.0,-2.5,1.522,0,0,0,OFFBOARD
404,OUTBOUND,41.0,78.838,-0.339,1.54,-40.363,0.34,-0.702,78.838,0.011,40.363,5.7,3.28,0,4.34,10.0,3.92,100.0,-2.475,1.516,0,0,0,OFFBOARD
405,OUTBOUND,41.1,79.038,-0.521,1.541,-40.363,0.34,-0.702,79.037,-0.171,40.363,5.624,3.009,0,4.198,10.0,3.98,100.0,-2.415,1.515,0,0,0,OFFBOARD
406,OUTBOUND,41.2,79.237,-0.691,1.542,-40.363,0.34,-0.702,79.237,-0.341,40.363,5.365,2.763,0,4.049,6.609,4.023,100.0,-2.327,1.519,0,0,0,OFFBOARD
407,OUTBOUND,41.3,79.437,-0.843,1.541,-40.363,0.34,-0.702,79.437,-0.493,40.363,5.176,2.575,0,3.954,5.615,4.046,100.0,-2.219,1.526,0,0,0,OFFBOARD
408,OUTBOUND,41.41,79.639,-0.972,1.54,-40.363,0.34,-0.702,79.638,-0.622,40.363,5.054,2.442,0,3.909,5.305,4.044,100.0,-2.091,1.535,0,0,0,OFFBOARD
409,OUTBOUND,41.51,79.839,-1.073,1.539,-40.363,0.34,-0.702,79.839,-0.723,40.363,4.982,2.353,0,3.778,5.107,4.013,100.0,-1.949,1.545,0,0,0,OFFBOARD
410,OUTBOUND,41.61,80.037,-1.147,1.539,-40.363,0.34,-0.702,80.037,-0.797,40.363,4.768,2.281,0,3.512,5.03,3.952,100.0,-1.798,1.556,0,0,0,OFFBOARD
411,OUTBOUND,41.71,80.246,-1.2,1.539,-40.363,0.34,-0.702,80.246,-0.85,40.363,4.563,2.072,0,3.309,5.8,3.912,100.0,-1.638,1.568,0,0,0,OFFBOARD
412,OUTBOUND,41.81,80.45,-1.232,1.539,-40.363,0.34,-0.702,80.45,-0.882,40.363,4.355,1.944,1,3.181,5.628,3.885,100.0,-1.467,1.581,0,0,0,OFFBOARD
413,OUTBOUND,41.91,80.652,-1.251,1.541,-40.363,0.34,-0.702,80.652,-0.901,40.363,4.204,2.182,0,3.548,5.423,3.873,100.0,-1.306,1.593,0,0,0,OFFBOARD
414,OUTBOUND,42.02,80.856,-1.261,1.543,-40.363,0.34,-0.702,80.856,-0.911,40.363,4.782,2.172,0,3.637,6.35,3.871,100.0,-1.151,1.606,0,0,0,OFFBOARD
415,OUTBOUND,42.12,81.06,-1.266,1.546,-40.363,0.34,-0.702,81.06,-0.916,40.363,4.901,2.201,0,3.657,6.249,3.887,100.0,-0.993,1.619,0,0,0,OFFBOARD
416,OUTBOUND,42.22,81.265,-1.269,1.551,-40.363,0.34,-0.702,81.265,-0.919,40.363,4.784,2.233,0,3.529,6.039,3.916,100.0,-0.834,1.63,0,0,0,OFFBOARD
417,OUTBOUND,42.32,81.469,-1.27,1.556,-40.363,0.34,-0.702,81.469,-0.92,40.363,4.584,2.064,0,3.33,6.827,3.95,100.0,-0.65,1.64,0,0,0,OFFBOARD
418,OUTBOUND,42.42,81.672,-1.27,1.562,-40.363,0.34,-0.702,81.672,-0.92,40.363,4.385,1.993,1,3.152,6.874,3.981,100.0,-0.463,1.649,0,0,0,OFFBOARD
419,OUTBOUND,42.52,81.876,-1.267,1.568,-40.363,0.34,-0.702,81.876,-0.917,40.363,4.356,2.345,0,3.55,6.675,4.007,100.0,-0.299,1.658,0,0,0,OFFBOARD
420,OUTBOUND,42.62,82.078,-1.261,1.576,-40.363,0.34,-0.702,82.078,-0.91,40.363,5.07,2.373,0,3.667,6.48,4.029,100.0,-0.136,1.666,0,0,0,OFFBOARD
421,OUTBOUND,42.73,82.283,-1.247,1.583,-40.363,0.34,-0.702,82.283,-0.897,40.363,5.03,2.386,0,3.757,6.379,4.044,100.0,0.028,1.673,0,0,0,OFFBOARD
422,OUTBOUND,42.83,82.484,-1.226,1.591,-40.363,0.34,-0.702,82.484,-0.876,40.363,4.835,2.303,0,3.58,10.0,4.053,100.0,0.185,1.678,0,0,0,OFFBOARD
423,OUTBOUND,42.93,82.688,-1.193,1.599,-40.363,0.34,-0.702,82.687,-0.843,40.363,4.639,2.11,0,3.385,10.0,4.06,100.0,0.334,1.683,0,0,0,OFFBOARD
424,OUTBOUND,43.03,82.89,-1.146,1.608,-40.363,0.34,-0.702,82.89,-0.796,40.363,4.657,2.127,0,3.397,6.933,4.068,100.0,0.482,1.687,0,0,0,OFFBOARD
425,OUTBOUND,43.13,83.091,-1.086,1.616,-40.363,0.34,-0.702,83.091,-0.736,40.363,5.49,2.524,0,3.955,6.746,4.08,100.0,0.62,1.689,0,0,0,OFFBOARD
426,OUTBOUND,43.23,83.293,-1.009,1.624,-40.363,0.34,-0.702,83.293,-0.659,40.363,5.297,2.573,0,3.96,10.0,4.095,100.0,0.764,1.69,0,0,0,OFFBOARD
427,OUTBOUND,43.33,83.493,-0.917,1.631,-40.363,0.34,-0.702,83.493,-0.566,40.363,5.103,2.58,0,3.846,10.0,4.111,100.0,0.898,1.691,0,0,0,OFFBOARD
428,OUTBOUND,43.44,83.693,-0.808,1.638,-40.363,0.34,-0.702,83.693,-0.458,40.363,5.074,2.477,0,3.681,10.0,4.128,100.0,1.036,1.69,0,0,0,OFFBOARD
429,OUTBOUND,43.54,83.895,-0.683,1.645,-40.363,0.34,-0.702,83.895,-0.333,40.363,5.914,2.914,0,4.069,10.0,4.143,100.0,1.156,1.688,0,0,0,OFFBOARD
430,OUTBOUND,43.64,84.095,-0.545,1.651,-40.363,0.34,-0.702,84.095,-0.195,40.363,5.765,3.07,0,4.277,10.0,4.156,100.0,1.264,1.685,0,0,0,OFFBOARD
431,OUTBOUND,43.74,84.299,-0.391,1.656,-40.363,0.34,-0.702,84.299,-0.041,40.363,5.57,3.059,0,4.312,10.0,4.167,100.0,1.356,1.682,0,0,0,OFFBOARD
432,OUTBOUND,43.84,84.501,-0.228,1.661,-40.363,0.34,-0.702,84.501,0.123,40.363,6.139,3.547,0,4.053,10.0,4.176,100.0,1.433,1.678,0,0,0,OFFBOARD
433,OUTBOUND,43.94,84.702,-0.057,1.664,-40.363,0.34,-0.702,84.702,0.293,40.363,6.148,3.742,0,4.061,10.0,4.177,100.0,1.496,1.673,0,0,0,OFFBOARD
434,OUTBOUND,44.05,84.903,0.12,1.667,-40.363,0.34,-0.702,84.903,0.47,40.363,6.103,3.636,0,4.406,10.0,4.176,100.0,1.554,1.668,0,0,0,OFFBOARD
435,OUTBOUND,44.15,85.104,0.301,1.67,-40.363,0.34,-0.702,85.104,0.651,40.363,5.954,3.438,0,4.387,10.0,4.177,100.0,1.601,1.663,0,0,0,OFFBOARD
436,OUTBOUND,44.25,85.308,0.486,1.671,-40.363,0.34,-0.702,85.308,0.836,40.363,5.756,3.239,0,4.303,10.0,4.181,100.0,1.64,1.657,0,0,0,OFFBOARD
437,OUTBOUND,44.35,85.46,0.61,1.675,-40.363,0.34,-0.702,85.46,0.96,40.363,5.125,2.81,0,3.915,6.944,4.226,100.0,1.65,1.651,0,0,0,OFFBOARD
438,OUTBOUND,44.45,85.531,0.645,1.672,-40.363,0.34,-0.702,85.531,0.995,40.363,3.281,2.121,0,2.913,3.458,3.542,100.0,1.578,1.635,0,0,0,OFFBOARD
439,OUTBOUND,44.55,85.605,0.67,1.669,-40.363,0.34,-0.702,85.605,1.02,40.363,2.373,1.796,1,2.171,2.5,2.575,100.0,1.468,1.62,0,0,0,OFFBOARD
440,OUTBOUND,44.65,85.698,0.683,1.666,-40.363,0.34,-0.702,85.698,1.033,40.363,2.225,1.605,1,2.114,2.354,2.35,100.0,1.359,1.608,0,0,0,OFFBOARD
441,OUTBOUND,44.76,85.816,0.686,1.662,-40.363,0.34,-0.702,85.816,1.036,40.363,2.122,1.446,1,1.942,2.163,2.174,100.0,1.267,1.599,0,0,0,OFFBOARD
442,OUTBOUND,44.86,85.967,0.684,1.658,-40.363,0.34,-0.702,85.967,1.034,40.363,2.034,1.43,1,1.835,2.093,2.09,100.0,1.196,1.591,0,0,0,OFFBOARD
443,OUTBOUND,44.96,86.149,0.684,1.653,-40.363,0.34,-0.702,86.149,1.034,40.363,1.958,1.436,1,1.788,2.076,2.074,100.0,1.141,1.586,0,0,0,OFFBOARD
444,OUTBOUND,45.06,86.361,0.692,1.648,-40.363,0.34,-0.702,86.361,1.042,40.363,1.91,1.549,1,1.76,2.06,2.075,100.0,1.109,1.582,0,0,0,OFFBOARD
445,OUTBOUND,45.16,86.591,0.712,1.642,-40.363,0.34,-0.702,86.591,1.062,40.363,1.82,1.606,1,1.687,1.971,2.081,100.0,1.087,1.579,0,0,0,OFFBOARD
446,OUTBOUND,45.26,86.833,0.748,1.636,-40.363,0.34,-0.702,86.833,1.098,40.363,1.678,1.56,1,1.578,1.82,2.0,100.0,1.058,1.577,0,0,0,OFFBOARD
447,OUTBOUND,45.36,87.081,0.798,1.63,-40.363,0.34,-0.702,87.081,1.148,40.363,1.811,1.525,1,1.507,1.943,2.012,100.0,1.023,1.577,0,0,0,OFFBOARD
448,OUTBOUND,45.46,87.331,0.861,1.625,-40.363,0.34,-0.702,87.331,1.211,40.363,1.777,1.317,1,1.595,1.884,2.017,100.0,0.966,1.578,0,0,0,OFFBOARD
449,OUTBOUND,45.57,87.583,0.934,1.619,-40.363,0.34,-0.702,87.583,1.284,40.363,1.747,1.438,1,1.555,1.808,1.976,100.0,0.918,1.579,0,0,0,OFFBOARD
450,OUTBOUND,45.67,87.831,1.01,1.614,-40.363,0.34,-0.702,87.831,1.36,40.363,1.528,1.386,1,1.472,1.632,1.76,100.0,0.831,1.582,0,0,0,OFFBOARD
451,OUTBOUND,45.77,88.082,1.084,1.609,-40.363,0.34,-0.702,88.082,1.434,40.363,1.731,1.283,1,1.582,1.785,1.939,100.0,0.702,1.585,0,0,0,OFFBOARD
452,OUTBOUND,45.87,88.331,1.151,1.605,-40.363,0.34,-0.702,88.331,1.501,40.363,1.765,1.142,1,1.659,1.843,1.973,100.0,0.528,1.588,0,0,0,OFFBOARD
453,OUTBOUND,45.97,88.586,1.205,1.602,-40.363,0.34,-0.702,88.585,1.555,40.363,1.71,1.335,1,1.667,1.781,1.845,100.0,0.316,1.591,0,0,0,OFFBOARD
454,OUTBOUND,46.07,88.84,1.242,1.599,-40.363,0.34,-0.702,88.84,1.592,40.363,2.201,1.379,1,1.9,2.233,2.293,100.0,0.077,1.593,0,0,0,OFFBOARD
455,OUTBOUND,46.17,89.098,1.259,1.597,-40.363,0.34,-0.702,89.098,1.609,40.363,2.276,1.297,1,2.182,2.339,2.371,100.0,-0.153,1.596,0,0,0,OFFBOARD
456,OUTBOUND,46.28,89.36,1.255,1.595,-40.363,0.34,-0.702,89.36,1.605,40.363,2.999,1.704,1,2.539,3.206,3.158,100.0,-0.367,1.595,0,0,0,OFFBOARD
457,OUTBOUND,46.38,89.621,1.228,1.594,-40.363,0.34,-0.702,89.621,1.578,40.363,3.726,1.656,1,2.87,4.151,3.92,100.0,-0.558,1.584,0,0,0,OFFBOARD
458,OUTBOUND,46.48,89.882,1.178,1.593,-40.363,0.34,-0.702,89.882,1.528,40.363,3.953,2.164,0,3.562,5.092,4.375,100.0,-0.715,1.567,0,0,0,OFFBOARD
459,OUTBOUND,46.58,90.138,1.104,1.592,-40.363,0.34,-0.702,90.138,1.455,40.363,4.786,2.322,0,3.533,4.516,4.431,100.0,-0.816,1.545,0,0,0,OFFBOARD
460,OUTBOUND,46.68,90.378,1.014,1.59,-40.363,0.34,-0.702,90.378,1.364,40.363,4.179,2.637,0,3.944,4.359,4.238,100.0,-0.883,1.52,0,0,0,OFFBOARD
461,OUTBOUND,46.78,90.626,0.902,1.587,-40.363,0.34,-0.702,90.626,1.252,40.363,3.983,2.768,0,3.917,4.25,3.992,100.0,-0.943,1.494,0,0,0,OFFBOARD
462,OUTBOUND,46.89,90.856,0.787,1.583,-40.363,0.34,-0.702,90.856,1.137,40.363,3.747,3.393,0,3.834,5.789,3.781,100.0,-1.001,1.467,0,0,0,OFFBOARD
463,OUTBOUND,46.99,91.08,0.674,1.576,-40.363,0.34,-0.702,91.08,1.024,40.363,3.523,3.165,0,3.788,3.774,3.568,100.0,-1.013,1.445,0,0,0,OFFBOARD
464,OUTBOUND,47.09,91.298,0.578,1.568,-40.363,0.34,-0.702,91.298,0.928,40.363,3.304,3.024,0,3.807,3.518,3.369,100.0,-1.009,1.432,0,0,0,OFFBOARD
465,OUTBOUND,47.19,91.514,0.504,1.559,-40.363,0.34,-0.702,91.514,0.854,40.363,3.099,3.099,0,3.692,3.297,3.184,100.0,-1.023,1.421,0,0,0,OFFBOARD
466,OUTBOUND,47.29,91.733,0.456,1.549,-40.363,0.34,-0.702,91.733,0.806,40.363,2.909,2.909,0,4.149,3.044,3.009,100.0,-1.066,1.415,0,0,0,OFFBOARD
467,OUTBOUND,47.39,91.952,0.434,1.537,-40.363,0.34,-0.702,91.952,0.784,40.363,2.729,2.729,0,4.272,2.84,2.835,100.0,-1.111,1.405,0,0,0,OFFBOARD
468,OUTBOUND,47.49,92.173,0.431,1.526,-40.363,0.34,-0.702,92.173,0.781,40.363,2.55,2.55,0,4.183,2.654,2.652,100.0,-1.165,1.395,0,0,0,OFFBOARD
469,OUTBOUND,47.6,92.397,0.441,1.514,-40.363,0.34,-0.702,92.397,0.791,40.363,2.388,2.388,0,4.617,2.465,2.458,100.0,-1.222,1.392,0,0,0,OFFBOARD
470,OUTBOUND,47.7,92.621,0.452,1.501,-40.363,0.34,-0.702,92.621,0.802,40.363,2.201,2.201,0,4.607,2.283,2.209,100.0,-1.268,1.398,0,0,0,OFFBOARD
471,OUTBOUND,47.8,92.844,0.454,1.49,-40.363,0.34,-0.702,92.844,0.804,40.363,2.032,2.032,0,4.491,2.096,2.018,100.0,-1.28,1.399,0,0,0,OFFBOARD
472,OUTBOUND,47.9,93.061,0.437,1.479,-40.363,0.34,-0.702,93.061,0.787,40.363,1.837,1.837,1,4.332,1.907,1.826,100.0,-1.237,1.398,0,0,0,OFFBOARD
473,OUTBOUND,48.0,93.278,0.395,1.469,-40.363,0.34,-0.702,93.278,0.745,40.363,1.66,1.66,1,4.162,1.721,1.645,100.0,-1.174,1.406,0,0,0,OFFBOARD
474,OUTBOUND,48.1,93.489,0.324,1.459,-40.363,0.34,-0.702,93.489,0.674,40.363,1.494,1.494,1,3.975,1.542,1.476,100.0,-1.1,1.42,0,0,0,OFFBOARD
475,OUTBOUND,48.2,93.696,0.225,1.451,-40.363,0.34,-0.702,93.696,0.575,40.363,1.34,1.34,1,3.786,1.372,1.318,100.0,-1.019,1.439,0,0,0,OFFBOARD
476,OUTBOUND,48.31,93.903,0.1,1.445,-40.363,0.34,-0.702,93.903,0.45,40.363,1.192,1.192,1,1.299,1.208,1.172,100.0,-0.953,1.461,0,0,0,OFFBOARD
477,OUTBOUND,48.41,94.107,-0.042,1.441,-40.363,0.34,-0.702,94.107,0.308,40.363,1.033,1.033,1,1.092,1.036,1.033,100.0,-0.999,1.486,0,0,0,OFFBOARD
478,OUTBOUND,48.51,94.313,-0.197,1.439,-40.363,0.34,-0.702,94.312,0.153,40.363,0.866,0.866,1,0.954,0.871,0.869,100.0,-1.325,1.512,0,0,0,OFFBOARD
479,OUTBOUND,48.61,94.517,-0.353,1.439,-40.363,0.34,-0.702,94.517,-0.003,40.363,5.237,0.638,1,5.121,5.25,3.498,100.0,-1.626,1.538,0,1,0,OFFBOARD
480,OUTBOUND,48.71,94.725,-0.51,1.441,-40.363,0.34,-0.702,94.725,-0.159,40.363,5.035,3.726,0,5.013,5.049,3.456,100.0,-1.58,1.564,0,0,0,OFFBOARD
481,OUTBOUND,48.82,94.934,-0.661,1.446,-40.363,0.34,-0.702,94.934,-0.311,40.363,4.837,3.497,0,4.814,4.847,3.455,100.0,-1.511,1.579,0,0,0,OFFBOARD
482,RETURN,48.92,95.151,-0.814,1.454,-40.363,0.34,-0.702,95.151,-0.463,40.363,4.64,3.309,0,4.618,4.646,3.502,95.151,-0.814,1.454,0,0,0,OFFBOARD
483,RETURN,51.03,95.37,-0.795,1.457,-40.363,0.34,-0.702,-95.37,-0.444,40.363,3.148,0.559,1,2.914,3.416,0.769,95.051,-1.092,1.454,0,1,0,OFFBOARD
484,RETURN,51.13,95.323,-0.769,1.457,-40.363,0.34,-0.702,-95.323,-0.419,40.363,3.547,0.56,1,3.051,3.814,3.776,94.951,-1.35,1.461,0,1,0,OFFBOARD
485,RETURN,51.23,95.276,-0.751,1.456,-40.363,0.34,-0.702,-95.276,-0.401,40.363,3.752,0.707,1,3.414,4.022,4.098,94.851,-1.506,1.471,0,1,0,OFFBOARD
486,RETURN,51.33,95.231,-0.741,1.457,-40.363,0.34,-0.702,-95.231,-0.391,40.363,4.332,3.073,0,3.433,4.786,4.309,94.751,-1.556,1.485,0,0,0,OFFBOARD
487,RETURN,51.43,95.187,-0.741,1.457,-40.363,0.34,-0.702,-95.187,-0.39,40.363,4.563,2.067,0,4.057,5.717,4.31,94.651,-1.5,1.503,0,0,0,OFFBOARD
488,RETURN,51.54,95.143,-0.753,1.459,-40.363,0.34,-0.702,-95.143,-0.403,40.363,5.353,1.882,1,4.1,6.8,4.162,94.521,-1.342,1.523,0,0,0,OFFBOARD
489,RETURN,51.64,95.101,-0.781,1.461,-40.363,0.34,-0.702,-95.101,-0.431,40.363,2.112,1.799,1,4.542,10.0,1.732,94.29,-1.209,1.544,0,0,0,OFFBOARD
490,RETURN,51.74,95.058,-0.823,1.465,-40.363,0.34,-0.702,-95.058,-0.473,40.363,1.806,1.769,1,4.452,10.0,1.647,93.987,-1.125,1.564,0,0,0,OFFBOARD
491,RETURN,51.84,95.011,-0.878,1.471,-40.363,0.34,-0.702,-95.011,-0.528,40.363,1.659,1.659,1,3.62,6.077,1.63,93.788,-1.083,1.584,0,0,0,OFFBOARD
492,RETURN,51.94,94.957,-0.94,1.478,-40.363,0.34,-0.702,-94.957,-0.59,40.363,1.578,1.578,1,3.548,4.721,1.577,93.658,-1.107,1.6,0,0,0,OFFBOARD
493,RETURN,52.04,94.891,-1.004,1.486,-40.363,0.34,-0.702,-94.891,-0.654,40.363,1.573,1.493,1,3.381,3.72,1.538,93.558,-1.202,1.612,0,0,0,OFFBOARD
494,RETURN,52.15,94.81,-1.064,1.495,-40.363,0.34,-0.702,-94.81,-0.714,40.363,1.822,1.346,1,2.998,3.43,1.581,93.458,-1.37,1.616,0,0,0,OFFBOARD
495,RETURN,52.25,94.711,-1.118,1.505,-40.363,0.34,-0.702,-94.711,-0.768,40.363,3.071,1.255,1,2.802,3.252,2.731,93.358,-1.51,1.614,0,0,0,OFFBOARD
496,RETURN,52.35,94.594,-1.163,1.516,-40.363,0.34,-0.702,-94.594,-0.813,40.363,2.946,1.365,1,2.638,3.109,2.759,93.258,-1.584,1.615,0,0,0,OFFBOARD
497,RETURN,52.45,94.467,-1.2,1.526,-40.363,0.34,-0.702,-94.467,-0.85,40.363,2.877,1.553,1,2.519,3.063,2.778,93.158,-1.558,1.618,0,0,0,OFFBOARD
498,RETURN,52.55,94.326,-1.233,1.536,-40.363,0.34,-0.702,-94.326,-0.883,40.363,2.822,1.692,1,2.446,3.069,2.906,93.058,-1.369,1.615,0,0,0,OFFBOARD
499,RETURN,52.65,94.181,-1.264,1.545,-40.363,0.34,-0.702,-94.18,-0.914,40.363,2.778,1.679,1,2.406,2.966,3.029,92.958,-1.199,1.613,0,0,0,OFFBOARD
500,RETURN,52.76,94.034,-1.296,1.554,-40.363,0.34,-0.702,-94.034,-0.946,40.363,2.741,1.549,1,2.383,2.838,3.277,92.858,-1.037,1.613,0,0,0,OFFBOARD
501,RETURN,52.86,93.888,-1.329,1.562,-40.363,0.34,-0.702,-93.888,-0.978,40.363,2.596,1.44,1,2.41,3.367,3.491,92.758,-0.889,1.615,0,0,0,OFFBOARD
502,RETURN,52.96,93.743,-1.361,1.569,-40.363,0.34,-0.702,-93.743,-1.011,40.363,2.647,1.643,1,2.416,3.607,3.681,92.658,-0.764,1.615,0,0,0,OFFBOARD
503,RETURN,53.06,93.604,-1.387,1.576,-40.363,0.34,-0.702,-93.604,-1.037,40.363,3.3,1.661,1,2.286,3.527,3.93,92.558,-0.653,1.614,0,0,0,OFFBOARD
504,RETURN,53.16,93.468,-1.404,1.581,-40.363,0.34,-0.702,-93.468,-1.054,40.363,3.372,1.742,1,2.834,4.395,4.263,92.458,-0.553,1.614,0,0,0,OFFBOARD
505,RETURN,53.26,93.339,-1.406,1.586,-40.363,0.34,-0.702,-93.339,-1.056,40.363,3.382,1.907,1,3.075,4.465,4.386,92.358,-0.471,1.615,0,0,0,OFFBOARD
506,RETURN,53.36,93.212,-1.391,1.591,-40.363,0.34,-0.702,-93.212,-1.041,40.363,4.325,1.794,1,3.082,5.531,4.387,92.258,-0.407,1.616,0,0,0,OFFBOARD
507,RETURN,53.47,93.09,-1.357,1.595,-40.363,0.34,-0.702,-93.09,-1.007,40.363,4.198,1.854,1,3.099,6.581,4.283,92.158,-0.339,1.617,0,0,0,OFFBOARD
508,RETURN,53.57,92.972,-1.304,1.598,-40.363,0.34,-0.702,-92.972,-0.954,40.363,5.277,2.359,0,3.843,10.0,4.178,91.99,-0.298,1.619,0,0,0,OFFBOARD
509,RETURN,53.67,92.854,-1.234,1.601,-40.363,0.34,-0.702,-92.854,-0.884,40.363,5.177,2.519,0,3.913,10.0,4.112,91.723,-0.224,1.621,0,0,0,OFFBOARD
510,RETURN,53.77,92.739,-1.152,1.604,-40.363,0.34,-0.702,-92.739,-0.801,40.363,5.258,2.464,0,3.799,10.0,4.046,91.393,-0.136,1.624,0,0,0,OFFBOARD
511,RETURN,53.87,92.624,-1.06,1.606,-40.363,0.34,-0.702,-92.624,-0.71,40.363,5.735,2.539,0,4.324,10.0,3.922,91.035,-0.04,1.627,0,0,0,OFFBOARD
512,RETURN,53.97,92.507,-0.961,1.608,-40.363,0.34,-0.702,-92.507,-0.611,40.363,5.375,3.218,0,4.652,10.0,3.717,90.735,0.047,1.63,0,0,0,OFFBOARD
513,RETURN,54.07,92.386,-0.86,1.611,-40.363,0.34,-0.702,-92.386,-0.51,40.363,4.946,3.278,0,4.581,10.0,3.486,90.531,0.131,1.632,0,0,0,OFFBOARD
514,RETURN,54.17,92.257,-0.758,1.613,-40.363,0.34,-0.702,-92.257,-0.408,40.363,4.586,3.288,0,5.607,10.0,3.297,90.399,0.219,1.635,0,0,0,OFFBOARD
515,RETURN,54.28,92.116,-0.654,1.615,-40.363,0.34,-0.702,-92.116,-0.304,40.363,4.387,3.771,0,5.573,6.84,3.2,90.299,0.3,1.638,0,0,0,OFFBOARD
516,RETURN,54.38,91.962,-0.549,1.617,-40.363,0.34,-0.702,-91.962,-0.199,40.363,4.374,3.888,0,5.606,6.818,3.194,90.199,0.38,1.64,0,0,0,OFFBOARD
517,RETURN,54.48,91.799,-0.447,1.619,-40.363,0.34,-0.702,-91.799,-0.097,40.363,4.52,3.965,0,5.383,10.0,3.27,90.099,0.458,1.642,0,0,0,OFFBOARD
518,RETURN,54.58,91.625,-0.343,1.622,-40.363,0.34,-0.702,-91.625,0.007,40.363,4.917,3.806,0,5.044,10.0,3.467,89.999,0.532,1.643,0,0,0,OFFBOARD
519,RETURN,54.68,91.445,-0.24,1.624,-40.363,0.34,-0.702,-91.445,0.11,40.363,5.347,3.609,0,4.913,6.911,3.681,89.899,0.601,1.645,0,0,0,OFFBOARD
520,RETURN,54.79,91.259,-0.135,1.626,-40.363,0.34,-0.702,-91.259,0.215,40.363,5.886,3.35,0,4.658,6.711,3.926,89.799,0.664,1.646,0,0,0,OFFBOARD
521,RETURN,54.89,91.073,-0.032,1.628,-40.363,0.34,-0.702,-91.073,0.318,40.363,5.929,3.091,0,4.32,6.504,4.206,89.699,0.709,1.647,0,0,0,OFFBOARD
522,RETURN,54.99,90.888,0.071,1.63,-40.363,0.34,-0.702,-90.888,0.421,40.363,5.784,2.828,0,4.075,6.303,4.463,89.599,0.734,1.647,0,0,0,OFFBOARD
523,RETURN,55.09,90.706,0.174,1.632,-40.363,0.34,-0.702,-90.706,0.524,40.363,5.625,2.573,0,3.89,6.113,4.635,89.469,0.743,1.647,0,0,0,OFFBOARD
524,RETURN,55.19,90.53,0.273,1.634,-40.363,0.34,-0.702,-90.53,0.623,40.363,5.46,2.329,0,3.839,6.265,2.5,89.25,0.736,1.647,0,0,0,OFFBOARD
525,RETURN,55.29,90.359,0.369,1.635,-40.363,0.34,-0.702,-90.359,0.72,40.363,5.222,2.106,0,3.84,6.517,2.236,89.104,0.72,1.647,0,0,0,OFFBOARD
526,RETURN,55.39,90.197,0.46,1.637,-40.363,0.34,-0.702,-90.197,0.81,40.363,2.066,1.897,1,3.87,6.046,1.97,89.004,0.671,1.646,0,0,0,OFFBOARD
527,RETURN,55.5,90.039,0.544,1.638,-40.363,0.34,-0.702,-90.039,0.894,40.363,1.822,1.689,1,3.709,5.457,1.73,88.904,0.599,1.646,0,0,0,OFFBOARD
528,RETURN,55.6,89.886,0.62,1.64,-40.363,0.34,-0.702,-89.886,0.97,40.363,1.576,1.482,1,3.615,5.304,1.502,88.804,0.505,1.645,0,0,0,OFFBOARD
529,RETURN,55.7,89.737,0.686,1.641,-40.363,0.34,-0.702,-89.737,1.036,40.363,1.352,1.284,1,3.916,1.438,1.286,88.704,0.389,1.644,0,0,0,OFFBOARD
530,RETURN,55.8,89.593,0.74,1.641,-40.363,0.34,-0.702,-89.593,1.09,40.363,1.138,1.086,1,4.021,1.112,1.087,88.604,0.242,1.642,0,0,0,OFFBOARD
531,RETURN,55.9,89.452,0.781,1.642,-40.363,0.34,-0.702,-89.452,1.131,40.363,0.921,0.883,1,4.008,0.902,0.897,88.504,0.073,1.641,0,0,0,OFFBOARD
532,RETURN,56.0,89.312,0.808,1.642,-40.363,0.34,-0.702,-89.312,1.158,40.363,0.722,0.687,1,3.946,0.711,0.723,88.404,-0.124,1.64,0,1,0,OFFBOARD
533,RETURN,56.1,89.178,0.819,1.643,-40.363,0.34,-0.702,-89.178,1.169,40.363,0.549,0.491,1,3.885,0.536,0.539,88.304,-0.354,1.638,0,1,0,OFFBOARD
534,RETURN,56.21,89.048,0.812,1.643,-40.363,0.34,-0.702,-89.048,1.162,40.363,4.45,0.302,1,3.842,4.481,0.487,88.204,-0.69,1.637,1,0,0,OFFBOARD
535,RETURN,56.31,88.985,0.785,1.646,-40.363,0.34,-0.702,-88.985,1.135,40.363,4.335,0.205,1,3.67,5.142,4.296,88.104,-0.947,1.635,1,0,0,OFFBOARD
536,RETURN,56.41,88.976,0.749,1.647,-40.363,0.34,-0.702,-88.976,1.1,40.363,3.948,0.208,1,3.482,5.154,4.266,88.004,-1.205,1.633,1,0,0,OFFBOARD
537,RETURN,56.51,88.967,0.698,1.654,-40.363,0.34,-0.702,-88.967,1.048,40.363,3.945,2.31,0,2.891,4.121,4.263,87.904,-1.24,1.63,0,0,0,OFFBOARD
538,RETURN,56.61,88.955,0.628,1.662,-40.363,0.34,-0.702,-88.955,0.978,40.363,3.853,2.196,0,2.874,4.083,3.698,87.804,-1.274,1.625,0,0,0,OFFBOARD
539,RETURN,56.72,88.935,0.533,1.667,-40.363,0.34,-0.702,-88.935,0.883,40.363,3.803,2.253,0,2.976,3.98,3.528,87.654,-1.298,1.62,0,0,0,OFFBOARD
540,RETURN,56.82,88.902,0.418,1.669,-40.363,0.34,-0.702,-88.902,0.768,40.363,3.838,2.341,0,3.398,4.072,3.379,87.446,-1.305,1.615,0,0,0,OFFBOARD
541,RETURN,56.92,88.852,0.288,1.669,-40.363,0.34,-0.702,-88.852,0.638,40.363,3.985,2.467,0,3.616,4.188,3.19,87.198,-1.29,1.609,0,0,0,OFFBOARD
542,RETURN,57.02,88.783,0.148,1.668,-40.363,0.34,-0.702,-88.783,0.498,40.363,3.945,2.655,0,3.83,4.213,3.048,86.911,-1.257,1.604,0,0,0,OFFBOARD
543,RETURN,57.12,88.694,0.004,1.665,-40.363,0.34,-0.702,-88.694,0.354,40.363,3.815,2.851,0,3.893,4.13,2.949,86.628,-1.203,1.6,0,0,0,OFFBOARD
544,RETURN,57.22,88.587,-0.139,1.661,-40.363,0.34,-0.702,-88.587,0.212,40.363,3.724,3.027,0,4.693,4.061,2.872,86.397,-1.138,1.595,0,0,0,OFFBOARD
545,RETURN,57.32,88.46,-0.278,1.656,-40.363,0.34,-0.702,-88.46,0.072,40.363,3.671,3.479,0,4.779,4.0,2.824,86.247,-1.061,1.592,0,0,0,OFFBOARD
546,RETURN,57.43,88.313,-0.412,1.651,-40.363,0.34,-0.702,-88.313,-0.062,40.363,3.69,3.589,0,5.684,3.895,2.835,86.147,-0.988,1.589,0,0,0,OFFBOARD
547,RETURN,57.53,88.145,-0.542,1.646,-40.363,0.34,-0.702,-88.145,-0.192,40.363,3.715,3.713,0,6.539,3.752,2.929,86.047,-0.923,1.587,0,0,0,OFFBOARD
548,RETURN,57.63,87.961,-0.664,1.64,-40.363,0.34,-0.702,-87.961,-0.314,40.363,3.813,3.551,0,6.216,3.6,3.122,85.947,-0.874,1.586,0,0,0,OFFBOARD
549,RETURN,57.73,87.764,-0.776,1.635,-40.363,0.34,-0.702,-87.764,-0.426,40.363,4.616,3.335,0,4.947,10.0,3.405,85.847,-0.833,1.586,0,0,0,OFFBOARD
550,RETURN,57.83,87.562,-0.876,1.629,-40.363,0.34,-0.702,-87.562,-0.526,40.363,5.243,3.013,0,4.667,10.0,3.75,85.747,-0.765,1.587,0,0,0,OFFBOARD
551,RETURN,57.93,87.358,-0.962,1.624,-40.363,0.34,-0.702,-87.358,-0.612,40.363,4.821,2.326,0,3.56,10.0,4.103,85.594,-0.657,1.588,0,0,0,OFFBOARD
552,RETURN,58.03,87.154,-1.031,1.62,-40.363,0.34,-0.702,-87.154,-0.681,40.363,4.588,2.086,0,3.334,5.848,4.39,85.337,-0.503,1.59,0,0,0,OFFBOARD
553,RETURN,58.14,86.952,-1.082,1.616,-40.363,0.34,-0.702,-86.952,-0.732,40.363,4.302,1.927,1,3.161,5.129,4.483,85.012,-0.303,1.592,0,0,0,OFFBOARD
554,RETURN,58.24,86.752,-1.115,1.612,-40.363,0.34,-0.702,-86.752,-0.765,40.363,4.085,1.836,1,2.977,4.261,4.33,84.698,-0.123,1.595,0,0,0,OFFBOARD
555,RETURN,58.34,86.555,-1.128,1.609,-40.363,0.34,-0.702,-86.555,-0.777,40.363,4.012,2.037,0,2.786,4.076,4.118,84.429,0.028,1.597,0,0,0,OFFBOARD
556,RETURN,58.44,86.359,-1.12,1.606,-40.363,0.34,-0.702,-86.359,-0.77,40.363,3.823,2.089,0,3.156,4.029,3.955,84.098,0.194,1.6,0,0,0,OFFBOARD
557,RETURN,58.54,86.162,-1.092,1.604,-40.363,0.34,-0.702,-86.162,-0.742,40.363,3.642,2.139,0,3.361,4.585,3.855,83.725,0.363,1.603,0,0,0,OFFBOARD
558,RETURN,58.64,85.961,-1.043,1.602,-40.363,0.34,-0.702,-85.961,-0.693,40.363,4.307,2.209,0,3.385,4.726,3.811,83.325,0.534,1.607,0,0,0,OFFBOARD
559,RETURN,58.74,85.754,-0.973,1.601,-40.363,0.34,-0.702,-85.754,-0.623,40.363,4.448,2.019,0,3.209,4.586,3.793,82.908,0.705,1.612,0,0,0,OFFBOARD
560,RETURN,58.85,85.539,-0.881,1.601,-40.363,0.34,-0.702,-85.539,-0.531,40.363,4.323,2.392,0,3.814,5.539,3.78,82.479,0.859,1.616,0,0,0,OFFBOARD
561,RETURN,58.95,85.319,-0.77,1.601,-40.363,0.34,-0.702,-85.319,-0.42,40.363,5.192,2.595,0,3.921,6.392,3.839,82.043,1.005,1.621,0,0,0,OFFBOARD
562,RETURN,59.05,85.098,-0.645,1.601,-40.363,0.34,-0.702,-85.098,-0.295,40.363,5.007,2.542,0,3.742,6.411,3.932,81.602,1.146,1.625,0,0,0,OFFBOARD
563,RETURN,59.15,84.877,-0.509,1.602,-40.363,0.34,-0.702,-84.877,-0.159,40.363,5.732,2.994,0,4.184,6.607,4.048,81.158,1.266,1.63,0,0,0,OFFBOARD
564,RETURN,59.25,84.654,-0.361,1.604,-40.363,0.34,-0.702,-84.654,-0.011,40.363,5.72,3.216,0,4.282,6.471,4.167,80.712,1.379,1.634,0,0,0,OFFBOARD
565,RETURN,59.36,84.433,-0.208,1.606,-40.363,0.34,-0.702,-84.433,0.142,40.363,5.512,3.167,0,4.301,10.0,4.27,80.265,1.483,1.638,0,0,0,OFFBOARD
566,RETURN,59.46,84.215,-0.048,1.608,-40.363,0.34,-0.702,-84.215,0.302,40.363,6.054,3.715,0,4.135,10.0,4.347,79.86,1.571,1.642,0,0,0,OFFBOARD
567,RETURN,59.56,83.997,0.118,1.61,-40.363,0.34,-0.702,-83.997,0.468,40.363,6.087,3.774,0,3.934,10.0,4.387,79.447,1.643,1.646,0,0,0,OFFBOARD
568,RETURN,59.66,83.784,0.287,1.613,-40.363,0.34,-0.702,-83.784,0.637,40.363,5.798,3.471,0,3.817,10.0,4.394,79.038,1.699,1.649,0,0,0,OFFBOARD
569,RETURN,59.76,83.574,0.459,1.616,-40.363,0.34,-0.702,-83.574,0.809,40.363,5.463,3.177,0,3.951,10.0,4.374,78.645,1.741,1.651,0,0,0,OFFBOARD
570,RETURN,59.86,83.364,0.634,1.619,-40.363,0.34,-0.702,-83.364,0.984,40.363,5.22,2.926,0,3.915,6.995,4.342,78.245,1.77,1.653,0,0,0,OFFBOARD
571,RETURN,59.96,83.159,0.805,1.622,-40.363,0.34,-0.702,-83.159,1.155,40.363,4.955,2.709,0,3.834,6.78,4.308,77.916,1.783,1.655,0,0,0,OFFBOARD
572,RETURN,60.06,82.956,0.972,1.626,-40.363,0.34,-0.702,-82.956,1.322,40.363,4.255,2.519,0,3.652,6.565,4.28,77.656,1.781,1.656,0,0,0,OFFBOARD
573,RETURN,60.17,82.751,1.131,1.629,-40.363,0.34,-0.702,-82.751,1.481,40.363,4.012,2.338,0,3.492,5.25,4.248,77.478,1.761,1.657,0,0,0,OFFBOARD
574,RETURN,60.27,82.548,1.279,1.632,-40.363,0.34,-0.702,-82.548,1.629,40.363,3.773,2.16,0,3.37,4.904,4.207,77.325,1.724,1.657,0,0,0,OFFBOARD
575,RETURN,60.37,82.346,1.412,1.635,-40.363,0.34,-0.702,-82.346,1.762,40.363,3.538,1.985,1,3.247,4.695,4.108,77.196,1.668,1.657,0,0,0,OFFBOARD
576,RETURN,60.47,82.145,1.528,1.637,-40.363,0.34,-0.702,-82.145,1.878,40.363,3.311,1.804,1,3.078,4.487,3.967,77.096,1.592,1.656,0,0,0,OFFBOARD
577,RETURN,60.57,81.942,1.629,1.64,-40.363,0.34,-0.702,-81.942,1.979,40.363,3.095,1.645,1,2.925,4.278,3.84,76.996,1.494,1.655,0,0,0,OFFBOARD
578,RETURN,60.67,81.74,1.71,1.642,-40.363,0.34,-0.702,-81.74,2.06,40.363,2.967,1.558,1,2.832,4.142,3.762,76.896,1.384,1.654,0,0,0,OFFBOARD
579,RETURN,60.78,81.536,1.775,1.644,-40.363,0.34,-0.702,-81.536,2.125,40.363,2.761,1.418,1,2.606,3.869,3.617,76.796,1.249,1.652,0,0,0,OFFBOARD
580,RETURN,60.88,81.334,1.821,1.646,-40.363,0.34,-0.702,-81.334,2.171,40.363,3.294,1.253,1,2.405,3.666,3.584,76.696,1.103,1.692,0,0,0,OFFBOARD
581,RETURN,60.98,81.13,1.85,1.648,-40.363,0.34,-0.702,-81.13,2.2,40.363,3.313,1.05,1,2.204,3.463,3.465,76.596,0.954,1.732,0,0,0,OFFBOARD
582,RETURN,61.08,80.925,1.86,1.651,-40.363,0.34,-0.702,-80.925,2.21,40.363,3.259,1.325,1,2.003,3.26,3.261,76.496,0.817,1.772,0,0,0,OFFBOARD
583,RETURN,61.18,80.725,1.852,1.656,-40.363,0.34,-0.702,-80.725,2.202,40.363,3.057,1.333,1,1.973,3.057,3.164,76.396,0.674,1.811,0,0,0,OFFBOARD
584,RETURN,61.28,80.518,1.824,1.664,-40.363,0.34,-0.702,-80.518,2.174,40.363,2.788,1.385,1,2.607,4.039,3.669,76.296,0.538,1.851,0,0,0,OFFBOARD
585,RETURN,61.39,80.314,1.779,1.674,-40.363,0.34,-0.702,-80.314,2.129,40.363,2.812,1.326,1,2.586,3.839,3.836,76.196,0.399,1.891,0,0,0,OFFBOARD
586,RETURN,61.49,80.111,1.716,1.687,-40.363,0.34,-0.702,-80.111,2.066,40.363,3.698,1.195,1,2.455,3.707,3.745,76.096,0.273,1.883,0,0,0,OFFBOARD
587,RETURN,61.59,79.91,1.636,1.702,-40.363,0.34,-0.702,-79.91,1.986,40.363,3.442,1.563,1,2.345,4.689,4.089,75.996,0.171,1.873,0,0,0,OFFBOARD
588,RETURN,61.69,79.708,1.541,1.718,-40.363,0.34,-0.702,-79.708,1.891,40.363,3.324,1.732,1,3.024,4.495,4.265,75.896,0.087,1.86,0,0,0,OFFBOARD
589,RETURN,61.79,79.505,1.431,1.734,-40.363,0.34,-0.702,-79.505,1.781,40.363,4.268,1.778,1,3.041,5.542,4.375,75.796,0.011,1.845,0,0,0,OFFBOARD
590,RETURN,61.89,79.304,1.31,1.748,-40.363,0.34,-0.702,-79.304,1.66,40.363,4.099,1.725,1,2.844,5.351,4.425,75.696,-0.053,1.827,0,0,0,OFFBOARD
591,RETURN,61.99,79.103,1.18,1.761,-40.363,0.34,-0.702,-79.103,1.531,40.363,3.936,2.183,0,2.883,6.404,4.453,75.596,-0.083,1.808,0,0,0,OFFBOARD
592,RETURN,62.1,78.901,1.043,1.772,-40.363,0.34,-0.702,-78.901,1.393,40.363,4.83,2.352,0,3.529,6.253,4.468,75.496,-0.103,1.787,0,0,0,OFFBOARD
593,RETURN,62.2,78.701,0.902,1.78,-40.363,0.34,-0.702,-78.701,1.252,40.363,4.892,2.375,0,3.584,6.505,4.472,75.379,-0.121,1.765,0,0,0,OFFBOARD
594,RETURN,62.3,78.5,0.759,1.786,-40.363,0.34,-0.702,-78.5,1.11,40.363,4.576,2.714,0,3.306,6.124,4.485,75.168,-0.101,1.742,0,0,0,OFFBOARD
595,RETURN,62.4,78.3,0.619,1.79,-40.363,0.34,-0.702,-78.3,0.969,40.363,5.436,2.952,0,3.777,6.873,4.49,74.882,-0.072,1.719,0,0,0,OFFBOARD
596,RETURN,62.5,78.099,0.482,1.79,-40.363,0.34,-0.702,-78.099,0.832,40.363,5.373,2.909,0,3.929,10.0,4.493,74.557,-0.03,1.695,0,0,0,OFFBOARD
597,RETURN,62.6,77.897,0.352,1.788,-40.363,0.34,-0.702,-77.897,0.702,40.363,5.222,3.385,0,3.965,10.0,4.488,74.21,0.037,1.672,0,0,0,OFFBOARD
598,RETURN,62.7,77.696,0.232,1.784,-40.363,0.34,-0.702,-77.696,0.582,40.363,5.229,3.561,0,3.769,10.0,4.474,73.856,0.114,1.649,0,0,0,OFFBOARD
599,RETURN,62.8,77.493,0.123,1.777,-40.363,0.34,-0.702,-77.493,0.473,40.363,6.025,3.567,0,3.756,10.0,4.454,73.474,0.207,1.628,0,0,0,OFFBOARD
600,RETURN,62.91,77.291,0.029,1.768,-40.363,0.34,-0.702,-77.291,0.379,40.363,5.881,3.367,0,4.165,10.0,4.36,73.07,0.311,1.608,0,0,0,OFFBOARD
601,RETURN,63.01,77.088,-0.05,1.757,-40.363,0.34,-0.702,-77.088,0.301,40.363,5.682,3.277,0,4.194,10.0,4.206,72.658,0.434,1.589,0,0,0,OFFBOARD
602,RETURN,63.11,76.886,-0.11,1.745,-40.363,0.34,-0.702,-76.886,0.24,40.363,5.484,3.105,0,4.063,10.0,4.027,72.248,0.57,1.572,0,0,0,OFFBOARD
603,RETURN,63.21,76.684,-0.152,1.732,-40.363,0.34,-0.702,-76.684,0.198,40.363,5.384,2.906,0,3.926,10.0,3.836,71.836,0.715,1.557,0,0,0,OFFBOARD
604,RETURN,63.31,76.483,-0.175,1.717,-40.363,0.34,-0.702,-76.483,0.176,40.363,6.091,2.704,0,3.826,10.0,3.703,71.417,0.871,1.545,0,0,0,OFFBOARD
605,RETURN,63.41,76.281,-0.177,1.702,-40.363,0.34,-0.702,-76.281,0.173,40.363,6.125,2.505,0,3.731,10.0,3.654,70.989,1.052,1.534,0,0,0,OFFBOARD
606,RETURN,63.51,76.077,-0.16,1.687,-40.363,0.34,-0.702,-76.077,0.19,40.363,5.943,2.308,0,4.215,10.0,3.687,70.558,1.248,1.526,0,0,0,OFFBOARD
607,RETURN,63.62,75.874,-0.121,1.671,-40.363,0.34,-0.702,-75.874,0.229,40.363,5.745,2.11,0,4.357,10.0,4.062,70.125,1.457,1.52,0,0,0,OFFBOARD
608,RETURN,63.72,75.672,-0.063,1.656,-40.363,0.34,-0.702,-75.672,0.287,40.363,5.894,1.845,1,4.223,10.0,4.173,69.688,1.669,1.516,0,0,0,OFFBOARD
609,RETURN,63.82,75.469,0.016,1.641,-40.363,0.34,-0.702,-75.469,0.366,40.363,5.907,1.926,1,4.09,10.0,4.137,69.262,1.831,1.512,0,0,0,OFFBOARD
610,RETURN,63.92,75.267,0.114,1.626,-40.363,0.34,-0.702,-75.267,0.464,40.363,5.862,2.09,0,4.277,10.0,4.104,68.846,1.949,1.509,0,0,0,OFFBOARD
611,RETURN,64.02,75.064,0.232,1.613,-40.363,0.34,-0.702,-75.064,0.582,40.363,5.824,2.283,0,4.458,10.0,4.075,68.419,2.036,1.509,0,0,0,OFFBOARD
612,RETURN,64.12,74.862,0.367,1.6,-40.363,0.34,-0.702,-74.862,0.717,40.363,5.796,2.514,0,4.402,10.0,4.048,68.122,2.119,1.512,0,0,0,OFFBOARD
613,RETURN,64.22,74.659,0.517,1.588,-40.363,0.34,-0.702,-74.659,0.867,40.363,5.738,3.226,0,4.318,10.0,4.025,67.88,2.154,1.517,0,0,0,OFFBOARD
614,RETURN,64.33,74.457,0.678,1.578,-40.363,0.34,-0.702,-74.457,1.028,40.363,5.536,3.023,0,4.256,10.0,4.002,67.587,2.184,1.524,0,0,0,OFFBOARD
615,RETURN,64.43,74.256,0.848,1.569,-40.363,0.34,-0.702,-74.256,1.198,40.363,5.338,2.825,0,4.082,10.0,3.976,67.301,2.202,1.533,0,0,0,OFFBOARD
616,RETURN,64.53,74.052,1.024,1.561,-40.363,0.34,-0.702,-74.052,1.374,40.363,5.138,2.625,0,3.882,10.0,3.952,66.977,2.208,1.544,0,0,0,OFFBOARD
617,RETURN,64.63,73.85,1.199,1.555,-40.363,0.34,-0.702,-73.85,1.549,40.363,4.936,2.423,0,3.68,6.229,3.937,66.625,2.189,1.555,0,0,0,OFFBOARD
618,RETURN,64.73,73.646,1.373,1.55,-40.363,0.34,-0.702,-73.646,1.723,40.363,4.738,2.158,0,3.482,5.995,3.931,66.315,2.148,1.567,0,0,0,OFFBOARD
619,RETURN,64.83,73.444,1.539,1.547,-40.363,0.34,-0.702,-73.444,1.889,40.363,4.442,1.879,1,3.283,4.758,3.921,66.016,2.082,1.58,0,0,0,OFFBOARD
620,RETURN,64.94,73.312,1.604,1.544,-40.363,0.34,-0.702,-73.312,1.954,40.363,3.014,1.428,1,2.044,3.213,2.981,65.801,1.95,1.593,0,0,0,OFFBOARD
621,RETURN,65.04,73.212,1.64,1.542,-40.363,0.34,-0.702,-73.212,1.991,40.363,1.844,0.941,1,1.727,1.957,1.95,65.66,1.755,1.607,0,0,0,OFFBOARD
622,RETURN,65.14,73.103,1.655,1.542,-40.363,0.34,-0.702,-73.103,2.005,40.363,1.462,0.813,1,1.318,1.445,1.483,65.56,1.575,1.62,0,0,0,OFFBOARD
623,RETURN,65.24,72.98,1.649,1.544,-40.363,0.34,-0.702,-72.98,1.999,40.363,1.273,0.753,1,1.203,1.259,1.289,65.46,1.458,1.633,0,1,0,OFFBOARD
624,RETURN,65.34,72.831,1.628,1.548,-40.363,0.34,-0.702,-72.831,1.978,40.363,1.168,0.732,1,1.148,1.204,1.236,65.36,1.349,1.642,0,1,0,OFFBOARD
625,RETURN,65.44,72.658,1.599,1.554,-40.363,0.34,-0.702,-72.658,1.949,40.363,1.129,0.734,1,1.092,1.222,1.251,65.26,1.228,1.645,0,1,0,OFFBOARD
626,RETURN,65.54,72.456,1.571,1.56,-40.363,0.34,-0.702,-72.456,1.921,40.363,1.124,0.882,1,1.069,1.253,1.296,65.16,1.097,1.643,0,0,0,OFFBOARD
627,RETURN,65.65,72.236,1.553,1.567,-40.363,0.34,-0.702,-72.236,1.903,40.363,1.143,0.896,1,1.072,1.265,1.349,65.06,0.958,1.637,0,0,0,OFFBOARD
628,RETURN,65.75,72.001,1.547,1.574,-40.363,0.34,-0.702,-72.001,1.897,40.363,1.032,0.91,1,0.989,1.113,1.234,64.96,0.809,1.629,0,0,0,OFFBOARD
629,RETURN,65.85,71.746,1.555,1.581,-40.363,0.34,-0.702,-71.745,1.905,40.363,0.977,0.862,1,0.908,1.042,1.202,64.86,0.631,1.618,0,0,0,OFFBOARD
630,RETURN,65.95,71.493,1.576,1.587,-40.363,0.34,-0.702,-71.493,1.926,40.363,1.156,0.757,1,1.131,1.255,1.355,64.76,0.439,1.605,0,1,0,OFFBOARD
631,RETURN,66.06,71.22,1.607,1.592,-40.363,0.34,-0.702,-71.22,1.957,40.363,1.213,0.882,1,1.152,1.242,1.346,64.66,0.243,1.59,0,0,0,OFFBOARD
632,RETURN,66.16,70.958,1.641,1.596,-40.363,0.34,-0.702,-70.958,1.991,40.363,1.104,0.902,1,1.062,1.15,1.209,64.56,0.001,1.575,0,0,0,OFFBOARD
633,RETURN,66.26,70.698,1.671,1.598,-40.363,0.34,-0.702,-70.698,2.021,40.363,1.272,0.864,1,0.957,1.314,1.443,64.46,-0.282,1.564,0,0,0,OFFBOARD
634,RETURN,66.36,70.439,1.693,1.599,-40.363,0.34,-0.702,-70.439,2.043,40.363,1.451,0.764,1,1.278,1.421,1.576,64.36,-0.562,1.557,0,1,0,OFFBOARD
635,RETURN,66.46,70.181,1.702,1.598,-40.363,0.34,-0.702,-70.181,2.053,40.363,1.451,1.002,1,1.423,1.482,1.498,64.26,-0.821,1.553,0,0,0,OFFBOARD
636,RETURN,66.56,69.921,1.694,1.597,-40.363,0.34,-0.702,-69.921,2.044,40.363,1.93,1.146,1,1.716,2.083,2.172,64.16,-1.062,1.552,0,0,0,OFFBOARD
637,RETURN,66.66,69.665,1.666,1.594,-40.363,0.34,-0.702,-69.665,2.016,40.363,2.125,1.054,1,2.097,2.167,2.288,64.06,-1.267,1.554,0,0,0,OFFBOARD
638,RETURN,66.77,69.409,1.614,1.591,-40.363,0.34,-0.702,-69.409,1.965,40.363,3.091,1.469,1,2.643,3.094,3.126,63.96,-1.421,1.557,0,0,0,OFFBOARD
639,RETURN,66.87,69.159,1.541,1.588,-40.363,0.34,-0.702,-69.159,1.891,40.363,4.07,1.538,1,2.831,5.246,4.278,63.86,-1.525,1.562,0,0,0,OFFBOARD
640,RETURN,66.97,68.911,1.445,1.585,-40.363,0.34,-0.702,-68.911,1.795,40.363,5.044,2.142,0,3.638,6.5,4.46,63.76,-1.57,1.567,0,0,0,OFFBOARD
641,RETURN,67.07,68.673,1.329,1.582,-40.363,0.34,-0.702,-68.673,1.679,40.363,4.912,2.215,0,3.64,10.0,4.539,63.617,-1.59,1.574,0,0,0,OFFBOARD
642,RETURN,67.17,68.443,1.193,1.58,-40.363,0.34,-0.702,-68.443,1.543,40.363,5.577,2.889,0,3.621,10.0,4.661,63.372,-1.57,1.581,0,0,0,OFFBOARD
643,RETURN,67.27,68.225,1.042,1.578,-40.363,0.34,-0.702,-68.225,1.392,40.363,5.558,2.971,0,3.769,10.0,4.705,63.057,-1.543,1.589,0,0,0,OFFBOARD
644,RETURN,67.37,68.014,0.872,1.577,-40.363,0.34,-0.702,-68.014,1.222,40.363,5.275,3.509,0,3.928,6.977,4.888,62.695,-1.473,1.597,0,0,0,OFFBOARD
645,RETURN,67.48,67.814,0.691,1.577,-40.363,0.34,-0.702,-67.814,1.041,40.363,5.093,3.44,0,3.89,6.774,4.92,62.302,-1.389,1.605,0,0,0,OFFBOARD
646,RETURN,67.58,67.625,0.505,1.577,-40.363,0.34,-0.702,-67.625,0.855,40.363,4.985,3.25,0,3.839,6.577,4.839,61.889,-1.29,1.613,0,0,0,OFFBOARD
647,RETURN,67.68,67.443,0.32,1.579,-40.363,0.34,-0.702,-67.443,0.67,40.363,5.029,3.34,0,3.813,6.447,4.68,61.463,-1.179,1.621,0,0,0,OFFBOARD
648,RETURN,67.78,67.263,0.14,1.581,-40.363,0.34,-0.702,-67.263,0.49,40.363,4.929,3.244,0,3.699,6.292,4.475,61.03,-1.065,1.629,0,0,0,OFFBOARD
649,RETURN,67.88,67.085,-0.024,1.583,-40.363,0.34,-0.702,-67.085,0.326,40.363,4.918,3.181,0,4.157,6.155,4.232,60.59,-0.946,1.637,0,0,0,OFFBOARD
650,RETURN,67.98,66.906,-0.169,1.587,-40.363,0.34,-0.702,-66.906,0.181,40.363,5.633,3.174,0,4.167,6.069,4.022,60.148,-0.829,1.643,0,0,0,OFFBOARD
651,RETURN,68.08,66.728,-0.289,1.591,-40.363,0.34,-0.702,-66.728,0.061,40.363,5.338,2.943,0,4.107,5.909,3.82,59.703,-0.717,1.65,0,0,0,OFFBOARD
652,RETURN,68.19,66.532,-0.392,1.595,-40.363,0.34,-0.702,-66.532,-0.042,40.363,5.191,2.909,0,4.689,5.772,3.743,59.258,-0.61,1.656,0,0,0,OFFBOARD
653,RETURN,68.29,66.34,-0.467,1.6,-40.363,0.34,-0.702,-66.34,-0.117,40.363,5.172,3.268,0,4.806,5.624,3.726,58.813,-0.513,1.661,0,0,0,OFFBOARD
654,RETURN,68.39,66.143,-0.523,1.605,-40.363,0.34,-0.702,-66.143,-0.173,40.363,5.26,3.286,0,4.689,5.475,3.761,58.369,-0.417,1.665,0,0,0,OFFBOARD
655,RETURN,68.49,65.944,-0.562,1.61,-40.363,0.34,-0.702,-65.944,-0.212,40.363,5.312,3.245,0,4.502,5.331,3.736,57.924,-0.329,1.668,0,0,0,OFFBOARD
656,RETURN,68.59,65.741,-0.59,1.616,-40.363,0.34,-0.702,-65.741,-0.24,40.363,5.143,3.048,0,4.312,5.196,3.542,57.542,-0.242,1.671,0,0,0,OFFBOARD
657,RETURN,68.69,65.538,-0.61,1.621,-40.363,0.34,-0.702,-65.538,-0.26,40.363,4.974,3.2,0,4.138,5.049,3.33,57.187,-0.17,1.673,0,0,0,OFFBOARD
658,RETURN,68.8,65.334,-0.625,1.627,-40.363,0.34,-0.702,-65.334,-0.275,40.363,4.832,3.018,0,4.065,4.905,3.15,56.817,-0.106,1.674,0,0,0,OFFBOARD
659,RETURN,68.9,65.131,-0.639,1.632,-40.363,0.34,-0.702,-65.131,-0.289,40.363,4.698,2.874,0,4.13,4.761,3.002,56.426,-0.048,1.674,0,0,0,OFFBOARD
660,RETURN,69.0,64.927,-0.651,1.637,-40.363,0.34,-0.702,-64.927,-0.301,40.363,4.567,2.74,0,4.352,4.622,2.929,56.035,0.003,1.673,0,0,0,OFFBOARD
661,RETURN,69.1,64.725,-0.663,1.641,-40.363,0.34,-0.702,-64.725,-0.313,40.363,4.431,2.696,0,4.355,4.485,4.125,55.778,0.057,1.672,0,0,0,OFFBOARD
662,RETURN,69.2,64.522,-0.674,1.645,-40.363,0.34,-0.702,-64.522,-0.324,40.363,4.295,2.653,0,4.358,4.352,4.133,55.478,0.134,1.67,0,0,0,OFFBOARD
663,RETURN,69.3,64.323,-0.683,1.649,-40.363,0.34,-0.702,-64.323,-0.332,40.363,4.157,2.587,0,4.178,4.218,4.071,55.125,0.171,1.668,0,0,0,OFFBOARD
664,RETURN,69.4,64.122,-0.687,1.652,-40.363,0.34,-0.702,-64.122,-0.337,40.363,4.022,3.215,0,3.998,4.087,3.995,54.739,0.275,1.665,0,0,0,OFFBOARD
665,RETURN,69.51,63.921,-0.685,1.655,-40.363,0.34,-0.702,-63.921,-0.335,40.363,3.89,3.201,0,3.938,3.955,3.894,54.33,0.387,1.662,0,0,0,OFFBOARD
666,RETURN,69.61,63.718,-0.676,1.657,-40.363,0.34,-0.702,-63.718,-0.326,40.363,3.756,3.135,0,4.313,3.822,3.759,53.907,0.506,1.658,0,0,0,OFFBOARD
667,RETURN,69.71,63.517,-0.656,1.659,-40.363,0.34,-0.702,-63.517,-0.306,40.363,3.618,3.101,0,4.326,3.686,3.621,53.474,0.63,1.654,0,0,0,OFFBOARD
668,RETURN,69.81,63.316,-0.625,1.66,-40.363,0.34,-0.702,-63.316,-0.275,40.363,3.484,3.1,0,4.316,3.556,3.489,53.036,0.75,1.65,0,0,0,OFFBOARD
669,RETURN,69.91,63.114,-0.578,1.66,-40.363,0.34,-0.702,-63.114,-0.228,40.363,3.349,3.007,0,4.174,3.424,3.355,52.682,0.876,1.646,0,0,0,OFFBOARD
670,RETURN,70.01,62.914,-0.516,1.66,-40.363,0.34,-0.702,-62.914,-0.166,40.363,3.216,2.823,0,3.981,3.293,3.221,52.418,1.01,1.642,0,0,0,OFFBOARD
671,RETURN,70.11,62.711,-0.437,1.66,-40.363,0.34,-0.702,-62.711,-0.087,40.363,3.094,3.094,0,3.921,3.161,3.089,52.104,1.144,1.638,0,0,0,OFFBOARD
672,RETURN,70.22,62.513,-0.341,1.659,-40.363,0.34,-0.702,-62.513,0.009,40.363,2.979,2.943,0,4.349,3.037,2.965,51.817,1.283,1.634,0,0,0,OFFBOARD
673,RETURN,70.32,62.31,-0.226,1.658,-40.363,0.34,-0.702,-62.31,0.124,40.363,2.877,2.808,0,4.394,2.962,2.853,51.626,1.416,1.63,0,0,0,OFFBOARD
674,RETURN,70.42,62.107,-0.094,1.656,-40.363,0.34,-0.702,-62.107,0.256,40.363,5.667,2.631,0,4.22,10.0,2.755,51.502,1.57,1.626,0,0,0,OFFBOARD
675,RETURN,70.52,61.907,0.05,1.654,-40.363,0.34,-0.702,-61.907,0.4,40.363,5.972,2.502,0,4.122,10.0,4.129,51.304,1.719,1.623,0,0,0,OFFBOARD
676,RETURN,70.62,61.7,0.211,1.652,-40.363,0.34,-0.702,-61.7,0.561,40.363,5.992,2.351,0,3.972,10.0,4.119,51.019,1.885,1.62,0,0,0,OFFBOARD
677,RETURN,70.72,61.495,0.379,1.649,-40.363,0.34,-0.702,-61.494,0.729,40.363,5.98,2.258,0,3.881,10.0,4.11,50.676,2.046,1.617,0,0,0,OFFBOARD
678,RETURN,70.82,61.29,0.552,1.647,-40.363,0.34,-0.702,-61.29,0.902,40.363,5.897,2.271,0,3.778,10.0,4.106,50.295,2.155,1.615,0,0,0,OFFBOARD
679,RETURN,70.93,61.085,0.729,1.644,-40.363,0.34,-0.702,-61.085,1.079,40.363,5.794,3.131,0,4.022,10.0,4.111,50.026,2.191,1.613,0,0,0,OFFBOARD
680,RETURN,71.03,60.877,0.911,1.641,-40.363,0.34,-0.702,-60.877,1.261,40.363,5.656,2.841,0,3.981,10.0,4.122,49.725,2.213,1.612,0,0,0,OFFBOARD
681,RETURN,71.13,60.671,1.092,1.638,-40.363,0.34,-0.702,-60.671,1.442,40.363,5.131,2.519,0,3.785,6.868,4.136,49.436,2.214,1.611,0,0,0,OFFBOARD
682,RETURN,71.23,60.465,1.274,1.635,-40.363,0.34,-0.702,-60.465,1.624,40.363,4.106,2.2,0,3.422,6.511,4.149,49.21,2.191,1.611,0,0,0,OFFBOARD
683,RETURN,71.33,60.258,1.455,1.633,-40.363,0.34,-0.702,-60.257,1.805,40.363,3.809,1.913,1,2.717,5.062,4.161,49.054,2.133,1.611,0,0,0,OFFBOARD
684,RETURN,71.43,60.052,1.629,1.63,-40.363,0.34,-0.702,-60.052,1.98,40.363,3.608,1.658,1,2.424,4.857,4.117,48.949,2.042,1.611,0,0,0,OFFBOARD
685,RETURN,71.53,59.847,1.795,1.628,-40.363,0.34,-0.702,-59.847,2.145,40.363,3.405,1.43,1,2.151,3.41,3.785,48.849,1.919,1.651,0,0,0,OFFBOARD
686,RETURN,71.64,59.641,1.949,1.626,-40.363,0.34,-0.702,-59.641,2.299,40.363,3.103,1.231,1,1.947,3.199,3.195,48.749,1.767,1.691,0,0,0,OFFBOARD
687,RETURN,71.74,59.437,2.082,1.626,-40.363,0.34,-0.702,-59.437,2.432,40.363,1.976,1.051,1,1.744,2.937,2.789,48.649,1.58,1.731,0,0,0,OFFBOARD
688,RETURN,71.84,59.233,2.192,1.629,-40.363,0.34,-0.702,-59.233,2.542,40.363,1.582,0.863,1,1.544,1.596,1.658,48.549,1.362,1.771,0,0,0,OFFBOARD
689,RETURN,71.94,59.049,2.264,1.63,-40.363,0.34,-0.702,-59.049,2.615,40.363,1.339,0.707,1,1.339,1.339,1.338,48.449,1.111,1.811,0,1,0,OFFBOARD
690,RETURN,72.04,59.01,2.223,1.611,-40.363,0.34,-0.702,-59.01,2.573,40.363,1.301,0.608,1,1.152,1.304,1.294,48.349,0.832,1.85,0,1,0,OFFBOARD
691,RETURN,72.14,58.971,2.147,1.604,-40.363,0.34,-0.702,-58.971,2.497,40.363,1.168,0.594,1,1.075,1.103,1.106,48.249,0.561,1.89,0,1,0,OFFBOARD
692,RETURN,72.24,58.923,2.041,1.606,-40.363,0.34,-0.702,-58.923,2.391,40.363,1.114,0.631,1,1.081,1.13,1.116,48.149,0.335,1.93,0,1,0,OFFBOARD
693,RETURN,72.34,58.855,1.919,1.616,-40.363,0.34,-0.702,-58.855,2.269,40.363,1.183,0.706,1,1.081,1.235,1.265,48.049,0.153,1.97,0,1,0,OFFBOARD
694,RETURN,72.45,58.759,1.791,1.633,-40.363,0.34,-0.702,-58.759,2.141,40.363,1.199,0.826,1,1.142,1.287,1.413,47.949,0.009,2.01,0,0,0,OFFBOARD
695,RETURN,72.55,58.631,1.67,1.655,-40.363,0.34,-0.702,-58.631,2.02,40.363,1.207,1.022,1,1.114,1.294,1.452,47.849,-0.122,2.006,0,0,0,OFFBOARD
696,RETURN,72.65,58.472,1.564,1.681,-40.363,0.34,-0.702,-58.472,1.914,40.363,1.745,1.058,1,1.513,1.82,1.841,47.749,-0.276,1.998,0,0,0,OFFBOARD
697,RETURN,72.75,58.278,1.47,1.709,-40.363,0.34,-0.702,-58.278,1.82,40.363,1.891,1.025,1,1.735,2.048,2.028,47.649,-0.44,1.987,0,0,0,OFFBOARD
698,RETURN,72.85,58.058,1.389,1.738,-40.363,0.34,-0.702,-58.058,1.739,40.363,1.823,1.31,1,1.727,1.945,2.151,47.549,-0.601,1.971,0,0,0,OFFBOARD
699,RETURN,72.96,57.826,1.318,1.765,-40.363,0.34,-0.702,-57.826,1.668,40.363,2.266,1.386,1,1.659,2.493,2.536,47.449,-0.776,1.951,0,0,0,OFFBOARD
700,RETURN,73.06,57.588,1.252,1.79,-40.363,0.34,-0.702,-57.588,1.602,40.363,2.522,1.37,1,2.074,2.618,2.785,47.349,-0.937,1.927,0,0,0,OFFBOARD
701,RETURN,73.16,57.344,1.181,1.812,-40.363,0.34,-0.702,-57.344,1.532,40.363,2.345,1.689,1,2.248,3.226,3.51,47.249,-1.063,1.9,0,0,0,OFFBOARD
702,RETURN,73.26,57.103,1.104,1.831,-40.363,0.34,-0.702,-57.103,1.454,40.363,3.144,1.735,1,2.139,3.323,3.295,47.149,-1.171,1.87,0,0,0,OFFBOARD
703,RETURN,73.36,56.868,1.015,1.845,-40.363,0.34,-0.702,-56.868,1.365,40.363,3.042,1.793,1,2.792,4.292,3.022,47.049,-1.261,1.84,0,0,0,OFFBOARD
704,RETURN,73.46,56.639,0.913,1.856,-40.363,0.34,-0.702,-56.639,1.263,40.363,4.039,2.281,0,2.796,5.282,5.516,46.949,-1.301,1.81,0,0,0,OFFBOARD
705,RETURN,73.57,56.414,0.793,1.863,-40.363,0.34,-0.702,-56.413,1.143,40.363,3.946,2.473,0,3.346,6.292,5.359,46.849,-1.307,1.78,0,0,0,OFFBOARD
706,RETURN,73.67,56.196,0.658,1.866,-40.363,0.34,-0.702,-56.196,1.008,40.363,4.813,2.456,0,3.427,10.0,5.183,46.749,-1.28,1.75,0,0,0,OFFBOARD
707,RETURN,73.77,55.983,0.508,1.865,-40.363,0.34,-0.702,-55.983,0.858,40.363,4.721,2.881,0,3.261,10.0,5.065,46.609,-1.198,1.72,0,0,0,OFFBOARD
708,RETURN,73.87,55.772,0.346,1.861,-40.363,0.34,-0.702,-55.772,0.696,40.363,4.694,2.518,0,3.142,10.0,5.01,46.404,-1.068,1.69,0,0,0,OFFBOARD
709,RETURN,73.97,55.567,0.182,1.854,-40.363,0.34,-0.702,-55.567,0.532,40.363,4.452,2.276,0,3.124,6.91,5.0,46.124,-0.903,1.66,0,0,0,OFFBOARD
710,RETURN,74.07,55.363,0.024,1.843,-40.363,0.34,-0.702,-55.363,0.374,40.363,4.279,2.539,0,3.534,6.486,5.022,45.785,-0.727,1.63,0,0,0,OFFBOARD
711,RETURN,74.17,55.16,-0.117,1.83,-40.363,0.34,-0.702,-55.16,0.233,40.363,4.641,2.741,0,3.594,6.07,4.569,45.409,-0.56,1.6,0,0,0,OFFBOARD
712,RETURN,74.27,54.954,-0.232,1.814,-40.363,0.34,-0.702,-54.954,0.118,40.363,4.677,2.517,0,3.606,5.945,2.544,45.008,-0.403,1.573,0,0,0,OFFBOARD
713,RETURN,74.38,54.748,-0.311,1.796,-40.363,0.34,-0.702,-54.748,0.039,40.363,4.688,2.393,0,3.446,6.0,2.352,44.594,-0.241,1.548,0,0,0,OFFBOARD
714,RETURN,74.48,54.537,-0.351,1.777,-40.363,0.34,-0.702,-54.537,-0.001,40.363,4.502,2.727,0,3.821,5.837,4.409,44.168,-0.1,1.526,0,0,0,OFFBOARD
715,RETURN,74.58,54.325,-0.352,1.756,-40.363,0.34,-0.702,-54.325,-0.001,40.363,5.329,2.81,0,4.002,6.504,4.518,43.734,0.039,1.507,0,0,0,OFFBOARD
716,RETURN,74.68,54.108,-0.318,1.734,-40.363,0.34,-0.702,-54.108,0.033,40.363,5.274,2.83,0,3.99,6.633,4.381,43.295,0.171,1.492,0,0,0,OFFBOARD
717,RETURN,74.78,53.889,-0.255,1.712,-40.363,0.34,-0.702,-53.889,0.095,40.363,5.143,2.8,0,3.813,10.0,4.294,42.853,0.299,1.48,0,0,0,OFFBOARD
718,RETURN,74.88,53.673,-0.175,1.69,-40.363,0.34,-0.702,-53.673,0.176,40.363,5.98,3.431,0,4.318,10.0,4.261,42.516,0.407,1.472,0,0,0,OFFBOARD
719,RETURN,74.99,53.452,-0.08,1.667,-40.363,0.34,-0.702,-53.452,0.27,40.363,5.78,3.336,0,4.369,10.0,4.267,42.198,0.505,1.467,0,0,0,OFFBOARD
720,RETURN,75.09,53.228,0.021,1.645,-40.363,0.34,-0.702,-53.228,0.371,40.363,5.641,3.886,0,4.318,10.0,4.294,41.953,0.585,1.465,0,0,0,OFFBOARD
721,RETURN,75.19,53.009,0.119,1.625,-40.363,0.34,-0.702,-53.009,0.469,40.363,5.489,3.649,0,4.115,10.0,4.337,41.737,0.652,1.466,0,0,0,OFFBOARD
722,RETURN,75.29,52.794,0.209,1.605,-40.363,0.34,-0.702,-52.794,0.559,40.363,5.301,3.469,0,3.936,10.0,4.357,41.513,0.714,1.47,0,0,0,OFFBOARD
723,RETURN,75.39,52.579,0.29,1.588,-40.363,0.34,-0.702,-52.579,0.64,40.363,5.181,3.336,0,3.855,10.0,4.338,41.296,0.763,1.477,0,0,0,OFFBOARD
724,RETURN,75.49,52.369,0.358,1.572,-40.363,0.34,-0.702,-52.369,0.708,40.363,5.687,3.236,0,4.162,10.0,4.284,41.051,0.807,1.486,0,0,0,OFFBOARD
725,RETURN,75.6,52.164,0.413,1.558,-40.363,0.34,-0.702,-52.164,0.764,40.363,5.787,3.153,0,4.247,10.0,4.204,40.788,0.845,1.498,0,0,0,OFFBOARD
726,RETURN,75.7,51.956,0.458,1.546,-40.363,0.34,-0.702,-51.955,0.808,40.363,5.612,3.122,0,4.141,10.0,4.113,40.51,0.885,1.511,0,0,0,OFFBOARD
727,RETURN,75.8,51.751,0.491,1.536,-40.363,0.34,-0.702,-51.751,0.841,40.363,5.411,2.927,0,4.122,10.0,4.025,40.197,0.919,1.525,0,0,0,OFFBOARD
728,RETURN,75.9,51.546,0.514,1.529,-40.363,0.34,-0.702,-51.546,0.864,40.363,5.258,2.824,0,3.938,10.0,3.951,39.862,0.949,1.541,0,0,0,OFFBOARD
729,RETURN,76.0,51.342,0.531,1.524,-40.363,0.34,-0.702,-51.342,0.881,40.363,5.636,3.117,0,3.89,10.0,3.895,39.509,0.992,1.557,0,0,0,OFFBOARD
730,RETURN,76.1,51.136,0.542,1.521,-40.363,0.34,-0.702,-51.136,0.892,40.363,5.699,3.162,0,4.385,10.0,3.862,39.153,1.032,1.574,0,0,0,OFFBOARD
731,RETURN,76.2,50.932,0.55,1.52,-40.363,0.34,-0.702,-50.932,0.901,40.363,5.691,3.206,0,4.438,10.0,3.853,38.817,1.073,1.591,0,0,0,OFFBOARD
732,RETURN,76.31,50.726,0.558,1.521,-40.363,0.34,-0.702,-50.726,0.908,40.363,5.612,3.124,0,4.345,6.971,3.861,38.493,1.116,1.608,0,0,0,OFFBOARD
733,RETURN,76.41,50.522,0.567,1.524,-40.363,0.34,-0.702,-50.522,0.917,40.363,5.412,2.922,0,4.151,6.758,3.882,38.132,1.153,1.624,0,0,0,OFFBOARD
734,RETURN,76.51,50.316,0.58,1.529,-40.363,0.34,-0.702,-50.316,0.93,40.363,5.376,2.933,0,3.961,6.549,3.908,37.746,1.192,1.64,0,0,0,OFFBOARD
735,RETURN,76.61,50.11,0.599,1.536,-40.363,0.34,-0.702,-50.11,0.949,40.363,5.524,3.24,0,3.944,6.484,3.935,37.341,1.239,1.655,0,0,0,OFFBOARD
736,RETURN,76.71,49.905,0.624,1.544,-40.363,0.34,-0.702,-49.905,0.974,40.363,5.632,3.247,0,4.303,6.63,3.957,36.925,1.282,1.668,0,0,0,OFFBOARD
737,RETURN,76.81,49.702,0.657,1.553,-40.363,0.34,-0.702,-49.702,1.007,40.363,5.677,3.246,0,4.288,6.663,3.975,36.512,1.324,1.68,0,0,0,OFFBOARD
738,RETURN,76.92,49.498,0.699,1.563,-40.363,0.34,-0.702,-49.498,1.049,40.363,5.637,3.116,0,4.253,6.612,3.988,36.101,1.369,1.691,0,0,0,OFFBOARD
739,RETURN,77.02,49.294,0.75,1.574,-40.363,0.34,-0.702,-49.294,1.1,40.363,5.434,2.911,0,4.177,6.489,4.001,35.681,1.407,1.7,0,0,0,OFFBOARD
740,RETURN,77.12,49.093,0.808,1.585,-40.363,0.34,-0.702,-49.093,1.158,40.363,5.168,2.679,0,3.909,6.243,4.019,35.265,1.431,1.707,0,0,0,OFFBOARD
741,RETURN,77.22,48.883,0.877,1.596,-40.363,0.34,-0.702,-48.883,1.227,40.363,5.029,2.574,0,3.709,6.018,4.034,34.841,1.45,1.713,0,0,0,OFFBOARD
742,RETURN,77.32,48.678,0.951,1.608,-40.363,0.34,-0.702,-48.678,1.301,40.363,4.85,2.454,0,3.51,5.801,4.052,34.413,1.462,1.716,0,0,0,OFFBOARD
743,RETURN,77.43,48.475,1.029,1.619,-40.363,0.34,-0.702,-48.475,1.379,40.363,4.65,2.659,0,3.384,5.616,4.074,34.07,1.478,1.719,0,0,0,OFFBOARD
744,RETURN,77.53,48.274,1.109,1.63,-40.363,0.34,-0.702,-48.274,1.459,40.363,4.45,2.558,0,3.255,5.493,4.101,33.809,1.484,1.719,0,0,0,OFFBOARD
745,RETURN,77.63,48.069,1.192,1.64,-40.363,0.34,-0.702,-48.069,1.542,40.363,4.25,2.422,0,3.118,5.413,4.13,33.619,1.477,1.718,0,0,0,OFFBOARD
746,RETURN,77.73,47.864,1.274,1.65,-40.363,0.34,-0.702,-47.864,1.624,40.363,4.05,2.281,0,3.403,5.215,4.049,33.483,1.456,1.716,0,0,0,OFFBOARD
747,RETURN,77.83,47.66,1.351,1.659,-40.363,0.34,-0.702,-47.66,1.702,40.363,3.85,2.143,0,3.339,5.017,3.849,33.383,1.42,1.712,0,0,0,OFFBOARD
748,RETURN,77.93,47.457,1.424,1.666,-40.363,0.34,-0.702,-47.457,1.774,40.363,3.65,2.006,0,3.241,4.819,3.649,33.283,1.368,1.707,0,0,0,OFFBOARD
749,RETURN,78.03,47.254,1.489,1.673,-40.363,0.34,-0.702,-47.254,1.839,40.363,3.45,1.885,1,3.143,4.621,3.449,33.183,1.301,1.701,0,0,0,OFFBOARD
750,RETURN,78.13,47.051,1.546,1.679,-40.363,0.34,-0.702,-47.051,1.896,40.363,3.25,1.788,1,3.035,4.422,3.25,33.083,1.217,1.694,0,0,0,OFFBOARD
751,RETURN,78.24,46.846,1.592,1.684,-40.363,0.34,-0.702,-46.846,1.942,40.363,3.049,1.7,1,2.942,4.221,3.048,32.983,1.119,1.686,0,0,0,OFFBOARD
752,RETURN,78.34,46.644,1.625,1.687,-40.363,0.34,-0.702,-46.644,1.975,40.363,2.851,1.51,1,2.767,4.023,2.85,32.883,1.005,1.678,0,0,0,OFFBOARD
753,RETURN,78.44,46.44,1.645,1.69,-40.363,0.34,-0.702,-46.439,1.995,40.363,2.649,1.309,1,2.565,3.822,2.649,32.783,0.887,1.67,0,0,0,OFFBOARD
754,RETURN,78.54,46.237,1.65,1.691,-40.363,0.34,-0.702,-46.237,2.0,40.363,2.451,1.283,1,2.367,3.711,2.451,32.683,0.76,1.661,0,0,0,OFFBOARD
755,RETURN,78.64,46.035,1.639,1.691,-40.363,0.34,-0.702,-46.035,1.989,40.363,2.251,1.56,1,2.301,4.506,2.251,32.583,0.643,1.652,0,0,0,OFFBOARD
756,RETURN,78.74,45.833,1.612,1.69,-40.363,0.34,-0.702,-45.833,1.962,40.363,2.202,1.596,1,2.902,4.48,2.051,32.483,0.529,1.644,0,0,0,OFFBOARD
757,RETURN,78.84,45.63,1.569,1.688,-40.363,0.34,-0.702,-45.63,1.919,40.363,2.254,1.654,1,2.976,4.28,1.851,32.383,0.417,1.636,0,0,0,OFFBOARD
758,RETURN,78.94,45.428,1.51,1.686,-40.363,0.34,-0.702,-45.428,1.86,40.363,2.321,1.567,1,2.821,4.204,1.651,32.283,0.315,1.628,0,0,0,OFFBOARD
759,RETURN,79.05,45.224,1.435,1.682,-40.363,0.34,-0.702,-45.224,1.785,40.363,2.29,1.561,1,2.635,5.135,1.535,32.183,0.217,1.62,0,0,0,OFFBOARD
760,RETURN,79.15,45.021,1.347,1.678,-40.363,0.34,-0.702,-45.021,1.697,40.363,2.266,1.908,1,2.721,5.002,1.564,32.083,0.139,1.614,0,0,0,OFFBOARD
761,RETURN,79.25,44.818,1.247,1.673,-40.363,0.34,-0.702,-44.818,1.597,40.363,2.364,2.168,0,3.432,5.89,1.71,31.983,0.065,1.608,0,0,0,OFFBOARD
762,RETURN,79.35,44.614,1.136,1.668,-40.363,0.34,-0.702,-44.614,1.486,40.363,4.531,2.021,0,3.275,5.753,2.004,31.883,-0.0,1.602,0,0,0,OFFBOARD
763,RETURN,79.45,44.409,1.017,1.662,-40.363,0.34,-0.702,-44.409,1.367,40.363,4.369,2.388,0,3.211,6.745,4.203,31.783,-0.017,1.598,0,0,0,OFFBOARD
764,RETURN,79.55,44.206,0.895,1.657,-40.363,0.34,-0.702,-44.206,1.245,40.363,5.22,2.706,0,3.889,10.0,4.191,31.683,-0.01,1.595,0,0,0,OFFBOARD
765,RETURN,79.66,44.002,0.768,1.651,-40.363,0.34,-0.702,-44.002,1.118,40.363,5.02,2.607,0,3.863,10.0,4.17,31.572,0.005,1.592,0,0,0,OFFBOARD
766,RETURN,79.76,43.799,0.643,1.645,-40.363,0.34,-0.702,-43.799,0.993,40.363,5.69,3.096,0,3.705,10.0,4.167,31.409,0.045,1.59,0,0,0,OFFBOARD
767,RETURN,79.86,43.595,0.52,1.639,-40.363,0.34,-0.702,-43.595,0.87,40.363,5.833,3.296,0,4.194,10.0,4.158,31.177,0.091,1.589,0,0,0,OFFBOARD
768,RETURN,79.96,43.392,0.404,1.634,-40.363,0.34,-0.702,-43.392,0.754,40.363,5.674,3.26,0,4.306,10.0,4.15,30.91,0.145,1.589,0,0,0,OFFBOARD
769,RETURN,80.06,43.19,0.296,1.628,-40.363,0.34,-0.702,-43.19,0.646,40.363,5.607,3.655,0,4.217,10.0,4.135,30.63,0.212,1.59,0,0,0,OFFBOARD
770,RETURN,80.16,42.986,0.199,1.624,-40.363,0.34,-0.702,-42.986,0.549,40.363,5.809,3.803,0,4.054,10.0,4.119,30.324,0.284,1.591,0,0,0,OFFBOARD
771,RETURN,80.26,42.784,0.117,1.619,-40.363,0.34,-0.702,-42.784,0.467,40.363,5.932,3.813,0,4.349,6.98,4.103,30.005,0.364,1.594,0,0,0,OFFBOARD
772,RETURN,80.37,42.579,0.049,1.615,-40.363,0.34,-0.702,-42.579,0.399,40.363,5.917,3.619,0,4.524,6.78,4.09,29.649,0.447,1.596,0,0,0,OFFBOARD
773,RETURN,80.47,42.377,-0.002,1.612,-40.363,0.34,-0.702,-42.377,0.348,40.363,5.891,3.491,0,4.461,6.58,4.079,29.267,0.539,1.599,0,0,0,OFFBOARD
774,RETURN,80.57,42.177,-0.035,1.609,-40.363,0.34,-0.702,-42.177,0.315,40.363,5.786,3.453,0,4.337,6.379,4.07,28.877,0.634,1.603,0,0,0,OFFBOARD
775,RETURN,80.67,41.973,-0.053,1.607,-40.363,0.34,-0.702,-41.973,0.298,40.363,5.791,3.783,0,4.258,6.245,4.066,28.47,0.724,1.607,0,0,0,OFFBOARD
776,RETURN,80.77,41.771,-0.053,1.605,-40.363,0.34,-0.702,-41.771,0.297,40.363,5.866,3.794,0,4.072,5.979,4.06,28.05,0.813,1.611,0,0,0,OFFBOARD
777,RETURN,80.87,41.567,-0.036,1.604,-40.363,0.34,-0.702,-41.567,0.314,40.363,5.778,3.824,0,3.993,5.778,4.059,27.619,0.895,1.616,0,0,0,OFFBOARD
778,RETURN,80.97,41.365,-0.005,1.604,-40.363,0.34,-0.702,-41.365,0.345,40.363,5.576,3.671,0,4.387,5.765,4.059,27.182,0.98,1.62,0,0,0,OFFBOARD
779,RETURN,81.08,41.161,0.041,1.604,-40.363,0.34,-0.702,-41.161,0.391,40.363,5.699,3.564,0,4.497,5.979,4.062,26.741,1.073,1.625,0,0,0,OFFBOARD
780,RETURN,81.18,40.958,0.1,1.604,-40.363,0.34,-0.702,-40.958,0.45,40.363,5.783,3.938,0,4.517,6.268,4.066,26.297,1.155,1.629,0,0,0,OFFBOARD
781,RETURN,81.28,40.754,0.171,1.605,-40.363,0.34,-0.702,-40.754,0.521,40.363,5.716,3.739,0,4.327,10.0,4.07,25.852,1.237,1.633,0,0,0,OFFBOARD
782,RETURN,81.38,40.552,0.251,1.607,-40.363,0.34,-0.702,-40.552,0.601,40.363,5.734,3.573,0,4.125,10.0,4.075,25.441,1.317,1.637,0,0,0,OFFBOARD
783,RETURN,81.48,40.35,0.339,1.609,-40.363,0.34,-0.702,-40.35,0.689,40.363,5.83,3.636,0,4.068,10.0,4.079,25.06,1.386,1.641,0,0,0,OFFBOARD
784,RETURN,81.58,40.148,0.434,1.611,-40.363,0.34,-0.702,-40.148,0.784,40.363,5.845,3.495,0,4.272,10.0,4.081,24.665,1.445,1.644,0,0,0,OFFBOARD
785,RETURN,81.68,39.946,0.535,1.613,-40.363,0.34,-0.702,-39.946,0.885,40.363,5.841,3.349,0,4.324,10.0,4.084,24.255,1.501,1.647,0,0,0,OFFBOARD
786,RETURN,81.79,39.742,0.64,1.616,-40.363,0.34,-0.702,-39.742,0.99,40.363,5.823,3.199,0,4.248,10.0,4.088,23.833,1.555,1.65,0,0,0,OFFBOARD
787,RETURN,81.89,39.542,0.746,1.619,-40.363,0.34,-0.702,-39.542,1.096,40.363,5.639,3.048,0,4.146,10.0,4.094,23.404,1.602,1.652,0,0,0,OFFBOARD
788,RETURN,81.99,39.342,0.852,1.622,-40.363,0.34,-0.702,-39.342,1.202,40.363,5.371,2.849,0,4.039,10.0,4.103,22.982,1.638,1.654,0,0,0,OFFBOARD
789,RETURN,82.09,39.138,0.96,1.625,-40.363,0.34,-0.702,-39.138,1.31,40.363,5.171,2.659,0,3.915,10.0,4.11,22.614,1.657,1.655,0,0,0,OFFBOARD
790,RETURN,82.19,38.932,1.067,1.628,-40.363,0.34,-0.702,-38.932,1.417,40.363,4.971,2.459,0,3.715,6.448,4.118,22.288,1.657,1.656,0,0,0,OFFBOARD
791,RETURN,82.29,38.724,1.172,1.631,-40.363,0.34,-0.702,-38.724,1.522,40.363,4.771,2.259,0,3.515,6.028,4.126,22.05,1.647,1.656,0,0,0,OFFBOARD
792,RETURN,82.4,38.524,1.269,1.634,-40.363,0.34,-0.702,-38.524,1.619,40.363,4.571,2.059,0,3.315,5.828,4.135,21.87,1.615,1.656,0,0,0,OFFBOARD
793,RETURN,82.5,38.322,1.36,1.636,-40.363,0.34,-0.702,-38.322,1.71,40.363,4.371,1.859,1,3.115,5.627,4.144,21.728,1.567,1.655,0,0,0,OFFBOARD
794,RETURN,82.6,38.118,1.445,1.639,-40.363,0.34,-0.702,-38.118,1.795,40.363,4.169,1.657,1,2.913,5.425,4.15,21.617,1.501,1.655,0,0,0,OFFBOARD
795,RETURN,82.7,37.916,1.521,1.641,-40.363,0.34,-0.702,-37.916,1.871,40.363,3.971,1.527,1,2.715,5.227,4.133,21.517,1.419,1.653,0,0,0,OFFBOARD
796,RETURN,82.8,37.712,1.588,1.643,-40.363,0.34,-0.702,-37.712,1.938,40.363,3.771,1.429,1,2.515,5.027,4.101,21.417,1.323,1.652,0,0,0,OFFBOARD
797,RETURN,82.9,37.51,1.642,1.645,-40.363,0.34,-0.702,-37.51,1.992,40.363,3.571,1.641,1,2.382,4.825,4.028,21.317,1.23,1.65,0,0,0,OFFBOARD
798,RETURN,83.01,37.308,1.684,1.646,-40.363,0.34,-0.702,-37.308,2.034,40.363,3.371,1.578,1,2.306,4.623,3.945,21.217,1.125,1.648,0,0,0,OFFBOARD
799,RETURN,83.11,37.106,1.712,1.647,-40.363,0.34,-0.702,-37.106,2.062,40.363,3.169,1.528,1,2.802,4.425,3.871,21.117,1.01,1.646,0,0,0,OFFBOARD
800,RETURN,83.21,36.904,1.725,1.648,-40.363,0.34,-0.702,-36.904,2.075,40.363,2.971,1.498,1,2.801,4.227,3.843,21.017,0.896,1.644,0,0,0,OFFBOARD
801,RETURN,83.31,36.7,1.723,1.648,-40.363,0.34,-0.702,-36.7,2.073,40.363,2.938,1.49,1,2.771,4.027,3.876,20.917,0.772,1.641,0,0,0,OFFBOARD
802,RETURN,83.41,36.498,1.704,1.648,-40.363,0.34,-0.702,-36.498,2.054,40.363,3.719,1.315,1,2.571,3.827,3.827,20.817,0.658,1.639,0,0,0,OFFBOARD
803,RETURN,83.51,36.294,1.67,1.648,-40.363,0.34,-0.702,-36.294,2.02,40.363,3.627,1.28,1,2.371,3.735,3.851,20.717,0.54,1.637,0,0,0,OFFBOARD
804,RETURN,83.61,36.092,1.621,1.648,-40.363,0.34,-0.702,-36.092,1.971,40.363,3.427,1.628,1,2.403,4.683,4.003,20.617,0.441,1.634,0,0,0,OFFBOARD
805,RETURN,83.71,35.89,1.557,1.647,-40.363,0.34,-0.702,-35.89,1.907,40.363,3.333,1.712,1,3.038,4.483,4.063,20.517,0.355,1.632,0,0,0,OFFBOARD
806,RETURN,83.82,35.688,1.48,1.646,-40.363,0.34,-0.702,-35.688,1.83,40.363,4.271,1.771,1,3.027,4.502,4.142,20.417,0.278,1.63,0,0,0,OFFBOARD
807,RETURN,83.92,35.486,1.391,1.645,-40.363,0.34,-0.702,-35.486,1.741,40.363,4.083,1.659,1,2.827,5.34,4.163,20.317,0.209,1.628,0,0,0,OFFBOARD
808,RETURN,84.02,35.284,1.291,1.644,-40.363,0.34,-0.702,-35.284,1.641,40.363,3.908,2.057,0,3.342,5.28,4.165,20.217,0.165,1.626,0,0,0,OFFBOARD
809,RETURN,84.12,35.08,1.182,1.643,-40.363,0.34,-0.702,-35.08,1.532,40.363,4.794,2.268,0,3.573,6.192,4.161,20.117,0.138,1.625,0,0,0,OFFBOARD
810,RETURN,84.22,34.876,1.067,1.641,-40.363,0.34,-0.702,-34.876,1.417,40.363,4.74,2.227,0,3.483,6.213,4.152,20.017,0.121,1.624,0,0,0,OFFBOARD
811,RETURN,84.32,34.672,0.948,1.64,-40.363,0.34,-0.702,-34.672,1.298,40.363,4.563,2.547,0,3.333,6.709,4.146,19.917,0.124,1.623,0,0,0,OFFBOARD
812,RETURN,84.43,34.472,0.83,1.638,-40.363,0.34,-0.702,-34.472,1.181,40.363,5.419,2.78,0,3.979,6.852,4.141,19.817,0.14,1.622,0,0,0,OFFBOARD
813,RETURN,84.53,34.268,0.712,1.637,-40.363,0.34,-0.702,-34.268,1.062,40.363,5.33,2.818,0,4.074,10.0,4.139,19.695,0.168,1.622,0,0,0,OFFBOARD
814,RETURN,84.63,34.058,0.594,1.635,-40.363,0.34,-0.702,-34.058,0.944,40.363,5.235,2.85,0,3.874,10.0,4.14,19.501,0.204,1.621,0,0,0,OFFBOARD
815,RETURN,84.73,33.854,0.486,1.633,-40.363,0.34,-0.702,-33.854,0.836,40.363,5.672,3.367,0,3.878,10.0,4.139,19.27,0.255,1.621,0,0,0,OFFBOARD
816,RETURN,84.83,33.652,0.388,1.632,-40.363,0.34,-0.702,-33.652,0.738,40.363,5.846,3.474,0,4.281,10.0,4.134,19.0,0.317,1.621,0,0,0,OFFBOARD
817,RETURN,84.94,33.448,0.3,1.631,-40.363,0.34,-0.702,-33.448,0.65,40.363,5.786,3.309,0,4.36,10.0,4.129,18.684,0.378,1.622,0,0,0,OFFBOARD
818,RETURN,85.04,33.246,0.225,1.629,-40.363,0.34,-0.702,-33.246,0.575,40.363,5.641,3.78,0,4.33,10.0,4.123,18.351,0.452,1.622,0,0,0,OFFBOARD
819,RETURN,85.14,33.044,0.164,1.628,-40.363,0.34,-0.702,-33.044,0.514,40.363,5.741,3.869,0,4.128,10.0,4.119,18.036,0.526,1.623,0,0,0,OFFBOARD
820,RETURN,85.24,32.842,0.117,1.627,-40.363,0.34,-0.702,-32.842,0.467,40.363,5.905,3.93,0,4.084,10.0,4.115,17.721,0.605,1.624,0,0,0,OFFBOARD
821,RETURN,85.34,32.64,0.084,1.627,-40.363,0.34,-0.702,-32.64,0.434,40.363,5.95,3.73,0,4.463,10.0,4.113,17.396,0.682,1.625,0,0,0,OFFBOARD
822,RETURN,85.44,32.436,0.067,1.626,-40.363,0.34,-0.702,-32.436,0.417,40.363,5.954,3.567,0,4.502,10.0,4.112,17.107,0.76,1.626,0,0,0,OFFBOARD
823,RETURN,85.54,32.234,0.065,1.626,-40.363,0.34,-0.702,-32.234,0.415,40.363,5.843,3.565,0,4.393,10.0,4.111,16.884,0.839,1.627,0,0,0,OFFBOARD
824,RETURN,85.64,32.032,0.077,1.625,-40.363,0.34,-0.702,-32.032,0.427,40.363,5.747,3.642,0,4.269,10.0,4.112,16.7,0.907,1.628,0,0,0,OFFBOARD
825,RETURN,85.75,31.83,0.103,1.625,-40.363,0.34,-0.702,-31.83,0.453,40.363,5.792,3.446,0,4.134,10.0,4.113,16.476,0.967,1.63,0,0,0,OFFBOARD
826,RETURN,85.85,31.628,0.142,1.625,-40.363,0.34,-0.702,-31.628,0.492,40.363,5.914,3.246,0,3.986,10.0,4.115,16.198,1.016,1.631,0,0,0,OFFBOARD
827,RETURN,85.95,31.424,0.193,1.625,-40.363,0.34,-0.702,-31.424,0.543,40.363,5.97,3.047,0,3.907,10.0,4.118,15.898,1.06,1.632,0,0,0,OFFBOARD
828,RETURN,86.05,31.222,0.254,1.626,-40.363,0.34,-0.702,-31.222,0.604,40.363,5.959,2.854,0,4.239,10.0,4.119,15.616,1.094,1.633,0,0,0,OFFBOARD
829,RETURN,86.15,31.018,0.323,1.626,-40.363,0.34,-0.702,-31.018,0.674,40.363,5.899,2.676,0,4.376,10.0,4.12,15.332,1.11,1.634,0,0,0,OFFBOARD
830,RETURN,86.25,30.816,0.399,1.627,-40.363,0.34,-0.702,-30.816,0.749,40.363,5.699,2.524,0,4.392,10.0,4.117,15.021,1.116,1.635,0,0,0,OFFBOARD
831,RETURN,86.35,30.612,0.48,1.627,-40.363,0.34,-0.702,-30.612,0.83,40.363,5.507,2.496,0,4.243,10.0,4.115,14.705,1.122,1.636,0,0,0,OFFBOARD
832,RETURN,86.46,30.408,0.564,1.628,-40.363,0.34,-0.702,-30.408,0.914,40.363,5.331,2.593,0,4.041,10.0,4.114,14.431,1.151,1.637,0,0,0,OFFBOARD
833,RETURN,86.56,30.204,0.648,1.629,-40.363,0.34,-0.702,-30.204,0.998,40.363,5.152,2.749,0,3.843,10.0,4.116,14.177,1.182,1.638,0,0,0,OFFBOARD
834,RETURN,86.66,30.0,0.731,1.629,-40.363,0.34,-0.702,-30.0,1.081,40.363,4.859,2.949,0,3.702,6.193,4.12,13.898,1.216,1.638,0,0,0,OFFBOARD
835,RETURN,86.76,29.802,0.808,1.63,-40.363,0.34,-0.702,-29.802,1.158,40.363,4.629,2.843,0,4.023,4.664,4.124,13.609,1.241,1.639,0,0,0,OFFBOARD
836,RETURN,86.86,29.598,0.883,1.631,-40.363,0.34,-0.702,-29.598,1.233,40.363,4.419,2.752,0,4.001,4.436,4.127,13.366,1.258,1.639,0,0,0,OFFBOARD
837,RETURN,86.97,29.39,0.955,1.632,-40.363,0.34,-0.702,-29.39,1.305,40.363,4.178,2.669,0,3.941,4.206,4.101,13.172,1.264,1.639,0,0,0,OFFBOARD
838,RETURN,87.07,29.186,1.02,1.633,-40.363,0.34,-0.702,-29.186,1.37,40.363,3.96,2.591,0,3.875,3.986,3.984,13.021,1.261,1.64,0,0,0,OFFBOARD
839,RETURN,87.17,28.982,1.08,1.633,-40.363,0.34,-0.702,-28.982,1.43,40.363,3.751,2.521,0,3.831,3.777,3.773,12.916,1.25,1.639,0,0,0,OFFBOARD
840,RETURN,87.27,28.78,1.135,1.634,-40.363,0.34,-0.702,-28.78,1.485,40.363,3.554,2.377,0,3.633,3.576,3.564,12.816,1.226,1.639,0,0,0,OFFBOARD
841,RETURN,87.37,28.578,1.184,1.635,-40.363,0.34,-0.702,-28.578,1.534,40.363,3.355,2.177,0,3.433,3.377,3.358,12.716,1.198,1.639,0,0,0,OFFBOARD
842,RETURN,87.47,28.376,1.228,1.635,-40.363,0.34,-0.702,-28.376,1.578,40.363,3.152,1.977,1,3.233,3.184,3.148,12.616,1.155,1.639,0,0,0,OFFBOARD
843,RETURN,87.57,28.172,1.266,1.636,-40.363,0.34,-0.702,-28.172,1.616,40.363,2.957,1.896,1,3.033,2.992,2.945,12.516,1.102,1.638,0,0,0,OFFBOARD
844,RETURN,87.68,27.97,1.297,1.636,-40.363,0.34,-0.702,-27.97,1.647,40.363,2.762,2.179,0,2.945,2.797,2.745,12.416,1.055,1.638,0,0,0,OFFBOARD
845,RETURN,87.78,27.768,1.321,1.637,-40.363,0.34,-0.702,-27.768,1.671,40.363,2.567,2.18,0,3.356,2.604,2.547,12.316,1.001,1.637,0,0,0,OFFBOARD
846,RETURN,87.88,27.564,1.337,1.637,-40.363,0.34,-0.702,-27.564,1.687,40.363,2.376,2.136,0,3.415,2.419,2.349,12.216,0.933,1.637,0,0,0,OFFBOARD
847,RETURN,87.98,27.362,1.345,1.637,-40.363,0.34,-0.702,-27.362,1.695,40.363,2.193,2.116,0,3.448,2.239,2.158,12.116,0.85,1.636,0,0,0,OFFBOARD
848,RETURN,88.08,27.16,1.343,1.637,-40.363,0.34,-0.702,-27.16,1.693,40.363,2.023,1.947,1,3.289,2.088,1.966,12.016,0.748,1.636,0,0,0,OFFBOARD
849,RETURN,88.18,26.956,1.333,1.637,-40.363,0.34,-0.702,-26.956,1.683,40.363,1.871,1.746,1,3.089,4.353,1.788,11.916,0.614,1.635,0,0,0,OFFBOARD
850,RETURN,88.28,26.754,1.313,1.637,-40.363,0.34,-0.702,-26.754,1.663,40.363,1.74,1.544,1,2.923,5.402,1.63,11.816,0.465,1.634,0,0,0,OFFBOARD
851,RETURN,88.39,26.552,1.283,1.637,-40.363,0.34,-0.702,-26.552,1.634,40.363,1.594,1.34,1,3.42,5.368,1.511,11.716,0.278,1.634,0,0,0,OFFBOARD
852,RETURN,88.49,26.35,1.244,1.637,-40.363,0.34,-0.702,-26.35,1.594,40.363,3.968,1.198,1,3.527,5.708,1.444,11.616,0.097,1.633,0,0,0,OFFBOARD
853,RETURN,88.59,26.148,1.194,1.637,-40.363,0.34,-0.702,-26.148,1.544,40.363,4.8,0.989,1,3.543,5.469,4.138,11.516,-0.105,1.633,0,0,0,OFFBOARD
854,RETURN,88.69,25.944,1.132,1.637,-40.363,0.34,-0.702,-25.944,1.482,40.363,4.6,0.861,1,3.343,5.289,4.142,11.416,-0.269,1.632,0,0,0,OFFBOARD
855,RETURN,88.79,25.742,1.058,1.636,-40.363,0.34,-0.702,-25.742,1.408,40.363,4.517,2.403,0,3.328,5.093,4.139,11.316,-0.28,1.632,0,0,0,OFFBOARD
856,RETURN,88.89,25.538,0.969,1.636,-40.363,0.34,-0.702,-25.538,1.319,40.363,4.749,2.565,0,3.919,4.881,4.137,11.215,-0.277,1.631,0,0,0,OFFBOARD
857,RETURN,88.99,25.34,0.869,1.636,-40.363,0.34,-0.702,-25.34,1.219,40.363,5.19,2.677,0,3.934,6.758,4.139,10.996,-0.261,1.631,0,0,0,OFFBOARD
858,RETURN,89.1,25.138,0.754,1.635,-40.363,0.34,-0.702,-25.138,1.104,40.363,5.083,2.572,0,3.734,6.558,4.142,10.701,-0.246,1.631,0,0,0,OFFBOARD
859,RETURN,89.2,24.926,0.624,1.635,-40.363,0.34,-0.702,-24.926,0.974,40.363,5.911,3.073,0,4.19,6.358,4.124,10.374,-0.212,1.63,0,0,0,OFFBOARD
860,RETURN,89.3,24.722,0.493,1.634,-40.363,0.34,-0.702,-24.722,0.843,40.363,5.744,3.28,0,4.313,6.156,4.131,10.032,-0.168,1.63,0,0,0,OFFBOARD
861,RETURN,89.4,24.52,0.363,1.634,-40.363,0.34,-0.702,-24.52,0.713,40.363,5.597,3.15,0,4.386,5.958,4.133,9.697,-0.123,1.63,0,0,0,OFFBOARD
862,RETURN,89.5,24.316,0.237,1.634,-40.363,0.34,-0.702,-24.316,0.587,40.363,5.742,3.415,0,4.19,5.758,4.139,9.322,-0.066,1.63,0,0,0,OFFBOARD
863,RETURN,89.6,24.114,0.121,1.633,-40.363,0.34,-0.702,-24.114,0.471,40.363,5.558,3.299,0,4.069,5.558,4.134,8.921,-0.001,1.63,0,0,0,OFFBOARD
864,RETURN,89.71,23.91,0.016,1.633,-40.363,0.34,-0.702,-23.91,0.366,40.363,5.358,3.324,0,4.461,5.358,4.128,8.503,0.069,1.63,0,0,0,OFFBOARD
865,RETURN,89.81,23.708,-0.072,1.632,-40.363,0.34,-0.702,-23.708,0.278,40.363,5.158,3.59,0,4.489,5.158,4.123,8.075,0.161,1.63,0,0,0,OFFBOARD
866,RETURN,89.91,23.504,-0.144,1.632,-40.363,0.34,-0.702,-23.504,0.206,40.363,4.958,3.39,0,4.492,4.958,4.12,7.678,0.26,1.63,0,0,0,OFFBOARD
867,RETURN,90.01,23.302,-0.198,1.632,-40.363,0.34,-0.702,-23.302,0.152,40.363,4.758,3.253,0,4.346,4.758,4.119,7.289,0.364,1.631,0,0,0,OFFBOARD
868,RETURN,90.11,23.1,-0.235,1.632,-40.363,0.34,-0.702,-23.1,0.115,40.363,4.558,3.506,0,4.146,4.558,4.119,6.954,0.462,1.631,0,0,0,OFFBOARD
869,RETURN,90.21,22.896,-0.255,1.631,-40.363,0.34,-0.702,-22.896,0.095,40.363,4.358,3.47,0,4.118,4.358,4.119,6.602,0.564,1.631,0,0,0,OFFBOARD
870,RETURN,90.31,22.694,-0.257,1.631,-40.363,0.34,-0.702,-22.694,0.093,40.363,4.158,3.481,0,4.45,4.158,4.12,6.226,0.673,1.632,0,0,0,OFFBOARD
871,RETURN,90.42,22.492,-0.243,1.631,-40.363,0.34,-0.702,-22.492,0.107,40.363,3.958,3.515,0,4.482,3.958,3.958,5.833,0.778,1.632,0,0,0,OFFBOARD
872,RETURN,90.52,22.288,-0.213,1.631,-40.363,0.34,-0.702,-22.288,0.137,40.363,3.758,3.346,0,4.392,3.758,3.758,5.476,0.89,1.632,0,0,0,OFFBOARD
873,RETURN,90.62,22.086,-0.168,1.631,-40.363,0.34,-0.702,-22.086,0.182,40.363,3.558,3.278,0,4.255,3.558,3.558,5.206,1.005,1.632,0,0,0,OFFBOARD
874,RETURN,90.72,21.882,-0.108,1.631,-40.363,0.34,-0.702,-21.882,0.242,40.363,3.358,3.358,0,4.136,3.358,3.358,4.994,1.114,1.632,0,0,0,OFFBOARD
875,RETURN,90.82,21.68,-0.036,1.631,-40.363,0.34,-0.702,-21.68,0.314,40.363,3.156,3.156,0,4.0,3.156,3.156,4.841,1.237,1.633,0,0,0,OFFBOARD
876,RETURN,90.92,21.478,0.049,1.631,-40.363,0.34,-0.702,-21.478,0.4,40.363,2.956,2.956,0,3.935,2.987,2.956,4.594,1.366,1.633,0,0,0,OFFBOARD
877,RETURN,91.03,21.276,0.146,1.631,-40.363,0.34,-0.702,-21.276,0.496,40.363,2.758,2.758,0,4.289,3.296,2.758,4.298,1.529,1.632,0,0,0,OFFBOARD
878,RETURN,91.13,21.072,0.253,1.631,-40.363,0.34,-0.702,-21.072,0.603,40.363,2.723,2.556,0,4.383,10.0,2.556,3.954,1.704,1.632,0,0,0,OFFBOARD
879,RETURN,91.23,20.87,0.368,1.631,-40.363,0.34,-0.702,-20.87,0.718,40.363,3.308,2.358,0,4.393,10.0,2.73,3.58,1.888,1.631,0,0,0,OFFBOARD
880,RETURN,91.33,20.67,0.49,1.632,-40.363,0.34,-0.702,-20.67,0.84,40.363,5.515,2.158,0,4.259,10.0,4.006,3.182,2.074,1.631,0,0,0,OFFBOARD
881,RETURN,91.43,20.464,0.624,1.632,-40.363,0.34,-0.702,-20.464,0.974,40.363,5.249,1.892,1,3.993,10.0,4.133,2.765,2.237,1.629,0,0,0,OFFBOARD
882,RETURN,91.53,20.262,0.762,1.632,-40.363,0.34,-0.702,-20.262,1.112,40.363,5.049,1.866,1,3.793,10.0,4.133,2.344,2.33,1.625,0,0,0,OFFBOARD
883,RETURN,91.63,20.064,0.905,1.631,-40.363,0.34,-0.702,-20.064,1.255,40.363,4.847,2.116,0,3.591,10.0,4.133,1.917,2.326,1.621,0,0,0,OFFBOARD
884,RETURN,91.73,19.854,1.063,1.631,-40.363,0.34,-0.702,-19.854,1.414,40.363,4.649,2.224,0,3.393,10.0,4.13,1.631,2.26,1.619,0,0,0,OFFBOARD
885,RETURN,91.84,19.652,1.222,1.631,-40.363,0.34,-0.702,-19.652,1.572,40.363,4.445,1.984,1,3.189,5.892,4.125,1.326,2.188,1.617,0,0,0,OFFBOARD
886,RETURN,91.94,19.448,1.386,1.63,-40.363,0.34,-0.702,-19.448,1.736,40.363,4.249,1.751,1,2.993,5.505,4.114,1.09,2.105,1.616,0,0,0,OFFBOARD
887,RETURN,92.04,19.246,1.547,1.629,-40.363,0.34,-0.702,-19.246,1.897,40.363,4.049,1.536,1,2.793,5.305,4.116,0.921,2.004,1.616,0,0,0,OFFBOARD
888,RETURN,92.14,19.044,1.702,1.628,-40.363,0.34,-0.702,-19.044,2.052,40.363,3.818,1.336,1,2.593,3.849,3.959,0.806,1.882,1.616,0,0,0,OFFBOARD
889,RETURN,92.24,18.84,1.848,1.627,-40.363,0.34,-0.702,-18.84,2.198,40.363,3.396,1.136,1,2.393,3.649,3.537,0.706,1.734,1.655,0,0,0,OFFBOARD
890,RETURN,92.34,18.636,1.977,1.626,-40.363,0.34,-0.702,-18.636,2.327,40.363,2.366,0.936,1,2.193,3.449,2.997,0.606,1.541,1.694,0,0,0,OFFBOARD
891,RETURN,92.44,18.434,2.083,1.627,-40.363,0.34,-0.702,-18.434,2.433,40.363,2.034,0.752,1,1.991,2.108,2.17,0.506,1.318,1.734,0,1,0,OFFBOARD
892,RETURN,92.55,18.232,2.163,1.631,-40.363,0.34,-0.702,-18.232,2.513,40.363,1.793,0.629,1,1.793,1.793,1.793,0.406,1.084,1.773,0,1,0,OFFBOARD
893,RETURN,92.65,18.03,2.216,1.636,-40.363,0.34,-0.702,-18.03,2.566,40.363,1.593,0.54,1,1.593,1.593,1.593,0.306,0.832,1.813,0,1,0,OFFBOARD
894,RETURN,92.75,17.828,2.239,1.645,-40.363,0.34,-0.702,-17.828,2.589,40.363,1.393,0.753,1,1.393,1.393,1.393,0.206,0.588,1.853,0,1,0,OFFBOARD
895,RETURN,92.85,17.624,2.23,1.657,-40.363,0.34,-0.702,-17.624,2.58,40.363,1.359,0.746,1,1.193,1.315,1.328,0.106,0.333,1.892,0,1,0,OFFBOARD
896,RETURN,92.95,17.422,2.191,1.671,-40.363,0.34,-0.702,-17.422,2.541,40.363,2.249,0.787,1,1.155,2.249,2.21,0.006,0.086,1.932,0,1,0,OFFBOARD
897,RETURN,93.05,17.22,2.122,1.688,-40.363,0.34,-0.702,-17.22,2.472,40.363,2.049,0.793,1,1.929,2.049,2.049,-0.094,-0.171,1.972,0,1,0,OFFBOARD
898,RETURN,93.15,17.018,2.025,1.708,-40.363,0.34,-0.702,-17.018,2.375,40.363,1.878,0.697,1,1.849,1.985,2.719,-0.194,-0.393,2.012,0,1,0,OFFBOARD
899,RETURN,93.26,16.814,1.903,1.731,-40.363,0.34,-0.702,-16.814,2.253,40.363,2.905,1.124,1,1.649,2.905,2.905,-0.294,-0.572,2.052,0,0,0,OFFBOARD
900,RETURN,93.36,16.612,1.764,1.755,-40.363,0.34,-0.702,-16.612,2.115,40.363,2.705,1.289,1,2.418,3.677,3.801,-0.394,-0.739,2.034,0,0,0,OFFBOARD
901,RETURN,93.46,16.406,1.609,1.782,-40.363,0.34,-0.702,-16.406,1.959,40.363,2.717,1.249,1,2.505,3.761,4.221,-0.494,-0.873,2.011,0,0,0,OFFBOARD
902,RETURN,93.56,16.204,1.448,1.807,-40.363,0.34,-0.702,-16.204,1.798,40.363,3.559,1.667,1,2.303,4.816,4.482,-0.594,-0.968,1.985,0,0,0,OFFBOARD
903,RETURN,93.66,16.0,1.278,1.831,-40.363,0.34,-0.702,-16.0,1.628,40.363,3.361,1.916,1,2.98,4.752,4.58,-0.694,-1.038,1.956,0,0,0,OFFBOARD
904,RETURN,93.76,15.804,1.112,1.851,-40.363,0.34,-0.702,-15.804,1.462,40.363,4.352,1.88,1,3.095,5.608,4.648,-0.794,-1.086,1.926,0,0,0,OFFBOARD
905,RETURN,93.87,15.596,0.932,1.869,-40.363,0.34,-0.702,-15.596,1.282,40.363,4.152,2.383,0,2.935,6.664,4.69,-0.894,-1.098,1.896,0,0,0,OFFBOARD
906,RETURN,93.97,15.392,0.753,1.883,-40.363,0.34,-0.702,-15.392,1.103,40.363,4.919,2.647,0,3.557,10.0,4.723,-0.994,-1.095,1.865,0,0,0,OFFBOARD
907,RETURN,94.07,15.19,0.572,1.893,-40.363,0.34,-0.702,-15.19,0.922,40.363,5.008,2.53,0,3.684,10.0,4.747,-1.094,-1.082,1.835,0,0,0,OFFBOARD
908,RETURN,94.17,14.988,0.388,1.898,-40.363,0.34,-0.702,-14.988,0.738,40.363,4.806,3.111,0,3.55,10.0,4.762,-1.194,-1.038,1.805,0,0,0,OFFBOARD
909,RETURN,94.27,14.784,0.199,1.9,-40.363,0.34,-0.702,-14.784,0.549,40.363,5.607,3.316,0,3.476,10.0,4.766,-1.294,-0.977,1.775,0,0,0,OFFBOARD
910,RETURN,94.37,14.582,0.011,1.898,-40.363,0.34,-0.702,-14.582,0.361,40.363,5.664,3.237,0,3.833,10.0,4.762,-1.45,-0.9,1.745,0,0,0,OFFBOARD
911,RETURN,94.47,14.39,-0.167,1.893,-40.363,0.34,-0.702,-14.39,0.183,40.363,5.464,3.06,0,3.88,10.0,4.756,-1.646,-0.797,1.715,0,0,0,OFFBOARD
912,RETURN,94.58,14.182,-0.355,1.884,-40.363,0.34,-0.702,-14.182,-0.005,40.363,5.262,2.812,0,3.839,10.0,4.742,-1.843,-0.673,1.685,0,0,0,OFFBOARD
913,RETURN,94.68,13.978,-0.528,1.873,-40.363,0.34,-0.702,-13.978,-0.178,40.363,5.064,2.594,0,3.808,10.0,4.705,-2.099,-0.53,1.655,0,0,0,OFFBOARD
914,RETURN,94.78,13.776,-0.683,1.859,-40.363,0.34,-0.702,-13.776,-0.333,40.363,4.864,2.41,0,3.608,10.0,4.586,-2.375,-0.371,1.625,0,0,0,OFFBOARD
915,RETURN,94.88,13.572,-0.817,1.843,-40.363,0.34,-0.702,-13.572,-0.467,40.363,4.664,2.263,0,3.408,10.0,3.846,-2.677,-0.2,1.595,0,0,0,OFFBOARD
916,RETURN,94.98,13.37,-0.924,1.824,-40.363,0.34,-0.702,-13.37,-0.573,40.363,4.464,2.153,0,3.299,6.977,3.455,-2.999,-0.02,1.566,0,0,0,OFFBOARD
917,RETURN,95.08,13.166,-1.001,1.804,-40.363,0.34,-0.702,-13.166,-0.651,40.363,4.264,2.423,0,3.765,6.777,3.193,-3.0,0.152,1.541,0,0,0,OFFBOARD
918,RETURN,95.18,12.964,-1.046,1.783,-40.363,0.34,-0.702,-12.964,-0.696,40.363,4.068,2.377,0,3.861,6.577,2.956,-3.0,0.331,1.518,0,0,0,OFFBOARD
919,RETURN,95.29,12.762,-1.059,1.76,-40.363,0.34,-0.702,-12.762,-0.709,40.363,4.803,2.374,0,3.862,6.375,2.762,-3.0,0.517,1.499,0,0,0,OFFBOARD
920,RETURN,95.39,12.558,-1.04,1.736,-40.363,0.34,-0.702,-12.558,-0.69,40.363,4.92,2.395,0,3.664,6.177,2.674,-3.0,0.71,1.484,0,0,0,OFFBOARD
921,RETURN,95.49,12.356,-0.991,1.713,-40.363,0.34,-0.702,-12.356,-0.641,40.363,4.72,2.208,0,3.464,6.936,4.213,-3.0,0.922,1.472,0,0,0,OFFBOARD
922,RETURN,95.59,12.154,-0.914,1.689,-40.363,0.34,-0.702,-12.154,-0.564,40.363,5.082,1.986,1,3.891,10.0,4.255,-3.0,1.122,1.463,0,0,0,OFFBOARD
923,RETURN,95.69,11.952,-0.814,1.666,-40.363,0.34,-0.702,-11.952,-0.464,40.363,5.571,1.808,1,4.09,10.0,4.207,-3.0,1.261,1.453,0,0,0,OFFBOARD
924,RETURN,95.79,11.748,-0.691,1.643,-40.363,0.34,-0.702,-11.748,-0.341,40.363,5.375,2.862,0,4.018,10.0,4.162,-3.0,1.339,1.444,0,0,0,OFFBOARD
925,RETURN,95.89,11.544,-0.552,1.621,-40.363,0.34,-0.702,-11.544,-0.201,40.363,5.355,2.776,0,3.918,10.0,4.119,-3.0,1.419,1.44,0,0,0,OFFBOARD
926,RETURN,96.0,11.342,-0.401,1.6,-40.363,0.34,-0.702,-11.342,-0.051,40.363,5.985,3.195,0,3.89,10.0,4.075,-3.0,1.479,1.442,0,0,0,OFFBOARD
927,RETURN,96.1,11.14,-0.24,1.581,-40.363,0.34,-0.702,-11.14,0.11,40.363,5.978,3.17,0,4.46,10.0,4.029,-3.0,1.528,1.447,0,0,0,OFFBOARD
928,RETURN,96.2,10.94,-0.075,1.563,-40.363,0.34,-0.702,-10.94,0.275,40.363,5.859,3.216,0,4.577,10.0,3.981,-3.0,1.578,1.456,0,0,0,OFFBOARD
929,RETURN,96.3,10.74,0.095,1.547,-40.363,0.34,-0.702,-10.74,0.445,40.363,5.774,3.242,0,4.309,10.0,3.927,-3.0,1.632,1.467,0,0,0,OFFBOARD
930,RETURN,96.4,10.532,0.276,1.533,-40.363,0.34,-0.702,-10.532,0.626,40.363,5.743,3.636,0,4.274,10.0,3.892,-3.0,1.694,1.482,0,0,0,OFFBOARD
931,RETURN,96.5,10.326,0.457,1.521,-40.363,0.34,-0.702,-10.326,0.807,40.363,5.722,3.492,0,4.504,10.0,3.797,-3.0,1.746,1.498,0,0,0,OFFBOARD
932,RETURN,96.61,10.124,0.635,1.512,-40.363,0.34,-0.702,-10.124,0.985,40.363,5.702,3.242,0,4.487,10.0,2.57,-3.0,1.79,1.515,0,0,0,OFFBOARD
933,RETURN,96.71,9.922,0.811,1.506,-40.363,0.34,-0.702,-9.922,1.161,40.363,5.658,3.078,0,4.419,10.0,2.4,-3.0,1.826,1.534,0,0,0,OFFBOARD
934,RETURN,96.81,9.718,0.984,1.501,-40.363,0.34,-0.702,-9.718,1.334,40.363,5.541,2.739,0,4.225,10.0,3.589,-3.0,1.846,1.554,0,0,0,OFFBOARD
935,RETURN,96.91,9.514,1.15,1.5,-40.363,0.34,-0.702,-9.514,1.5,40.363,5.427,2.495,0,4.005,6.877,3.818,-3.0,1.849,1.574,0,0,0,OFFBOARD
936,RETURN,97.01,9.312,1.305,1.5,-40.363,0.34,-0.702,-9.312,1.655,40.363,5.008,2.254,0,3.739,6.525,3.817,-3.0,1.835,1.594,0,0,0,OFFBOARD
937,RETURN,97.11,9.11,1.449,1.503,-40.363,0.34,-0.702,-9.11,1.799,40.363,4.079,2.028,0,3.533,5.221,3.821,-3.0,1.793,1.613,0,0,0,OFFBOARD
938,RETURN,97.21,8.906,1.581,1.508,-40.363,0.34,-0.702,-8.906,1.931,40.363,3.765,1.816,1,3.274,5.021,3.801,-3.0,1.726,1.632,0,0,0,OFFBOARD
939,RETURN,97.32,8.704,1.697,1.515,-40.363,0.34,-0.702,-8.704,2.048,40.363,3.563,1.636,1,3.008,4.819,3.7,-3.0,1.634,1.649,0,0,0,OFFBOARD
940,RETURN,97.42,8.502,1.798,1.523,-40.363,0.34,-0.702,-8.502,2.148,40.363,3.365,1.485,1,2.792,3.53,3.463,-3.0,1.519,1.689,0,0,0,OFFBOARD
941,RETURN,97.52,8.3,1.882,1.534,-40.363,0.34,-0.702,-8.3,2.232,40.363,3.165,1.358,1,2.62,3.165,3.165,-3.0,1.384,1.729,0,0,0,OFFBOARD
942,RETURN,97.62,8.096,1.949,1.546,-40.363,0.34,-0.702,-8.096,2.299,40.363,2.965,1.261,1,2.476,2.965,2.965,-3.0,1.232,1.769,0,0,0,OFFBOARD
943,RETURN,97.72,7.894,1.996,1.561,-40.363,0.34,-0.702,-7.894,2.346,40.363,2.765,1.19,1,2.381,2.765,2.765,-3.0,1.066,1.809,0,0,0,OFFBOARD
944,RETURN,97.82,7.692,2.022,1.578,-40.363,0.34,-0.702,-7.692,2.372,40.363,2.565,1.138,1,2.313,2.565,2.565,-3.0,0.884,1.849,0,0,0,OFFBOARD
945,RETURN,97.92,7.488,2.027,1.597,-40.363,0.34,-0.702,-7.488,2.377,40.363,2.365,1.106,1,2.289,2.365,2.365,-3.0,0.702,1.889,0,0,0,OFFBOARD
946,RETURN,98.02,7.286,2.01,1.619,-40.363,0.34,-0.702,-7.286,2.36,40.363,2.189,0.909,1,2.165,2.317,2.396,-3.0,0.501,1.929,0,0,0,OFFBOARD
947,RETURN,98.13,7.084,1.971,1.643,-40.363,0.34,-0.702,-7.084,2.321,40.363,2.996,0.853,1,1.963,3.219,3.01,-3.0,0.322,1.968,0,0,0,OFFBOARD
948,RETURN,98.23,6.88,1.908,1.669,-40.363,0.34,-0.702,-6.88,2.258,40.363,3.021,1.201,1,1.83,3.021,3.021,-3.0,0.163,2.008,0,0,0,OFFBOARD
949,RETURN,98.33,6.676,1.822,1.697,-40.363,0.34,-0.702,-6.676,2.172,40.363,2.821,1.289,1,2.553,2.894,3.034,-3.0,0.008,2.048,0,0,0,OFFBOARD
950,RETURN,98.43,6.474,1.716,1.726,-40.363,0.34,-0.702,-6.474,2.066,40.363,2.748,1.361,1,2.617,3.873,3.873,-3.0,-0.133,2.034,0,0,0,OFFBOARD
951,RETURN,98.53,6.278,1.595,1.755,-40.363,0.34,-0.702,-6.278,1.945,40.363,3.675,1.268,1,2.419,3.706,4.085,-3.0,-0.249,2.016,0,0,0,OFFBOARD
952,RETURN,98.63,6.072,1.451,1.785,-40.363,0.34,-0.702,-6.072,1.801,40.363,3.411,1.806,1,2.946,4.668,4.433,-3.0,-0.333,1.993,0,0,0,OFFBOARD
953,RETURN,98.74,5.866,1.294,1.812,-40.363,0.34,-0.702,-5.866,1.644,40.363,4.168,1.955,1,3.133,5.724,4.56,-3.0,-0.408,1.966,0,0,0,OFFBOARD
954,RETURN,98.84,5.66,1.127,1.837,-40.363,0.34,-0.702,-5.66,1.477,40.363,4.266,1.858,1,3.009,5.535,4.62,-3.0,-0.467,1.936,0,0,0,OFFBOARD
955,RETURN,98.94,5.458,0.956,1.858,-40.363,0.34,-0.702,-5.458,1.306,40.363,4.066,2.357,0,2.94,10.0,4.664,-3.0,-0.49,1.906,0,0,0,OFFBOARD
956,RETURN,99.04,5.254,0.779,1.874,-40.363,0.34,-0.702,-5.254,1.129,40.363,4.908,2.601,0,3.562,10.0,4.7,-3.0,-0.496,1.876,0,0,0,OFFBOARD
957,RETURN,99.14,5.052,0.602,1.886,-40.363,0.34,-0.702,-5.052,0.952,40.363,4.99,2.477,0,3.658,10.0,4.715,-3.0,-0.491,1.846,0,0,0,OFFBOARD
958,RETURN,99.24,4.846,0.423,1.895,-40.363,0.34,-0.702,-4.846,0.773,40.363,4.727,3.124,0,3.466,10.0,4.753,-3.0,-0.45,1.816,0,0,0,OFFBOARD
959,RETURN,99.35,4.644,0.252,1.898,-40.363,0.34,-0.702,-4.644,0.602,40.363,10.0,3.268,0,3.438,10.0,10.0,-3.0,-0.385,1.786,0,0,0,OFFBOARD
960,RETURN,99.45,4.442,0.089,1.898,-40.363,0.34,-0.702,-4.442,0.439,40.363,10.0,3.269,0,3.844,10.0,10.0,-3.0,-0.307,1.755,0,0,0,OFFBOARD
961,RETURN,99.55,4.238,-0.065,1.894,-40.363,0.34,-0.702,-4.238,0.285,40.363,10.0,3.085,0,3.888,10.0,10.0,-3.0,-0.209,1.723,0,0,0,OFFBOARD
962,RETURN,99.65,4.036,-0.202,1.887,-40.363,0.34,-0.702,-4.036,0.148,40.363,10.0,3.207,0,3.89,10.0,10.0,-3.0,-0.107,1.691,0,0,0,OFFBOARD
963,RETURN,99.75,3.832,-0.323,1.877,-40.363,0.34,-0.702,-3.832,0.027,40.363,10.0,3.088,0,3.724,10.0,10.0,-3.0,0.008,1.66,0,0,0,OFFBOARD
964,RETURN,99.85,3.63,-0.423,1.864,-40.363,0.34,-0.702,-3.63,-0.073,40.363,10.0,2.96,0,3.529,10.0,10.0,-3.0,0.133,1.629,0,0,0,OFFBOARD
965,RETURN,99.95,3.426,-0.501,1.848,-40.363,0.34,-0.702,-3.426,-0.151,40.363,10.0,2.868,0,10.0,10.0,10.0,-3.0,0.264,1.598,0,0,0,OFFBOARD
966,RETURN,100.06,3.224,-0.554,1.83,-40.363,0.34,-0.702,-3.224,-0.204,40.363,10.0,2.821,0,10.0,10.0,10.0,-3.0,0.394,1.568,0,0,0,OFFBOARD
967,RETURN,100.16,3.02,-0.584,1.81,-40.363,0.34,-0.702,-3.02,-0.233,40.363,10.0,2.827,0,10.0,10.0,10.0,-3.0,0.482,1.541,0,0,0,OFFBOARD
968,RETURN,100.26,2.818,-0.588,1.788,-40.363,0.34,-0.702,-2.818,-0.238,40.363,10.0,2.724,0,10.0,10.0,10.0,-3.0,0.581,1.518,0,0,0,OFFBOARD
969,RETURN,100.36,2.616,-0.569,1.765,-40.363,0.34,-0.702,-2.616,-0.219,40.363,10.0,2.604,0,10.0,10.0,10.0,-3.0,0.692,1.498,0,0,0,OFFBOARD
970,RETURN,100.46,2.412,-0.528,1.742,-40.363,0.34,-0.702,-2.412,-0.178,40.363,10.0,10.0,0,10.0,10.0,10.0,-3.0,0.765,1.482,0,0,0,OFFBOARD
971,RETURN,100.56,2.208,-0.466,1.717,-40.363,0.34,-0.702,-2.208,-0.116,40.363,10.0,10.0,0,10.0,10.0,10.0,-3.0,0.839,1.469,0,0,0,OFFBOARD
972,RETURN,100.67,2.01,-0.389,1.693,-40.363,0.34,-0.702,-2.01,-0.039,40.363,10.0,10.0,0,10.0,10.0,10.0,-3.0,0.915,1.46,0,0,0,OFFBOARD
