step,phase,t_s,x_m,y_m,z_m,vx_ms,vy_ms,vz_ms,fwd_progress_m,lat_offset_m,speed_ms,front_d_m,min_depth_m,prox_alarm,depth_top,depth_mid,depth_bot,tgt_x,tgt_y,tgt_z,collision,near_miss,armed,mode
0,OUTBOUND,0.0,0.0,0.1,1.576,1.581,-0.469,-0.609,0.0,-0.0,1.581,6.023,3.558,0,4.587,10.0,3.986,0.225,0.091,1.489,0,0,0,OFFBOARD
1,OUTBOUND,0.1,0.0,0.1,1.569,1.581,-0.469,-0.609,0.0,-0.0,1.581,5.991,3.583,0,4.659,10.0,3.927,0.376,0.073,1.484,0,0,0,OFFBOARD
2,OUTBOUND,0.2,0.001,0.1,1.562,1.581,-0.469,-0.609,0.001,-0.0,1.581,5.656,3.653,0,4.726,10.0,3.776,0.48,0.055,1.485,0,0,0,OFFBOARD
3,OUTBOUND,0.3,0.004,0.1,1.554,1.581,-0.469,-0.609,0.004,-0.0,1.581,5.213,4.082,0,4.722,10.0,3.572,0.58,0.041,1.49,0,0,0,OFFBOARD
4,OUTBOUND,0.41,0.012,0.099,1.547,1.581,-0.469,-0.609,0.012,-0.001,1.581,4.796,4.105,0,5.51,10.0,3.37,0.68,0.018,1.498,0,0,0,OFFBOARD
5,OUTBOUND,0.51,0.026,0.098,1.54,1.581,-0.469,-0.609,0.026,-0.002,1.581,4.476,4.082,0,5.792,10.0,3.207,0.78,-0.008,1.508,0,0,0,OFFBOARD
6,OUTBOUND,0.61,0.051,0.096,1.535,1.581,-0.469,-0.609,0.051,-0.004,1.581,4.269,4.012,0,5.754,6.823,3.098,0.885,-0.036,1.519,0,0,0,OFFBOARD
7,OUTBOUND,0.71,0.086,0.093,1.53,1.581,-0.469,-0.609,0.086,-0.007,1.581,4.171,3.951,0,5.819,6.596,3.046,0.988,-0.062,1.533,0,0,0,OFFBOARD
8,OUTBOUND,0.81,0.133,0.088,1.526,1.581,-0.469,-0.609,0.133,-0.012,1.581,4.164,3.911,0,5.82,6.597,3.042,1.104,-0.086,1.547,0,0,0,OFFBOARD
9,OUTBOUND,0.91,0.192,0.081,1.524,1.581,-0.469,-0.609,0.192,-0.019,1.581,4.229,3.88,0,5.712,6.778,3.077,1.225,-0.107,1.562,0,0,0,OFFBOARD
10,OUTBOUND,1.01,0.26,0.072,1.523,1.581,-0.469,-0.609,0.26,-0.028,1.581,4.344,3.834,0,5.583,10.0,3.138,1.345,-0.127,1.577,0,0,0,OFFBOARD
11,OUTBOUND,1.11,0.339,0.061,1.524,1.581,-0.469,-0.609,0.339,-0.039,1.581,4.483,3.773,0,5.521,10.0,3.21,1.475,-0.144,1.592,0,0,0,OFFBOARD
12,OUTBOUND,1.22,0.426,0.047,1.527,1.581,-0.469,-0.609,0.426,-0.053,1.581,4.579,3.732,0,5.479,10.0,3.259,1.609,-0.16,1.607,0,0,0,OFFBOARD
13,OUTBOUND,1.32,0.52,0.032,1.53,1.581,-0.469,-0.609,0.52,-0.068,1.581,4.748,3.644,0,5.382,6.886,3.343,1.755,-0.181,1.621,0,0,0,OFFBOARD
14,OUTBOUND,1.42,0.622,0.014,1.536,1.581,-0.469,-0.609,0.622,-0.086,1.581,4.84,3.576,0,5.296,10.0,3.389,1.885,-0.206,1.635,0,0,0,OFFBOARD
15,OUTBOUND,1.52,0.729,-0.005,1.542,1.581,-0.469,-0.609,0.729,-0.105,1.581,4.903,3.503,0,5.199,10.0,3.421,2.014,-0.233,1.648,0,0,0,OFFBOARD
16,OUTBOUND,1.62,0.843,-0.025,1.549,1.581,-0.469,-0.609,0.843,-0.125,1.581,4.953,3.431,0,5.096,10.0,3.448,2.145,-0.261,1.659,0,0,0,OFFBOARD
17,OUTBOUND,1.72,0.962,-0.047,1.558,1.581,-0.469,-0.609,0.962,-0.147,1.581,5.01,3.355,0,4.988,10.0,3.48,2.281,-0.289,1.669,0,0,0,OFFBOARD
18,OUTBOUND,1.82,1.087,-0.069,1.567,1.581,-0.469,-0.609,1.087,-0.169,1.581,5.088,3.277,0,4.876,10.0,3.522,2.406,-0.311,1.678,0,0,0,OFFBOARD
19,OUTBOUND,1.93,1.216,-0.091,1.576,1.581,-0.469,-0.609,1.216,-0.191,1.581,5.192,3.198,0,4.762,10.0,3.578,2.555,-0.334,1.686,0,0,0,OFFBOARD
20,OUTBOUND,2.03,1.35,-0.115,1.586,1.581,-0.469,-0.609,1.35,-0.215,1.581,5.233,3.173,0,4.724,10.0,3.6,2.714,-0.358,1.692,0,0,0,OFFBOARD
21,OUTBOUND,2.13,1.487,-0.139,1.596,1.581,-0.469,-0.609,1.487,-0.239,1.581,5.466,3.041,0,4.53,10.0,3.72,2.878,-0.379,1.697,0,0,0,OFFBOARD
22,OUTBOUND,2.23,1.627,-0.164,1.606,1.581,-0.469,-0.609,1.627,-0.263,1.581,5.594,2.962,0,4.445,10.0,3.786,3.026,-0.397,1.701,0,0,0,OFFBOARD
23,OUTBOUND,2.33,1.772,-0.189,1.616,1.581,-0.469,-0.609,1.772,-0.289,1.581,5.639,2.883,0,4.381,10.0,3.837,3.168,-0.412,1.703,0,0,0,OFFBOARD
24,OUTBOUND,2.43,1.915,-0.215,1.625,1.581,-0.469,-0.609,1.915,-0.315,1.581,5.698,2.782,0,4.374,10.0,3.89,3.314,-0.417,1.704,0,0,0,OFFBOARD
25,OUTBOUND,2.54,2.07,-0.242,1.635,1.581,-0.469,-0.609,2.07,-0.342,1.581,5.805,2.715,0,4.605,10.0,3.926,3.471,-0.412,1.703,0,0,0,OFFBOARD
26,OUTBOUND,2.64,2.225,-0.269,1.643,1.581,-0.469,-0.609,2.225,-0.369,1.581,5.897,2.655,0,4.57,10.0,3.974,3.602,-0.389,1.702,0,0,0,OFFBOARD
27,OUTBOUND,2.74,2.377,-0.295,1.651,1.581,-0.469,-0.609,2.377,-0.395,1.581,5.937,2.658,0,4.544,10.0,4.006,3.72,-0.357,1.699,0,0,0,OFFBOARD
28,OUTBOUND,2.84,2.532,-0.32,1.658,1.581,-0.469,-0.609,2.532,-0.42,1.581,6.009,3.504,0,4.46,10.0,4.081,3.827,-0.351,1.695,0,0,0,OFFBOARD
29,OUTBOUND,2.94,2.687,-0.344,1.664,1.581,-0.469,-0.609,2.687,-0.444,1.581,5.868,3.358,0,4.368,10.0,4.161,3.93,-0.327,1.69,0,0,0,OFFBOARD
30,OUTBOUND,3.04,2.843,-0.365,1.669,1.581,-0.469,-0.609,2.843,-0.465,1.581,5.731,3.214,0,4.242,10.0,4.261,4.03,-0.29,1.684,0,0,0,OFFBOARD
31,OUTBOUND,3.15,2.997,-0.382,1.673,1.581,-0.469,-0.609,2.997,-0.482,1.581,5.594,3.072,0,4.111,10.0,4.383,4.13,-0.245,1.678,0,0,0,OFFBOARD
32,OUTBOUND,3.25,3.149,-0.396,1.676,1.581,-0.469,-0.609,3.149,-0.496,1.581,5.458,2.95,0,3.982,10.0,4.516,4.23,-0.212,1.671,0,0,0,OFFBOARD
33,OUTBOUND,3.35,3.299,-0.405,1.679,1.581,-0.469,-0.609,3.299,-0.505,1.581,5.325,2.899,0,3.86,10.0,4.644,4.33,-0.172,1.664,0,0,0,OFFBOARD
34,OUTBOUND,3.45,3.444,-0.41,1.68,1.581,-0.469,-0.609,3.444,-0.509,1.581,5.192,2.862,0,3.746,10.0,4.754,4.493,-0.128,1.657,0,0,0,OFFBOARD
35,OUTBOUND,3.55,3.589,-0.409,1.68,1.581,-0.469,-0.609,3.589,-0.509,1.581,5.06,3.164,0,3.639,10.0,4.819,4.728,-0.084,1.649,0,0,0,OFFBOARD
36,OUTBOUND,3.66,3.726,-0.403,1.68,1.581,-0.469,-0.609,3.726,-0.502,1.581,4.922,3.181,0,3.547,10.0,4.791,5.026,-0.031,1.642,0,0,0,OFFBOARD
37,OUTBOUND,3.76,3.859,-0.391,1.678,1.581,-0.469,-0.609,3.859,-0.491,1.581,4.937,3.216,0,3.515,10.0,4.626,5.36,0.029,1.635,0,0,0,OFFBOARD
38,OUTBOUND,3.86,3.989,-0.374,1.676,1.581,-0.469,-0.609,3.989,-0.474,1.581,5.856,3.337,0,4.048,10.0,4.325,5.696,0.074,1.628,0,0,0,OFFBOARD
39,OUTBOUND,3.96,4.119,-0.352,1.673,1.581,-0.469,-0.609,4.119,-0.452,1.581,5.705,3.184,0,4.406,10.0,3.962,5.953,0.093,1.622,0,0,0,OFFBOARD
40,OUTBOUND,4.06,4.254,-0.325,1.67,1.581,-0.469,-0.609,4.254,-0.425,1.581,5.072,3.16,0,5.166,10.0,3.62,6.123,0.067,1.616,0,0,0,OFFBOARD
41,OUTBOUND,4.16,4.397,-0.293,1.666,1.581,-0.469,-0.609,4.397,-0.393,1.581,4.629,3.047,0,5.258,10.0,3.384,6.245,0.011,1.61,0,0,0,OFFBOARD
42,OUTBOUND,4.27,4.548,-0.257,1.662,1.581,-0.469,-0.609,4.548,-0.357,1.581,4.423,2.862,0,6.023,6.968,3.259,6.345,-0.064,1.603,0,0,0,OFFBOARD
43,OUTBOUND,4.37,4.715,-0.218,1.657,1.581,-0.469,-0.609,4.714,-0.318,1.581,4.519,2.695,0,5.92,10.0,3.294,6.482,-0.158,1.587,0,0,0,OFFBOARD
44,OUTBOUND,4.47,4.901,-0.176,1.652,1.581,-0.469,-0.609,4.901,-0.276,1.581,4.762,2.906,0,5.518,10.0,3.417,6.582,-0.252,1.573,0,0,0,OFFBOARD
45,OUTBOUND,4.57,5.087,-0.138,1.646,1.581,-0.469,-0.609,5.087,-0.238,1.581,5.111,3.295,0,4.715,10.0,3.616,6.682,-0.341,1.562,0,0,0,OFFBOARD
46,OUTBOUND,4.67,5.28,-0.104,1.639,1.581,-0.469,-0.609,5.28,-0.204,1.581,5.597,3.974,0,4.486,10.0,3.88,6.782,-0.397,1.554,0,0,0,OFFBOARD
47,OUTBOUND,4.78,5.473,-0.078,1.632,1.581,-0.469,-0.609,5.473,-0.178,1.581,5.743,3.884,0,4.353,10.0,4.186,6.882,-0.454,1.55,0,0,0,OFFBOARD
48,OUTBOUND,4.88,5.666,-0.06,1.625,1.581,-0.469,-0.609,5.666,-0.16,1.581,5.475,3.792,0,4.154,10.0,4.499,6.982,-0.515,1.547,0,0,0,OFFBOARD
49,OUTBOUND,4.98,5.854,-0.054,1.618,1.581,-0.469,-0.609,5.854,-0.154,1.581,5.325,3.681,0,3.98,10.0,4.78,7.082,-0.573,1.547,0,0,0,OFFBOARD
50,OUTBOUND,5.08,6.037,-0.059,1.611,1.581,-0.469,-0.609,6.037,-0.159,1.581,5.169,3.627,0,3.875,10.0,4.99,7.182,-0.623,1.549,0,0,0,OFFBOARD
51,OUTBOUND,5.18,6.213,-0.076,1.604,1.581,-0.469,-0.609,6.213,-0.175,1.581,5.011,3.624,0,3.754,10.0,5.106,7.282,-0.664,1.552,0,0,0,OFFBOARD
52,OUTBOUND,5.28,6.38,-0.102,1.597,1.581,-0.469,-0.609,6.38,-0.202,1.581,4.852,3.534,0,3.596,10.0,5.129,7.382,-0.69,1.557,0,0,0,OFFBOARD
53,OUTBOUND,5.38,6.537,-0.138,1.591,1.581,-0.469,-0.609,6.537,-0.238,1.581,4.807,3.382,0,3.508,10.0,5.081,7.499,-0.716,1.562,0,0,0,OFFBOARD
54,OUTBOUND,5.48,6.688,-0.181,1.586,1.581,-0.469,-0.609,6.688,-0.281,1.581,5.292,3.228,0,3.771,10.0,4.983,7.631,-0.741,1.568,0,0,0,OFFBOARD
55,OUTBOUND,5.59,6.83,-0.23,1.582,1.581,-0.469,-0.609,6.83,-0.33,1.581,5.449,3.168,0,3.902,10.0,4.86,7.753,-0.75,1.576,0,0,0,OFFBOARD
56,OUTBOUND,5.69,6.966,-0.283,1.578,1.581,-0.469,-0.609,6.966,-0.383,1.581,5.471,3.135,0,3.973,10.0,4.721,7.876,-0.754,1.583,0,0,0,OFFBOARD
57,OUTBOUND,5.79,7.094,-0.338,1.576,1.581,-0.469,-0.609,7.094,-0.438,1.581,5.333,3.395,0,4.063,10.0,4.584,7.995,-0.767,1.592,0,0,0,OFFBOARD
58,OUTBOUND,5.89,7.219,-0.394,1.575,1.581,-0.469,-0.609,7.219,-0.493,1.581,5.194,3.368,0,3.938,10.0,4.453,8.156,-0.788,1.6,0,0,0,OFFBOARD
59,OUTBOUND,5.99,7.339,-0.449,1.574,1.581,-0.469,-0.609,7.339,-0.549,1.581,5.201,3.333,0,3.82,10.0,4.351,8.294,-0.808,1.609,0,0,0,OFFBOARD
60,OUTBOUND,6.09,7.455,-0.502,1.575,1.581,-0.469,-0.609,7.455,-0.602,1.581,5.851,3.291,0,3.854,10.0,4.244,8.414,-0.826,1.617,0,0,0,OFFBOARD
61,OUTBOUND,6.2,7.57,-0.554,1.577,1.581,-0.469,-0.609,7.57,-0.654,1.581,5.959,3.243,0,4.23,10.0,4.151,8.537,-0.842,1.626,0,0,0,OFFBOARD
62,OUTBOUND,6.3,7.683,-0.603,1.579,1.581,-0.469,-0.609,7.683,-0.703,1.581,5.913,3.188,0,4.296,10.0,4.076,8.687,-0.854,1.634,0,0,0,OFFBOARD
63,OUTBOUND,6.4,7.795,-0.649,1.582,1.581,-0.469,-0.609,7.795,-0.749,1.581,5.805,3.136,0,4.317,10.0,4.023,8.892,-0.861,1.641,0,0,0,OFFBOARD
64,OUTBOUND,6.5,7.91,-0.693,1.586,1.581,-0.469,-0.609,7.91,-0.793,1.581,5.686,3.115,0,4.233,10.0,3.975,9.128,-0.863,1.648,0,0,0,OFFBOARD
65,OUTBOUND,6.6,8.022,-0.733,1.591,1.581,-0.469,-0.609,8.021,-0.833,1.581,5.516,3.012,0,4.193,10.0,3.871,9.376,-0.862,1.655,0,0,0,OFFBOARD
66,OUTBOUND,6.7,8.138,-0.77,1.596,1.581,-0.469,-0.609,8.138,-0.87,1.581,5.384,2.89,0,4.121,10.0,3.752,9.66,-0.86,1.66,0,0,0,OFFBOARD
67,OUTBOUND,6.81,8.258,-0.804,1.601,1.581,-0.469,-0.609,8.258,-0.904,1.581,5.145,2.765,0,4.114,10.0,3.6,9.968,-0.859,1.665,0,0,0,OFFBOARD
68,OUTBOUND,6.91,8.383,-0.834,1.607,1.581,-0.469,-0.609,8.383,-0.934,1.581,4.801,2.718,0,4.913,10.0,3.433,10.295,-0.861,1.669,0,0,0,OFFBOARD
69,OUTBOUND,7.01,8.514,-0.861,1.612,1.581,-0.469,-0.609,8.514,-0.961,1.581,4.515,2.731,0,4.885,10.0,3.289,10.601,-0.867,1.672,0,0,0,OFFBOARD
70,OUTBOUND,7.11,8.656,-0.883,1.618,1.581,-0.469,-0.609,8.656,-0.983,1.581,4.362,2.986,0,4.748,6.943,3.211,10.882,-0.887,1.673,0,0,0,OFFBOARD
71,OUTBOUND,7.21,8.811,-0.902,1.624,1.581,-0.469,-0.609,8.811,-1.002,1.581,4.362,2.953,0,4.614,6.921,3.214,11.201,-0.892,1.672,0,0,0,OFFBOARD
72,OUTBOUND,7.31,8.976,-0.916,1.629,1.581,-0.469,-0.609,8.976,-1.016,1.581,4.511,2.904,0,4.463,10.0,3.293,11.547,-0.874,1.668,0,0,0,OFFBOARD
73,OUTBOUND,7.41,9.151,-0.928,1.634,1.581,-0.469,-0.609,9.151,-1.028,1.581,4.783,2.815,0,4.315,10.0,3.434,11.863,-0.855,1.664,0,0,0,OFFBOARD
74,OUTBOUND,7.51,9.335,-0.936,1.639,1.581,-0.469,-0.609,9.335,-1.036,1.581,5.157,2.755,0,4.165,10.0,3.621,12.171,-0.83,1.661,0,0,0,OFFBOARD
75,OUTBOUND,7.62,9.524,-0.942,1.643,1.581,-0.469,-0.609,9.524,-1.042,1.581,5.282,2.729,0,4.018,10.0,3.811,12.5,-0.793,1.657,0,0,0,OFFBOARD
76,OUTBOUND,7.72,9.715,-0.945,1.646,1.581,-0.469,-0.609,9.715,-1.045,1.581,5.119,2.617,0,3.859,10.0,3.982,12.852,-0.748,1.654,0,0,0,OFFBOARD
77,OUTBOUND,7.82,9.91,-0.946,1.649,1.581,-0.469,-0.609,9.91,-1.046,1.581,4.945,2.436,0,3.688,10.0,4.103,13.218,-0.689,1.65,0,0,0,OFFBOARD
78,OUTBOUND,7.92,10.104,-0.943,1.651,1.581,-0.469,-0.609,10.104,-1.043,1.581,4.823,2.338,0,3.566,10.0,4.15,13.594,-0.616,1.645,0,0,0,OFFBOARD
79,OUTBOUND,8.02,10.297,-0.938,1.652,1.581,-0.469,-0.609,10.297,-1.038,1.581,4.672,2.614,0,3.406,10.0,4.17,13.958,-0.555,1.639,0,0,0,OFFBOARD
80,OUTBOUND,8.12,10.491,-0.928,1.653,1.581,-0.469,-0.609,10.491,-1.028,1.581,5.291,2.652,0,3.924,6.973,4.143,14.335,-0.495,1.633,0,0,0,OFFBOARD
81,OUTBOUND,8.22,10.685,-0.914,1.653,1.581,-0.469,-0.609,10.685,-1.014,1.581,5.431,2.68,0,3.977,6.782,4.104,14.734,-0.414,1.628,0,0,0,OFFBOARD
82,OUTBOUND,8.33,10.882,-0.894,1.652,1.581,-0.469,-0.609,10.882,-0.994,1.581,5.233,2.714,0,3.975,6.591,4.07,15.149,-0.318,1.623,0,0,0,OFFBOARD
83,OUTBOUND,8.43,11.079,-0.868,1.651,1.581,-0.469,-0.609,11.079,-0.968,1.581,5.039,2.533,0,3.78,6.398,4.05,15.576,-0.214,1.619,0,0,0,OFFBOARD
84,OUTBOUND,8.53,11.276,-0.836,1.649,1.581,-0.469,-0.609,11.276,-0.936,1.581,5.046,2.489,0,3.645,6.201,4.047,16.008,-0.108,1.615,0,0,0,OFFBOARD
85,OUTBOUND,8.63,11.475,-0.797,1.647,1.581,-0.469,-0.609,11.475,-0.897,1.581,5.757,2.831,0,4.083,6.006,4.059,16.444,-0.005,1.611,0,0,0,OFFBOARD
86,OUTBOUND,8.73,11.677,-0.751,1.644,1.581,-0.469,-0.609,11.677,-0.851,1.581,5.709,2.884,0,4.188,5.808,4.079,16.884,0.097,1.609,0,0,0,OFFBOARD
87,OUTBOUND,8.83,11.877,-0.698,1.641,1.581,-0.469,-0.609,11.877,-0.798,1.581,5.516,2.977,0,4.227,5.608,4.103,17.327,0.194,1.607,0,0,0,OFFBOARD
88,OUTBOUND,8.93,12.08,-0.637,1.638,1.581,-0.469,-0.609,12.08,-0.737,1.581,5.322,2.811,0,4.065,5.408,4.124,17.773,0.275,1.605,0,0,0,OFFBOARD
89,OUTBOUND,9.04,12.277,-0.571,1.635,1.581,-0.469,-0.609,12.277,-0.671,1.581,5.142,3.125,0,3.864,5.142,4.139,18.22,0.344,1.604,0,0,0,OFFBOARD
90,OUTBOUND,9.14,12.485,-0.494,1.632,1.581,-0.469,-0.609,12.485,-0.594,1.581,4.942,3.245,0,4.266,4.943,4.14,18.667,0.425,1.604,0,0,0,OFFBOARD
91,OUTBOUND,9.24,12.688,-0.412,1.629,1.581,-0.469,-0.609,12.688,-0.512,1.581,4.743,3.346,0,4.367,4.744,4.132,19.116,0.502,1.604,0,0,0,OFFBOARD
92,OUTBOUND,9.34,12.891,-0.324,1.626,1.581,-0.469,-0.609,12.891,-0.424,1.581,4.545,3.208,0,4.281,4.545,4.119,19.564,0.585,1.605,0,0,0,OFFBOARD
93,OUTBOUND,9.44,13.094,-0.233,1.624,1.581,-0.469,-0.609,13.094,-0.332,1.581,4.346,3.58,0,4.172,4.346,4.104,20.013,0.661,1.606,0,0,0,OFFBOARD
94,OUTBOUND,9.54,13.295,-0.138,1.621,1.581,-0.469,-0.609,13.295,-0.238,1.581,4.147,3.743,0,4.064,4.147,4.091,20.463,0.74,1.608,0,0,0,OFFBOARD
95,OUTBOUND,9.64,13.496,-0.042,1.619,1.581,-0.469,-0.609,13.496,-0.142,1.581,4.081,3.779,0,3.998,4.081,4.082,20.912,0.821,1.61,0,0,0,OFFBOARD
96,OUTBOUND,9.75,13.698,0.055,1.617,1.581,-0.469,-0.609,13.698,-0.045,1.581,3.749,3.665,0,4.401,3.749,3.749,21.361,0.906,1.613,0,0,0,OFFBOARD
97,OUTBOUND,9.85,13.899,0.153,1.616,1.581,-0.469,-0.609,13.899,0.053,1.581,3.549,3.475,0,4.47,3.549,3.55,21.81,0.982,1.615,0,0,0,OFFBOARD
98,OUTBOUND,9.95,14.101,0.25,1.615,1.581,-0.469,-0.609,14.101,0.15,1.581,3.35,3.344,0,4.49,3.459,3.35,22.258,1.062,1.618,0,0,0,OFFBOARD
99,OUTBOUND,10.05,14.303,0.347,1.614,1.581,-0.469,-0.609,14.303,0.247,1.581,3.586,3.149,0,4.323,3.929,3.15,22.707,1.161,1.621,0,0,0,OFFBOARD
100,OUTBOUND,10.15,14.505,0.443,1.614,1.581,-0.469,-0.609,14.505,0.343,1.581,5.74,2.949,0,4.124,10.0,3.508,23.155,1.254,1.624,0,0,0,OFFBOARD
101,OUTBOUND,10.25,14.707,0.539,1.614,1.581,-0.469,-0.609,14.707,0.439,1.581,5.816,2.749,0,3.934,10.0,4.015,23.451,1.325,1.627,0,0,0,OFFBOARD
102,OUTBOUND,10.35,14.909,0.633,1.614,1.581,-0.469,-0.609,14.909,0.533,1.581,5.781,2.549,0,3.842,10.0,4.082,23.645,1.392,1.629,0,0,0,OFFBOARD
103,OUTBOUND,10.45,15.113,0.728,1.615,1.581,-0.469,-0.609,15.113,0.628,1.581,5.733,2.349,0,3.741,10.0,4.085,23.773,1.464,1.632,0,0,0,OFFBOARD
104,OUTBOUND,10.56,15.317,0.822,1.616,1.581,-0.469,-0.609,15.317,0.722,1.581,5.681,2.147,0,4.064,10.0,4.086,23.873,1.523,1.635,0,0,0,OFFBOARD
105,OUTBOUND,10.66,15.519,0.914,1.617,1.581,-0.469,-0.609,15.519,0.815,1.581,5.515,2.132,0,3.98,10.0,4.088,23.973,1.536,1.637,0,0,0,OFFBOARD
106,OUTBOUND,10.76,15.723,1.006,1.618,1.581,-0.469,-0.609,15.723,0.906,1.581,5.304,2.295,0,3.861,10.0,4.091,24.073,1.472,1.637,0,0,0,OFFBOARD
107,OUTBOUND,10.86,15.925,1.095,1.62,1.581,-0.469,-0.609,15.925,0.995,1.581,5.106,2.32,0,3.738,6.449,4.094,24.173,1.403,1.637,0,0,0,OFFBOARD
108,OUTBOUND,10.96,16.129,1.182,1.621,1.581,-0.469,-0.609,16.128,1.082,1.581,4.935,2.183,0,3.642,6.192,4.063,24.335,1.292,1.625,0,0,0,OFFBOARD
109,OUTBOUND,11.06,16.33,1.264,1.623,1.581,-0.469,-0.609,16.33,1.164,1.581,4.737,2.05,0,3.564,5.994,3.985,24.588,1.184,1.612,0,0,0,OFFBOARD
110,OUTBOUND,11.16,16.534,1.339,1.624,1.581,-0.469,-0.609,16.534,1.239,1.581,4.393,1.899,1,3.381,5.794,2.014,24.903,1.076,1.603,0,0,0,OFFBOARD
111,OUTBOUND,11.27,16.738,1.404,1.624,1.581,-0.469,-0.609,16.738,1.304,1.581,1.863,1.755,1,3.181,5.594,1.813,25.193,0.891,1.59,0,0,0,OFFBOARD
112,OUTBOUND,11.37,16.934,1.454,1.623,1.581,-0.469,-0.609,16.934,1.354,1.581,1.617,1.564,1,2.915,5.328,1.597,25.523,0.681,1.569,0,0,0,OFFBOARD
113,OUTBOUND,11.47,17.146,1.492,1.621,1.581,-0.469,-0.609,17.146,1.392,1.581,1.462,1.42,1,2.785,5.128,1.447,25.891,0.442,1.544,0,0,0,OFFBOARD
114,OUTBOUND,11.57,17.35,1.509,1.618,1.581,-0.469,-0.609,17.35,1.409,1.581,1.322,1.276,1,3.26,4.928,1.304,26.287,0.195,1.515,0,0,0,OFFBOARD
115,OUTBOUND,11.67,17.552,1.506,1.613,1.581,-0.469,-0.609,17.552,1.406,1.581,1.22,1.134,1,3.359,4.724,1.166,26.7,-0.109,1.484,0,0,0,OFFBOARD
116,OUTBOUND,11.78,17.754,1.48,1.607,1.581,-0.469,-0.609,17.754,1.38,1.581,4.528,1.004,1,3.272,4.611,1.051,27.126,-0.414,1.452,0,0,0,OFFBOARD
117,OUTBOUND,11.88,17.958,1.428,1.598,1.581,-0.469,-0.609,17.958,1.329,1.581,4.394,0.923,1,3.138,5.511,3.913,27.521,-0.748,1.427,0,0,0,OFFBOARD
118,OUTBOUND,11.98,18.162,1.351,1.587,1.581,-0.469,-0.609,18.162,1.251,1.581,4.22,1.809,1,3.701,5.382,3.992,27.858,-0.929,1.411,0,0,0,OFFBOARD
119,OUTBOUND,12.08,18.352,1.257,1.575,1.581,-0.469,-0.609,18.352,1.157,1.581,5.137,2.266,0,3.886,6.335,3.974,28.22,-1.085,1.396,0,0,0,OFFBOARD
120,OUTBOUND,12.18,18.564,1.127,1.561,1.581,-0.469,-0.609,18.564,1.027,1.581,4.984,2.441,0,3.728,6.24,3.95,28.612,-1.195,1.39,0,0,0,OFFBOARD
121,OUTBOUND,12.28,18.768,0.983,1.546,1.581,-0.469,-0.609,18.768,0.883,1.581,4.91,2.317,0,3.631,6.04,3.926,29.025,-1.266,1.392,0,0,0,OFFBOARD
122,OUTBOUND,12.39,18.972,0.824,1.531,1.581,-0.469,-0.609,18.972,0.724,1.581,5.716,2.846,0,4.26,5.913,3.899,29.45,-1.289,1.399,0,0,0,OFFBOARD
123,OUTBOUND,12.49,19.176,0.655,1.516,1.581,-0.469,-0.609,19.176,0.555,1.581,5.587,3.087,0,4.382,5.712,3.864,29.884,-1.284,1.411,0,0,0,OFFBOARD
124,OUTBOUND,12.59,19.378,0.481,1.502,1.581,-0.469,-0.609,19.378,0.382,1.581,5.406,3.04,0,4.184,5.501,3.827,30.323,-1.268,1.426,0,0,0,OFFBOARD
125,OUTBOUND,12.69,19.583,0.302,1.49,1.581,-0.469,-0.609,19.582,0.202,1.581,5.218,3.596,0,4.69,5.29,3.795,30.67,-1.239,1.445,0,0,0,OFFBOARD
126,OUTBOUND,12.79,19.785,0.123,1.48,1.581,-0.469,-0.609,19.784,0.023,1.581,5.202,3.784,0,4.799,5.102,3.769,30.96,-1.212,1.466,0,0,0,OFFBOARD
127,OUTBOUND,12.89,19.987,-0.058,1.472,1.581,-0.469,-0.609,19.986,-0.158,1.581,5.738,3.802,0,4.84,10.0,3.742,31.186,-1.188,1.489,0,0,0,OFFBOARD
128,OUTBOUND,12.99,20.191,-0.239,1.466,1.581,-0.469,-0.609,20.191,-0.339,1.581,5.671,3.553,0,4.64,10.0,3.734,31.362,-1.175,1.512,0,0,0,OFFBOARD
129,OUTBOUND,13.1,20.393,-0.416,1.463,1.581,-0.469,-0.609,20.393,-0.516,1.581,5.584,3.305,0,4.44,10.0,3.729,31.564,-1.177,1.535,0,0,0,OFFBOARD
130,OUTBOUND,13.2,20.597,-0.587,1.463,1.581,-0.469,-0.609,20.597,-0.687,1.581,5.503,3.065,0,4.287,10.0,3.73,31.75,-1.186,1.559,0,0,0,OFFBOARD
131,OUTBOUND,13.3,20.799,-0.747,1.465,1.581,-0.469,-0.609,20.799,-0.847,1.581,5.443,2.84,0,4.155,10.0,3.73,31.893,-1.201,1.582,0,0,0,OFFBOARD
132,OUTBOUND,13.4,21.003,-0.894,1.47,1.581,-0.469,-0.609,21.003,-0.994,1.581,5.408,2.632,0,4.015,10.0,3.733,31.997,-1.218,1.605,0,0,0,OFFBOARD
133,OUTBOUND,13.5,21.205,-1.024,1.477,1.581,-0.469,-0.609,21.205,-1.124,1.581,5.402,2.444,0,3.855,10.0,3.744,32.097,-1.232,1.628,0,0,0,OFFBOARD
134,OUTBOUND,13.6,21.411,-1.139,1.486,1.581,-0.469,-0.609,21.411,-1.239,1.581,5.42,2.273,0,4.046,10.0,3.762,32.197,-1.228,1.649,0,0,0,OFFBOARD
135,OUTBOUND,13.71,21.611,-1.233,1.496,1.581,-0.469,-0.609,21.611,-1.333,1.581,4.652,2.073,0,3.837,6.535,3.796,32.297,-1.215,1.669,0,0,0,OFFBOARD
136,OUTBOUND,13.81,21.819,-1.314,1.509,1.581,-0.469,-0.609,21.819,-1.414,1.581,4.407,1.944,1,3.708,5.583,3.828,32.397,-1.151,1.687,0,0,0,OFFBOARD
137,OUTBOUND,13.91,22.021,-1.377,1.523,1.581,-0.469,-0.609,22.021,-1.477,1.581,4.194,2.157,0,3.632,5.299,3.862,32.497,-1.113,1.691,0,0,0,OFFBOARD
138,OUTBOUND,14.01,22.225,-1.426,1.538,1.581,-0.469,-0.609,22.225,-1.526,1.581,4.008,2.075,0,3.528,5.081,3.899,32.631,-1.0,1.697,0,0,0,OFFBOARD
139,OUTBOUND,14.11,22.427,-1.462,1.553,1.581,-0.469,-0.609,22.427,-1.562,1.581,4.425,1.993,1,3.411,4.886,3.935,32.81,-0.852,1.702,0,0,0,OFFBOARD
140,OUTBOUND,14.21,22.631,-1.486,1.568,1.581,-0.469,-0.609,22.631,-1.586,1.581,4.386,1.927,1,3.337,4.752,3.96,32.926,-0.71,1.696,0,0,0,OFFBOARD
141,OUTBOUND,14.31,22.833,-1.496,1.582,1.581,-0.469,-0.609,22.833,-1.596,1.581,4.355,1.905,1,3.228,4.669,3.972,33.026,-0.579,1.68,0,0,0,OFFBOARD
142,OUTBOUND,14.42,23.035,-1.494,1.595,1.581,-0.469,-0.609,23.035,-1.594,1.581,4.285,1.772,1,3.028,5.359,4.003,33.126,-0.432,1.657,0,0,0,OFFBOARD
143,OUTBOUND,14.52,23.237,-1.476,1.607,1.581,-0.469,-0.609,23.237,-1.576,1.581,4.083,1.611,1,2.826,5.339,4.05,33.226,-0.261,1.629,0,0,0,OFFBOARD
144,OUTBOUND,14.62,23.439,-1.443,1.616,1.581,-0.469,-0.609,23.439,-1.543,1.581,3.885,1.884,1,2.851,5.141,4.05,33.326,-0.086,1.597,0,0,0,OFFBOARD
145,OUTBOUND,14.72,23.641,-1.392,1.623,1.581,-0.469,-0.609,23.641,-1.492,1.581,3.915,1.97,1,3.429,4.95,4.085,33.426,0.079,1.563,0,0,0,OFFBOARD
146,OUTBOUND,14.82,23.847,-1.323,1.626,1.581,-0.469,-0.609,23.847,-1.423,1.581,4.722,2.074,0,3.481,5.993,4.1,33.526,0.206,1.527,0,0,0,OFFBOARD
147,OUTBOUND,14.92,24.049,-1.237,1.627,1.581,-0.469,-0.609,24.049,-1.337,1.581,4.541,2.028,0,3.285,5.797,4.106,33.683,0.346,1.5,0,0,0,OFFBOARD
148,OUTBOUND,15.03,24.251,-1.135,1.623,1.581,-0.469,-0.609,24.251,-1.235,1.581,4.436,0.684,1,3.283,6.673,4.103,33.939,0.349,1.481,0,1,0,OFFBOARD
149,OUTBOUND,15.13,24.455,-1.015,1.617,1.581,-0.469,-0.609,24.455,-1.115,1.581,5.393,0.411,1,3.895,6.649,4.095,34.119,0.146,1.458,0,1,0,OFFBOARD
150,OUTBOUND,15.23,24.554,-0.947,1.615,1.581,-0.469,-0.609,24.554,-1.047,1.581,0.257,0.248,1,0.255,0.26,0.278,34.237,-0.204,1.43,1,0,0,OFFBOARD
151,OUTBOUND,15.33,24.547,-0.938,1.605,1.581,-0.469,-0.609,24.547,-1.038,1.581,0.259,0.259,1,0.259,0.26,0.276,34.471,-0.261,1.414,1,0,0,OFFBOARD
152,OUTBOUND,15.43,24.542,-0.922,1.592,1.581,-0.469,-0.609,24.542,-1.022,1.581,0.256,0.256,1,0.255,0.268,0.24,34.623,0.064,1.393,1,0,0,OFFBOARD
153,OUTBOUND,15.53,24.549,-0.898,1.577,1.581,-0.469,-0.609,24.549,-0.998,1.581,0.223,0.22,1,0.296,0.275,0.194,34.723,0.414,1.381,1,0,0,OFFBOARD
154,OUTBOUND,15.63,24.57,-0.87,1.567,1.581,-0.469,-0.609,24.569,-0.97,1.581,0.456,0.199,1,6.414,3.879,0.286,34.823,0.764,1.371,1,0,0,OFFBOARD
155,OUTBOUND,15.74,24.607,-0.836,1.561,1.581,-0.469,-0.609,24.606,-0.935,1.581,2.767,0.355,1,6.037,3.693,2.238,34.994,1.019,1.365,0,1,0,OFFBOARD
156,OUTBOUND,15.84,24.683,-0.776,1.551,1.581,-0.469,-0.609,24.683,-0.876,1.581,2.78,0.547,1,5.245,3.716,2.314,35.105,1.071,1.365,0,1,0,OFFBOARD
157,OUTBOUND,15.94,24.793,-0.693,1.539,1.581,-0.469,-0.609,24.793,-0.793,1.581,2.905,2.449,0,5.018,3.969,2.392,35.205,1.003,1.371,0,0,0,OFFBOARD
158,OUTBOUND,16.04,24.934,-0.59,1.526,1.581,-0.469,-0.609,24.934,-0.69,1.581,3.144,2.571,0,4.845,4.459,2.536,35.403,0.978,1.38,0,0,0,OFFBOARD
159,OUTBOUND,16.14,25.104,-0.467,1.512,1.581,-0.469,-0.609,25.104,-0.567,1.581,3.51,2.694,0,4.692,5.086,2.742,35.681,0.969,1.393,0,0,0,OFFBOARD
160,OUTBOUND,16.25,25.291,-0.334,1.498,1.581,-0.469,-0.609,25.291,-0.434,1.581,3.983,2.98,0,4.563,5.844,2.984,35.945,0.963,1.407,0,0,0,OFFBOARD
161,OUTBOUND,16.35,25.493,-0.193,1.486,1.581,-0.469,-0.609,25.493,-0.293,1.581,4.535,3.17,0,4.421,6.16,3.23,36.137,0.962,1.424,0,0,0,OFFBOARD
162,OUTBOUND,16.45,25.7,-0.051,1.475,1.581,-0.469,-0.609,25.7,-0.151,1.581,5.073,3.166,0,4.279,6.948,3.455,36.289,0.971,1.445,0,0,0,OFFBOARD
163,OUTBOUND,16.55,25.91,0.09,1.466,1.581,-0.469,-0.609,25.91,-0.01,1.581,5.342,3.636,0,4.68,10.0,3.62,36.444,0.971,1.468,0,0,0,OFFBOARD
164,OUTBOUND,16.65,26.123,0.233,1.459,1.581,-0.469,-0.609,26.123,0.133,1.581,5.686,3.891,0,4.797,10.0,3.715,36.593,0.951,1.492,0,0,0,OFFBOARD
165,OUTBOUND,16.75,26.334,0.375,1.455,1.581,-0.469,-0.609,26.334,0.275,1.581,5.734,3.835,0,4.715,10.0,3.751,36.755,0.921,1.517,0,0,0,OFFBOARD
166,OUTBOUND,16.85,26.545,0.519,1.453,1.581,-0.469,-0.609,26.545,0.419,1.581,5.698,3.425,0,4.532,10.0,3.749,36.979,0.862,1.543,0,0,0,OFFBOARD
167,OUTBOUND,16.95,26.753,0.665,1.455,1.581,-0.469,-0.609,26.753,0.565,1.581,5.581,3.079,0,4.336,10.0,3.739,37.256,0.8,1.57,0,0,0,OFFBOARD
168,OUTBOUND,17.06,26.966,0.814,1.458,1.581,-0.469,-0.609,26.966,0.714,1.581,5.394,2.873,0,4.139,10.0,3.747,37.579,0.731,1.595,0,0,0,OFFBOARD
169,OUTBOUND,17.16,27.175,0.956,1.465,1.581,-0.469,-0.609,27.175,0.856,1.581,5.203,2.695,0,3.945,10.0,3.783,37.943,0.66,1.62,0,0,0,OFFBOARD
170,OUTBOUND,17.26,27.386,1.085,1.473,1.581,-0.469,-0.609,27.386,0.985,1.581,5.009,2.506,0,3.749,6.276,3.821,38.336,0.588,1.644,0,0,0,OFFBOARD
171,OUTBOUND,17.36,27.595,1.189,1.484,1.581,-0.469,-0.609,27.595,1.089,1.581,4.809,2.311,0,3.552,5.736,3.874,38.749,0.524,1.666,0,0,0,OFFBOARD
172,OUTBOUND,17.46,27.804,1.262,1.497,1.581,-0.469,-0.609,27.804,1.162,1.581,4.607,2.112,0,3.353,4.643,3.839,39.175,0.473,1.686,0,0,0,OFFBOARD
173,OUTBOUND,17.56,28.015,1.298,1.511,1.581,-0.469,-0.609,28.015,1.199,1.581,4.405,1.91,1,3.251,4.425,3.771,39.609,0.418,1.702,0,0,0,OFFBOARD
174,OUTBOUND,17.66,28.224,1.295,1.526,1.581,-0.469,-0.609,28.224,1.195,1.581,4.197,1.81,1,3.62,4.281,3.776,40.04,0.311,1.713,0,0,0,OFFBOARD
175,OUTBOUND,17.77,28.434,1.254,1.542,1.581,-0.469,-0.609,28.434,1.154,1.581,3.99,2.099,0,3.689,4.983,3.856,40.446,0.185,1.719,0,0,0,OFFBOARD
176,OUTBOUND,17.87,28.644,1.181,1.559,1.581,-0.469,-0.609,28.644,1.081,1.581,4.534,2.168,0,3.713,5.056,3.905,40.868,0.096,1.722,0,0,0,OFFBOARD
177,OUTBOUND,17.97,28.857,1.081,1.575,1.581,-0.469,-0.609,28.857,0.981,1.581,4.802,2.294,0,3.547,4.977,4.006,41.299,0.026,1.721,0,0,0,OFFBOARD
178,OUTBOUND,18.07,29.067,0.962,1.591,1.581,-0.469,-0.609,29.067,0.862,1.581,4.538,2.192,0,3.365,5.826,4.03,41.738,-0.024,1.719,0,0,0,OFFBOARD
179,OUTBOUND,18.17,29.288,0.823,1.607,1.581,-0.469,-0.609,29.288,0.723,1.581,5.188,2.663,0,3.988,6.855,4.063,42.18,-0.035,1.718,0,0,0,OFFBOARD
180,OUTBOUND,18.27,29.503,0.679,1.621,1.581,-0.469,-0.609,29.503,0.579,1.581,5.356,2.856,0,4.078,10.0,4.103,42.624,-0.025,1.715,0,0,0,OFFBOARD
181,OUTBOUND,18.38,29.716,0.533,1.634,1.581,-0.469,-0.609,29.716,0.433,1.581,5.155,2.795,0,3.892,10.0,4.153,42.913,-0.052,1.712,0,0,0,OFFBOARD
182,OUTBOUND,18.48,29.928,0.387,1.645,1.581,-0.469,-0.609,29.928,0.287,1.581,5.828,3.32,0,3.839,10.0,4.233,43.103,-0.085,1.708,0,0,0,OFFBOARD
183,OUTBOUND,18.58,30.14,0.246,1.655,1.581,-0.469,-0.609,30.14,0.146,1.581,5.979,3.471,0,4.211,10.0,4.305,43.227,-0.096,1.703,0,0,0,OFFBOARD
184,OUTBOUND,18.68,30.353,0.113,1.664,1.581,-0.469,-0.609,30.353,0.013,1.581,5.776,3.483,0,4.241,10.0,4.355,43.327,-0.081,1.697,0,0,0,OFFBOARD
185,OUTBOUND,18.78,30.562,-0.005,1.671,1.581,-0.469,-0.609,30.562,-0.105,1.581,5.578,3.632,0,4.256,10.0,4.223,43.427,-0.045,1.691,0,0,0,OFFBOARD
186,OUTBOUND,18.88,30.766,-0.107,1.677,1.581,-0.469,-0.609,30.765,-0.207,1.581,4.744,3.431,0,4.104,10.0,3.841,43.527,0.009,1.684,0,0,0,OFFBOARD
187,OUTBOUND,18.98,30.974,-0.193,1.681,1.581,-0.469,-0.609,30.974,-0.293,1.581,4.212,3.231,0,3.914,10.0,3.413,43.627,0.068,1.676,0,0,0,OFFBOARD
188,OUTBOUND,19.09,31.181,-0.259,1.684,1.581,-0.469,-0.609,31.181,-0.359,1.581,3.823,3.029,0,3.872,4.425,3.101,43.727,0.133,1.667,0,0,0,OFFBOARD
189,OUTBOUND,19.19,31.386,-0.305,1.686,1.581,-0.469,-0.609,31.386,-0.404,1.581,3.571,2.83,0,4.219,4.105,2.9,43.84,0.212,1.659,0,0,0,OFFBOARD
190,OUTBOUND,19.29,31.592,-0.33,1.687,1.581,-0.469,-0.609,31.592,-0.43,1.581,3.435,2.63,0,4.247,3.903,2.794,43.978,0.295,1.651,0,0,0,OFFBOARD
191,OUTBOUND,19.39,31.798,-0.335,1.686,1.581,-0.469,-0.609,31.798,-0.435,1.581,3.411,2.429,0,4.266,3.821,2.779,44.098,0.382,1.643,0,0,0,OFFBOARD
192,OUTBOUND,19.49,32.004,-0.321,1.685,1.581,-0.469,-0.609,32.004,-0.421,1.581,3.493,2.227,0,4.132,6.732,2.851,44.205,0.48,1.635,0,0,0,OFFBOARD
193,OUTBOUND,19.59,32.208,-0.289,1.683,1.581,-0.469,-0.609,32.208,-0.389,1.581,5.191,2.022,0,3.94,10.0,3.008,44.305,0.598,1.627,0,0,0,OFFBOARD
194,OUTBOUND,19.69,32.413,-0.242,1.679,1.581,-0.469,-0.609,32.413,-0.341,1.581,6.15,1.82,1,4.052,10.0,3.242,44.405,0.747,1.62,0,0,0,OFFBOARD
195,OUTBOUND,19.8,32.62,-0.179,1.676,1.581,-0.469,-0.609,32.619,-0.279,1.581,6.013,1.614,1,4.37,10.0,4.238,44.505,0.877,1.602,0,0,0,OFFBOARD
196,OUTBOUND,19.9,32.824,-0.106,1.671,1.581,-0.469,-0.609,32.824,-0.206,1.581,5.834,1.666,1,4.348,10.0,4.239,44.605,0.963,1.581,0,0,0,OFFBOARD
197,OUTBOUND,20.0,33.029,-0.021,1.665,1.581,-0.469,-0.609,33.029,-0.121,1.581,5.769,1.815,1,4.213,10.0,4.236,44.705,1.021,1.562,0,0,0,OFFBOARD
198,OUTBOUND,20.1,33.234,0.072,1.659,1.581,-0.469,-0.609,33.234,-0.028,1.581,5.98,1.981,1,4.086,10.0,4.23,44.805,1.022,1.544,0,0,0,OFFBOARD
199,OUTBOUND,20.2,33.44,0.174,1.651,1.581,-0.469,-0.609,33.44,0.074,1.581,6.044,2.165,0,3.966,10.0,4.217,44.905,1.001,1.531,0,0,0,OFFBOARD
200,OUTBOUND,20.3,33.644,0.28,1.642,1.581,-0.469,-0.609,33.644,0.18,1.581,6.011,3.637,0,3.816,10.0,4.196,45.005,0.932,1.522,0,0,0,OFFBOARD
201,OUTBOUND,20.4,33.85,0.39,1.632,1.581,-0.469,-0.609,33.85,0.29,1.581,5.975,3.474,0,3.787,10.0,4.173,45.105,0.845,1.517,0,0,0,OFFBOARD
202,OUTBOUND,20.51,34.051,0.497,1.622,1.581,-0.469,-0.609,34.051,0.397,1.581,5.876,3.319,0,4.262,10.0,4.15,45.205,0.746,1.513,0,0,0,OFFBOARD
203,OUTBOUND,20.61,34.252,0.599,1.612,1.581,-0.469,-0.609,34.252,0.499,1.581,5.609,3.099,0,4.318,10.0,4.121,45.305,0.639,1.513,0,0,0,OFFBOARD
204,OUTBOUND,20.71,34.463,0.697,1.601,1.581,-0.469,-0.609,34.463,0.597,1.581,5.406,2.896,0,4.147,10.0,4.087,45.405,0.519,1.515,0,0,0,OFFBOARD
205,OUTBOUND,20.81,34.666,0.778,1.592,1.581,-0.469,-0.609,34.666,0.678,1.581,5.207,2.697,0,3.949,10.0,4.051,45.505,0.387,1.52,0,0,0,OFFBOARD
206,OUTBOUND,20.91,34.87,0.843,1.582,1.581,-0.469,-0.609,34.87,0.743,1.581,5.09,2.496,0,3.764,10.0,4.018,45.605,0.246,1.526,0,0,0,OFFBOARD
207,OUTBOUND,21.01,35.073,0.888,1.574,1.581,-0.469,-0.609,35.073,0.788,1.581,5.686,2.433,0,3.754,10.0,3.989,45.734,0.105,1.534,0,0,0,OFFBOARD
208,OUTBOUND,21.12,35.283,0.913,1.567,1.581,-0.469,-0.609,35.283,0.813,1.581,5.693,2.422,0,4.148,10.0,3.98,45.963,-0.02,1.543,0,0,0,OFFBOARD
209,OUTBOUND,21.22,35.488,0.915,1.561,1.581,-0.469,-0.609,35.488,0.815,1.581,5.555,2.702,0,4.218,6.722,3.948,46.265,-0.115,1.553,0,0,0,OFFBOARD
210,OUTBOUND,21.32,35.69,0.895,1.556,1.581,-0.469,-0.609,35.69,0.795,1.581,5.355,2.725,0,4.196,6.613,3.936,46.619,-0.18,1.565,0,0,0,OFFBOARD
211,OUTBOUND,21.42,35.893,0.856,1.553,1.581,-0.469,-0.609,35.893,0.756,1.581,5.175,2.743,0,3.997,6.412,3.931,47.007,-0.213,1.576,0,0,0,OFFBOARD
212,OUTBOUND,21.52,36.096,0.798,1.551,1.581,-0.469,-0.609,36.095,0.698,1.581,5.686,2.569,0,3.863,6.237,3.932,47.416,-0.233,1.589,0,0,0,OFFBOARD
213,OUTBOUND,21.63,36.3,0.723,1.551,1.581,-0.469,-0.609,36.3,0.623,1.581,5.739,3.017,0,4.44,6.54,3.938,47.84,-0.226,1.601,0,0,0,OFFBOARD
214,OUTBOUND,21.73,36.503,0.637,1.552,1.581,-0.469,-0.609,36.503,0.537,1.581,5.694,3.143,0,4.466,6.906,3.946,48.272,-0.22,1.613,0,0,0,OFFBOARD
215,OUTBOUND,21.83,36.708,0.542,1.554,1.581,-0.469,-0.609,36.708,0.442,1.581,5.554,3.191,0,4.348,6.896,3.95,48.711,-0.202,1.625,0,0,0,OFFBOARD
216,OUTBOUND,21.93,36.91,0.443,1.558,1.581,-0.469,-0.609,36.91,0.343,1.581,5.601,3.07,0,4.149,10.0,3.954,49.151,-0.206,1.636,0,0,0,OFFBOARD
217,OUTBOUND,22.03,37.113,0.343,1.562,1.581,-0.469,-0.609,37.113,0.243,1.581,5.806,3.544,0,4.157,10.0,3.965,49.445,-0.229,1.646,0,0,0,OFFBOARD
218,OUTBOUND,22.13,37.315,0.246,1.568,1.581,-0.469,-0.609,37.315,0.146,1.581,5.915,3.72,0,4.529,10.0,3.982,49.639,-0.265,1.654,0,0,0,OFFBOARD
219,OUTBOUND,22.23,37.517,0.154,1.574,1.581,-0.469,-0.609,37.517,0.054,1.581,5.947,3.544,0,4.547,10.0,4.0,49.768,-0.319,1.662,0,0,0,OFFBOARD
220,OUTBOUND,22.33,37.722,0.068,1.581,1.581,-0.469,-0.609,37.722,-0.032,1.581,5.856,3.972,0,4.438,10.0,4.016,49.868,-0.372,1.667,0,0,0,OFFBOARD
221,OUTBOUND,22.44,37.924,-0.009,1.589,1.581,-0.469,-0.609,37.924,-0.109,1.581,5.804,3.951,0,4.324,10.0,4.032,49.968,-0.43,1.67,0,0,0,OFFBOARD
222,OUTBOUND,22.54,38.128,-0.08,1.596,1.581,-0.469,-0.609,38.128,-0.179,1.581,5.958,3.85,0,4.201,10.0,4.047,50.068,-0.489,1.674,0,0,0,OFFBOARD
223,OUTBOUND,22.64,38.326,-0.142,1.604,1.581,-0.469,-0.609,38.326,-0.242,1.581,6.063,3.759,0,4.005,10.0,4.061,50.168,-0.546,1.676,0,0,0,OFFBOARD
224,OUTBOUND,22.74,38.534,-0.202,1.611,1.581,-0.469,-0.609,38.534,-0.301,1.581,6.115,3.7,0,3.972,10.0,4.074,50.268,-0.595,1.678,0,0,0,OFFBOARD
225,OUTBOUND,22.84,38.736,-0.256,1.618,1.581,-0.469,-0.609,38.736,-0.356,1.581,6.046,3.437,0,4.376,10.0,4.094,50.368,-0.641,1.679,0,0,0,OFFBOARD
226,OUTBOUND,22.94,38.94,-0.308,1.625,1.581,-0.469,-0.609,38.94,-0.408,1.581,5.85,3.339,0,4.406,10.0,4.109,50.468,-0.683,1.679,0,0,0,OFFBOARD
227,OUTBOUND,23.05,39.142,-0.359,1.632,1.581,-0.469,-0.609,39.142,-0.459,1.581,5.65,3.151,0,4.392,10.0,4.123,50.568,-0.719,1.677,0,0,0,OFFBOARD
228,OUTBOUND,23.15,39.346,-0.409,1.638,1.581,-0.469,-0.609,39.346,-0.509,1.581,5.556,3.082,0,4.193,10.0,4.138,50.668,-0.751,1.673,0,0,0,OFFBOARD
229,OUTBOUND,23.25,39.548,-0.458,1.643,1.581,-0.469,-0.609,39.548,-0.558,1.581,5.477,3.282,0,3.993,10.0,4.15,50.768,-0.786,1.661,0,0,0,OFFBOARD
230,OUTBOUND,23.35,39.75,-0.506,1.648,1.581,-0.469,-0.609,39.75,-0.606,1.581,5.852,3.239,0,3.877,10.0,4.161,50.868,-0.816,1.645,0,0,0,OFFBOARD
231,OUTBOUND,23.45,39.954,-0.553,1.651,1.581,-0.469,-0.609,39.954,-0.653,1.581,5.869,3.166,0,4.041,10.0,4.17,50.968,-0.829,1.629,0,0,0,OFFBOARD
232,OUTBOUND,23.55,40.156,-0.598,1.653,1.581,-0.469,-0.609,40.156,-0.698,1.581,5.882,3.097,0,4.223,10.0,4.175,51.068,-0.822,1.615,0,0,0,OFFBOARD
233,OUTBOUND,23.65,40.36,-0.642,1.653,1.581,-0.469,-0.609,40.36,-0.742,1.581,5.705,3.035,0,4.184,10.0,4.177,51.168,-0.804,1.6,0,0,0,OFFBOARD
234,OUTBOUND,23.76,40.564,-0.684,1.652,1.581,-0.469,-0.609,40.564,-0.784,1.581,5.503,2.981,0,4.166,10.0,4.176,51.268,-0.783,1.585,0,0,0,OFFBOARD
235,OUTBOUND,23.86,40.766,-0.722,1.65,1.581,-0.469,-0.609,40.766,-0.822,1.581,5.305,2.792,0,4.049,10.0,4.171,51.368,-0.752,1.571,0,0,0,OFFBOARD
236,OUTBOUND,23.96,40.968,-0.757,1.646,1.581,-0.469,-0.609,40.968,-0.857,1.581,5.105,2.598,0,3.849,10.0,4.164,51.468,-0.697,1.56,0,0,0,OFFBOARD
237,OUTBOUND,24.06,41.168,-0.788,1.641,1.581,-0.469,-0.609,41.168,-0.888,1.581,4.987,2.557,0,3.649,10.0,4.154,51.568,-0.629,1.55,0,0,0,OFFBOARD
238,OUTBOUND,24.16,41.372,-0.814,1.635,1.581,-0.469,-0.609,41.372,-0.914,1.581,5.458,2.82,0,3.612,10.0,4.142,51.668,-0.573,1.537,0,0,0,OFFBOARD
239,OUTBOUND,24.26,41.576,-0.835,1.628,1.581,-0.469,-0.609,41.576,-0.935,1.581,5.657,2.793,0,4.045,10.0,4.128,51.768,-0.521,1.522,0,0,0,OFFBOARD
240,OUTBOUND,24.36,41.778,-0.848,1.62,1.581,-0.469,-0.609,41.778,-0.948,1.581,5.561,2.794,0,4.103,10.0,4.112,51.868,-0.472,1.509,0,0,0,OFFBOARD
241,OUTBOUND,24.47,41.982,-0.854,1.611,1.581,-0.469,-0.609,41.982,-0.954,1.581,5.359,2.804,0,4.103,10.0,4.092,51.968,-0.424,1.496,0,0,0,OFFBOARD
242,OUTBOUND,24.57,42.184,-0.852,1.602,1.581,-0.469,-0.609,42.184,-0.951,1.581,5.161,2.649,0,3.905,10.0,4.071,52.068,-0.378,1.485,0,0,0,OFFBOARD
243,OUTBOUND,24.67,42.388,-0.84,1.592,1.581,-0.469,-0.609,42.388,-0.94,1.581,5.033,2.508,0,3.705,10.0,4.048,52.168,-0.322,1.476,0,0,0,OFFBOARD
244,OUTBOUND,24.77,42.59,-0.821,1.582,1.581,-0.469,-0.609,42.59,-0.921,1.581,5.635,2.829,0,3.71,10.0,4.024,52.268,-0.275,1.467,0,0,0,OFFBOARD
245,OUTBOUND,24.87,42.794,-0.794,1.571,1.581,-0.469,-0.609,42.794,-0.894,1.581,5.769,2.906,0,4.178,10.0,3.999,52.368,-0.242,1.458,0,0,0,OFFBOARD
246,OUTBOUND,24.97,42.994,-0.76,1.561,1.581,-0.469,-0.609,42.994,-0.86,1.581,5.618,2.933,0,4.167,10.0,3.972,52.468,-0.22,1.449,0,0,0,OFFBOARD
247,OUTBOUND,25.08,43.194,-0.721,1.55,1.581,-0.469,-0.609,43.194,-0.821,1.581,5.35,2.838,0,4.094,10.0,3.935,52.568,-0.212,1.443,0,0,0,OFFBOARD
248,OUTBOUND,25.18,43.402,-0.675,1.539,1.581,-0.469,-0.609,43.402,-0.775,1.581,5.546,2.802,0,3.892,10.0,3.908,52.668,-0.207,1.44,0,0,0,OFFBOARD
249,OUTBOUND,25.28,43.608,-0.625,1.529,1.581,-0.469,-0.609,43.608,-0.725,1.581,5.746,3.16,0,3.919,10.0,3.882,52.768,-0.216,1.438,0,0,0,OFFBOARD
250,OUTBOUND,25.38,43.812,-0.573,1.519,1.581,-0.469,-0.609,43.812,-0.673,1.581,5.776,3.266,0,4.474,10.0,3.857,52.868,-0.233,1.435,0,0,0,OFFBOARD
251,OUTBOUND,25.48,44.014,-0.521,1.509,1.581,-0.469,-0.609,44.014,-0.621,1.581,5.78,3.294,0,4.55,10.0,3.834,52.968,-0.263,1.435,0,0,0,OFFBOARD
252,OUTBOUND,25.58,44.216,-0.469,1.5,1.581,-0.469,-0.609,44.216,-0.569,1.581,5.608,3.139,0,4.352,10.0,3.813,53.068,-0.295,1.437,0,0,0,OFFBOARD
253,OUTBOUND,25.68,44.418,-0.42,1.492,1.581,-0.469,-0.609,44.418,-0.52,1.581,5.532,3.486,0,4.261,10.0,3.795,53.168,-0.339,1.436,0,0,0,OFFBOARD
254,OUTBOUND,25.79,44.622,-0.373,1.484,1.581,-0.469,-0.609,44.622,-0.473,1.581,5.586,3.59,0,4.664,10.0,3.779,53.268,-0.384,1.434,0,0,0,OFFBOARD
255,OUTBOUND,25.89,44.824,-0.332,1.478,1.581,-0.469,-0.609,44.824,-0.432,1.581,5.621,3.69,0,4.728,10.0,3.765,53.368,-0.438,1.435,0,0,0,OFFBOARD
256,OUTBOUND,25.99,45.026,-0.298,1.472,1.581,-0.469,-0.609,45.026,-0.397,1.581,5.579,3.552,0,4.771,10.0,3.753,53.468,-0.491,1.44,0,0,0,OFFBOARD
257,OUTBOUND,26.09,45.23,-0.27,1.466,1.581,-0.469,-0.609,45.23,-0.37,1.581,5.543,3.491,0,4.608,10.0,3.741,53.568,-0.544,1.449,0,0,0,OFFBOARD
258,OUTBOUND,26.19,45.432,-0.25,1.462,1.581,-0.469,-0.609,45.432,-0.35,1.581,5.515,3.883,0,4.408,6.925,3.73,53.668,-0.603,1.458,0,0,0,OFFBOARD
259,OUTBOUND,26.29,45.636,-0.239,1.458,1.581,-0.469,-0.609,45.636,-0.339,1.581,5.488,3.897,0,4.42,6.727,3.721,53.768,-0.667,1.472,0,0,0,OFFBOARD
260,OUTBOUND,26.39,45.838,-0.237,1.456,1.581,-0.469,-0.609,45.838,-0.337,1.581,5.48,3.9,0,4.777,6.526,3.715,53.868,-0.738,1.49,0,0,0,OFFBOARD
261,OUTBOUND,26.5,46.04,-0.244,1.455,1.581,-0.469,-0.609,46.04,-0.344,1.581,5.482,3.808,0,4.803,6.326,3.712,53.968,-0.805,1.51,0,0,0,OFFBOARD
262,OUTBOUND,26.6,46.244,-0.26,1.456,1.581,-0.469,-0.609,46.244,-0.359,1.581,5.488,3.608,0,4.81,6.126,3.713,54.068,-0.869,1.532,0,0,0,OFFBOARD
263,OUTBOUND,26.7,46.446,-0.284,1.458,1.581,-0.469,-0.609,46.446,-0.384,1.581,5.501,3.502,0,4.664,5.926,3.717,54.168,-0.93,1.555,0,0,0,OFFBOARD
264,OUTBOUND,26.8,46.65,-0.316,1.463,1.581,-0.469,-0.609,46.65,-0.416,1.581,5.523,3.699,0,4.46,5.722,3.726,54.268,-0.996,1.577,0,0,0,OFFBOARD
265,OUTBOUND,26.9,46.852,-0.356,1.469,1.581,-0.469,-0.609,46.852,-0.456,1.581,5.521,3.697,0,4.365,5.526,3.738,54.368,-1.062,1.6,0,0,0,OFFBOARD
266,OUTBOUND,27.0,47.056,-0.403,1.476,1.581,-0.469,-0.609,47.056,-0.503,1.581,5.326,3.619,0,4.471,5.326,3.753,54.468,-1.126,1.621,0,0,0,OFFBOARD
267,OUTBOUND,27.1,47.258,-0.457,1.486,1.581,-0.469,-0.609,47.258,-0.557,1.581,5.126,3.529,0,4.595,5.126,3.773,54.568,-1.182,1.641,0,0,0,OFFBOARD
268,OUTBOUND,27.21,47.462,-0.516,1.497,1.581,-0.469,-0.609,47.462,-0.616,1.581,4.924,3.427,0,4.549,4.924,3.796,54.668,-1.233,1.659,0,0,0,OFFBOARD
269,OUTBOUND,27.31,47.66,-0.579,1.509,1.581,-0.469,-0.609,47.66,-0.678,1.581,4.658,3.296,0,4.428,4.658,3.832,54.768,-1.283,1.675,0,0,0,OFFBOARD
270,OUTBOUND,27.41,47.87,-0.649,1.522,1.581,-0.469,-0.609,47.87,-0.749,1.581,4.458,3.196,0,4.271,4.458,3.862,54.868,-1.329,1.689,0,0,0,OFFBOARD
271,OUTBOUND,27.51,48.074,-0.72,1.537,1.581,-0.469,-0.609,48.074,-0.82,1.581,4.258,2.996,0,4.123,4.258,3.894,54.968,-1.364,1.702,0,0,0,OFFBOARD
272,OUTBOUND,27.61,48.276,-0.793,1.551,1.581,-0.469,-0.609,48.276,-0.893,1.581,4.058,2.796,0,4.041,4.058,3.928,55.068,-1.388,1.712,0,0,0,OFFBOARD
273,OUTBOUND,27.72,48.48,-0.868,1.566,1.581,-0.469,-0.609,48.48,-0.968,1.581,3.858,2.596,0,3.853,3.858,3.858,55.168,-1.4,1.721,0,0,0,OFFBOARD
274,OUTBOUND,27.82,48.682,-0.942,1.581,1.581,-0.469,-0.609,48.682,-1.042,1.581,3.658,2.419,0,3.653,3.658,3.658,55.268,-1.399,1.727,0,0,0,OFFBOARD
275,OUTBOUND,27.92,48.886,-1.016,1.596,1.581,-0.469,-0.609,48.886,-1.116,1.581,3.458,2.3,0,3.453,3.458,3.458,55.368,-1.386,1.731,0,0,0,OFFBOARD
276,OUTBOUND,28.02,49.088,-1.087,1.611,1.581,-0.469,-0.609,49.088,-1.187,1.581,3.258,2.185,0,3.291,3.258,3.258,55.468,-1.362,1.733,0,0,0,OFFBOARD
277,OUTBOUND,28.12,49.292,-1.156,1.625,1.581,-0.469,-0.609,49.292,-1.256,1.581,3.058,2.315,0,3.176,3.058,3.058,55.568,-1.337,1.733,0,0,0,OFFBOARD
278,OUTBOUND,28.22,49.494,-1.219,1.637,1.581,-0.469,-0.609,49.494,-1.319,1.581,2.858,2.207,0,3.066,2.858,2.858,55.668,-1.296,1.732,0,0,0,OFFBOARD
279,OUTBOUND,28.32,49.696,-1.276,1.649,1.581,-0.469,-0.609,49.696,-1.376,1.581,2.658,2.11,0,3.389,2.658,2.658,55.768,-1.239,1.729,0,0,0,OFFBOARD
280,OUTBOUND,28.43,49.9,-1.327,1.66,1.581,-0.469,-0.609,49.9,-1.427,1.581,2.458,2.035,0,3.36,2.458,2.458,55.868,-1.167,1.724,0,0,0,OFFBOARD
281,OUTBOUND,28.53,50.102,-1.37,1.67,1.581,-0.469,-0.609,50.102,-1.47,1.581,2.258,1.977,1,3.279,2.358,2.258,55.968,-1.081,1.718,0,0,0,OFFBOARD
282,OUTBOUND,28.63,50.304,-1.403,1.678,1.581,-0.469,-0.609,50.304,-1.503,1.581,2.058,1.937,1,3.215,2.401,2.058,56.068,-0.98,1.71,0,0,0,OFFBOARD
283,OUTBOUND,28.73,50.506,-1.426,1.685,1.581,-0.469,-0.609,50.506,-1.526,1.581,1.858,1.853,1,3.109,2.443,1.858,56.202,-0.86,1.698,0,0,0,OFFBOARD
284,OUTBOUND,28.83,50.71,-1.439,1.691,1.581,-0.469,-0.609,50.71,-1.539,1.581,1.658,1.653,1,2.909,2.491,1.658,56.376,-0.738,1.683,0,0,0,OFFBOARD
285,OUTBOUND,28.93,50.912,-1.439,1.695,1.581,-0.469,-0.609,50.912,-1.539,1.581,1.458,1.458,1,2.709,2.538,1.458,56.583,-0.591,1.666,0,0,0,OFFBOARD
286,OUTBOUND,29.03,51.114,-1.428,1.697,1.581,-0.469,-0.609,51.114,-1.528,1.581,1.258,1.258,1,2.665,4.68,1.258,56.817,-0.432,1.647,0,0,0,OFFBOARD
287,OUTBOUND,29.13,51.318,-1.402,1.697,1.581,-0.469,-0.609,51.318,-1.502,1.581,1.079,1.079,1,3.199,4.821,1.058,57.068,-0.261,1.627,0,0,0,OFFBOARD
288,OUTBOUND,29.24,51.52,-1.363,1.696,1.581,-0.469,-0.609,51.52,-1.463,1.581,1.076,1.076,1,3.316,5.484,0.856,57.317,-0.055,1.606,0,0,0,OFFBOARD
289,OUTBOUND,29.34,51.724,-1.309,1.693,1.581,-0.469,-0.609,51.724,-1.409,1.581,1.075,1.075,1,3.165,5.619,0.726,57.538,0.188,1.579,0,0,0,OFFBOARD
290,OUTBOUND,29.44,51.928,-1.24,1.687,1.581,-0.469,-0.609,51.928,-1.34,1.581,1.134,1.134,1,2.983,5.412,0.743,57.751,0.458,1.55,0,0,0,OFFBOARD
291,OUTBOUND,29.54,52.132,-1.155,1.68,1.581,-0.469,-0.609,52.132,-1.254,1.581,1.119,1.119,1,3.537,5.202,0.785,57.948,0.713,1.52,0,0,0,OFFBOARD
292,OUTBOUND,29.64,52.336,-1.053,1.67,1.581,-0.469,-0.609,52.336,-1.153,1.581,4.844,1.173,1,3.755,4.916,1.048,58.217,0.854,1.492,0,0,0,OFFBOARD
293,OUTBOUND,29.74,52.538,-0.935,1.659,1.581,-0.469,-0.609,52.538,-1.035,1.581,4.605,2.299,0,3.555,4.701,4.188,58.495,0.91,1.466,0,0,0,OFFBOARD
294,OUTBOUND,29.85,52.74,-0.801,1.646,1.581,-0.469,-0.609,52.74,-0.901,1.581,4.387,2.778,0,4.05,4.489,4.16,58.821,0.926,1.449,0,0,0,OFFBOARD
295,OUTBOUND,29.95,52.944,-0.651,1.631,1.581,-0.469,-0.609,52.944,-0.751,1.581,4.196,2.976,0,4.205,4.283,4.13,59.182,0.927,1.437,0,0,0,OFFBOARD
296,OUTBOUND,30.05,53.146,-0.49,1.614,1.581,-0.469,-0.609,53.146,-0.59,1.581,3.972,2.955,0,4.112,4.079,3.972,59.563,0.908,1.432,0,0,0,OFFBOARD
297,OUTBOUND,30.15,53.348,-0.319,1.598,1.581,-0.469,-0.609,53.348,-0.419,1.581,3.779,3.487,0,4.012,3.858,3.782,59.824,0.864,1.431,0,0,0,OFFBOARD
298,OUTBOUND,30.25,53.552,-0.142,1.581,1.581,-0.469,-0.609,53.552,-0.242,1.581,3.693,3.533,0,4.034,3.694,3.595,59.995,0.809,1.435,0,0,0,OFFBOARD
299,OUTBOUND,30.35,53.754,0.033,1.565,1.581,-0.469,-0.609,53.754,-0.067,1.581,5.901,3.38,0,4.589,10.0,3.936,60.108,0.746,1.443,0,0,0,OFFBOARD
300,OUTBOUND,30.45,53.958,0.204,1.549,1.581,-0.469,-0.609,53.958,0.104,1.581,5.806,3.121,0,4.668,10.0,3.944,60.208,0.716,1.453,0,0,0,OFFBOARD
301,OUTBOUND,30.56,54.16,0.363,1.536,1.581,-0.469,-0.609,54.16,0.263,1.581,5.671,2.926,0,4.468,10.0,3.904,60.308,0.733,1.466,0,0,0,OFFBOARD
302,OUTBOUND,30.66,54.362,0.507,1.524,1.581,-0.469,-0.609,54.362,0.407,1.581,5.573,2.737,0,4.268,10.0,3.867,60.408,0.738,1.474,0,0,0,OFFBOARD
303,OUTBOUND,30.76,54.566,0.634,1.514,1.581,-0.469,-0.609,54.566,0.534,1.581,5.512,2.671,0,4.177,10.0,3.838,60.508,0.707,1.483,0,0,0,OFFBOARD
304,OUTBOUND,30.86,54.77,0.741,1.505,1.581,-0.469,-0.609,54.77,0.641,1.581,5.48,2.749,0,4.1,10.0,3.817,60.685,0.665,1.494,0,0,0,OFFBOARD
305,OUTBOUND,30.96,54.972,0.827,1.499,1.581,-0.469,-0.609,54.972,0.727,1.581,5.469,2.64,0,4.457,6.809,3.803,60.956,0.585,1.508,0,0,0,OFFBOARD
306,OUTBOUND,31.06,55.176,0.896,1.494,1.581,-0.469,-0.609,55.176,0.796,1.581,5.472,2.868,0,4.363,6.597,3.794,61.291,0.505,1.525,0,0,0,OFFBOARD
307,OUTBOUND,31.17,55.378,0.946,1.492,1.581,-0.469,-0.609,55.378,0.846,1.581,5.482,2.79,0,4.352,6.4,3.79,61.665,0.409,1.542,0,0,0,OFFBOARD
308,OUTBOUND,31.27,55.582,0.981,1.491,1.581,-0.469,-0.609,55.582,0.881,1.581,5.486,2.761,0,4.353,6.337,3.789,62.066,0.321,1.553,0,0,0,OFFBOARD
309,OUTBOUND,31.37,55.784,1.0,1.492,1.581,-0.469,-0.609,55.784,0.9,1.581,5.28,2.721,0,4.124,6.046,3.791,62.484,0.233,1.558,0,0,0,OFFBOARD
310,OUTBOUND,31.47,55.986,1.005,1.495,1.581,-0.469,-0.609,55.986,0.905,1.581,5.08,2.668,0,3.924,5.885,3.797,62.914,0.163,1.555,0,0,0,OFFBOARD
311,OUTBOUND,31.57,56.19,0.995,1.499,1.581,-0.469,-0.609,56.19,0.895,1.581,5.067,2.468,0,3.746,5.727,3.804,63.35,0.089,1.55,0,0,0,OFFBOARD
312,OUTBOUND,31.67,56.388,0.971,1.503,1.581,-0.469,-0.609,56.388,0.871,1.581,5.18,2.42,0,4.267,5.63,3.818,63.791,0.021,1.542,0,0,0,OFFBOARD
313,OUTBOUND,31.78,56.594,0.932,1.507,1.581,-0.469,-0.609,56.594,0.832,1.581,5.047,2.802,0,4.272,5.663,3.826,64.233,-0.018,1.532,0,0,0,OFFBOARD
314,OUTBOUND,31.88,56.8,0.879,1.511,1.581,-0.469,-0.609,56.8,0.779,1.581,4.847,2.86,0,4.28,6.541,3.837,64.675,-0.076,1.521,0,0,0,OFFBOARD
315,OUTBOUND,31.98,57.002,0.815,1.514,1.581,-0.469,-0.609,57.002,0.715,1.581,4.581,2.858,0,4.014,6.541,3.851,65.119,-0.143,1.514,0,0,0,OFFBOARD
316,OUTBOUND,32.08,57.206,0.74,1.517,1.581,-0.469,-0.609,57.206,0.64,1.581,4.382,2.715,0,3.954,10.0,3.858,65.563,-0.22,1.514,0,0,0,OFFBOARD
317,OUTBOUND,32.18,57.41,0.657,1.518,1.581,-0.469,-0.609,57.41,0.557,1.581,4.182,3.146,0,4.46,10.0,3.86,65.964,-0.297,1.517,0,0,0,OFFBOARD
318,OUTBOUND,32.28,57.614,0.567,1.519,1.581,-0.469,-0.609,57.614,0.467,1.581,3.981,3.279,0,4.461,10.0,3.859,66.352,-0.379,1.521,0,0,0,OFFBOARD
319,OUTBOUND,32.38,57.812,0.475,1.52,1.581,-0.469,-0.609,57.812,0.376,1.581,3.782,3.214,0,4.353,10.0,3.779,66.706,-0.46,1.522,0,0,0,OFFBOARD
320,OUTBOUND,32.49,58.016,0.379,1.521,1.581,-0.469,-0.609,58.016,0.279,1.581,3.58,3.216,0,4.269,10.0,3.579,67.001,-0.54,1.519,0,0,0,OFFBOARD
321,OUTBOUND,32.59,58.218,0.281,1.521,1.581,-0.469,-0.609,58.218,0.181,1.581,3.388,3.388,0,4.128,10.0,3.381,67.205,-0.608,1.511,0,0,0,OFFBOARD
322,OUTBOUND,32.69,58.422,0.182,1.521,1.581,-0.469,-0.609,58.422,0.082,1.581,3.182,3.182,0,4.534,10.0,3.181,67.347,-0.663,1.5,0,0,0,OFFBOARD
323,OUTBOUND,32.79,58.624,0.082,1.521,1.581,-0.469,-0.609,58.624,-0.017,1.581,2.98,2.98,0,4.687,10.0,2.979,67.451,-0.731,1.488,0,0,0,OFFBOARD
324,OUTBOUND,32.89,58.826,-0.017,1.52,1.581,-0.469,-0.609,58.826,-0.117,1.581,2.787,2.787,0,4.725,10.0,2.779,67.551,-0.795,1.475,0,0,0,OFFBOARD
325,OUTBOUND,32.99,59.03,-0.116,1.518,1.581,-0.469,-0.609,59.03,-0.216,1.581,2.661,2.585,0,4.527,10.0,2.589,67.651,-0.847,1.459,0,0,0,OFFBOARD
326,OUTBOUND,33.09,59.232,-0.214,1.515,1.581,-0.469,-0.609,59.232,-0.314,1.581,2.625,2.395,0,4.342,10.0,2.457,67.751,-0.929,1.441,0,0,0,OFFBOARD
327,OUTBOUND,33.2,59.434,-0.31,1.511,1.581,-0.469,-0.609,59.434,-0.41,1.581,5.667,2.212,0,4.327,10.0,2.413,67.851,-0.981,1.423,0,0,0,OFFBOARD
328,OUTBOUND,33.3,59.638,-0.405,1.506,1.581,-0.469,-0.609,59.638,-0.505,1.581,5.809,2.135,0,4.646,10.0,3.828,67.961,-1.069,1.405,0,0,0,OFFBOARD
329,OUTBOUND,33.4,59.84,-0.497,1.5,1.581,-0.469,-0.609,59.84,-0.597,1.581,5.777,2.076,0,4.655,10.0,3.815,68.156,-1.114,1.386,0,0,0,OFFBOARD
330,OUTBOUND,33.5,60.042,-0.586,1.492,1.581,-0.469,-0.609,60.042,-0.685,1.581,5.746,2.044,0,4.592,10.0,3.799,68.284,-1.141,1.373,0,0,0,OFFBOARD
331,OUTBOUND,33.6,60.246,-0.672,1.484,1.581,-0.469,-0.609,60.246,-0.772,1.581,5.712,2.025,0,4.56,10.0,3.779,68.384,-1.109,1.363,0,0,0,OFFBOARD
332,OUTBOUND,33.7,60.448,-0.754,1.474,1.581,-0.469,-0.609,60.448,-0.854,1.581,5.637,3.116,0,4.381,10.0,3.757,68.484,-1.034,1.352,0,0,0,OFFBOARD
333,OUTBOUND,33.8,60.652,-0.834,1.464,1.581,-0.469,-0.609,60.652,-0.933,1.581,5.437,2.925,0,4.181,10.0,3.735,68.584,-0.946,1.344,0,0,0,OFFBOARD
334,OUTBOUND,33.9,60.854,-0.907,1.453,1.581,-0.469,-0.609,60.854,-1.007,1.581,5.283,2.727,0,3.983,10.0,3.713,68.684,-0.841,1.336,0,0,0,OFFBOARD
335,OUTBOUND,34.01,61.056,-0.975,1.443,1.581,-0.469,-0.609,61.056,-1.075,1.581,5.229,2.527,0,3.839,10.0,3.69,68.784,-0.72,1.329,0,0,0,OFFBOARD
336,OUTBOUND,34.11,61.26,-1.034,1.432,1.581,-0.469,-0.609,61.26,-1.134,1.581,5.379,2.422,0,3.804,10.0,3.664,68.884,-0.59,1.323,0,0,0,OFFBOARD
337,OUTBOUND,34.21,61.464,-1.082,1.421,1.581,-0.469,-0.609,61.464,-1.182,1.581,5.293,2.36,0,4.234,10.0,3.634,68.984,-0.453,1.317,0,0,0,OFFBOARD
338,OUTBOUND,34.31,61.664,-1.115,1.41,1.581,-0.469,-0.609,61.664,-1.215,1.581,5.216,2.684,0,4.28,6.952,3.604,69.084,-0.326,1.312,0,0,0,OFFBOARD
339,OUTBOUND,34.41,61.87,-1.132,1.4,1.581,-0.469,-0.609,61.87,-1.232,1.581,5.131,2.636,0,4.171,6.684,3.566,69.184,-0.23,1.308,0,0,0,OFFBOARD
340,OUTBOUND,34.51,62.072,-1.132,1.39,1.581,-0.469,-0.609,62.072,-1.232,1.581,5.085,2.638,0,3.971,6.486,3.54,69.284,-0.165,1.306,0,0,0,OFFBOARD
341,OUTBOUND,34.62,62.276,-1.112,1.38,1.581,-0.469,-0.609,62.276,-1.212,1.581,5.055,2.515,0,3.888,10.0,3.518,69.384,-0.126,1.304,0,0,0,OFFBOARD
342,OUTBOUND,34.72,62.478,-1.074,1.371,1.581,-0.469,-0.609,62.478,-1.174,1.581,5.043,2.39,0,4.431,10.0,3.5,69.484,-0.054,1.304,0,0,0,OFFBOARD
343,OUTBOUND,34.82,62.68,-1.019,1.363,1.581,-0.469,-0.609,62.68,-1.119,1.581,5.049,2.732,0,4.492,10.0,3.485,69.584,0.026,1.305,0,0,0,OFFBOARD
344,OUTBOUND,34.92,62.884,-0.949,1.355,1.581,-0.469,-0.609,62.884,-1.049,1.581,5.062,2.797,0,4.496,10.0,3.476,69.684,0.121,1.307,0,0,0,OFFBOARD
345,OUTBOUND,35.02,63.088,-0.867,1.348,1.581,-0.469,-0.609,63.088,-0.967,1.581,5.095,2.96,0,4.228,10.0,3.458,69.784,0.215,1.31,0,0,0,OFFBOARD
346,OUTBOUND,35.12,63.29,-0.778,1.342,1.581,-0.469,-0.609,63.29,-0.878,1.581,5.121,2.813,0,4.233,10.0,3.442,69.884,0.312,1.314,0,0,0,OFFBOARD
347,OUTBOUND,35.22,63.494,-0.681,1.337,1.581,-0.469,-0.609,63.494,-0.781,1.581,5.144,3.196,0,4.8,10.0,3.426,69.984,0.396,1.318,0,0,0,OFFBOARD
348,OUTBOUND,35.33,63.696,-0.58,1.333,1.581,-0.469,-0.609,63.696,-0.68,1.581,5.153,3.381,0,4.884,10.0,3.414,70.131,0.475,1.323,0,0,0,OFFBOARD
349,OUTBOUND,35.43,63.9,-0.475,1.329,1.581,-0.469,-0.609,63.9,-0.575,1.581,5.16,3.428,0,4.684,10.0,3.404,70.33,0.537,1.329,0,0,0,OFFBOARD
350,OUTBOUND,35.53,64.102,-0.368,1.327,1.581,-0.469,-0.609,64.102,-0.468,1.581,5.165,3.404,0,4.668,10.0,3.398,70.598,0.593,1.336,0,0,0,OFFBOARD
351,OUTBOUND,35.63,64.304,-0.26,1.325,1.581,-0.469,-0.609,64.304,-0.36,1.581,5.172,3.838,0,5.144,10.0,3.393,70.905,0.641,1.342,0,0,0,OFFBOARD
352,OUTBOUND,35.73,64.506,-0.15,1.324,1.581,-0.469,-0.609,64.506,-0.25,1.581,5.181,4.024,0,5.154,10.0,3.39,71.25,0.663,1.35,0,0,0,OFFBOARD
353,OUTBOUND,35.83,64.708,-0.04,1.324,1.581,-0.469,-0.609,64.708,-0.14,1.581,5.186,3.884,0,5.14,10.0,3.39,71.623,0.678,1.357,0,0,0,OFFBOARD
354,OUTBOUND,35.93,64.912,0.07,1.325,1.581,-0.469,-0.609,64.912,-0.03,1.581,5.166,3.901,0,4.94,10.0,3.392,72.021,0.669,1.366,0,0,0,OFFBOARD
355,OUTBOUND,36.03,65.114,0.177,1.327,1.581,-0.469,-0.609,65.114,0.078,1.581,5.131,4.036,0,4.774,10.0,3.397,72.423,0.648,1.378,0,0,0,OFFBOARD
356,OUTBOUND,36.14,65.316,0.281,1.329,1.581,-0.469,-0.609,65.316,0.181,1.581,5.112,3.953,0,4.761,6.976,3.402,72.83,0.612,1.399,0,0,0,OFFBOARD
357,OUTBOUND,36.24,65.518,0.378,1.333,1.581,-0.469,-0.609,65.518,0.278,1.581,5.073,3.789,0,5.085,10.0,3.415,73.253,0.558,1.426,0,0,0,OFFBOARD
358,OUTBOUND,36.34,65.722,0.468,1.338,1.581,-0.469,-0.609,65.722,0.368,1.581,5.052,3.661,0,5.088,10.0,3.426,73.681,0.495,1.458,0,0,0,OFFBOARD
359,OUTBOUND,36.44,65.924,0.548,1.344,1.581,-0.469,-0.609,65.924,0.448,1.581,5.043,3.541,0,5.042,10.0,3.438,74.111,0.423,1.493,0,0,0,OFFBOARD
360,OUTBOUND,36.54,66.128,0.616,1.353,1.581,-0.469,-0.609,66.128,0.516,1.581,5.043,3.427,0,4.996,10.0,3.455,74.537,0.343,1.529,0,0,0,OFFBOARD
361,OUTBOUND,36.64,66.334,0.672,1.364,1.581,-0.469,-0.609,66.334,0.572,1.581,5.058,3.32,0,4.796,10.0,3.476,74.957,0.255,1.565,0,0,0,OFFBOARD
362,OUTBOUND,36.75,66.538,0.713,1.377,1.581,-0.469,-0.609,66.538,0.613,1.581,5.098,3.238,0,4.53,5.712,3.512,75.372,0.166,1.601,0,0,0,OFFBOARD
363,OUTBOUND,36.85,66.74,0.738,1.392,1.581,-0.469,-0.609,66.74,0.638,1.581,5.144,3.074,0,4.33,5.574,3.547,75.78,0.107,1.635,0,0,0,OFFBOARD
364,OUTBOUND,36.95,66.944,0.749,1.409,1.581,-0.469,-0.609,66.944,0.649,1.581,5.203,2.874,0,4.246,6.643,3.588,76.153,0.067,1.666,0,0,0,OFFBOARD
365,OUTBOUND,37.05,67.146,0.744,1.428,1.581,-0.469,-0.609,67.146,0.644,1.581,5.278,2.802,0,4.614,10.0,3.634,76.553,0.003,1.694,0,0,0,OFFBOARD
366,OUTBOUND,37.15,67.348,0.725,1.45,1.581,-0.469,-0.609,67.348,0.625,1.581,5.369,3.111,0,4.627,10.0,3.686,76.958,-0.067,1.721,0,0,0,OFFBOARD
367,OUTBOUND,37.25,67.552,0.693,1.472,1.581,-0.469,-0.609,67.552,0.593,1.581,5.47,3.123,0,4.566,10.0,3.74,77.364,-0.151,1.744,0,0,0,OFFBOARD
368,OUTBOUND,37.35,67.754,0.649,1.496,1.581,-0.469,-0.609,67.754,0.549,1.581,5.58,3.158,0,4.433,10.0,3.798,77.768,-0.241,1.764,0,0,0,OFFBOARD
369,OUTBOUND,37.46,67.956,0.596,1.52,1.581,-0.469,-0.609,67.956,0.496,1.581,5.643,3.13,0,4.322,10.0,3.856,78.176,-0.327,1.78,0,0,0,OFFBOARD
370,OUTBOUND,37.56,68.16,0.533,1.545,1.581,-0.469,-0.609,68.16,0.433,1.581,5.621,2.962,0,4.187,10.0,3.914,78.521,-0.413,1.792,0,0,0,OFFBOARD
371,OUTBOUND,37.66,68.362,0.464,1.569,1.581,-0.469,-0.609,68.362,0.364,1.581,5.865,3.348,0,3.987,10.0,3.971,78.76,-0.465,1.796,0,0,0,OFFBOARD
372,OUTBOUND,37.76,68.566,0.387,1.593,1.581,-0.469,-0.609,68.566,0.287,1.581,6.004,3.465,0,3.938,10.0,4.026,78.937,-0.488,1.794,0,0,0,OFFBOARD
373,OUTBOUND,37.86,68.768,0.305,1.616,1.581,-0.469,-0.609,68.768,0.205,1.581,6.096,3.442,0,4.326,10.0,4.079,79.058,-0.478,1.788,0,0,0,OFFBOARD
374,OUTBOUND,37.96,68.972,0.218,1.638,1.581,-0.469,-0.609,68.972,0.118,1.581,5.899,3.242,0,4.405,10.0,4.129,79.158,-0.443,1.78,0,0,0,OFFBOARD
375,OUTBOUND,38.07,69.174,0.128,1.657,1.581,-0.469,-0.609,69.174,0.029,1.581,5.808,3.042,0,4.418,10.0,4.174,79.258,-0.375,1.768,0,0,0,OFFBOARD
376,OUTBOUND,38.17,69.378,0.036,1.675,1.581,-0.469,-0.609,69.378,-0.063,1.581,5.941,2.842,0,4.243,10.0,4.214,79.358,-0.275,1.756,0,0,0,OFFBOARD
377,OUTBOUND,38.27,69.58,-0.053,1.69,1.581,-0.469,-0.609,69.58,-0.153,1.581,6.162,2.642,0,4.043,10.0,4.255,79.458,-0.151,1.742,0,0,0,OFFBOARD
378,OUTBOUND,38.37,69.784,-0.14,1.702,1.581,-0.469,-0.609,69.784,-0.24,1.581,6.218,2.442,0,3.954,10.0,4.283,79.558,0.009,1.728,0,0,0,OFFBOARD
379,OUTBOUND,38.47,69.988,-0.218,1.712,1.581,-0.469,-0.609,69.988,-0.318,1.581,6.155,2.242,0,4.209,10.0,4.172,79.658,0.2,1.714,0,0,0,OFFBOARD
380,OUTBOUND,38.57,70.19,-0.285,1.719,1.581,-0.469,-0.609,70.19,-0.385,1.581,5.955,2.042,0,4.26,10.0,3.452,79.758,0.415,1.699,0,0,0,OFFBOARD
381,OUTBOUND,38.68,70.394,-0.337,1.724,1.581,-0.469,-0.609,70.394,-0.436,1.581,5.755,1.842,1,4.258,10.0,3.122,79.858,0.654,1.684,0,0,0,OFFBOARD
382,OUTBOUND,38.78,70.6,-0.369,1.726,1.581,-0.469,-0.609,70.6,-0.469,1.581,5.489,1.576,1,4.233,10.0,2.828,79.965,0.871,1.669,0,0,0,OFFBOARD
383,OUTBOUND,38.88,70.802,-0.38,1.727,1.581,-0.469,-0.609,70.802,-0.48,1.581,5.378,1.376,1,4.033,10.0,2.725,80.175,1.071,1.654,0,0,0,OFFBOARD
384,OUTBOUND,38.98,71.006,-0.365,1.725,1.581,-0.469,-0.609,71.006,-0.465,1.581,5.996,1.281,1,3.889,10.0,4.013,80.463,1.253,1.64,0,0,0,OFFBOARD
385,OUTBOUND,39.08,71.202,-0.326,1.722,1.581,-0.469,-0.609,71.202,-0.426,1.581,6.081,1.344,1,4.063,10.0,4.293,80.718,1.409,1.626,0,0,0,OFFBOARD
386,OUTBOUND,39.18,71.408,-0.259,1.717,1.581,-0.469,-0.609,71.408,-0.359,1.581,5.944,1.451,1,4.297,10.0,4.303,80.905,1.513,1.613,0,0,0,OFFBOARD
387,OUTBOUND,39.29,71.612,-0.165,1.71,1.581,-0.469,-0.609,71.612,-0.265,1.581,5.746,1.599,1,4.311,10.0,4.293,81.163,1.594,1.601,0,0,0,OFFBOARD
388,OUTBOUND,39.39,71.814,-0.05,1.703,1.581,-0.469,-0.609,71.814,-0.15,1.581,5.558,1.79,1,4.289,10.0,4.284,81.468,1.608,1.591,0,0,0,OFFBOARD
389,OUTBOUND,39.49,72.016,0.085,1.694,1.581,-0.469,-0.609,72.016,-0.015,1.581,5.928,3.783,0,4.087,10.0,4.275,81.761,1.542,1.581,0,0,0,OFFBOARD
390,OUTBOUND,39.59,72.218,0.235,1.685,1.581,-0.469,-0.609,72.218,0.135,1.581,5.936,3.732,0,3.927,10.0,4.264,81.951,1.506,1.571,0,0,0,OFFBOARD
391,OUTBOUND,39.69,72.42,0.395,1.676,1.581,-0.469,-0.609,72.42,0.295,1.581,5.904,3.442,0,3.898,10.0,4.239,82.075,1.485,1.559,0,0,0,OFFBOARD
392,OUTBOUND,39.79,72.622,0.559,1.666,1.581,-0.469,-0.609,72.622,0.459,1.581,5.874,3.18,0,4.151,10.0,4.209,82.175,1.472,1.54,0,0,0,OFFBOARD
393,OUTBOUND,39.89,72.826,0.724,1.655,1.581,-0.469,-0.609,72.826,0.624,1.581,5.755,2.941,0,4.135,10.0,4.191,82.275,1.458,1.519,0,0,0,OFFBOARD
394,OUTBOUND,39.99,73.03,0.882,1.644,1.581,-0.469,-0.609,73.03,0.782,1.581,5.602,2.72,0,4.048,10.0,4.168,82.375,1.428,1.502,0,0,0,OFFBOARD
395,OUTBOUND,40.1,73.232,1.027,1.632,1.581,-0.469,-0.609,73.232,0.927,1.581,5.4,2.534,0,3.921,6.656,4.135,82.475,1.378,1.491,0,0,0,OFFBOARD
396,OUTBOUND,40.2,73.434,1.158,1.62,1.581,-0.469,-0.609,73.434,1.058,1.581,5.202,2.4,0,3.833,6.458,4.101,82.635,1.329,1.474,0,0,0,OFFBOARD
397,OUTBOUND,40.3,73.636,1.274,1.607,1.581,-0.469,-0.609,73.636,1.174,1.581,5.002,2.297,0,3.746,6.258,4.068,82.896,1.277,1.453,0,0,0,OFFBOARD
398,OUTBOUND,40.4,73.838,1.373,1.594,1.581,-0.469,-0.609,73.838,1.273,1.581,4.802,2.189,0,3.546,6.058,4.036,83.222,1.215,1.431,0,0,0,OFFBOARD
399,OUTBOUND,40.5,74.042,1.455,1.58,1.581,-0.469,-0.609,74.042,1.355,1.581,4.602,2.065,0,3.346,5.654,3.985,83.592,1.128,1.408,0,0,0,OFFBOARD
400,OUTBOUND,40.6,74.244,1.519,1.565,1.581,-0.469,-0.609,74.244,1.42,1.581,4.402,1.889,1,3.146,4.638,3.924,83.99,1.014,1.387,0,0,0,OFFBOARD
401,OUTBOUND,40.7,74.446,1.567,1.55,1.581,-0.469,-0.609,74.446,1.467,1.581,4.202,1.689,1,2.946,5.077,3.876,84.402,0.862,1.371,0,0,0,OFFBOARD
402,OUTBOUND,40.8,74.648,1.597,1.534,1.581,-0.469,-0.609,74.648,1.497,1.581,4.002,1.503,1,2.746,5.075,3.833,84.82,0.673,1.362,0,0,0,OFFBOARD
403,OUTBOUND,40.91,74.852,1.611,1.518,1.581,-0.469,-0.609,74.852,1.511,1.581,3.802,1.489,1,2.736,5.058,3.802,85.248,0.462,1.36,0,0,0,OFFBOARD
404,OUTBOUND,41.01,75.054,1.607,1.502,1.581,-0.469,-0.609,75.054,1.507,1.581,3.646,1.743,1,3.35,4.858,3.72,85.682,0.255,1.363,0,0,0,OFFBOARD
405,OUTBOUND,41.11,75.256,1.584,1.486,1.581,-0.469,-0.609,75.256,1.484,1.581,4.451,1.788,1,3.4,4.656,3.719,86.119,0.051,1.367,0,0,0,OFFBOARD
406,OUTBOUND,41.21,75.46,1.54,1.472,1.581,-0.469,-0.609,75.46,1.441,1.581,4.458,1.89,1,3.202,4.537,3.68,86.559,-0.153,1.369,0,0,0,OFFBOARD
407,OUTBOUND,41.31,75.662,1.476,1.458,1.581,-0.469,-0.609,75.662,1.376,1.581,4.258,1.746,1,3.132,5.414,3.664,87.001,-0.355,1.37,0,0,0,OFFBOARD
408,OUTBOUND,41.41,75.864,1.39,1.446,1.581,-0.469,-0.609,75.864,1.29,1.581,4.994,2.085,0,3.85,5.214,3.672,87.446,-0.529,1.372,0,0,0,OFFBOARD
409,OUTBOUND,41.51,76.068,1.281,1.435,1.581,-0.469,-0.609,76.068,1.181,1.581,4.946,2.32,0,3.79,6.203,3.647,87.892,-0.647,1.373,0,0,0,OFFBOARD
410,OUTBOUND,41.62,76.27,1.153,1.426,1.581,-0.469,-0.609,76.27,1.053,1.581,4.966,2.334,0,3.701,10.0,3.63,88.34,-0.723,1.375,0,0,0,OFFBOARD
411,OUTBOUND,41.72,76.474,1.006,1.417,1.581,-0.469,-0.609,76.474,0.906,1.581,5.262,2.721,0,4.38,6.958,3.617,88.788,-0.787,1.386,0,0,0,OFFBOARD
412,OUTBOUND,41.82,76.678,0.846,1.41,1.581,-0.469,-0.609,76.678,0.746,1.581,5.301,2.957,0,4.346,6.758,3.606,89.237,-0.807,1.399,0,0,0,OFFBOARD
413,OUTBOUND,41.92,76.88,0.678,1.405,1.581,-0.469,-0.609,76.88,0.578,1.581,5.348,2.988,0,4.228,6.556,3.591,89.682,-0.776,1.414,0,0,0,OFFBOARD
414,OUTBOUND,42.02,77.084,0.502,1.401,1.581,-0.469,-0.609,77.084,0.402,1.581,5.406,2.912,0,4.795,6.358,3.576,90.106,-0.701,1.433,0,0,0,OFFBOARD
415,OUTBOUND,42.12,77.286,0.324,1.399,1.581,-0.469,-0.609,77.286,0.225,1.581,5.457,2.676,0,4.818,6.158,3.569,90.403,-0.587,1.452,0,0,0,OFFBOARD
416,OUTBOUND,42.22,77.488,0.149,1.399,1.581,-0.469,-0.609,77.488,0.049,1.581,5.361,2.361,0,4.738,5.958,3.571,90.604,-0.448,1.467,0,0,0,OFFBOARD
417,OUTBOUND,42.33,77.692,-0.023,1.4,1.581,-0.469,-0.609,77.692,-0.123,1.581,5.264,2.135,0,4.603,5.758,3.578,90.739,-0.276,1.476,0,0,0,OFFBOARD
418,OUTBOUND,42.43,77.894,-0.183,1.403,1.581,-0.469,-0.609,77.894,-0.283,1.581,5.184,1.89,1,4.473,5.556,3.578,90.839,-0.04,1.48,0,0,0,OFFBOARD
419,OUTBOUND,42.53,78.096,-0.326,1.408,1.581,-0.469,-0.609,78.096,-0.426,1.581,5.141,1.722,1,4.45,5.426,3.577,91.023,0.198,1.492,0,0,0,OFFBOARD
420,OUTBOUND,42.63,78.298,-0.448,1.413,1.581,-0.469,-0.609,78.298,-0.548,1.581,5.08,1.368,1,4.945,5.158,3.485,91.216,0.441,1.51,0,0,0,OFFBOARD
421,OUTBOUND,42.73,78.502,-0.545,1.42,1.581,-0.469,-0.609,78.502,-0.644,1.581,5.056,1.111,1,4.966,5.636,3.284,91.369,0.685,1.53,0,0,0,OFFBOARD
422,OUTBOUND,42.83,78.704,-0.609,1.427,1.581,-0.469,-0.609,78.704,-0.709,1.581,5.058,0.864,1,4.859,10.0,3.499,91.509,0.939,1.552,0,0,0,OFFBOARD
423,OUTBOUND,42.93,78.908,-0.639,1.436,1.581,-0.469,-0.609,78.908,-0.739,1.581,5.071,0.638,1,4.659,10.0,3.62,91.756,1.136,1.574,0,1,0,OFFBOARD
424,OUTBOUND,43.04,79.11,-0.632,1.445,1.581,-0.469,-0.609,79.11,-0.732,1.581,5.088,0.537,1,4.525,10.0,3.634,92.073,1.222,1.597,0,1,0,OFFBOARD
425,OUTBOUND,43.14,79.314,-0.589,1.457,1.581,-0.469,-0.609,79.314,-0.689,1.581,5.145,3.003,0,4.452,10.0,3.667,92.432,1.174,1.609,0,0,0,OFFBOARD
426,OUTBOUND,43.24,79.516,-0.512,1.469,1.581,-0.469,-0.609,79.516,-0.612,1.581,5.213,3.013,0,4.81,10.0,3.697,92.668,1.169,1.611,0,0,0,OFFBOARD
427,OUTBOUND,43.34,79.72,-0.406,1.481,1.581,-0.469,-0.609,79.72,-0.506,1.581,5.309,3.442,0,4.827,10.0,3.735,92.822,1.178,1.607,0,0,0,OFFBOARD
428,OUTBOUND,43.44,79.924,-0.277,1.494,1.581,-0.469,-0.609,79.924,-0.377,1.581,5.339,3.558,0,4.826,10.0,3.778,92.924,1.19,1.597,0,0,0,OFFBOARD
429,OUTBOUND,43.54,80.126,-0.134,1.506,1.581,-0.469,-0.609,80.126,-0.234,1.581,4.186,3.358,0,4.715,3.882,3.7,93.024,1.205,1.583,0,0,0,OFFBOARD
430,OUTBOUND,43.64,80.326,0.017,1.517,1.581,-0.469,-0.609,80.326,-0.082,1.581,3.158,3.158,0,4.515,3.158,3.158,93.124,1.161,1.566,0,0,0,OFFBOARD
431,OUTBOUND,43.75,80.532,0.177,1.527,1.581,-0.469,-0.609,80.532,0.077,1.581,2.956,2.956,0,4.332,2.956,2.956,93.224,1.071,1.545,0,0,0,OFFBOARD
432,OUTBOUND,43.85,80.73,0.329,1.535,1.581,-0.469,-0.609,80.73,0.229,1.581,2.756,2.756,0,4.296,2.756,2.756,93.324,0.999,1.523,0,0,0,OFFBOARD
433,OUTBOUND,43.95,80.936,0.481,1.54,1.581,-0.469,-0.609,80.936,0.381,1.581,2.492,2.492,0,4.544,2.492,2.492,93.424,0.892,1.499,0,0,0,OFFBOARD
434,OUTBOUND,44.05,81.138,0.621,1.543,1.581,-0.469,-0.609,81.138,0.521,1.581,2.292,2.292,0,4.525,2.292,2.292,93.524,0.785,1.479,0,0,0,OFFBOARD
435,OUTBOUND,44.15,81.342,0.75,1.544,1.581,-0.469,-0.609,81.342,0.65,1.581,2.092,2.092,0,4.496,2.092,2.092,93.627,0.676,1.468,0,0,0,OFFBOARD
436,OUTBOUND,44.25,81.546,0.862,1.542,1.581,-0.469,-0.609,81.546,0.762,1.581,1.892,1.892,1,4.418,1.892,1.892,93.833,0.607,1.465,0,0,0,OFFBOARD
437,OUTBOUND,44.35,81.748,0.955,1.539,1.581,-0.469,-0.609,81.748,0.855,1.581,1.692,1.692,1,4.305,1.692,1.692,94.099,0.511,1.461,0,0,0,OFFBOARD
438,OUTBOUND,44.46,81.952,1.028,1.534,1.581,-0.469,-0.609,81.952,0.928,1.581,1.49,1.49,1,4.103,1.49,1.49,94.402,0.468,1.453,0,0,0,OFFBOARD
439,OUTBOUND,44.56,82.156,1.079,1.529,1.581,-0.469,-0.609,82.156,0.979,1.581,1.292,1.292,1,3.905,1.292,1.292,94.663,0.527,1.442,0,0,0,OFFBOARD
440,OUTBOUND,44.66,82.358,1.108,1.523,1.581,-0.469,-0.609,82.358,1.008,1.581,1.092,1.092,1,3.705,1.092,1.092,94.897,0.591,1.431,0,0,0,OFFBOARD
441,OUTBOUND,44.76,82.56,1.117,1.516,1.581,-0.469,-0.609,82.56,1.017,1.581,0.892,0.892,1,3.598,0.892,0.892,95.118,0.596,1.419,0,0,0,OFFBOARD
442,OUTBOUND,44.86,82.762,1.108,1.508,1.581,-0.469,-0.609,82.762,1.008,1.581,0.692,0.692,1,3.999,0.774,0.692,95.327,0.524,1.417,0,1,0,OFFBOARD
443,OUTBOUND,44.96,82.962,1.086,1.5,1.581,-0.469,-0.609,82.962,0.986,1.581,0.492,0.492,1,4.106,0.73,0.492,95.502,0.449,1.42,0,1,0,OFFBOARD
444,OUTBOUND,45.06,83.166,1.053,1.492,1.581,-0.469,-0.609,83.166,0.953,1.581,0.315,0.292,1,4.103,0.676,0.292,95.654,0.386,1.427,1,0,0,OFFBOARD
445,OUTBOUND,45.17,83.24,1.045,1.484,1.581,-0.469,-0.609,83.24,0.945,1.581,0.292,0.272,1,4.031,0.626,0.194,95.783,0.317,1.436,1,0,0,OFFBOARD
446,OUTBOUND,45.27,83.238,1.052,1.488,1.581,-0.469,-0.609,83.238,0.952,1.581,0.264,0.246,1,4.019,0.522,0.18,95.893,0.246,1.446,1,0,0,OFFBOARD
447,OUTBOUND,45.37,83.237,1.055,1.499,1.581,-0.469,-0.609,83.237,0.955,1.581,0.246,0.228,1,5.14,0.438,0.176,95.993,0.176,1.454,1,0,0,OFFBOARD
448,OUTBOUND,45.47,83.238,1.053,1.513,1.581,-0.469,-0.609,83.238,0.954,1.581,0.231,0.213,1,6.028,0.372,0.174,96.093,0.105,1.462,1,0,0,OFFBOARD
449,OUTBOUND,45.57,83.239,1.048,1.529,1.581,-0.469,-0.609,83.239,0.948,1.581,0.221,0.204,1,6.691,0.328,0.173,96.193,0.033,1.47,1,0,0,OFFBOARD
450,OUTBOUND,45.67,83.238,1.042,1.545,1.581,-0.469,-0.609,83.238,0.942,1.581,0.216,0.2,1,6.673,0.305,0.175,96.293,-0.04,1.477,1,0,0,OFFBOARD
451,OUTBOUND,45.77,83.238,1.037,1.559,1.581,-0.469,-0.609,83.238,0.937,1.581,0.215,0.198,1,0.933,0.294,0.178,96.393,-0.112,1.484,1,0,0,OFFBOARD
452,OUTBOUND,45.87,83.24,1.032,1.574,1.581,-0.469,-0.609,83.24,0.932,1.581,0.219,0.198,1,0.763,0.291,0.181,96.563,-0.182,1.482,1,0,0,OFFBOARD
453,OUTBOUND,45.98,83.242,1.027,1.588,1.581,-0.469,-0.609,83.242,0.927,1.581,0.225,0.199,1,0.676,0.294,0.189,96.806,-0.249,1.471,1,0,0,OFFBOARD
454,OUTBOUND,46.08,83.245,1.019,1.604,1.581,-0.469,-0.609,83.245,0.919,1.581,0.232,0.199,1,0.618,0.298,0.197,97.099,-0.311,1.454,1,0,0,OFFBOARD
455,OUTBOUND,46.18,83.247,1.007,1.619,1.581,-0.469,-0.609,83.247,0.908,1.581,0.238,0.2,1,0.566,0.299,0.205,97.418,-0.37,1.433,1,0,0,OFFBOARD
456,OUTBOUND,46.28,83.249,0.991,1.635,1.581,-0.469,-0.609,83.249,0.891,1.581,0.243,0.2,1,0.504,0.297,0.212,97.749,-0.424,1.407,1,0,0,OFFBOARD
457,OUTBOUND,46.38,83.252,0.969,1.65,1.581,-0.469,-0.609,83.252,0.869,1.581,0.245,0.2,1,0.463,0.293,0.215,98.093,-0.477,1.377,1,0,0,OFFBOARD
458,OUTBOUND,46.49,83.257,0.942,1.667,1.581,-0.469,-0.609,83.257,0.842,1.581,0.245,0.199,1,0.425,0.287,0.217,98.444,-0.53,1.343,1,0,0,OFFBOARD
459,OUTBOUND,46.59,83.267,0.912,1.686,1.581,-0.469,-0.609,83.267,0.812,1.581,0.244,0.199,1,0.389,0.28,0.225,98.799,-0.582,1.306,1,0,0,OFFBOARD
460,OUTBOUND,46.69,83.287,0.881,1.71,1.581,-0.469,-0.609,83.287,0.781,1.581,0.244,0.198,1,0.354,0.273,0.237,99.156,-0.634,1.263,1,0,0,OFFBOARD
461,OUTBOUND,46.79,83.322,0.851,1.738,1.581,-0.469,-0.609,83.322,0.751,1.581,0.25,0.2,1,0.32,0.265,0.248,99.497,-0.682,1.214,1,0,0,OFFBOARD
462,OUTBOUND,46.89,83.399,0.828,1.777,1.581,-0.469,-0.609,83.399,0.728,1.581,0.258,0.201,1,0.282,0.257,0.278,99.818,-0.723,1.158,1,0,0,OFFBOARD
463,OUTBOUND,46.99,83.557,0.822,1.791,1.581,-0.469,-0.609,83.557,0.722,1.581,0.232,0.181,1,0.22,0.238,2.145,100.0,-0.769,1.098,1,0,0,OFFBOARD
464,OUTBOUND,47.09,83.668,0.822,1.744,1.581,-0.469,-0.609,83.668,0.722,1.581,0.18,0.143,1,0.163,0.204,2.433,100.0,-0.813,1.053,1,0,0,OFFBOARD
465,OUTBOUND,47.2,83.737,0.826,1.676,1.581,-0.469,-0.609,83.737,0.726,1.581,0.114,0.094,1,0.098,0.142,0.279,100.0,-0.864,1.024,1,0,0,OFFBOARD
466,OUTBOUND,47.3,83.777,0.832,1.648,1.581,-0.469,-0.609,83.777,0.732,1.581,0.078,0.069,1,0.063,0.11,2.236,100.0,-0.927,0.996,1,0,0,OFFBOARD
467,OUTBOUND,47.4,83.791,0.836,1.641,1.581,-0.469,-0.609,83.791,0.736,1.581,0.081,0.074,1,0.063,0.123,2.091,100.0,-0.993,0.975,1,0,0,OFFBOARD
468,OUTBOUND,47.5,83.789,0.837,1.642,1.581,-0.469,-0.609,83.789,0.737,1.581,0.091,0.083,1,0.068,0.145,2.25,100.0,-1.059,0.959,1,0,0,OFFBOARD
469,OUTBOUND,47.6,83.776,0.836,1.648,1.581,-0.469,-0.609,83.776,0.736,1.581,0.097,0.085,1,0.075,0.152,2.477,100.0,-1.124,0.944,1,0,0,OFFBOARD
470,OUTBOUND,47.7,83.756,0.83,1.657,1.581,-0.469,-0.609,83.756,0.73,1.581,0.099,0.082,1,0.079,0.143,2.692,100.0,-1.183,0.931,1,0,0,OFFBOARD
471,OUTBOUND,47.8,83.735,0.833,1.676,1.581,-0.469,-0.609,83.735,0.733,1.581,0.116,0.092,1,0.096,0.157,3.525,100.0,-1.235,0.917,1,0,0,OFFBOARD
472,OUTBOUND,47.91,83.723,0.844,1.684,1.581,-0.469,-0.609,83.723,0.744,1.581,0.144,0.11,1,0.119,0.192,3.83,100.0,-1.073,0.904,1,0,0,OFFBOARD
473,OUTBOUND,48.01,83.717,0.86,1.678,1.581,-0.469,-0.609,83.717,0.76,1.581,0.158,0.118,1,0.129,3.941,4.695,100.0,-0.783,0.893,1,0,0,OFFBOARD
474,OUTBOUND,48.11,83.715,0.878,1.663,1.581,-0.469,-0.609,83.715,0.778,1.581,0.163,0.118,1,0.131,4.539,4.868,100.0,-0.485,0.886,1,0,0,OFFBOARD
475,OUTBOUND,48.21,83.721,0.881,1.657,1.581,-0.469,-0.609,83.721,0.781,1.581,4.325,0.126,1,0.14,6.085,4.704,100.0,-0.416,0.878,1,0,0,OFFBOARD
476,OUTBOUND,48.31,83.72,0.874,1.666,1.581,-0.469,-0.609,83.72,0.774,1.581,5.014,2.815,0,3.682,10.0,4.691,100.0,-0.498,0.858,0,0,0,OFFBOARD
477,OUTBOUND,48.41,83.72,0.856,1.684,1.581,-0.469,-0.609,83.72,0.756,1.581,5.476,2.833,0,3.982,10.0,4.734,100.0,-0.572,0.839,0,0,0,OFFBOARD
478,OUTBOUND,48.51,83.726,0.832,1.703,1.581,-0.469,-0.609,83.726,0.732,1.581,5.798,2.425,0,4.204,10.0,4.728,100.0,-0.662,0.821,0,0,0,OFFBOARD
479,OUTBOUND,48.62,83.73,0.802,1.72,1.581,-0.469,-0.609,83.73,0.702,1.581,4.871,2.385,0,3.84,6.048,4.867,100.0,-0.766,0.802,0,0,0,OFFBOARD
480,OUTBOUND,48.72,83.732,0.767,1.734,1.581,-0.469,-0.609,83.732,0.667,1.581,4.847,2.401,0,3.705,6.027,5.559,100.0,-0.829,0.772,0,0,0,OFFBOARD
481,OUTBOUND,48.82,83.729,0.731,1.744,1.581,-0.469,-0.609,83.729,0.631,1.581,4.794,2.404,0,3.696,6.045,5.823,100.0,-0.864,0.732,0,0,0,OFFBOARD
482,OUTBOUND,48.92,83.725,0.689,1.749,1.581,-0.469,-0.609,83.725,0.589,1.581,4.678,2.395,0,3.641,6.063,6.086,100.0,-0.881,0.687,0,0,0,OFFBOARD
483,OUTBOUND,49.02,83.721,0.642,1.745,1.581,-0.469,-0.609,83.721,0.542,1.581,4.644,2.387,0,3.585,6.076,10.0,100.0,-0.886,0.643,0,0,0,OFFBOARD
484,OUTBOUND,49.13,83.718,0.808,1.736,1.581,-0.469,-0.609,83.718,0.708,1.581,3.729,2.389,0,2.623,4.894,10.0,100.0,-0.891,0.608,0,0,0,OFFBOARD
485,OUTBOUND,49.23,83.76,1.298,1.716,1.581,-0.469,-0.609,83.76,1.199,1.581,2.355,2.036,0,1.847,2.691,5.981,100.0,-0.839,0.6,0,0,0,OFFBOARD
486,OUTBOUND,49.33,83.853,1.941,1.68,1.581,-0.469,-0.609,83.853,1.841,1.581,1.007,0.863,1,0.884,1.237,2.115,100.0,-0.728,0.6,0,0,0,OFFBOARD
487,OUTBOUND,49.43,83.878,2.237,1.693,1.581,-0.469,-0.609,83.877,2.137,1.581,0.231,0.172,1,0.203,0.269,0.831,100.0,-0.579,0.622,1,0,0,OFFBOARD
488,OUTBOUND,49.53,83.876,2.24,1.701,1.581,-0.469,-0.609,83.876,2.14,1.581,0.196,0.156,1,0.174,0.228,0.74,100.0,-0.499,0.644,1,0,0,OFFBOARD
489,OUTBOUND,49.63,83.878,2.237,1.689,1.581,-0.469,-0.609,83.878,2.137,1.581,0.196,0.157,1,0.175,0.227,0.738,100.0,-0.451,0.664,1,0,0,OFFBOARD
490,OUTBOUND,49.73,83.885,2.232,1.662,1.581,-0.469,-0.609,83.885,2.132,1.581,0.2,0.16,1,0.178,0.23,0.741,100.0,-0.418,0.68,1,0,0,OFFBOARD
491,OUTBOUND,49.83,83.899,2.23,1.624,1.581,-0.469,-0.609,83.899,2.13,1.581,0.234,0.181,1,0.212,0.262,0.77,100.0,-0.387,0.695,1,0,0,OFFBOARD
492,OUTBOUND,49.94,83.93,2.234,1.578,1.581,-0.469,-0.609,83.93,2.134,1.581,0.27,0.2,1,0.245,0.296,0.709,100.0,-0.357,0.704,1,0,0,OFFBOARD
493,OUTBOUND,50.04,83.99,2.247,1.525,1.581,-0.469,-0.609,83.99,2.147,1.581,0.316,0.222,1,0.286,0.342,0.728,100.0,-0.304,0.71,1,0,0,OFFBOARD
494,OUTBOUND,50.14,84.092,2.273,1.465,1.581,-0.469,-0.609,84.092,2.173,1.581,0.365,0.26,1,0.329,0.393,0.854,100.0,-0.212,0.709,1,0,0,OFFBOARD
495,OUTBOUND,50.24,84.239,2.313,1.399,1.581,-0.469,-0.609,84.239,2.213,1.581,0.399,0.338,1,0.396,0.428,0.539,100.0,-0.1,0.702,1,0,0,OFFBOARD
496,OUTBOUND,50.34,84.421,2.363,1.333,1.581,-0.469,-0.609,84.421,2.263,1.581,0.509,0.48,1,0.532,0.506,0.566,100.0,0.066,0.693,0,1,0,OFFBOARD
497,OUTBOUND,50.44,84.627,2.42,1.267,1.581,-0.469,-0.609,84.627,2.32,1.581,0.659,0.407,1,0.69,0.672,0.651,100.0,0.319,0.677,0,1,0,OFFBOARD
498,OUTBOUND,50.54,84.67,2.405,1.213,1.581,-0.469,-0.609,84.67,2.305,1.581,0.758,0.449,1,0.758,0.76,0.758,100.0,0.667,0.657,0,1,0,OFFBOARD
499,OUTBOUND,50.65,84.693,2.381,1.16,1.581,-0.469,-0.609,84.693,2.281,1.581,0.807,0.571,1,0.769,0.788,0.845,100.0,1.017,0.631,0,1,0,OFFBOARD
500,OUTBOUND,50.75,84.716,2.353,1.108,1.581,-0.469,-0.609,84.716,2.254,1.581,1.59,0.667,1,0.864,1.018,1.439,100.0,1.367,0.602,0,1,0,OFFBOARD
501,OUTBOUND,50.85,84.748,2.318,1.055,1.581,-0.469,-0.609,84.748,2.218,1.581,1.719,0.736,1,0.991,1.875,1.828,100.0,1.698,0.6,0,1,0,OFFBOARD
502,OUTBOUND,50.95,84.796,2.274,1.005,1.581,-0.469,-0.609,84.796,2.174,1.581,1.7,0.781,1,1.051,1.836,2.007,100.0,1.997,0.6,0,1,0,OFFBOARD
503,OUTBOUND,51.05,84.87,2.223,0.957,1.581,-0.469,-0.609,84.87,2.123,1.581,1.202,0.802,1,1.128,1.254,1.986,100.0,2.264,0.632,0,0,0,OFFBOARD
504,OUTBOUND,51.15,84.974,2.171,0.913,1.581,-0.469,-0.609,84.974,2.071,1.581,1.218,0.799,1,1.219,1.224,1.993,100.0,2.5,0.664,0,1,0,OFFBOARD
505,OUTBOUND,51.25,85.107,2.129,0.874,1.581,-0.469,-0.609,85.107,2.03,1.581,1.301,0.862,1,1.299,1.288,1.438,100.0,2.5,0.695,0,0,0,OFFBOARD
506,OUTBOUND,51.36,85.271,2.112,0.84,1.581,-0.469,-0.609,85.271,2.012,1.581,1.304,0.696,1,1.098,1.418,1.381,100.0,2.5,0.726,0,1,0,OFFBOARD
507,OUTBOUND,51.46,85.457,2.128,0.812,1.581,-0.469,-0.609,85.457,2.028,1.581,1.132,0.534,1,1.106,1.15,1.15,100.0,2.5,0.766,0,1,0,OFFBOARD
508,OUTBOUND,51.56,85.661,2.182,0.79,1.581,-0.469,-0.609,85.661,2.082,1.581,0.743,0.447,1,0.664,0.862,1.007,100.0,2.5,0.814,0,1,0,OFFBOARD
509,OUTBOUND,51.66,85.88,2.27,0.774,1.581,-0.469,-0.609,85.88,2.17,1.581,0.499,0.339,1,0.55,0.488,0.681,100.0,2.5,0.822,1,0,0,OFFBOARD
510,OUTBOUND,51.76,86.092,2.371,0.763,1.581,-0.469,-0.609,86.092,2.271,1.581,0.339,0.242,1,0.368,0.33,0.394,100.0,2.5,0.839,1,0,0,OFFBOARD
511,OUTBOUND,51.86,86.136,2.368,0.748,1.581,-0.469,-0.609,86.136,2.268,1.581,0.403,0.269,1,0.487,0.39,0.446,100.0,2.5,0.862,1,0,0,OFFBOARD
512,OUTBOUND,51.96,86.17,2.371,0.742,1.581,-0.469,-0.609,86.17,2.271,1.581,0.513,0.311,1,0.886,0.491,0.532,100.0,2.5,0.889,1,0,0,OFFBOARD
513,OUTBOUND,52.07,86.199,2.377,0.744,1.581,-0.469,-0.609,86.199,2.277,1.581,0.659,0.353,1,0.836,0.69,0.651,100.0,2.5,0.92,0,1,0,OFFBOARD
514,OUTBOUND,52.17,86.231,2.386,0.751,1.581,-0.469,-0.609,86.231,2.286,1.581,0.928,0.41,1,0.92,1.098,0.86,100.0,2.5,0.938,0,1,0,OFFBOARD
515,OUTBOUND,52.27,86.247,2.393,0.768,1.581,-0.469,-0.609,86.247,2.293,1.581,1.137,0.463,1,0.982,1.134,1.432,100.0,2.5,0.961,0,1,0,OFFBOARD
516,OUTBOUND,52.37,86.254,2.397,0.789,1.581,-0.469,-0.609,86.254,2.297,1.581,1.103,0.469,1,0.877,1.133,2.16,100.0,2.5,0.977,0,1,0,OFFBOARD
517,OUTBOUND,52.47,86.26,2.403,0.809,1.581,-0.469,-0.609,86.26,2.303,1.581,1.014,0.473,1,0.799,1.129,2.267,100.0,2.5,0.982,0,1,0,OFFBOARD
518,OUTBOUND,52.57,86.266,2.41,0.829,1.581,-0.469,-0.609,86.266,2.31,1.581,0.931,0.476,1,0.728,1.126,2.308,100.0,2.5,0.978,0,1,0,OFFBOARD
519,OUTBOUND,52.67,86.272,2.42,0.848,1.581,-0.469,-0.609,86.272,2.32,1.581,0.85,0.478,1,0.665,1.122,2.337,100.0,2.5,0.982,0,1,0,OFFBOARD
520,OUTBOUND,52.78,86.279,2.434,0.869,1.581,-0.469,-0.609,86.279,2.334,1.581,0.765,0.477,1,0.614,1.116,3.442,100.0,2.5,0.992,0,1,0,OFFBOARD
521,OUTBOUND,52.88,86.287,2.454,0.893,1.581,-0.469,-0.609,86.287,2.354,1.581,0.701,0.47,1,0.577,1.104,3.6,100.0,2.5,0.989,0,1,0,OFFBOARD
522,OUTBOUND,52.98,86.297,2.485,0.922,1.581,-0.469,-0.609,86.297,2.385,1.581,0.65,0.452,1,0.518,1.022,6.13,100.0,2.5,0.975,0,1,0,OFFBOARD
523,OUTBOUND,53.08,86.317,2.494,0.946,1.581,-0.469,-0.609,86.317,2.394,1.581,0.642,0.463,1,0.499,1.127,6.525,100.0,2.5,0.954,0,1,0,OFFBOARD
524,OUTBOUND,53.18,86.335,2.501,0.965,1.581,-0.469,-0.609,86.335,2.401,1.581,0.933,0.516,1,0.588,1.164,2.322,100.0,2.5,0.929,0,1,0,OFFBOARD
525,OUTBOUND,53.28,86.333,2.506,0.982,1.581,-0.469,-0.609,86.333,2.406,1.581,0.719,0.612,1,0.14,1.171,2.459,100.0,2.5,0.902,0,1,0,OFFBOARD
526,OUTBOUND,53.38,86.329,2.503,0.964,1.581,-0.469,-0.609,86.329,2.403,1.581,0.617,0.617,1,0.118,1.158,4.156,100.0,2.5,0.872,0,1,0,OFFBOARD
527,OUTBOUND,53.49,86.338,2.502,0.961,1.581,-0.469,-0.609,86.338,2.402,1.581,0.716,0.716,1,0.158,1.215,4.124,100.0,2.5,0.839,0,1,0,OFFBOARD
528,OUTBOUND,53.59,86.348,2.507,0.969,1.581,-0.469,-0.609,86.348,2.407,1.581,0.187,0.187,1,0.121,1.149,3.047,100.0,2.452,0.804,1,0,0,OFFBOARD
529,OUTBOUND,53.69,86.357,2.507,0.964,1.581,-0.469,-0.609,86.357,2.407,1.581,0.238,0.236,1,0.143,1.314,2.865,100.0,2.419,0.767,1,0,0,OFFBOARD
530,OUTBOUND,53.79,86.369,2.507,0.958,1.581,-0.469,-0.609,86.369,2.407,1.581,0.804,0.316,1,0.176,1.342,2.313,100.0,2.375,0.73,1,0,0,OFFBOARD
531,OUTBOUND,53.89,86.372,2.506,0.961,1.581,-0.469,-0.609,86.372,2.406,1.581,0.368,0.325,1,0.201,1.311,2.403,100.0,2.325,0.694,1,0,0,OFFBOARD
532,OUTBOUND,53.99,86.371,2.506,0.964,1.581,-0.469,-0.609,86.371,2.406,1.581,0.369,0.332,1,0.21,1.283,2.367,100.0,2.287,0.659,1,0,0,OFFBOARD
533,OUTBOUND,54.1,86.37,2.505,0.965,1.581,-0.469,-0.609,86.37,2.405,1.581,0.393,0.353,1,0.233,1.402,2.4,100.0,2.247,0.623,0,1,0,OFFBOARD
534,OUTBOUND,54.2,86.366,2.505,0.972,1.581,-0.469,-0.609,86.366,2.405,1.581,0.399,0.357,1,0.24,1.466,2.418,100.0,2.205,0.6,0,1,0,OFFBOARD
535,OUTBOUND,54.3,86.362,2.504,0.977,1.581,-0.469,-0.609,86.362,2.404,1.581,0.375,0.337,1,0.223,1.325,2.368,100.0,2.167,0.6,1,0,0,OFFBOARD
536,OUTBOUND,54.4,86.36,2.504,0.98,1.581,-0.469,-0.609,86.36,2.404,1.581,0.373,0.334,1,0.221,1.32,2.366,100.0,2.13,0.6,1,0,0,OFFBOARD
537,OUTBOUND,54.5,86.357,2.504,0.985,1.581,-0.469,-0.609,86.357,2.404,1.581,0.358,0.321,1,0.21,1.268,2.345,100.0,2.095,0.6,1,0,0,OFFBOARD
538,OUTBOUND,54.6,86.355,2.503,0.988,1.581,-0.469,-0.609,86.355,2.403,1.581,0.36,0.322,1,0.212,1.285,2.353,100.0,2.059,0.6,1,0,0,OFFBOARD
539,OUTBOUND,54.71,86.353,2.503,0.99,1.581,-0.469,-0.609,86.353,2.403,1.581,0.368,0.328,1,0.219,1.327,2.372,100.0,2.019,0.6,1,0,0,OFFBOARD
540,OUTBOUND,54.81,86.351,2.503,0.993,1.581,-0.469,-0.609,86.351,2.403,1.581,0.373,0.331,1,0.223,1.353,2.383,100.0,1.977,0.6,1,0,0,OFFBOARD
541,OUTBOUND,54.91,86.348,2.502,0.996,1.581,-0.469,-0.609,86.348,2.402,1.581,0.398,0.334,1,0.227,1.395,2.4,100.0,1.932,0.6,1,0,0,OFFBOARD
542,OUTBOUND,55.01,86.346,2.502,0.999,1.581,-0.469,-0.609,86.346,2.402,1.581,0.849,0.337,1,0.232,1.44,2.415,100.0,1.894,0.6,1,0,0,OFFBOARD
543,OUTBOUND,55.11,86.342,2.502,1.003,1.581,-0.469,-0.609,86.342,2.402,1.581,0.843,0.329,1,0.225,1.39,2.397,100.0,1.856,0.6,1,0,0,OFFBOARD
544,OUTBOUND,55.21,86.34,2.502,1.006,1.581,-0.469,-0.609,86.34,2.402,1.581,0.834,0.321,1,0.218,1.356,2.382,100.0,1.819,0.6,1,0,0,OFFBOARD
545,OUTBOUND,55.31,86.336,2.501,1.01,1.581,-0.469,-0.609,86.336,2.401,1.581,0.822,0.314,1,0.212,1.329,2.368,100.0,1.781,0.6,1,0,0,OFFBOARD
546,OUTBOUND,55.41,86.333,2.501,1.013,1.581,-0.469,-0.609,86.333,2.401,1.581,0.807,0.306,1,0.204,1.301,2.352,100.0,1.745,0.6,1,0,0,OFFBOARD
547,OUTBOUND,55.52,86.329,2.501,1.017,1.581,-0.469,-0.609,86.329,2.401,1.581,0.785,0.295,1,0.194,1.265,2.316,100.0,1.708,0.6,1,0,0,OFFBOARD
548,OUTBOUND,55.62,86.326,2.501,1.021,1.581,-0.469,-0.609,86.326,2.401,1.581,0.751,0.279,1,0.179,1.215,2.235,100.0,1.671,0.6,1,0,0,OFFBOARD
549,OUTBOUND,55.72,86.325,2.501,1.022,1.581,-0.469,-0.609,86.324,2.401,1.581,0.704,0.262,1,0.164,1.171,2.157,100.0,1.632,0.6,1,0,0,OFFBOARD
550,OUTBOUND,55.82,86.324,2.501,1.022,1.581,-0.469,-0.609,86.324,2.401,1.581,0.277,0.257,1,0.159,1.16,2.131,100.0,1.585,0.6,1,0,0,OFFBOARD
551,OUTBOUND,55.92,86.325,2.501,1.022,1.581,-0.469,-0.609,86.324,2.401,1.581,0.274,0.257,1,0.159,1.154,2.127,100.0,1.538,0.6,1,0,0,OFFBOARD
552,OUTBOUND,56.02,86.324,2.501,1.022,1.581,-0.469,-0.609,86.324,2.401,1.581,0.291,0.261,1,0.162,1.163,2.147,100.0,1.491,0.6,1,0,0,OFFBOARD
553,OUTBOUND,56.12,86.325,2.501,1.022,1.581,-0.469,-0.609,86.325,2.402,1.581,0.267,0.254,1,0.157,1.143,2.11,100.0,1.444,0.6,1,0,0,OFFBOARD
554,OUTBOUND,56.23,86.325,2.501,1.021,1.581,-0.469,-0.609,86.325,2.401,1.581,0.292,0.262,1,0.164,1.157,2.15,100.0,1.398,0.6,1,0,0,OFFBOARD
555,OUTBOUND,56.33,86.325,2.501,1.021,1.581,-0.469,-0.609,86.325,2.401,1.581,0.301,0.265,1,0.167,1.162,2.165,100.0,1.353,0.6,1,0,0,OFFBOARD
556,OUTBOUND,56.43,86.325,2.501,1.02,1.581,-0.469,-0.609,86.325,2.401,1.581,0.706,0.269,1,0.171,1.172,2.187,100.0,1.315,0.6,1,0,0,OFFBOARD
557,OUTBOUND,56.53,86.326,2.501,1.019,1.581,-0.469,-0.609,86.326,2.401,1.581,0.741,0.278,1,0.179,1.197,2.234,100.0,1.279,0.6,1,0,0,OFFBOARD
558,OUTBOUND,56.63,86.328,2.501,1.016,1.581,-0.469,-0.609,86.328,2.401,1.581,0.793,0.299,1,0.2,1.274,2.331,100.0,1.242,0.6,1,0,0,OFFBOARD
559,OUTBOUND,56.73,86.329,2.5,1.014,1.581,-0.469,-0.609,86.329,2.4,1.581,0.876,0.333,1,0.242,1.482,2.416,100.0,1.203,0.6,1,0,0,OFFBOARD
560,OUTBOUND,56.83,86.325,2.5,1.019,1.581,-0.469,-0.609,86.325,2.4,1.581,0.948,0.339,1,0.258,1.497,2.435,100.0,1.185,0.6,1,0,0,OFFBOARD
561,OUTBOUND,56.94,86.322,2.5,1.022,1.581,-0.469,-0.609,86.322,2.4,1.581,0.826,0.311,1,0.22,1.343,2.358,100.0,1.147,0.6,1,0,0,OFFBOARD
562,OUTBOUND,57.04,86.323,2.5,1.021,1.581,-0.469,-0.609,86.323,2.4,1.581,0.821,0.309,1,0.217,1.331,2.354,100.0,1.11,0.6,1,0,0,OFFBOARD
563,OUTBOUND,57.14,86.323,2.5,1.021,1.581,-0.469,-0.609,86.323,2.4,1.581,0.871,0.329,1,0.246,1.468,2.402,100.0,1.086,0.6,1,0,0,OFFBOARD
564,OUTBOUND,57.24,86.319,2.5,1.025,1.581,-0.469,-0.609,86.319,2.4,1.581,0.86,0.324,1,0.244,1.441,2.388,100.0,1.063,0.6,1,0,0,OFFBOARD
565,OUTBOUND,57.34,86.319,2.5,1.024,1.581,-0.469,-0.609,86.319,2.4,1.581,0.837,0.315,1,0.229,1.371,2.364,100.0,1.041,0.6,1,0,0,OFFBOARD
566,OUTBOUND,57.44,86.318,2.499,1.025,1.581,-0.469,-0.609,86.318,2.399,1.581,0.873,0.328,1,0.252,1.46,2.398,100.0,1.018,0.6,1,0,0,OFFBOARD
567,OUTBOUND,57.54,86.314,2.499,1.03,1.581,-0.469,-0.609,86.313,2.399,1.581,0.865,0.323,1,0.259,1.44,2.384,100.0,1.0,0.6,1,0,0,OFFBOARD
568,OUTBOUND,57.65,86.31,2.499,1.033,1.581,-0.469,-0.609,86.31,2.399,1.581,0.864,0.321,1,0.62,1.424,2.375,100.0,0.983,0.6,1,0,0,OFFBOARD
569,OUTBOUND,57.75,86.307,2.498,1.036,1.581,-0.469,-0.609,86.307,2.398,1.581,0.88,0.324,1,0.628,1.427,2.38,100.0,0.965,0.6,1,0,0,OFFBOARD
570,OUTBOUND,57.85,86.307,2.498,1.036,1.581,-0.469,-0.609,86.307,2.399,1.581,0.856,0.316,1,0.621,1.405,2.359,100.0,0.943,0.6,1,0,0,OFFBOARD
571,OUTBOUND,57.95,86.308,2.498,1.035,1.581,-0.469,-0.609,86.308,2.399,1.581,0.853,0.316,1,0.618,1.407,2.359,100.0,0.921,0.6,1,0,0,OFFBOARD
572,OUTBOUND,58.05,86.307,2.498,1.036,1.581,-0.469,-0.609,86.307,2.399,1.581,0.873,0.322,1,0.623,1.429,2.377,100.0,0.903,0.6,1,0,0,OFFBOARD
573,OUTBOUND,58.15,86.307,2.498,1.036,1.581,-0.469,-0.609,86.307,2.399,1.581,0.862,0.319,1,0.62,1.42,2.368,100.0,0.886,0.6,1,0,0,OFFBOARD
574,OUTBOUND,58.25,86.307,2.498,1.035,1.581,-0.469,-0.609,86.307,2.399,1.581,0.863,0.319,1,0.622,1.417,2.368,100.0,0.868,0.6,1,0,0,OFFBOARD
575,OUTBOUND,58.36,86.307,2.498,1.035,1.581,-0.469,-0.609,86.307,2.399,1.581,0.869,0.321,1,0.624,1.419,2.371,100.0,0.851,0.6,1,0,0,OFFBOARD
576,OUTBOUND,58.46,86.307,2.498,1.035,1.581,-0.469,-0.609,86.307,2.399,1.581,0.872,0.322,1,0.626,1.42,2.373,100.0,0.833,0.6,1,0,0,OFFBOARD
577,OUTBOUND,58.56,86.307,2.499,1.036,1.581,-0.469,-0.609,86.307,2.399,1.581,0.855,0.316,1,0.621,1.403,2.357,100.0,0.81,0.6,1,0,0,OFFBOARD
578,OUTBOUND,58.66,86.307,2.499,1.036,1.581,-0.469,-0.609,86.307,2.399,1.581,0.834,0.308,1,0.602,1.365,2.341,100.0,0.788,0.6,1,0,0,OFFBOARD
579,OUTBOUND,58.76,86.308,2.499,1.035,1.581,-0.469,-0.609,86.308,2.399,1.581,0.794,0.294,1,0.212,1.276,2.31,100.0,0.767,0.6,1,0,0,OFFBOARD
580,OUTBOUND,58.86,86.309,2.499,1.035,1.581,-0.469,-0.609,86.309,2.399,1.581,0.771,0.288,1,0.202,1.228,2.285,100.0,0.736,0.6,1,0,0,OFFBOARD
581,OUTBOUND,58.97,86.312,2.499,1.033,1.581,-0.469,-0.609,86.312,2.399,1.581,0.754,0.29,1,0.203,1.215,2.277,100.0,0.708,0.6,1,0,0,OFFBOARD
582,OUTBOUND,59.07,86.313,2.499,1.03,1.581,-0.469,-0.609,86.313,2.399,1.581,0.911,0.325,1,0.249,1.436,2.361,100.0,0.673,0.6,1,0,0,OFFBOARD
583,OUTBOUND,59.17,86.311,2.498,1.034,1.581,-0.469,-0.609,86.31,2.398,1.581,1.02,0.34,1,0.271,1.477,2.412,100.0,0.631,0.6,1,0,0,OFFBOARD
584,OUTBOUND,59.27,86.306,2.498,1.04,1.581,-0.469,-0.609,86.306,2.398,1.581,0.806,0.304,1,0.228,1.296,2.31,100.0,0.596,0.6,1,0,0,OFFBOARD
585,OUTBOUND,59.37,86.305,2.498,1.04,1.581,-0.469,-0.609,86.305,2.398,1.581,0.774,0.29,1,0.21,1.227,2.279,100.0,0.566,0.6,1,0,0,OFFBOARD
586,OUTBOUND,59.47,86.307,2.498,1.038,1.581,-0.469,-0.609,86.307,2.398,1.581,0.829,0.31,1,0.236,1.335,2.322,100.0,0.53,0.6,1,0,0,OFFBOARD
587,OUTBOUND,59.58,86.307,2.498,1.039,1.581,-0.469,-0.609,86.307,2.398,1.581,0.848,0.313,1,0.241,1.361,2.332,100.0,0.492,0.6,1,0,0,OFFBOARD
588,OUTBOUND,59.68,86.307,2.498,1.039,1.581,-0.469,-0.609,86.307,2.398,1.581,0.845,0.312,1,0.24,1.358,2.331,100.0,0.455,0.6,1,0,0,OFFBOARD
589,OUTBOUND,59.78,86.307,2.498,1.039,1.581,-0.469,-0.609,86.307,2.398,1.581,0.82,0.308,1,0.234,1.324,2.32,100.0,0.419,0.6,1,0,0,OFFBOARD
590,OUTBOUND,59.88,86.307,2.498,1.039,1.581,-0.469,-0.609,86.307,2.398,1.581,0.841,0.312,1,0.24,1.355,2.33,100.0,0.382,0.6,1,0,0,OFFBOARD
591,OUTBOUND,59.98,86.307,2.498,1.039,1.581,-0.469,-0.609,86.307,2.398,1.581,0.816,0.307,1,0.232,1.313,2.314,100.0,0.347,0.6,1,0,0,OFFBOARD
592,OUTBOUND,60.08,86.307,2.498,1.038,1.581,-0.469,-0.609,86.307,2.398,1.581,0.875,0.314,1,0.242,1.371,2.329,100.0,0.312,0.6,1,0,0,OFFBOARD
593,OUTBOUND,60.18,86.307,2.498,1.039,1.581,-0.469,-0.609,86.307,2.398,1.581,0.833,0.31,1,0.237,1.337,2.321,100.0,0.276,0.6,1,0,0,OFFBOARD
594,OUTBOUND,60.29,86.307,2.498,1.039,1.581,-0.469,-0.609,86.307,2.398,1.581,0.814,0.307,1,0.232,1.309,2.311,100.0,0.241,0.6,1,0,0,OFFBOARD
595,OUTBOUND,60.39,86.307,2.498,1.039,1.581,-0.469,-0.609,86.307,2.398,1.581,0.84,0.311,1,0.238,1.342,2.322,100.0,0.205,0.601,1,0,0,OFFBOARD
596,OUTBOUND,60.49,86.307,2.498,1.039,1.581,-0.469,-0.609,86.307,2.398,1.581,0.837,0.311,1,0.239,1.348,2.327,100.0,0.168,0.601,1,0,0,OFFBOARD
597,OUTBOUND,60.59,86.307,2.498,1.039,1.581,-0.469,-0.609,86.307,2.398,1.581,0.844,0.312,1,0.241,1.36,2.333,100.0,0.13,0.603,1,0,0,OFFBOARD
598,OUTBOUND,60.69,86.307,2.498,1.039,1.581,-0.469,-0.609,86.307,2.398,1.581,0.839,0.311,1,0.241,1.361,2.335,100.0,0.092,0.607,1,0,0,OFFBOARD
599,OUTBOUND,60.79,86.307,2.498,1.04,1.581,-0.469,-0.609,86.307,2.398,1.581,0.847,0.313,1,0.244,1.376,2.341,100.0,0.054,0.612,1,0,0,OFFBOARD
600,OUTBOUND,60.89,86.307,2.498,1.039,1.581,-0.469,-0.609,86.307,2.398,1.581,0.838,0.312,1,0.242,1.368,2.339,100.0,0.015,0.614,1,0,0,OFFBOARD
601,OUTBOUND,60.99,86.307,2.498,1.039,1.581,-0.469,-0.609,86.307,2.398,1.581,0.837,0.312,1,0.243,1.368,2.341,100.0,-0.023,0.614,1,0,0,OFFBOARD
602,OUTBOUND,61.1,86.307,2.498,1.039,1.581,-0.469,-0.609,86.307,2.398,1.581,0.827,0.309,1,0.238,1.347,2.333,100.0,-0.06,0.614,1,0,0,OFFBOARD
603,OUTBOUND,61.2,86.307,2.498,1.04,1.581,-0.469,-0.609,86.307,2.398,1.581,0.844,0.313,1,0.245,1.375,2.342,100.0,-0.098,0.612,1,0,0,OFFBOARD
604,OUTBOUND,61.3,86.307,2.498,1.039,1.581,-0.469,-0.609,86.307,2.398,1.581,0.84,0.312,1,0.244,1.374,2.342,100.0,-0.136,0.613,1,0,0,OFFBOARD
605,OUTBOUND,61.4,86.307,2.498,1.04,1.581,-0.469,-0.609,86.307,2.398,1.581,0.854,0.315,1,0.25,1.399,2.351,100.0,-0.174,0.612,1,0,0,OFFBOARD
606,OUTBOUND,61.5,86.307,2.498,1.039,1.581,-0.469,-0.609,86.307,2.398,1.581,0.842,0.313,1,0.247,1.383,2.347,100.0,-0.211,0.608,1,0,0,OFFBOARD
607,OUTBOUND,61.6,86.307,2.498,1.04,1.581,-0.469,-0.609,86.307,2.398,1.581,0.855,0.315,1,0.253,1.41,2.356,100.0,-0.234,0.604,1,0,0,OFFBOARD
608,OUTBOUND,61.7,86.307,2.498,1.039,1.581,-0.469,-0.609,86.307,2.398,1.581,0.844,0.313,1,0.25,1.393,2.351,100.0,-0.257,0.6,1,0,0,OFFBOARD
609,OUTBOUND,61.81,86.307,2.498,1.039,1.581,-0.469,-0.609,86.307,2.398,1.581,0.846,0.314,1,0.252,1.398,2.353,100.0,-0.28,0.6,1,0,0,OFFBOARD
610,OUTBOUND,61.91,86.307,2.498,1.039,1.581,-0.469,-0.609,86.307,2.398,1.581,0.849,0.314,1,0.256,1.406,2.356,100.0,-0.302,0.6,1,0,0,OFFBOARD
611,OUTBOUND,62.01,86.307,2.498,1.039,1.581,-0.469,-0.609,86.307,2.398,1.581,0.848,0.314,1,0.258,1.406,2.357,100.0,-0.323,0.6,1,0,0,OFFBOARD
612,OUTBOUND,62.11,86.307,2.498,1.04,1.581,-0.469,-0.609,86.307,2.398,1.581,0.856,0.316,1,0.266,1.427,2.362,100.0,-0.34,0.6,1,0,0,OFFBOARD
613,OUTBOUND,62.21,86.307,2.498,1.04,1.581,-0.469,-0.609,86.307,2.398,1.581,0.857,0.316,1,0.272,1.431,2.363,100.0,-0.357,0.6,1,0,0,OFFBOARD
614,OUTBOUND,62.31,86.307,2.498,1.04,1.581,-0.469,-0.609,86.307,2.398,1.581,0.851,0.314,1,0.272,1.416,2.359,100.0,-0.374,0.6,1,0,0,OFFBOARD
615,OUTBOUND,62.41,86.307,2.498,1.04,1.581,-0.469,-0.609,86.307,2.398,1.581,0.856,0.316,1,0.596,1.428,2.362,100.0,-0.391,0.6,1,0,0,OFFBOARD
616,OUTBOUND,62.52,86.307,2.498,1.04,1.581,-0.469,-0.609,86.307,2.398,1.581,0.857,0.316,1,0.602,1.429,2.363,100.0,-0.408,0.6,1,0,0,OFFBOARD
617,OUTBOUND,62.62,86.307,2.498,1.04,1.581,-0.469,-0.609,86.307,2.398,1.581,0.847,0.313,1,0.593,1.407,2.356,100.0,-0.425,0.6,1,0,0,OFFBOARD
618,OUTBOUND,62.72,86.307,2.498,1.04,1.581,-0.469,-0.609,86.307,2.398,1.581,0.83,0.308,1,0.244,1.362,2.343,100.0,-0.446,0.6,1,0,0,OFFBOARD
619,OUTBOUND,62.82,86.309,2.498,1.039,1.581,-0.469,-0.609,86.309,2.398,1.581,0.834,0.311,1,0.242,1.37,2.346,100.0,-0.469,0.6,1,0,0,OFFBOARD
620,OUTBOUND,62.92,86.307,2.498,1.041,1.581,-0.469,-0.609,86.307,2.398,1.581,0.862,0.316,1,0.257,1.421,2.358,100.0,-0.491,0.6,1,0,0,OFFBOARD
621,OUTBOUND,63.03,86.307,2.498,1.041,1.581,-0.469,-0.609,86.307,2.398,1.581,0.823,0.306,1,0.238,1.343,2.334,100.0,-0.526,0.6,1,0,0,OFFBOARD
622,OUTBOUND,63.13,86.307,2.498,1.041,1.581,-0.469,-0.609,86.307,2.398,1.581,0.849,0.314,1,0.253,1.4,2.353,100.0,-0.549,0.6,1,0,0,OFFBOARD
623,OUTBOUND,63.23,86.307,2.498,1.041,1.581,-0.469,-0.609,86.307,2.398,1.581,0.829,0.309,1,0.241,1.357,2.339,100.0,-0.586,0.6,1,0,0,OFFBOARD
624,OUTBOUND,63.33,86.307,2.498,1.041,1.581,-0.469,-0.609,86.307,2.398,1.581,0.854,0.314,1,0.253,1.407,2.354,100.0,-0.609,0.6,1,0,0,OFFBOARD
625,OUTBOUND,63.43,86.307,2.498,1.04,1.581,-0.469,-0.609,86.307,2.398,1.581,0.842,0.312,1,0.25,1.389,2.349,100.0,-0.632,0.6,1,0,0,OFFBOARD
626,OUTBOUND,63.53,86.307,2.498,1.04,1.581,-0.469,-0.609,86.307,2.398,1.581,0.845,0.313,1,0.252,1.395,2.352,100.0,-0.654,0.6,1,0,0,OFFBOARD
627,OUTBOUND,63.63,86.307,2.498,1.04,1.581,-0.469,-0.609,86.307,2.398,1.581,0.838,0.312,1,0.245,1.376,2.346,100.0,-0.677,0.6,1,0,0,OFFBOARD
628,OUTBOUND,63.73,86.307,2.498,1.041,1.581,-0.469,-0.609,86.307,2.398,1.581,0.838,0.311,1,0.247,1.377,2.346,100.0,-0.699,0.6,1,0,0,OFFBOARD
629,OUTBOUND,63.84,86.307,2.498,1.04,1.581,-0.469,-0.609,86.307,2.398,1.581,0.829,0.309,1,0.24,1.355,2.338,100.0,-0.735,0.6,1,0,0,OFFBOARD
630,OUTBOUND,63.94,86.307,2.498,1.041,1.581,-0.469,-0.609,86.307,2.398,1.581,0.84,0.312,1,0.246,1.379,2.345,100.0,-0.771,0.6,1,0,0,OFFBOARD
631,OUTBOUND,64.04,86.307,2.498,1.04,1.581,-0.469,-0.609,86.307,2.398,1.581,0.838,0.311,1,0.245,1.374,2.344,100.0,-0.808,0.6,1,0,0,OFFBOARD
632,OUTBOUND,64.14,86.307,2.498,1.041,1.581,-0.469,-0.609,86.307,2.398,1.581,0.841,0.312,1,0.247,1.382,2.346,100.0,-0.831,0.6,1,0,0,OFFBOARD
633,OUTBOUND,64.24,86.307,2.498,1.041,1.581,-0.469,-0.609,86.307,2.398,1.581,0.851,0.314,1,0.253,1.403,2.353,100.0,-0.854,0.6,1,0,0,OFFBOARD
634,OUTBOUND,64.34,86.307,2.498,1.041,1.581,-0.469,-0.609,86.307,2.398,1.581,0.852,0.314,1,0.254,1.409,2.355,100.0,-0.876,0.6,1,0,0,OFFBOARD
635,OUTBOUND,64.44,86.307,2.498,1.041,1.581,-0.469,-0.609,86.307,2.398,1.581,0.838,0.311,1,0.25,1.38,2.347,100.0,-0.898,0.6,1,0,0,OFFBOARD
636,OUTBOUND,64.55,86.305,2.498,1.043,1.581,-0.469,-0.609,86.305,2.398,1.581,0.844,0.311,1,0.259,1.394,2.349,100.0,-0.919,0.6,1,0,0,OFFBOARD
637,OUTBOUND,64.65,86.305,2.498,1.043,1.581,-0.469,-0.609,86.305,2.398,1.581,0.827,0.307,1,0.244,1.353,2.336,100.0,-0.94,0.6,1,0,0,OFFBOARD
638,OUTBOUND,64.75,86.306,2.498,1.042,1.581,-0.469,-0.609,86.306,2.398,1.581,0.822,0.306,1,0.238,1.338,2.33,100.0,-0.976,0.6,1,0,0,OFFBOARD
639,OUTBOUND,64.85,86.305,2.498,1.044,1.581,-0.469,-0.609,86.305,2.398,1.581,0.897,0.316,1,0.258,1.433,2.356,100.0,-0.996,0.6,1,0,0,OFFBOARD
640,OUTBOUND,64.95,86.305,2.498,1.043,1.581,-0.469,-0.609,86.305,2.398,1.581,0.832,0.308,1,0.245,1.361,2.336,100.0,-1.032,0.6,1,0,0,OFFBOARD
641,OUTBOUND,65.05,86.305,2.498,1.044,1.581,-0.469,-0.609,86.305,2.398,1.581,0.848,0.312,1,0.252,1.39,2.345,100.0,-1.054,0.6,1,0,0,OFFBOARD
642,OUTBOUND,65.15,86.305,2.498,1.044,1.581,-0.469,-0.609,86.305,2.398,1.581,0.849,0.312,1,0.254,1.394,2.347,100.0,-1.077,0.6,1,0,0,OFFBOARD
643,OUTBOUND,65.26,86.305,2.498,1.044,1.581,-0.469,-0.609,86.305,2.398,1.581,0.841,0.311,1,0.252,1.383,2.344,100.0,-1.099,0.6,1,0,0,OFFBOARD
644,OUTBOUND,65.36,86.305,2.498,1.044,1.581,-0.469,-0.609,86.305,2.398,1.581,0.846,0.312,1,0.255,1.395,2.348,100.0,-1.12,0.6,1,0,0,OFFBOARD
645,OUTBOUND,65.46,86.305,2.498,1.043,1.581,-0.469,-0.609,86.305,2.398,1.581,0.846,0.312,1,0.257,1.397,2.349,100.0,-1.142,0.6,1,0,0,OFFBOARD
646,OUTBOUND,65.56,86.305,2.498,1.043,1.581,-0.469,-0.609,86.305,2.398,1.581,0.847,0.312,1,0.259,1.4,2.35,100.0,-1.163,0.6,1,0,0,OFFBOARD
647,OUTBOUND,65.66,86.305,2.498,1.043,1.581,-0.469,-0.609,86.305,2.398,1.581,0.847,0.312,1,0.26,1.4,2.351,100.0,-1.179,0.6,1,0,0,OFFBOARD
648,OUTBOUND,65.76,86.305,2.498,1.043,1.581,-0.469,-0.609,86.305,2.398,1.581,0.837,0.309,1,0.256,1.378,2.344,100.0,-1.2,0.6,1,0,0,OFFBOARD
649,OUTBOUND,65.87,86.305,2.498,1.043,1.581,-0.469,-0.609,86.305,2.398,1.581,0.858,0.315,1,0.265,1.423,2.357,100.0,-1.217,0.6,1,0,0,OFFBOARD
650,OUTBOUND,65.97,86.305,2.498,1.043,1.581,-0.469,-0.609,86.305,2.398,1.581,0.85,0.313,1,0.264,1.409,2.354,100.0,-1.233,0.6,1,0,0,OFFBOARD
651,OUTBOUND,66.07,86.305,2.498,1.043,1.581,-0.469,-0.609,86.305,2.398,1.581,0.849,0.313,1,0.266,1.407,2.353,100.0,-1.25,0.6,1,0,0,OFFBOARD
652,OUTBOUND,66.17,86.305,2.498,1.043,1.581,-0.469,-0.609,86.305,2.398,1.581,0.845,0.312,1,0.27,1.401,2.351,100.0,-1.266,0.6,1,0,0,OFFBOARD
653,OUTBOUND,66.27,86.305,2.498,1.042,1.581,-0.469,-0.609,86.305,2.398,1.581,0.838,0.31,1,0.257,1.382,2.346,100.0,-1.287,0.6,1,0,0,OFFBOARD
654,OUTBOUND,66.37,86.306,2.498,1.042,1.581,-0.469,-0.609,86.305,2.398,1.581,0.839,0.311,1,0.252,1.382,2.346,100.0,-1.308,0.6,1,0,0,OFFBOARD
655,OUTBOUND,66.47,86.305,2.498,1.043,1.581,-0.469,-0.609,86.305,2.398,1.581,0.834,0.309,1,0.252,1.372,2.342,100.0,-1.329,0.6,1,0,0,OFFBOARD
656,OUTBOUND,66.58,86.305,2.498,1.042,1.581,-0.469,-0.609,86.305,2.398,1.581,0.835,0.31,1,0.249,1.371,2.342,100.0,-1.351,0.6,1,0,0,OFFBOARD
657,OUTBOUND,66.68,86.305,2.498,1.043,1.581,-0.469,-0.609,86.305,2.398,1.581,0.842,0.311,1,0.254,1.388,2.347,100.0,-1.372,0.6,1,0,0,OFFBOARD
658,OUTBOUND,66.78,86.305,2.498,1.042,1.581,-0.469,-0.609,86.305,2.398,1.581,0.833,0.309,1,0.246,1.364,2.339,100.0,-1.394,0.6,1,0,0,OFFBOARD
659,OUTBOUND,66.88,86.305,2.498,1.042,1.581,-0.469,-0.609,86.305,2.398,1.581,0.865,0.314,1,0.252,1.401,2.348,100.0,-1.429,0.6,1,0,0,OFFBOARD
660,OUTBOUND,66.98,86.305,2.498,1.043,1.581,-0.469,-0.609,86.305,2.398,1.581,0.829,0.308,1,0.242,1.353,2.333,100.0,-1.465,0.6,1,0,0,OFFBOARD
661,OUTBOUND,67.08,86.305,2.498,1.043,1.581,-0.469,-0.609,86.305,2.398,1.581,0.845,0.311,1,0.25,1.384,2.344,100.0,-1.489,0.6,1,0,0,OFFBOARD
662,OUTBOUND,67.18,86.305,2.498,1.043,1.581,-0.469,-0.609,86.305,2.398,1.581,0.84,0.311,1,0.25,1.38,2.343,100.0,-1.511,0.6,1,0,0,OFFBOARD
663,OUTBOUND,67.29,86.305,2.498,1.043,1.581,-0.469,-0.609,86.305,2.398,1.581,0.841,0.311,1,0.252,1.384,2.345,100.0,-1.534,0.6,1,0,0,OFFBOARD
664,OUTBOUND,67.39,86.305,2.498,1.043,1.581,-0.469,-0.609,86.305,2.398,1.581,0.831,0.308,1,0.245,1.358,2.337,100.0,-1.556,0.6,1,0,0,OFFBOARD
665,OUTBOUND,67.49,86.306,2.498,1.042,1.581,-0.469,-0.609,86.306,2.398,1.581,0.834,0.31,1,0.244,1.362,2.337,100.0,-1.592,0.6,1,0,0,OFFBOARD
666,OUTBOUND,67.59,86.305,2.498,1.043,1.581,-0.469,-0.609,86.305,2.398,1.581,0.832,0.309,1,0.245,1.362,2.336,100.0,-1.629,0.6,1,0,0,OFFBOARD
667,OUTBOUND,67.69,86.305,2.498,1.042,1.581,-0.469,-0.609,86.305,2.398,1.581,0.839,0.31,1,0.247,1.371,2.339,100.0,-1.666,0.6,1,0,0,OFFBOARD
668,OUTBOUND,67.79,86.305,2.498,1.043,1.581,-0.469,-0.609,86.305,2.398,1.581,0.843,0.311,1,0.249,1.381,2.342,100.0,-1.703,0.6,1,0,0,OFFBOARD
669,OUTBOUND,67.89,86.305,2.498,1.043,1.581,-0.469,-0.609,86.305,2.398,1.581,0.832,0.309,1,0.246,1.363,2.337,100.0,-1.726,0.6,1,0,0,OFFBOARD
670,OUTBOUND,68.0,86.305,2.498,1.043,1.581,-0.469,-0.609,86.305,2.398,1.581,0.851,0.312,1,0.249,1.39,2.344,100.0,-1.763,0.6,1,0,0,OFFBOARD
671,OUTBOUND,68.1,86.305,2.498,1.043,1.581,-0.469,-0.609,86.305,2.398,1.581,0.847,0.312,1,0.25,1.385,2.344,100.0,-1.787,0.6,1,0,0,OFFBOARD
672,OUTBOUND,68.2,86.305,2.498,1.043,1.581,-0.469,-0.609,86.305,2.398,1.581,0.84,0.311,1,0.25,1.379,2.342,100.0,-1.809,0.6,1,0,0,OFFBOARD
673,OUTBOUND,68.3,86.305,2.498,1.043,1.581,-0.469,-0.609,86.305,2.398,1.581,0.85,0.313,1,0.254,1.397,2.348,100.0,-1.832,0.6,1,0,0,OFFBOARD
674,OUTBOUND,68.4,86.305,2.498,1.043,1.581,-0.469,-0.609,86.305,2.398,1.581,0.843,0.311,1,0.254,1.388,2.346,100.0,-1.853,0.6,1,0,0,OFFBOARD
675,OUTBOUND,68.5,86.305,2.498,1.043,1.581,-0.469,-0.609,86.305,2.398,1.581,0.834,0.309,1,0.248,1.369,2.34,100.0,-1.875,0.6,1,0,0,OFFBOARD
676,OUTBOUND,68.6,86.306,2.498,1.042,1.581,-0.469,-0.609,86.306,2.398,1.581,0.83,0.309,1,0.241,1.355,2.334,100.0,-1.911,0.6,1,0,0,OFFBOARD
677,OUTBOUND,68.71,86.305,2.498,1.044,1.581,-0.469,-0.609,86.305,2.398,1.581,0.839,0.31,1,0.247,1.371,2.338,100.0,-1.947,0.6,1,0,0,OFFBOARD
678,OUTBOUND,68.81,86.305,2.498,1.043,1.581,-0.469,-0.609,86.305,2.398,1.581,0.845,0.311,1,0.25,1.382,2.342,100.0,-1.983,0.6,1,0,0,OFFBOARD
679,OUTBOUND,68.91,86.305,2.498,1.043,1.581,-0.469,-0.609,86.305,2.398,1.581,0.845,0.311,1,0.25,1.384,2.343,100.0,-2.007,0.6,1,0,0,OFFBOARD
680,OUTBOUND,69.01,86.305,2.498,1.043,1.581,-0.469,-0.609,86.305,2.398,1.581,0.82,0.305,1,0.238,1.335,2.328,100.0,-2.042,0.6,1,0,0,OFFBOARD
681,OUTBOUND,69.11,86.305,2.498,1.043,1.581,-0.469,-0.609,86.305,2.398,1.581,0.838,0.31,1,0.246,1.371,2.339,100.0,-2.079,0.6,1,0,0,OFFBOARD
682,OUTBOUND,69.21,86.305,2.498,1.043,1.581,-0.469,-0.609,86.305,2.398,1.581,0.836,0.309,1,0.247,1.368,2.338,100.0,-2.103,0.6,1,0,0,OFFBOARD
683,OUTBOUND,69.32,86.305,2.498,1.043,1.581,-0.469,-0.609,86.305,2.398,1.581,0.844,0.311,1,0.251,1.386,2.344,100.0,-2.126,0.6,1,0,0,OFFBOARD
684,OUTBOUND,69.42,86.305,2.498,1.043,1.581,-0.469,-0.609,86.305,2.398,1.581,0.853,0.313,1,0.255,1.402,2.349,100.0,-2.148,0.6,1,0,0,OFFBOARD
685,OUTBOUND,69.52,86.305,2.498,1.043,1.581,-0.469,-0.609,86.305,2.398,1.581,0.837,0.31,1,0.249,1.373,2.341,100.0,-2.17,0.6,1,0,0,OFFBOARD
686,OUTBOUND,69.62,86.305,2.498,1.043,1.581,-0.469,-0.609,86.305,2.398,1.581,0.844,0.311,1,0.253,1.39,2.346,100.0,-2.192,0.6,1,0,0,OFFBOARD
687,OUTBOUND,69.72,86.305,2.498,1.043,1.581,-0.469,-0.609,86.305,2.398,1.581,0.838,0.31,1,0.252,1.379,2.344,100.0,-2.214,0.6,1,0,0,OFFBOARD
688,OUTBOUND,69.83,86.305,2.498,1.043,1.581,-0.469,-0.609,86.305,2.398,1.581,0.844,0.311,1,0.257,1.393,2.348,100.0,-2.235,0.6,1,0,0,OFFBOARD
689,OUTBOUND,69.93,86.305,2.498,1.043,1.581,-0.469,-0.609,86.305,2.398,1.581,0.824,0.306,1,0.241,1.344,2.332,100.0,-2.257,0.6,1,0,0,OFFBOARD
690,OUTBOUND,70.03,86.306,2.498,1.043,1.581,-0.469,-0.609,86.306,2.398,1.581,0.807,0.301,1,0.228,1.301,2.316,100.0,-2.292,0.6,1,0,0,OFFBOARD
691,OUTBOUND,70.13,86.307,2.498,1.041,1.581,-0.469,-0.609,86.307,2.398,1.581,0.808,0.304,1,0.229,1.3,2.311,100.0,-2.326,0.6,1,0,0,OFFBOARD
692,OUTBOUND,70.23,86.307,2.498,1.042,1.581,-0.469,-0.609,86.307,2.398,1.581,0.943,0.319,1,0.252,1.431,2.349,100.0,-2.361,0.6,1,0,0,OFFBOARD
693,OUTBOUND,70.33,86.306,2.498,1.044,1.581,-0.469,-0.609,86.306,2.398,1.581,0.786,0.295,1,0.219,1.251,2.29,100.0,-2.394,0.6,1,0,0,OFFBOARD
694,OUTBOUND,70.44,86.306,2.498,1.043,1.581,-0.469,-0.609,86.306,2.398,1.581,0.786,0.295,1,0.219,1.25,2.288,100.0,-2.426,0.6,1,0,0,OFFBOARD
695,OUTBOUND,70.54,86.307,2.498,1.041,1.581,-0.469,-0.609,86.307,2.398,1.581,0.904,0.318,1,0.249,1.42,2.342,100.0,-2.462,0.6,1,0,0,OFFBOARD
696,OUTBOUND,70.64,86.306,2.498,1.043,1.581,-0.469,-0.609,86.306,2.398,1.581,0.795,0.299,1,0.223,1.27,2.297,100.0,-2.495,0.6,1,0,0,OFFBOARD
697,OUTBOUND,70.74,86.307,2.498,1.042,1.581,-0.469,-0.609,86.307,2.398,1.581,0.834,0.309,1,0.237,1.335,2.318,100.0,-2.5,0.6,1,0,0,OFFBOARD
698,OUTBOUND,70.84,86.307,2.498,1.042,1.581,-0.469,-0.609,86.307,2.398,1.581,0.829,0.308,1,0.236,1.334,2.32,100.0,-2.5,0.6,1,0,0,OFFBOARD
699,OUTBOUND,70.94,86.307,2.498,1.042,1.581,-0.469,-0.609,86.307,2.398,1.581,0.828,0.308,1,0.237,1.338,2.323,100.0,-2.5,0.6,1,0,0,OFFBOARD
700,OUTBOUND,71.04,86.307,2.498,1.041,1.581,-0.469,-0.609,86.307,2.398,1.581,0.838,0.31,1,0.241,1.355,2.33,100.0,-2.5,0.6,1,0,0,OFFBOARD
701,OUTBOUND,71.14,86.307,2.498,1.041,1.581,-0.469,-0.609,86.307,2.398,1.581,0.836,0.31,1,0.24,1.358,2.333,100.0,-2.5,0.6,1,0,0,OFFBOARD
702,OUTBOUND,71.25,86.307,2.498,1.041,1.581,-0.469,-0.609,86.307,2.398,1.581,0.838,0.31,1,0.242,1.363,2.335,100.0,-2.5,0.602,1,0,0,OFFBOARD
703,OUTBOUND,71.35,86.307,2.498,1.041,1.581,-0.469,-0.609,86.307,2.398,1.581,0.844,0.312,1,0.245,1.375,2.341,100.0,-2.5,0.601,1,0,0,OFFBOARD
704,OUTBOUND,71.45,86.307,2.498,1.042,1.581,-0.469,-0.609,86.307,2.398,1.581,0.848,0.312,1,0.247,1.384,2.344,100.0,-2.5,0.6,1,0,0,OFFBOARD
705,OUTBOUND,71.55,86.307,2.498,1.042,1.581,-0.469,-0.609,86.307,2.398,1.581,0.85,0.312,1,0.249,1.39,2.346,100.0,-2.5,0.6,1,0,0,OFFBOARD
706,OUTBOUND,71.65,86.307,2.498,1.043,1.581,-0.469,-0.609,86.307,2.398,1.581,0.838,0.31,1,0.246,1.375,2.342,100.0,-2.5,0.6,1,0,0,OFFBOARD
707,OUTBOUND,71.75,86.305,2.498,1.045,1.581,-0.469,-0.609,86.305,2.398,1.581,0.856,0.313,1,0.255,1.405,2.349,100.0,-2.5,0.6,1,0,0,OFFBOARD
708,OUTBOUND,71.85,86.305,2.498,1.044,1.581,-0.469,-0.609,86.305,2.398,1.581,0.845,0.311,1,0.253,1.389,2.345,100.0,-2.5,0.6,1,0,0,OFFBOARD
709,OUTBOUND,71.95,86.305,2.498,1.044,1.581,-0.469,-0.609,86.305,2.398,1.581,0.843,0.31,1,0.253,1.387,2.344,100.0,-2.5,0.6,1,0,0,OFFBOARD
710,OUTBOUND,72.06,86.305,2.498,1.044,1.581,-0.469,-0.609,86.305,2.398,1.581,0.841,0.31,1,0.254,1.386,2.345,100.0,-2.5,0.6,1,0,0,OFFBOARD
711,OUTBOUND,72.16,86.305,2.498,1.044,1.581,-0.469,-0.609,86.305,2.398,1.581,0.828,0.307,1,0.245,1.355,2.335,100.0,-2.5,0.6,1,0,0,OFFBOARD
712,OUTBOUND,72.26,86.305,2.498,1.044,1.581,-0.469,-0.609,86.305,2.398,1.581,0.894,0.314,1,0.257,1.421,2.352,100.0,-2.5,0.6,1,0,0,OFFBOARD
713,OUTBOUND,72.36,86.305,2.498,1.044,1.581,-0.469,-0.609,86.305,2.398,1.581,0.834,0.308,1,0.247,1.366,2.337,100.0,-2.5,0.6,1,0,0,OFFBOARD
714,OUTBOUND,72.46,86.305,2.498,1.044,1.581,-0.469,-0.609,86.305,2.398,1.581,0.84,0.31,1,0.251,1.381,2.342,100.0,-2.5,0.6,1,0,0,OFFBOARD
715,OUTBOUND,72.56,86.305,2.498,1.044,1.581,-0.469,-0.609,86.305,2.398,1.581,0.838,0.309,1,0.252,1.378,2.342,100.0,-2.5,0.6,1,0,0,OFFBOARD
716,OUTBOUND,72.66,86.305,2.498,1.044,1.581,-0.469,-0.609,86.305,2.398,1.581,0.833,0.308,1,0.248,1.367,2.339,100.0,-2.5,0.6,1,0,0,OFFBOARD
717,OUTBOUND,72.77,86.306,2.498,1.043,1.581,-0.469,-0.609,86.306,2.398,1.581,0.83,0.308,1,0.242,1.355,2.334,100.0,-2.5,0.6,1,0,0,OFFBOARD
718,OUTBOUND,72.87,86.304,2.498,1.045,1.581,-0.469,-0.609,86.304,2.398,1.581,0.827,0.307,1,0.242,1.35,2.331,100.0,-2.5,0.6,1,0,0,OFFBOARD
719,OUTBOUND,72.97,86.305,2.498,1.044,1.581,-0.469,-0.609,86.305,2.398,1.581,0.814,0.303,1,0.234,1.319,2.32,100.0,-2.5,0.6,1,0,0,OFFBOARD
720,OUTBOUND,73.07,86.305,2.498,1.044,1.581,-0.469,-0.609,86.305,2.398,1.581,0.859,0.312,1,0.251,1.394,2.344,100.0,-2.5,0.6,1,0,0,OFFBOARD
721,OUTBOUND,73.17,86.305,2.498,1.044,1.581,-0.469,-0.609,86.305,2.398,1.581,0.843,0.31,1,0.249,1.379,2.34,100.0,-2.5,0.6,1,0,0,OFFBOARD
722,OUTBOUND,73.27,86.305,2.498,1.044,1.581,-0.469,-0.609,86.305,2.398,1.581,0.849,0.311,1,0.252,1.39,2.344,100.0,-2.5,0.6,1,0,0,OFFBOARD
723,OUTBOUND,73.37,86.305,2.498,1.045,1.581,-0.469,-0.609,86.305,2.398,1.581,0.838,0.309,1,0.248,1.373,2.339,100.0,-2.5,0.6,1,0,0,OFFBOARD
724,OUTBOUND,73.48,86.305,2.498,1.044,1.581,-0.469,-0.609,86.305,2.398,1.581,0.848,0.311,1,0.253,1.392,2.346,100.0,-2.5,0.6,1,0,0,OFFBOARD
725,OUTBOUND,73.58,86.305,2.498,1.045,1.581,-0.469,-0.609,86.305,2.398,1.581,0.835,0.309,1,0.249,1.371,2.339,100.0,-2.5,0.6,1,0,0,OFFBOARD
726,OUTBOUND,73.68,86.305,2.498,1.045,1.581,-0.469,-0.609,86.305,2.398,1.581,0.82,0.305,1,0.238,1.335,2.327,100.0,-2.5,0.6,1,0,0,OFFBOARD
727,OUTBOUND,73.78,86.306,2.498,1.044,1.581,-0.469,-0.609,86.306,2.398,1.581,0.797,0.298,1,0.224,1.277,2.304,100.0,-2.5,0.6,1,0,0,OFFBOARD
728,OUTBOUND,73.88,86.308,2.498,1.042,1.581,-0.469,-0.609,86.308,2.398,1.581,0.787,0.298,1,0.222,1.261,2.291,100.0,-2.5,0.6,1,0,0,OFFBOARD
729,OUTBOUND,73.98,86.308,2.497,1.043,1.581,-0.469,-0.609,86.308,2.397,1.581,0.993,0.324,1,0.254,1.432,2.35,100.0,-2.5,0.6,1,0,0,OFFBOARD
730,OUTBOUND,74.08,86.306,2.498,1.046,1.581,-0.469,-0.609,86.306,2.398,1.581,0.797,0.302,1,0.23,1.288,2.295,100.0,-2.5,0.602,1,0,0,OFFBOARD
731,OUTBOUND,74.18,86.306,2.498,1.045,1.581,-0.469,-0.609,86.306,2.398,1.581,0.737,0.288,1,0.212,1.212,2.262,100.0,-2.5,0.603,1,0,0,OFFBOARD
732,OUTBOUND,74.29,86.307,2.497,1.043,1.581,-0.469,-0.609,86.307,2.397,1.581,0.873,0.311,1,0.241,1.355,2.314,100.0,-2.5,0.607,1,0,0,OFFBOARD
733,OUTBOUND,74.39,86.306,2.498,1.045,1.581,-0.469,-0.609,86.306,2.398,1.581,0.813,0.305,1,0.234,1.311,2.304,100.0,-2.5,0.607,1,0,0,OFFBOARD
734,OUTBOUND,74.49,86.306,2.498,1.044,1.581,-0.469,-0.609,86.306,2.398,1.581,0.787,0.299,1,0.225,1.265,2.288,100.0,-2.5,0.605,1,0,0,OFFBOARD
735,OUTBOUND,74.59,86.307,2.498,1.044,1.581,-0.469,-0.609,86.306,2.398,1.581,0.827,0.307,1,0.236,1.326,2.309,100.0,-2.5,0.606,1,0,0,OFFBOARD
736,OUTBOUND,74.69,86.305,2.497,1.046,1.581,-0.469,-0.609,86.305,2.397,1.581,0.873,0.311,1,0.242,1.361,2.319,100.0,-2.5,0.609,1,0,0,OFFBOARD
737,OUTBOUND,74.79,86.305,2.497,1.046,1.581,-0.469,-0.609,86.305,2.397,1.581,0.859,0.306,1,0.238,1.33,2.311,100.0,-2.5,0.613,1,0,0,OFFBOARD
738,OUTBOUND,74.89,86.305,2.497,1.047,1.581,-0.469,-0.609,86.305,2.397,1.581,0.863,0.307,1,0.24,1.34,2.316,100.0,-2.5,0.617,1,0,0,OFFBOARD
739,OUTBOUND,75.0,86.305,2.497,1.047,1.581,-0.469,-0.609,86.305,2.397,1.581,0.866,0.307,1,0.241,1.348,2.319,100.0,-2.5,0.621,1,0,0,OFFBOARD
740,OUTBOUND,75.1,86.305,2.497,1.047,1.581,-0.469,-0.609,86.305,2.397,1.581,0.865,0.307,1,0.241,1.345,2.32,100.0,-2.5,0.625,1,0,0,OFFBOARD
741,OUTBOUND,75.2,86.305,2.497,1.048,1.581,-0.469,-0.609,86.305,2.397,1.581,0.868,0.307,1,0.242,1.353,2.322,100.0,-2.5,0.629,1,0,0,OFFBOARD
742,OUTBOUND,75.3,86.305,2.497,1.048,1.581,-0.469,-0.609,86.305,2.397,1.581,0.871,0.308,1,0.244,1.362,2.326,100.0,-2.5,0.631,1,0,0,OFFBOARD
743,OUTBOUND,75.4,86.305,2.497,1.048,1.581,-0.469,-0.609,86.305,2.397,1.581,0.847,0.307,1,0.243,1.356,2.325,100.0,-2.5,0.633,1,0,0,OFFBOARD
744,OUTBOUND,75.5,86.305,2.497,1.048,1.581,-0.469,-0.609,86.305,2.397,1.581,0.841,0.307,1,0.242,1.355,2.326,100.0,-2.5,0.638,1,0,0,OFFBOARD
745,OUTBOUND,75.61,86.305,2.497,1.048,1.581,-0.469,-0.609,86.305,2.397,1.581,0.844,0.308,1,0.244,1.362,2.329,100.0,-2.5,0.643,1,0,0,OFFBOARD
746,OUTBOUND,75.71,86.305,2.497,1.048,1.581,-0.469,-0.609,86.305,2.397,1.581,0.842,0.308,1,0.246,1.365,2.331,100.0,-2.5,0.648,1,0,0,OFFBOARD
747,OUTBOUND,75.81,86.305,2.497,1.047,1.581,-0.469,-0.609,86.305,2.397,1.581,0.846,0.309,1,0.248,1.374,2.335,100.0,-2.5,0.652,1,0,0,OFFBOARD
748,OUTBOUND,75.91,86.305,2.497,1.047,1.581,-0.469,-0.609,86.305,2.397,1.581,0.841,0.308,1,0.247,1.37,2.334,100.0,-2.5,0.658,1,0,0,OFFBOARD
749,OUTBOUND,76.01,86.305,2.497,1.048,1.581,-0.469,-0.609,86.305,2.397,1.581,0.827,0.306,1,0.243,1.348,2.328,100.0,-2.5,0.665,1,0,0,OFFBOARD
750,OUTBOUND,76.11,86.305,2.497,1.047,1.581,-0.469,-0.609,86.305,2.397,1.581,0.831,0.307,1,0.242,1.349,2.327,100.0,-2.5,0.673,1,0,0,OFFBOARD
751,OUTBOUND,76.21,86.305,2.497,1.048,1.581,-0.469,-0.609,86.305,2.397,1.581,0.826,0.305,1,0.241,1.342,2.324,100.0,-2.5,0.676,1,0,0,OFFBOARD
752,OUTBOUND,76.32,86.305,2.497,1.047,1.581,-0.469,-0.609,86.305,2.397,1.581,0.845,0.308,1,0.245,1.366,2.331,100.0,-2.5,0.682,1,0,0,OFFBOARD
753,OUTBOUND,76.42,86.305,2.497,1.048,1.581,-0.469,-0.609,86.305,2.397,1.581,0.839,0.307,1,0.245,1.363,2.331,100.0,-2.5,0.685,1,0,0,OFFBOARD
754,OUTBOUND,76.52,86.305,2.497,1.048,1.581,-0.469,-0.609,86.305,2.397,1.581,0.847,0.309,1,0.247,1.371,2.334,100.0,-2.5,0.687,1,0,0,OFFBOARD
755,OUTBOUND,76.62,86.305,2.497,1.047,1.581,-0.469,-0.609,86.305,2.397,1.581,0.838,0.308,1,0.245,1.364,2.332,100.0,-2.5,0.693,1,0,0,OFFBOARD
756,OUTBOUND,76.72,86.305,2.497,1.048,1.581,-0.469,-0.609,86.305,2.397,1.581,0.816,0.303,1,0.236,1.324,2.319,100.0,-2.5,0.698,1,0,0,OFFBOARD
757,OUTBOUND,76.82,86.305,2.497,1.047,1.581,-0.469,-0.609,86.305,2.398,1.581,0.798,0.297,1,0.225,1.28,2.302,100.0,-2.5,0.702,1,0,0,OFFBOARD
758,OUTBOUND,76.92,86.306,2.497,1.046,1.581,-0.469,-0.609,86.306,2.397,1.581,0.837,0.307,1,0.24,1.345,2.322,100.0,-2.5,0.706,1,0,0,OFFBOARD
759,OUTBOUND,77.03,86.304,2.497,1.048,1.581,-0.469,-0.609,86.304,2.397,1.581,0.831,0.306,1,0.241,1.341,2.321,100.0,-2.5,0.711,1,0,0,OFFBOARD
760,OUTBOUND,77.13,86.305,2.497,1.048,1.581,-0.469,-0.609,86.304,2.397,1.581,0.804,0.299,1,0.23,1.294,2.305,100.0,-2.5,0.716,1,0,0,OFFBOARD
761,OUTBOUND,77.23,86.305,2.497,1.048,1.581,-0.469,-0.609,86.305,2.397,1.581,0.877,0.31,1,0.246,1.376,2.33,100.0,-2.5,0.722,1,0,0,OFFBOARD
762,OUTBOUND,77.33,86.305,2.497,1.048,1.581,-0.469,-0.609,86.305,2.397,1.581,0.872,0.308,1,0.244,1.363,2.327,100.0,-2.5,0.727,1,0,0,OFFBOARD
763,OUTBOUND,77.43,86.305,2.497,1.048,1.581,-0.469,-0.609,86.305,2.397,1.581,0.844,0.307,1,0.243,1.358,2.327,100.0,-2.5,0.731,1,0,0,OFFBOARD
764,OUTBOUND,77.53,86.305,2.497,1.048,1.581,-0.469,-0.609,86.305,2.397,1.581,0.839,0.307,1,0.244,1.357,2.327,100.0,-2.5,0.733,1,0,0,OFFBOARD
765,OUTBOUND,77.64,86.305,2.497,1.048,1.581,-0.469,-0.609,86.305,2.397,1.581,0.843,0.308,1,0.245,1.364,2.33,100.0,-2.5,0.734,1,0,0,OFFBOARD
766,OUTBOUND,77.74,86.305,2.497,1.048,1.581,-0.469,-0.609,86.305,2.397,1.581,0.849,0.309,1,0.247,1.372,2.333,100.0,-2.5,0.739,1,0,0,OFFBOARD
767,OUTBOUND,77.84,86.305,2.497,1.048,1.581,-0.469,-0.609,86.305,2.397,1.581,0.835,0.307,1,0.244,1.357,2.329,100.0,-2.5,0.743,1,0,0,OFFBOARD
768,OUTBOUND,77.94,86.305,2.497,1.048,1.581,-0.469,-0.609,86.305,2.397,1.581,0.827,0.305,1,0.243,1.348,2.327,100.0,-2.5,0.752,1,0,0,OFFBOARD
769,OUTBOUND,78.04,86.305,2.497,1.048,1.581,-0.469,-0.609,86.305,2.397,1.581,0.834,0.307,1,0.246,1.36,2.332,100.0,-2.5,0.76,1,0,0,OFFBOARD
770,OUTBOUND,78.14,86.305,2.497,1.048,1.581,-0.469,-0.609,86.305,2.397,1.581,0.845,0.308,1,0.247,1.372,2.334,100.0,-2.5,0.769,1,0,0,OFFBOARD
771,OUTBOUND,78.24,86.305,2.497,1.048,1.581,-0.469,-0.609,86.305,2.397,1.581,0.832,0.306,1,0.245,1.359,2.332,100.0,-2.5,0.78,1,0,0,OFFBOARD
772,OUTBOUND,78.35,86.305,2.497,1.048,1.581,-0.469,-0.609,86.305,2.397,1.581,0.848,0.309,1,0.248,1.379,2.337,100.0,-2.5,0.787,1,0,0,OFFBOARD
773,OUTBOUND,78.45,86.305,2.497,1.048,1.581,-0.469,-0.609,86.305,2.397,1.581,0.833,0.307,1,0.245,1.358,2.331,100.0,-2.5,0.793,1,0,0,OFFBOARD
774,OUTBOUND,78.55,86.305,2.497,1.048,1.581,-0.469,-0.609,86.305,2.397,1.581,0.833,0.307,1,0.245,1.359,2.331,100.0,-2.5,0.797,1,0,0,OFFBOARD
775,OUTBOUND,78.65,86.305,2.497,1.047,1.581,-0.469,-0.609,86.305,2.397,1.581,0.845,0.309,1,0.248,1.373,2.335,100.0,-2.5,0.8,1,0,0,OFFBOARD
776,OUTBOUND,78.75,86.305,2.497,1.048,1.581,-0.469,-0.609,86.305,2.397,1.581,0.835,0.307,1,0.246,1.36,2.332,100.0,-2.5,0.803,1,0,0,OFFBOARD
777,OUTBOUND,78.85,86.305,2.497,1.048,1.581,-0.469,-0.609,86.305,2.397,1.581,0.841,0.308,1,0.248,1.374,2.336,100.0,-2.5,0.808,1,0,0,OFFBOARD
778,OUTBOUND,78.95,86.305,2.497,1.047,1.581,-0.469,-0.609,86.305,2.397,1.581,0.842,0.309,1,0.25,1.38,2.339,100.0,-2.5,0.808,1,0,0,OFFBOARD
779,OUTBOUND,79.06,86.305,2.497,1.047,1.581,-0.469,-0.609,86.305,2.397,1.581,0.842,0.309,1,0.252,1.382,2.34,100.0,-2.5,0.803,1,0,0,OFFBOARD
780,OUTBOUND,79.16,86.304,2.497,1.048,1.581,-0.469,-0.609,86.304,2.397,1.581,0.864,0.312,1,0.26,1.414,2.349,100.0,-2.5,0.793,1,0,0,OFFBOARD
781,OUTBOUND,79.26,86.301,2.497,1.051,1.581,-0.469,-0.609,86.301,2.397,1.581,0.833,0.305,1,0.262,1.368,2.333,100.0,-2.5,0.777,1,0,0,OFFBOARD
782,OUTBOUND,79.36,86.301,2.497,1.051,1.581,-0.469,-0.609,86.301,2.397,1.581,0.862,0.31,1,0.589,1.417,2.346,100.0,-2.5,0.758,1,0,0,OFFBOARD
783,OUTBOUND,79.46,86.301,2.497,1.051,1.581,-0.469,-0.609,86.301,2.397,1.581,0.829,0.304,1,0.258,1.358,2.329,100.0,-2.5,0.737,1,0,0,OFFBOARD
784,OUTBOUND,79.56,86.302,2.497,1.051,1.581,-0.469,-0.609,86.302,2.397,1.581,0.8,0.295,1,0.23,1.289,2.305,100.0,-2.5,0.716,1,0,0,OFFBOARD
785,OUTBOUND,79.66,86.303,2.497,1.049,1.581,-0.469,-0.609,86.303,2.397,1.581,0.789,0.293,1,0.223,1.26,2.291,100.0,-2.5,0.7,1,0,0,OFFBOARD
786,OUTBOUND,79.77,86.303,2.497,1.049,1.581,-0.469,-0.609,86.303,2.397,1.581,0.943,0.316,1,0.252,1.427,2.341,100.0,-2.5,0.689,1,0,0,OFFBOARD
787,OUTBOUND,79.87,86.3,2.497,1.053,1.581,-0.469,-0.609,86.3,2.397,1.581,0.876,0.307,1,0.246,1.371,2.32,100.0,-2.5,0.682,1,0,0,OFFBOARD
788,OUTBOUND,79.97,86.3,2.497,1.053,1.581,-0.469,-0.609,86.3,2.397,1.581,0.803,0.297,1,0.233,1.287,2.295,100.0,-2.5,0.678,1,0,0,OFFBOARD
789,OUTBOUND,80.07,86.3,2.497,1.053,1.581,-0.469,-0.609,86.3,2.397,1.581,0.873,0.307,1,0.246,1.366,2.319,100.0,-2.5,0.678,1,0,0,OFFBOARD
790,OUTBOUND,80.17,86.301,2.497,1.053,1.581,-0.469,-0.609,86.301,2.397,1.581,0.824,0.301,1,0.238,1.315,2.303,100.0,-2.5,0.679,1,0,0,OFFBOARD
791,OUTBOUND,80.27,86.301,2.497,1.052,1.581,-0.469,-0.609,86.301,2.397,1.581,0.797,0.297,1,0.23,1.273,2.284,100.0,-2.5,0.679,1,0,0,OFFBOARD
792,OUTBOUND,80.37,86.301,2.497,1.053,1.581,-0.469,-0.609,86.301,2.397,1.581,0.919,0.31,1,0.245,1.387,2.313,100.0,-2.5,0.682,1,0,0,OFFBOARD
793,OUTBOUND,80.47,86.3,2.497,1.054,1.581,-0.469,-0.609,86.3,2.397,1.581,0.801,0.297,1,0.232,1.276,2.283,100.0,-2.5,0.689,1,0,0,OFFBOARD
794,OUTBOUND,80.58,86.3,2.497,1.053,1.581,-0.469,-0.609,86.3,2.397,1.581,0.871,0.306,1,0.242,1.347,2.303,100.0,-2.5,0.698,1,0,0,OFFBOARD
795,OUTBOUND,80.68,86.3,2.497,1.054,1.581,-0.469,-0.609,86.3,2.397,1.581,0.852,0.301,1,0.237,1.312,2.295,100.0,-2.5,0.708,1,0,0,OFFBOARD
796,OUTBOUND,80.78,86.3,2.497,1.054,1.581,-0.469,-0.609,86.3,2.397,1.581,0.858,0.303,1,0.239,1.325,2.301,100.0,-2.5,0.713,1,0,0,OFFBOARD
797,OUTBOUND,80.88,86.3,2.497,1.054,1.581,-0.469,-0.609,86.3,2.397,1.581,0.858,0.303,1,0.24,1.328,2.303,100.0,-2.5,0.718,1,0,0,OFFBOARD
798,OUTBOUND,80.98,86.3,2.497,1.054,1.581,-0.469,-0.609,86.3,2.397,1.581,0.86,0.303,1,0.241,1.333,2.306,100.0,-2.5,0.725,1,0,0,OFFBOARD
799,OUTBOUND,81.08,86.3,2.497,1.054,1.581,-0.469,-0.609,86.3,2.397,1.581,0.861,0.303,1,0.241,1.335,2.308,100.0,-2.5,0.733,1,0,0,OFFBOARD
800,OUTBOUND,81.18,86.3,2.497,1.055,1.581,-0.469,-0.609,86.3,2.397,1.581,0.863,0.303,1,0.242,1.34,2.31,100.0,-2.5,0.743,1,0,0,OFFBOARD
801,OUTBOUND,81.29,86.3,2.496,1.055,1.581,-0.469,-0.609,86.3,2.397,1.581,0.866,0.304,1,0.243,1.349,2.313,100.0,-2.5,0.752,1,0,0,OFFBOARD
802,OUTBOUND,81.39,86.3,2.496,1.055,1.581,-0.469,-0.609,86.3,2.397,1.581,0.863,0.303,1,0.243,1.34,2.311,100.0,-2.5,0.762,1,0,0,OFFBOARD
803,OUTBOUND,81.49,86.3,2.497,1.055,1.581,-0.469,-0.609,86.3,2.397,1.581,0.831,0.302,1,0.242,1.331,2.31,100.0,-2.5,0.77,1,0,0,OFFBOARD
804,OUTBOUND,81.59,86.3,2.497,1.055,1.581,-0.469,-0.609,86.3,2.397,1.581,0.814,0.299,1,0.238,1.311,2.305,100.0,-2.5,0.779,1,0,0,OFFBOARD
805,OUTBOUND,81.69,86.301,2.497,1.054,1.581,-0.469,-0.609,86.3,2.397,1.581,0.803,0.296,1,0.233,1.289,2.296,100.0,-2.5,0.787,1,0,0,OFFBOARD
806,OUTBOUND,81.8,86.301,2.496,1.054,1.581,-0.469,-0.609,86.301,2.397,1.581,0.88,0.308,1,0.248,1.383,2.323,100.0,-2.5,0.795,1,0,0,OFFBOARD
807,OUTBOUND,81.9,86.3,2.497,1.055,1.581,-0.469,-0.609,86.3,2.397,1.581,0.81,0.298,1,0.236,1.302,2.3,100.0,-2.5,0.8,1,0,0,OFFBOARD
808,OUTBOUND,82.0,86.301,2.497,1.054,1.581,-0.469,-0.609,86.301,2.397,1.581,0.81,0.298,1,0.234,1.295,2.294,100.0,-2.5,0.802,1,0,0,OFFBOARD
809,OUTBOUND,82.1,86.3,2.497,1.055,1.581,-0.469,-0.609,86.3,2.397,1.581,0.873,0.306,1,0.244,1.361,2.312,100.0,-2.5,0.805,1,0,0,OFFBOARD
810,OUTBOUND,82.2,86.3,2.496,1.055,1.581,-0.469,-0.609,86.3,2.397,1.581,0.87,0.305,1,0.244,1.356,2.313,100.0,-2.5,0.81,1,0,0,OFFBOARD
811,OUTBOUND,82.3,86.3,2.497,1.055,1.581,-0.469,-0.609,86.3,2.397,1.581,0.858,0.302,1,0.241,1.329,2.305,100.0,-2.5,0.816,1,0,0,OFFBOARD
812,OUTBOUND,82.4,86.301,2.497,1.055,1.581,-0.469,-0.609,86.301,2.397,1.581,0.81,0.298,1,0.233,1.289,2.29,100.0,-2.5,0.822,1,0,0,OFFBOARD
813,OUTBOUND,82.5,86.3,2.496,1.055,1.581,-0.469,-0.609,86.3,2.397,1.581,0.866,0.304,1,0.242,1.344,2.306,100.0,-2.5,0.827,1,0,0,OFFBOARD
814,OUTBOUND,82.61,86.3,2.496,1.055,1.581,-0.469,-0.609,86.3,2.397,1.581,0.859,0.303,1,0.24,1.33,2.303,100.0,-2.5,0.837,1,0,0,OFFBOARD
815,OUTBOUND,82.71,86.3,2.496,1.055,1.581,-0.469,-0.609,86.3,2.397,1.581,0.86,0.302,1,0.24,1.332,2.304,100.0,-2.5,0.846,1,0,0,OFFBOARD
816,OUTBOUND,82.81,86.3,2.496,1.056,1.581,-0.469,-0.609,86.3,2.397,1.581,0.861,0.302,1,0.241,1.335,2.307,100.0,-2.5,0.853,1,0,0,OFFBOARD
817,OUTBOUND,82.91,86.3,2.496,1.056,1.581,-0.469,-0.609,86.3,2.396,1.581,0.862,0.302,1,0.242,1.338,2.309,100.0,-2.5,0.859,1,0,0,OFFBOARD
818,OUTBOUND,83.01,86.3,2.496,1.056,1.581,-0.469,-0.609,86.3,2.396,1.581,0.864,0.302,1,0.243,1.343,2.311,100.0,-2.5,0.864,1,0,0,OFFBOARD
819,OUTBOUND,83.11,86.3,2.496,1.056,1.581,-0.469,-0.609,86.3,2.396,1.581,0.817,0.299,1,0.239,1.315,2.304,100.0,-2.5,0.871,1,0,0,OFFBOARD
820,OUTBOUND,83.21,86.301,2.497,1.056,1.581,-0.469,-0.609,86.301,2.397,1.581,0.79,0.292,1,0.227,1.262,2.284,100.0,-2.5,0.875,1,0,0,OFFBOARD
821,OUTBOUND,83.31,86.302,2.497,1.054,1.581,-0.469,-0.609,86.302,2.397,1.581,0.804,0.297,1,0.232,1.282,2.286,100.0,-2.5,0.879,1,0,0,OFFBOARD
822,OUTBOUND,83.42,86.301,2.496,1.056,1.581,-0.469,-0.609,86.301,2.396,1.581,0.934,0.311,1,0.248,1.409,2.322,100.0,-2.5,0.885,1,0,0,OFFBOARD
823,OUTBOUND,83.52,86.3,2.496,1.057,1.581,-0.469,-0.609,86.3,2.396,1.581,0.806,0.296,1,0.233,1.283,2.286,100.0,-2.5,0.894,1,0,0,OFFBOARD
824,OUTBOUND,83.62,86.3,2.496,1.057,1.581,-0.469,-0.609,86.3,2.396,1.581,0.873,0.305,1,0.242,1.355,2.307,100.0,-2.5,0.904,1,0,0,OFFBOARD
825,OUTBOUND,83.72,86.3,2.496,1.057,1.581,-0.469,-0.609,86.3,2.396,1.581,0.859,0.302,1,0.24,1.328,2.302,100.0,-2.5,0.915,1,0,0,OFFBOARD
826,OUTBOUND,83.82,86.3,2.496,1.057,1.581,-0.469,-0.609,86.3,2.396,1.581,0.861,0.302,1,0.24,1.334,2.305,100.0,-2.5,0.925,1,0,0,OFFBOARD
827,OUTBOUND,83.92,86.3,2.496,1.057,1.581,-0.469,-0.609,86.3,2.396,1.581,0.86,0.301,1,0.241,1.333,2.305,100.0,-2.5,0.936,1,0,0,OFFBOARD
828,OUTBOUND,84.02,86.3,2.496,1.058,1.581,-0.469,-0.609,86.3,2.396,1.581,0.861,0.301,1,0.241,1.335,2.306,100.0,-2.5,0.947,1,0,0,OFFBOARD
829,OUTBOUND,84.13,86.3,2.496,1.058,1.581,-0.469,-0.609,86.3,2.396,1.581,0.819,0.298,1,0.237,1.308,2.298,100.0,-2.5,0.957,1,0,0,OFFBOARD
830,OUTBOUND,84.23,86.301,2.496,1.057,1.581,-0.469,-0.609,86.301,2.396,1.581,0.799,0.294,1,0.23,1.274,2.284,100.0,-2.5,0.967,1,0,0,OFFBOARD
831,OUTBOUND,84.33,86.301,2.496,1.058,1.581,-0.469,-0.609,86.3,2.396,1.581,0.925,0.308,1,0.246,1.4,2.318,100.0,-2.5,0.978,1,0,0,OFFBOARD
832,OUTBOUND,84.43,86.3,2.496,1.058,1.581,-0.469,-0.609,86.3,2.396,1.581,0.85,0.299,1,0.237,1.309,2.294,100.0,-2.5,0.991,1,0,0,OFFBOARD
833,OUTBOUND,84.53,86.3,2.496,1.058,1.581,-0.469,-0.609,86.3,2.396,1.581,0.86,0.301,1,0.239,1.331,2.3,100.0,-2.5,1.002,1,0,0,OFFBOARD
834,OUTBOUND,84.63,86.3,2.496,1.058,1.581,-0.469,-0.609,86.3,2.396,1.581,0.853,0.299,1,0.238,1.316,2.296,100.0,-2.5,1.01,1,0,0,OFFBOARD
835,OUTBOUND,84.73,86.3,2.496,1.058,1.581,-0.469,-0.609,86.3,2.396,1.581,0.859,0.301,1,0.24,1.331,2.301,100.0,-2.5,1.019,1,0,0,OFFBOARD
836,OUTBOUND,84.84,86.3,2.496,1.058,1.581,-0.469,-0.609,86.3,2.396,1.581,0.86,0.301,1,0.24,1.334,2.303,100.0,-2.5,1.031,1,0,0,OFFBOARD
837,OUTBOUND,84.94,86.3,2.496,1.059,1.581,-0.469,-0.609,86.3,2.396,1.581,0.856,0.3,1,0.239,1.326,2.302,100.0,-2.5,1.042,1,0,0,OFFBOARD
838,OUTBOUND,85.04,86.3,2.496,1.059,1.581,-0.469,-0.609,86.3,2.396,1.581,0.852,0.299,1,0.238,1.316,2.298,100.0,-2.5,1.053,1,0,0,OFFBOARD
839,OUTBOUND,85.14,86.3,2.496,1.059,1.581,-0.469,-0.609,86.3,2.396,1.581,0.856,0.3,1,0.239,1.324,2.301,100.0,-2.5,1.063,1,0,0,OFFBOARD
840,OUTBOUND,85.24,86.301,2.496,1.059,1.581,-0.469,-0.609,86.3,2.396,1.581,0.817,0.297,1,0.235,1.296,2.291,100.0,-2.5,1.071,1,0,0,OFFBOARD
841,OUTBOUND,85.34,86.301,2.496,1.059,1.581,-0.469,-0.609,86.301,2.396,1.581,0.848,0.299,1,0.235,1.304,2.289,100.0,-2.5,1.079,1,0,0,OFFBOARD
842,OUTBOUND,85.45,86.3,2.496,1.06,1.581,-0.469,-0.609,86.3,2.396,1.581,0.852,0.299,1,0.237,1.312,2.291,100.0,-2.5,1.086,1,0,0,OFFBOARD
843,OUTBOUND,85.55,86.3,2.496,1.06,1.581,-0.469,-0.609,86.3,2.396,1.581,0.856,0.3,1,0.238,1.322,2.295,100.0,-2.5,1.098,1,0,0,OFFBOARD
844,OUTBOUND,85.65,86.3,2.496,1.06,1.581,-0.469,-0.609,86.3,2.396,1.581,0.857,0.3,1,0.238,1.324,2.297,100.0,-2.5,1.109,1,0,0,OFFBOARD
845,OUTBOUND,85.75,86.3,2.496,1.06,1.581,-0.469,-0.609,86.3,2.396,1.581,0.856,0.299,1,0.238,1.322,2.298,100.0,-2.5,1.118,1,0,0,OFFBOARD
846,OUTBOUND,85.85,86.3,2.496,1.06,1.581,-0.469,-0.609,86.3,2.396,1.581,0.858,0.3,1,0.239,1.327,2.3,100.0,-2.5,1.124,1,0,0,OFFBOARD
847,OUTBOUND,85.95,86.3,2.496,1.061,1.581,-0.469,-0.609,86.3,2.396,1.581,0.86,0.3,1,0.24,1.332,2.302,100.0,-2.5,1.131,1,0,0,OFFBOARD
848,OUTBOUND,86.05,86.3,2.496,1.061,1.581,-0.469,-0.609,86.3,2.396,1.581,0.86,0.3,1,0.24,1.333,2.303,100.0,-2.5,1.137,1,0,0,OFFBOARD
849,OUTBOUND,86.16,86.3,2.496,1.061,1.581,-0.469,-0.609,86.3,2.396,1.581,0.862,0.3,1,0.241,1.34,2.305,100.0,-2.5,1.145,1,0,0,OFFBOARD
850,OUTBOUND,86.26,86.3,2.496,1.061,1.581,-0.469,-0.609,86.3,2.396,1.581,0.856,0.299,1,0.24,1.326,2.302,100.0,-2.5,1.156,1,0,0,OFFBOARD
851,OUTBOUND,86.36,86.3,2.496,1.061,1.581,-0.469,-0.609,86.3,2.396,1.581,0.863,0.3,1,0.241,1.341,2.306,100.0,-2.5,1.167,1,0,0,OFFBOARD
852,OUTBOUND,86.46,86.3,2.496,1.061,1.581,-0.469,-0.609,86.3,2.396,1.581,0.864,0.3,1,0.242,1.343,2.308,100.0,-2.5,1.177,1,0,0,OFFBOARD
853,OUTBOUND,86.56,86.3,2.496,1.061,1.581,-0.469,-0.609,86.3,2.396,1.581,0.862,0.3,1,0.242,1.34,2.308,100.0,-2.5,1.191,1,0,0,OFFBOARD
854,OUTBOUND,86.66,86.3,2.496,1.06,1.581,-0.469,-0.609,86.3,2.396,1.581,0.864,0.3,1,0.243,1.345,2.311,100.0,-2.5,1.201,1,0,0,OFFBOARD
855,OUTBOUND,86.76,86.3,2.496,1.061,1.581,-0.469,-0.609,86.3,2.396,1.581,0.813,0.296,1,0.238,1.311,2.302,100.0,-2.5,1.209,1,0,0,OFFBOARD
856,OUTBOUND,86.86,86.301,2.496,1.06,1.581,-0.469,-0.609,86.301,2.396,1.581,0.829,0.298,1,0.24,1.324,2.304,100.0,-2.5,1.216,1,0,0,OFFBOARD
857,OUTBOUND,86.97,86.3,2.496,1.06,1.581,-0.469,-0.609,86.3,2.396,1.581,0.819,0.297,1,0.24,1.318,2.304,100.0,-2.5,1.221,1,0,0,OFFBOARD
858,OUTBOUND,87.07,86.3,2.496,1.06,1.581,-0.469,-0.609,86.3,2.396,1.581,0.802,0.294,1,0.234,1.289,2.293,100.0,-2.5,1.225,1,0,0,OFFBOARD
859,OUTBOUND,87.17,86.3,2.496,1.06,1.581,-0.469,-0.609,86.3,2.396,1.581,0.864,0.301,1,0.243,1.344,2.31,100.0,-2.5,1.232,1,0,0,OFFBOARD
860,OUTBOUND,87.27,86.3,2.496,1.06,1.581,-0.469,-0.609,86.3,2.396,1.581,0.803,0.294,1,0.234,1.29,2.294,100.0,-2.5,1.239,1,0,0,OFFBOARD
861,OUTBOUND,87.37,86.301,2.496,1.06,1.581,-0.469,-0.609,86.301,2.396,1.581,0.774,0.285,1,0.219,1.228,2.265,100.0,-2.5,1.248,1,0,0,OFFBOARD
862,OUTBOUND,87.47,86.302,2.496,1.058,1.581,-0.469,-0.609,86.302,2.396,1.581,0.813,0.298,1,0.234,1.293,2.285,100.0,-2.5,1.256,1,0,0,OFFBOARD
863,OUTBOUND,87.57,86.301,2.496,1.06,1.581,-0.469,-0.609,86.301,2.396,1.581,0.966,0.313,1,0.249,1.415,2.325,100.0,-2.5,1.264,1,0,0,OFFBOARD
864,OUTBOUND,87.68,86.3,2.496,1.061,1.581,-0.469,-0.609,86.3,2.396,1.581,0.843,0.296,1,0.234,1.292,2.283,100.0,-2.5,1.274,1,0,0,OFFBOARD
865,OUTBOUND,87.78,86.3,2.496,1.061,1.581,-0.469,-0.609,86.3,2.396,1.581,0.852,0.299,1,0.236,1.312,2.289,100.0,-2.5,1.283,1,0,0,OFFBOARD
866,OUTBOUND,87.88,86.3,2.496,1.061,1.581,-0.469,-0.609,86.3,2.396,1.581,0.852,0.298,1,0.237,1.314,2.292,100.0,-2.5,1.292,1,0,0,OFFBOARD
867,OUTBOUND,87.98,86.3,2.496,1.061,1.581,-0.469,-0.609,86.3,2.396,1.581,0.854,0.299,1,0.237,1.318,2.294,100.0,-2.5,1.298,1,0,0,OFFBOARD
868,OUTBOUND,88.08,86.3,2.496,1.061,1.581,-0.469,-0.609,86.3,2.396,1.581,0.856,0.299,1,0.238,1.324,2.297,100.0,-2.5,1.307,1,0,0,OFFBOARD
869,OUTBOUND,88.18,86.3,2.496,1.061,1.581,-0.469,-0.609,86.3,2.396,1.581,0.857,0.299,1,0.239,1.326,2.299,100.0,-2.5,1.319,1,0,0,OFFBOARD
870,OUTBOUND,88.28,86.3,2.496,1.061,1.581,-0.469,-0.609,86.3,2.396,1.581,0.86,0.3,1,0.24,1.335,2.302,100.0,-2.5,1.331,1,0,0,OFFBOARD
871,OUTBOUND,88.38,86.3,2.496,1.061,1.581,-0.469,-0.609,86.3,2.396,1.581,0.862,0.3,1,0.241,1.337,2.304,100.0,-2.5,1.344,1,0,0,OFFBOARD
872,OUTBOUND,88.49,86.3,2.496,1.061,1.581,-0.469,-0.609,86.3,2.396,1.581,0.857,0.298,1,0.24,1.326,2.302,100.0,-2.5,1.356,1,0,0,OFFBOARD
873,OUTBOUND,88.59,86.3,2.496,1.061,1.581,-0.469,-0.609,86.3,2.396,1.581,0.86,0.299,1,0.241,1.336,2.307,100.0,-2.5,1.369,1,0,0,OFFBOARD
874,OUTBOUND,88.69,86.3,2.496,1.061,1.581,-0.469,-0.609,86.3,2.396,1.581,0.86,0.299,1,0.241,1.334,2.307,100.0,-2.5,1.38,1,0,0,OFFBOARD
875,OUTBOUND,88.79,86.3,2.496,1.061,1.581,-0.469,-0.609,86.3,2.396,1.581,0.863,0.3,1,0.243,1.341,2.31,100.0,-2.5,1.389,1,0,0,OFFBOARD
876,OUTBOUND,88.89,86.3,2.496,1.06,1.581,-0.469,-0.609,86.3,2.396,1.581,0.865,0.3,1,0.244,1.347,2.314,100.0,-2.5,1.397,1,0,0,OFFBOARD
877,OUTBOUND,88.99,86.3,2.496,1.06,1.581,-0.469,-0.609,86.3,2.396,1.581,0.82,0.298,1,0.242,1.325,2.308,100.0,-2.5,1.405,1,0,0,OFFBOARD
878,OUTBOUND,89.09,86.301,2.496,1.06,1.581,-0.469,-0.609,86.301,2.396,1.581,0.793,0.291,1,0.229,1.271,2.287,100.0,-2.5,1.408,1,0,0,OFFBOARD
879,OUTBOUND,89.2,86.303,2.496,1.059,1.581,-0.469,-0.609,86.303,2.396,1.581,0.762,0.284,1,0.217,1.217,2.257,100.0,-2.5,1.413,1,0,0,OFFBOARD
880,OUTBOUND,89.3,86.303,2.496,1.057,1.581,-0.469,-0.609,86.303,2.396,1.581,0.91,0.307,1,0.24,1.366,2.294,100.0,-2.5,1.419,1,0,0,OFFBOARD
881,OUTBOUND,89.4,86.301,2.496,1.061,1.581,-0.469,-0.609,86.301,2.396,1.581,0.975,0.314,1,0.248,1.411,2.32,100.0,-2.5,1.425,1,0,0,OFFBOARD
882,OUTBOUND,89.5,86.3,2.496,1.062,1.581,-0.469,-0.609,86.3,2.396,1.581,0.78,0.292,1,0.229,1.26,2.266,100.0,-2.5,1.433,1,0,0,OFFBOARD
883,OUTBOUND,89.6,86.3,2.496,1.062,1.581,-0.469,-0.609,86.3,2.396,1.581,0.866,0.3,1,0.236,1.316,2.282,100.0,-2.5,1.441,1,0,0,OFFBOARD
884,OUTBOUND,89.7,86.3,2.496,1.062,1.581,-0.469,-0.609,86.3,2.396,1.581,0.797,0.296,1,0.232,1.282,2.272,100.0,-2.5,1.452,1,0,0,OFFBOARD
885,OUTBOUND,89.8,86.3,2.496,1.062,1.581,-0.469,-0.609,86.3,2.396,1.581,0.847,0.297,1,0.234,1.296,2.278,100.0,-2.5,1.463,1,0,0,OFFBOARD
886,OUTBOUND,89.9,86.3,2.496,1.062,1.581,-0.469,-0.609,86.3,2.396,1.581,0.848,0.297,1,0.235,1.301,2.281,100.0,-2.5,1.474,1,0,0,OFFBOARD
887,OUTBOUND,90.01,86.3,2.496,1.062,1.581,-0.469,-0.609,86.3,2.396,1.581,0.846,0.297,1,0.234,1.297,2.281,100.0,-2.5,1.486,1,0,0,OFFBOARD
888,OUTBOUND,90.11,86.3,2.496,1.063,1.581,-0.469,-0.609,86.3,2.396,1.581,0.85,0.297,1,0.235,1.306,2.286,100.0,-2.5,1.498,1,0,0,OFFBOARD
889,OUTBOUND,90.21,86.3,2.496,1.063,1.581,-0.469,-0.609,86.3,2.396,1.581,0.853,0.298,1,0.237,1.314,2.289,100.0,-2.5,1.509,1,0,0,OFFBOARD
890,OUTBOUND,90.31,86.3,2.496,1.063,1.581,-0.469,-0.609,86.3,2.396,1.581,0.854,0.298,1,0.237,1.316,2.29,100.0,-2.5,1.521,1,0,0,OFFBOARD
891,OUTBOUND,90.41,86.3,2.496,1.063,1.581,-0.469,-0.609,86.3,2.396,1.581,0.855,0.298,1,0.237,1.32,2.292,100.0,-2.5,1.534,1,0,0,OFFBOARD
892,OUTBOUND,90.51,86.3,2.496,1.064,1.581,-0.469,-0.609,86.3,2.396,1.581,0.856,0.298,1,0.238,1.322,2.295,100.0,-2.5,1.548,1,0,0,OFFBOARD
893,OUTBOUND,90.62,86.3,2.496,1.064,1.581,-0.469,-0.609,86.3,2.396,1.581,0.856,0.298,1,0.238,1.324,2.296,100.0,-2.5,1.561,1,0,0,OFFBOARD
894,OUTBOUND,90.72,86.3,2.496,1.064,1.581,-0.469,-0.609,86.3,2.396,1.581,0.858,0.298,1,0.239,1.328,2.299,100.0,-2.5,1.574,1,0,0,OFFBOARD
895,OUTBOUND,90.82,86.3,2.496,1.064,1.581,-0.469,-0.609,86.3,2.396,1.581,0.856,0.297,1,0.239,1.326,2.3,100.0,-2.5,1.585,1,0,0,OFFBOARD
896,OUTBOUND,90.92,86.3,2.496,1.063,1.581,-0.469,-0.609,86.3,2.396,1.581,0.862,0.299,1,0.242,1.34,2.307,100.0,-2.5,1.594,1,0,0,OFFBOARD
897,OUTBOUND,91.02,86.3,2.496,1.063,1.581,-0.469,-0.609,86.3,2.396,1.581,0.86,0.298,1,0.241,1.336,2.306,100.0,-2.5,1.604,1,0,0,OFFBOARD
898,OUTBOUND,91.12,86.301,2.496,1.063,1.581,-0.469,-0.609,86.301,2.396,1.581,0.861,0.298,1,0.242,1.336,2.307,100.0,-2.5,1.615,1,0,0,OFFBOARD
899,OUTBOUND,91.22,86.301,2.496,1.062,1.581,-0.469,-0.609,86.301,2.396,1.581,0.865,0.3,1,0.244,1.35,2.312,100.0,-2.5,1.627,1,0,0,OFFBOARD
900,OUTBOUND,91.33,86.3,2.496,1.063,1.581,-0.469,-0.609,86.3,2.396,1.581,0.821,0.297,1,0.242,1.326,2.307,100.0,-2.5,1.64,1,0,0,OFFBOARD
901,OUTBOUND,91.43,86.301,2.496,1.062,1.581,-0.469,-0.609,86.301,2.396,1.581,0.87,0.301,1,0.246,1.36,2.316,100.0,-2.5,1.651,1,0,0,OFFBOARD
902,OUTBOUND,91.53,86.3,2.496,1.062,1.581,-0.469,-0.609,86.3,2.396,1.581,0.868,0.3,1,0.246,1.355,2.316,100.0,-2.5,1.66,1,0,0,OFFBOARD
903,OUTBOUND,91.63,86.301,2.496,1.062,1.581,-0.469,-0.609,86.301,2.396,1.581,0.833,0.299,1,0.243,1.337,2.31,100.0,-2.5,1.669,1,0,0,OFFBOARD
904,OUTBOUND,91.73,86.3,2.496,1.062,1.581,-0.469,-0.609,86.3,2.396,1.581,0.826,0.298,1,0.244,1.336,2.311,100.0,-2.5,1.679,1,0,0,OFFBOARD
905,OUTBOUND,91.83,86.3,2.496,1.061,1.581,-0.469,-0.609,86.3,2.396,1.581,0.812,0.296,1,0.239,1.313,2.303,100.0,-2.5,1.689,1,0,0,OFFBOARD
906,OUTBOUND,91.93,86.302,2.496,1.061,1.581,-0.469,-0.609,86.302,2.396,1.581,0.796,0.292,1,0.23,1.275,2.287,100.0,-2.5,1.699,1,0,0,OFFBOARD
907,OUTBOUND,92.04,86.301,2.496,1.061,1.581,-0.469,-0.609,86.301,2.396,1.581,0.923,0.306,1,0.245,1.395,2.316,100.0,-2.5,1.709,1,0,0,OFFBOARD
908,OUTBOUND,92.14,86.3,2.496,1.063,1.581,-0.469,-0.609,86.3,2.396,1.581,0.801,0.292,1,0.232,1.28,2.285,100.0,-2.5,1.721,1,0,0,OFFBOARD
909,OUTBOUND,92.24,86.3,2.496,1.063,1.581,-0.469,-0.609,86.3,2.396,1.581,0.776,0.284,1,0.222,1.233,2.266,100.0,-2.5,1.735,1,0,0,OFFBOARD
910,OUTBOUND,92.34,86.301,2.496,1.061,1.581,-0.469,-0.609,86.301,2.396,1.581,0.849,0.297,1,0.236,1.307,2.292,100.0,-2.5,1.75,1,0,0,OFFBOARD
911,OUTBOUND,92.44,86.3,2.496,1.062,1.581,-0.469,-0.609,86.3,2.396,1.581,0.855,0.298,1,0.238,1.321,2.296,100.0,-2.5,1.765,1,0,0,OFFBOARD
912,OUTBOUND,92.54,86.3,2.496,1.062,1.581,-0.469,-0.609,86.3,2.396,1.581,0.848,0.296,1,0.236,1.305,2.291,100.0,-2.5,1.778,1,0,0,OFFBOARD
913,OUTBOUND,92.64,86.3,2.496,1.062,1.581,-0.469,-0.609,86.3,2.396,1.581,0.855,0.298,1,0.238,1.321,2.297,100.0,-2.5,1.79,1,0,0,OFFBOARD
914,OUTBOUND,92.74,86.3,2.496,1.062,1.581,-0.469,-0.609,86.3,2.396,1.581,0.849,0.297,1,0.236,1.307,2.29,100.0,-2.5,1.8,1,0,0,OFFBOARD
915,OUTBOUND,92.85,86.3,2.496,1.062,1.581,-0.469,-0.609,86.3,2.396,1.581,0.853,0.298,1,0.237,1.317,2.294,100.0,-2.5,1.809,1,0,0,OFFBOARD
916,OUTBOUND,92.95,86.3,2.496,1.063,1.581,-0.469,-0.609,86.3,2.396,1.581,0.858,0.299,1,0.239,1.327,2.298,100.0,-2.5,1.818,1,0,0,OFFBOARD
917,OUTBOUND,93.05,86.3,2.496,1.063,1.581,-0.469,-0.609,86.3,2.396,1.581,0.859,0.299,1,0.239,1.331,2.299,100.0,-2.5,1.828,1,0,0,OFFBOARD
918,OUTBOUND,93.15,86.3,2.496,1.063,1.581,-0.469,-0.609,86.3,2.396,1.581,0.859,0.299,1,0.24,1.332,2.301,100.0,-2.5,1.837,1,0,0,OFFBOARD
919,OUTBOUND,93.25,86.3,2.496,1.063,1.581,-0.469,-0.609,86.3,2.396,1.581,0.86,0.299,1,0.24,1.333,2.302,100.0,-2.5,1.846,1,0,0,OFFBOARD
920,OUTBOUND,93.35,86.3,2.496,1.063,1.581,-0.469,-0.609,86.3,2.396,1.581,0.867,0.3,1,0.243,1.353,2.309,100.0,-2.5,1.858,1,0,0,OFFBOARD
921,OUTBOUND,93.45,86.296,2.495,1.067,1.581,-0.469,-0.609,86.296,2.395,1.581,0.858,0.296,1,0.243,1.331,2.301,100.0,-2.5,1.869,1,0,0,OFFBOARD
922,OUTBOUND,93.56,86.295,2.495,1.069,1.581,-0.469,-0.609,86.295,2.395,1.581,0.868,0.298,1,0.249,1.354,2.309,100.0,-2.5,1.879,1,0,0,OFFBOARD
923,OUTBOUND,93.66,86.294,2.495,1.07,1.581,-0.469,-0.609,86.294,2.395,1.581,0.831,0.294,1,0.25,1.329,2.299,100.0,-2.5,1.886,1,0,0,OFFBOARD
924,OUTBOUND,93.76,86.294,2.495,1.07,1.581,-0.469,-0.609,86.294,2.395,1.581,0.869,0.297,1,0.255,1.357,2.307,100.0,-2.5,1.885,1,0,0,OFFBOARD
925,OUTBOUND,93.86,86.294,2.495,1.07,1.581,-0.469,-0.609,86.294,2.395,1.581,0.87,0.297,1,0.256,1.36,2.307,100.0,-2.5,1.878,1,0,0,OFFBOARD
926,OUTBOUND,93.96,86.294,2.495,1.07,1.581,-0.469,-0.609,86.294,2.395,1.581,0.868,0.297,1,0.254,1.354,2.306,100.0,-2.5,1.869,1,0,0,OFFBOARD
927,OUTBOUND,94.06,86.294,2.495,1.069,1.581,-0.469,-0.609,86.294,2.395,1.581,0.868,0.297,1,0.254,1.354,2.306,100.0,-2.5,1.857,1,0,0,OFFBOARD
928,OUTBOUND,94.16,86.294,2.495,1.069,1.581,-0.469,-0.609,86.294,2.395,1.581,0.864,0.296,1,0.252,1.344,2.303,100.0,-2.5,1.84,1,0,0,OFFBOARD
929,OUTBOUND,94.27,86.294,2.495,1.069,1.581,-0.469,-0.609,86.294,2.395,1.581,0.869,0.297,1,0.257,1.356,2.307,100.0,-2.5,1.823,1,0,0,OFFBOARD
930,OUTBOUND,94.37,86.294,2.495,1.069,1.581,-0.469,-0.609,86.294,2.395,1.581,0.867,0.297,1,0.258,1.354,2.307,100.0,-2.5,1.804,1,0,0,OFFBOARD
931,OUTBOUND,94.47,86.294,2.495,1.069,1.581,-0.469,-0.609,86.294,2.395,1.581,0.869,0.298,1,0.258,1.357,2.308,100.0,-2.5,1.783,1,0,0,OFFBOARD
932,OUTBOUND,94.57,86.294,2.495,1.069,1.581,-0.469,-0.609,86.294,2.395,1.581,0.866,0.297,1,0.255,1.349,2.306,100.0,-2.5,1.766,1,0,0,OFFBOARD
933,OUTBOUND,94.67,86.294,2.495,1.068,1.581,-0.469,-0.609,86.294,2.395,1.581,0.867,0.297,1,0.257,1.353,2.307,100.0,-2.5,1.748,1,0,0,OFFBOARD
934,OUTBOUND,94.77,86.294,2.495,1.068,1.581,-0.469,-0.609,86.294,2.395,1.581,0.87,0.298,1,0.26,1.358,2.309,100.0,-2.5,1.73,1,0,0,OFFBOARD
935,OUTBOUND,94.87,86.294,2.495,1.068,1.581,-0.469,-0.609,86.294,2.395,1.581,0.867,0.297,1,0.26,1.352,2.307,100.0,-2.5,1.71,1,0,0,OFFBOARD
936,OUTBOUND,94.97,86.294,2.495,1.068,1.581,-0.469,-0.609,86.294,2.395,1.581,0.867,0.297,1,0.264,1.352,2.308,100.0,-2.5,1.688,1,0,0,OFFBOARD
937,OUTBOUND,95.08,86.294,2.495,1.068,1.581,-0.469,-0.609,86.294,2.395,1.581,0.865,0.297,1,0.256,1.349,2.307,100.0,-2.5,1.667,1,0,0,OFFBOARD
938,OUTBOUND,95.18,86.294,2.495,1.068,1.581,-0.469,-0.609,86.294,2.395,1.581,0.87,0.298,1,0.261,1.36,2.31,100.0,-2.5,1.646,1,0,0,OFFBOARD
939,OUTBOUND,95.28,86.294,2.495,1.067,1.581,-0.469,-0.609,86.294,2.395,1.581,0.865,0.297,1,0.256,1.345,2.306,100.0,-2.5,1.625,1,0,0,OFFBOARD
940,OUTBOUND,95.38,86.294,2.495,1.068,1.581,-0.469,-0.609,86.294,2.395,1.581,0.87,0.298,1,0.256,1.36,2.309,100.0,-2.5,1.605,1,0,0,OFFBOARD
941,OUTBOUND,95.48,86.294,2.495,1.068,1.581,-0.469,-0.609,86.294,2.395,1.581,0.865,0.297,1,0.253,1.347,2.305,100.0,-2.5,1.583,1,0,0,OFFBOARD
942,OUTBOUND,95.58,86.294,2.495,1.067,1.581,-0.469,-0.609,86.294,2.395,1.581,0.871,0.299,1,0.257,1.362,2.31,100.0,-2.5,1.562,1,0,0,OFFBOARD
943,OUTBOUND,95.68,86.294,2.495,1.067,1.581,-0.469,-0.609,86.294,2.395,1.581,0.868,0.298,1,0.257,1.354,2.308,100.0,-2.5,1.54,1,0,0,OFFBOARD
944,OUTBOUND,95.79,86.294,2.495,1.067,1.581,-0.469,-0.609,86.294,2.395,1.581,0.87,0.299,1,0.256,1.359,2.309,100.0,-2.5,1.519,1,0,0,OFFBOARD
945,OUTBOUND,95.89,86.294,2.495,1.067,1.581,-0.469,-0.609,86.294,2.395,1.581,0.868,0.298,1,0.256,1.354,2.308,100.0,-2.5,1.498,1,0,0,OFFBOARD
946,OUTBOUND,95.99,86.294,2.495,1.067,1.581,-0.469,-0.609,86.294,2.395,1.581,0.867,0.298,1,0.255,1.353,2.307,100.0,-2.5,1.475,1,0,0,OFFBOARD
947,OUTBOUND,96.09,86.294,2.495,1.067,1.581,-0.469,-0.609,86.294,2.395,1.581,0.867,0.298,1,0.254,1.353,2.308,100.0,-2.5,1.454,1,0,0,OFFBOARD
948,OUTBOUND,96.19,86.294,2.495,1.067,1.581,-0.469,-0.609,86.294,2.395,1.581,0.871,0.299,1,0.255,1.362,2.309,100.0,-2.5,1.435,1,0,0,OFFBOARD
949,OUTBOUND,96.29,86.294,2.495,1.066,1.581,-0.469,-0.609,86.294,2.395,1.581,0.868,0.299,1,0.253,1.354,2.308,100.0,-2.5,1.416,1,0,0,OFFBOARD
950,OUTBOUND,96.39,86.294,2.495,1.066,1.581,-0.469,-0.609,86.294,2.395,1.581,0.869,0.299,1,0.254,1.355,2.308,100.0,-2.5,1.398,1,0,0,OFFBOARD
951,OUTBOUND,96.5,86.294,2.495,1.066,1.581,-0.469,-0.609,86.294,2.395,1.581,0.866,0.298,1,0.254,1.35,2.307,100.0,-2.5,1.38,1,0,0,OFFBOARD
952,OUTBOUND,96.6,86.294,2.495,1.066,1.581,-0.469,-0.609,86.294,2.395,1.581,0.867,0.298,1,0.254,1.352,2.308,100.0,-2.5,1.363,1,0,0,OFFBOARD
953,OUTBOUND,96.7,86.294,2.495,1.066,1.581,-0.469,-0.609,86.294,2.395,1.581,0.868,0.299,1,0.253,1.354,2.308,100.0,-2.5,1.345,1,0,0,OFFBOARD
954,OUTBOUND,96.8,86.294,2.495,1.066,1.581,-0.469,-0.609,86.294,2.395,1.581,0.868,0.299,1,0.253,1.353,2.308,100.0,-2.5,1.323,1,0,0,OFFBOARD
955,OUTBOUND,96.9,86.294,2.495,1.066,1.581,-0.469,-0.609,86.294,2.396,1.581,0.868,0.299,1,0.254,1.354,2.308,100.0,-2.5,1.308,1,0,0,OFFBOARD
956,OUTBOUND,97.01,86.294,2.495,1.066,1.581,-0.469,-0.609,86.294,2.396,1.581,0.867,0.299,1,0.254,1.352,2.308,100.0,-2.5,1.292,1,0,0,OFFBOARD
957,OUTBOUND,97.11,86.294,2.495,1.066,1.581,-0.469,-0.609,86.294,2.395,1.581,0.868,0.299,1,0.252,1.354,2.308,100.0,-2.5,1.277,1,0,0,OFFBOARD
958,OUTBOUND,97.21,86.294,2.495,1.066,1.581,-0.469,-0.609,86.294,2.396,1.581,0.868,0.299,1,0.252,1.354,2.308,100.0,-2.5,1.261,1,0,0,OFFBOARD
959,OUTBOUND,97.31,86.294,2.495,1.065,1.581,-0.469,-0.609,86.294,2.396,1.581,0.865,0.298,1,0.251,1.347,2.306,100.0,-2.5,1.244,1,0,0,OFFBOARD
960,OUTBOUND,97.41,86.293,2.495,1.065,1.581,-0.469,-0.609,86.293,2.396,1.581,0.863,0.298,1,0.25,1.342,2.305,100.0,-2.5,1.227,1,0,0,OFFBOARD
961,OUTBOUND,97.51,86.294,2.496,1.065,1.581,-0.469,-0.609,86.294,2.396,1.581,0.828,0.296,1,0.245,1.323,2.299,100.0,-2.5,1.209,1,0,0,OFFBOARD
962,OUTBOUND,97.61,86.294,2.496,1.065,1.581,-0.469,-0.609,86.293,2.396,1.581,0.864,0.298,1,0.25,1.346,2.305,100.0,-2.5,1.192,1,0,0,OFFBOARD
963,OUTBOUND,97.72,86.294,2.495,1.065,1.581,-0.469,-0.609,86.294,2.396,1.581,0.867,0.299,1,0.251,1.35,2.307,100.0,-2.5,1.173,1,0,0,OFFBOARD
964,OUTBOUND,97.82,86.294,2.496,1.065,1.581,-0.469,-0.609,86.294,2.396,1.581,0.859,0.297,1,0.247,1.331,2.301,100.0,-2.5,1.154,1,0,0,OFFBOARD
965,OUTBOUND,97.92,86.294,2.496,1.065,1.581,-0.469,-0.609,86.294,2.396,1.581,0.858,0.297,1,0.243,1.329,2.298,100.0,-2.5,1.136,1,0,0,OFFBOARD
966,OUTBOUND,98.02,86.293,2.495,1.065,1.581,-0.469,-0.609,86.293,2.396,1.581,0.861,0.298,1,0.245,1.336,2.3,100.0,-2.5,1.127,1,0,0,OFFBOARD
967,OUTBOUND,98.12,86.293,2.496,1.065,1.581,-0.469,-0.609,86.293,2.396,1.581,0.864,0.299,1,0.246,1.342,2.302,100.0,-2.5,1.125,1,0,0,OFFBOARD
968,OUTBOUND,98.22,86.293,2.496,1.065,1.581,-0.469,-0.609,86.293,2.396,1.581,0.865,0.299,1,0.247,1.344,2.303,100.0,-2.5,1.126,1,0,0,OFFBOARD
969,OUTBOUND,98.32,86.293,2.496,1.065,1.581,-0.469,-0.609,86.293,2.396,1.581,0.861,0.298,1,0.246,1.337,2.301,100.0,-2.5,1.128,1,0,0,OFFBOARD
970,OUTBOUND,98.43,86.293,2.496,1.064,1.581,-0.469,-0.609,86.293,2.396,1.581,0.861,0.298,1,0.246,1.336,2.301,100.0,-2.5,1.135,1,0,0,OFFBOARD
971,OUTBOUND,98.53,86.293,2.496,1.064,1.581,-0.469,-0.609,86.293,2.396,1.581,0.865,0.299,1,0.247,1.345,2.304,100.0,-2.5,1.142,1,0,0,OFFBOARD
972,OUTBOUND,98.63,86.293,2.496,1.064,1.581,-0.469,-0.609,86.293,2.396,1.581,0.864,0.299,1,0.247,1.343,2.304,100.0,-2.5,1.149,1,0,0,OFFBOARD
973,OUTBOUND,98.73,86.293,2.496,1.064,1.581,-0.469,-0.609,86.293,2.396,1.581,0.859,0.298,1,0.245,1.332,2.3,100.0,-2.5,1.159,1,0,0,OFFBOARD
974,OUTBOUND,98.83,86.293,2.496,1.064,1.581,-0.469,-0.609,86.293,2.396,1.581,0.86,0.298,1,0.246,1.333,2.301,100.0,-2.5,1.169,1,0,0,OFFBOARD
975,OUTBOUND,98.93,86.293,2.496,1.064,1.581,-0.469,-0.609,86.293,2.396,1.581,0.86,0.298,1,0.246,1.335,2.302,100.0,-2.5,1.18,1,0,0,OFFBOARD
976,OUTBOUND,99.03,86.294,2.496,1.064,1.581,-0.469,-0.609,86.293,2.396,1.581,0.862,0.299,1,0.246,1.338,2.302,100.0,-2.5,1.192,1,0,0,OFFBOARD
977,OUTBOUND,99.14,86.293,2.496,1.064,1.581,-0.469,-0.609,86.293,2.396,1.581,0.865,0.299,1,0.248,1.344,2.305,100.0,-2.5,1.2,1,0,0,OFFBOARD
978,OUTBOUND,99.24,86.293,2.496,1.063,1.581,-0.469,-0.609,86.293,2.396,1.581,0.857,0.297,1,0.245,1.327,2.299,100.0,-2.5,1.21,1,0,0,OFFBOARD
979,OUTBOUND,99.34,86.293,2.496,1.063,1.581,-0.469,-0.609,86.293,2.396,1.581,0.864,0.299,1,0.248,1.344,2.305,100.0,-2.5,1.219,1,0,0,OFFBOARD
980,OUTBOUND,99.44,86.293,2.496,1.063,1.581,-0.469,-0.609,86.293,2.396,1.581,0.865,0.299,1,0.248,1.345,2.305,100.0,-2.5,1.229,1,0,0,OFFBOARD
981,OUTBOUND,99.54,86.293,2.496,1.063,1.581,-0.469,-0.609,86.293,2.396,1.581,0.863,0.299,1,0.248,1.343,2.305,100.0,-2.5,1.237,1,0,0,OFFBOARD
982,OUTBOUND,99.64,86.293,2.496,1.063,1.581,-0.469,-0.609,86.293,2.396,1.581,0.867,0.3,1,0.25,1.349,2.308,100.0,-2.5,1.239,1,0,0,OFFBOARD
983,OUTBOUND,99.74,86.293,2.496,1.063,1.581,-0.469,-0.609,86.293,2.396,1.581,0.869,0.3,1,0.251,1.355,2.309,100.0,-2.5,1.236,1,0,0,OFFBOARD
984,OUTBOUND,99.85,86.294,2.496,1.063,1.581,-0.469,-0.609,86.293,2.396,1.581,0.864,0.299,1,0.249,1.345,2.306,100.0,-2.5,1.229,1,0,0,OFFBOARD
985,OUTBOUND,99.95,86.294,2.496,1.062,1.581,-0.469,-0.609,86.294,2.396,1.581,0.867,0.3,1,0.251,1.349,2.308,100.0,-2.5,1.219,1,0,0,OFFBOARD
986,OUTBOUND,100.05,86.293,2.496,1.062,1.581,-0.469,-0.609,86.293,2.396,1.581,0.867,0.3,1,0.251,1.352,2.309,100.0,-2.5,1.209,1,0,0,OFFBOARD
987,OUTBOUND,100.15,86.294,2.496,1.062,1.581,-0.469,-0.609,86.294,2.396,1.581,0.866,0.3,1,0.25,1.349,2.308,100.0,-2.5,1.197,1,0,0,OFFBOARD
988,OUTBOUND,100.25,86.294,2.496,1.062,1.581,-0.469,-0.609,86.294,2.396,1.581,0.865,0.3,1,0.25,1.346,2.307,100.0,-2.5,1.183,1,0,0,OFFBOARD
989,OUTBOUND,100.35,86.294,2.496,1.062,1.581,-0.469,-0.609,86.293,2.396,1.581,0.86,0.298,1,0.248,1.332,2.304,100.0,-2.5,1.171,1,0,0,OFFBOARD
990,OUTBOUND,100.46,86.293,2.496,1.062,1.581,-0.469,-0.609,86.293,2.396,1.581,0.868,0.301,1,0.251,1.352,2.309,100.0,-2.5,1.155,1,0,0,OFFBOARD
991,OUTBOUND,100.56,86.293,2.496,1.062,1.581,-0.469,-0.609,86.293,2.396,1.581,0.801,0.292,1,0.237,1.285,2.287,100.0,-2.5,1.137,1,0,0,OFFBOARD
992,OUTBOUND,100.66,86.294,2.496,1.061,1.581,-0.469,-0.609,86.294,2.396,1.581,0.81,0.294,1,0.238,1.294,2.289,100.0,-2.5,1.13,1,0,0,OFFBOARD
993,OUTBOUND,100.76,86.293,2.496,1.061,1.581,-0.469,-0.609,86.293,2.396,1.581,0.883,0.304,1,0.251,1.379,2.312,100.0,-2.5,1.126,1,0,0,OFFBOARD
994,OUTBOUND,100.86,86.293,2.496,1.062,1.581,-0.469,-0.609,86.293,2.396,1.581,0.812,0.295,1,0.238,1.294,2.288,100.0,-2.5,1.127,1,0,0,OFFBOARD
995,OUTBOUND,100.96,86.294,2.496,1.061,1.581,-0.469,-0.609,86.294,2.396,1.581,0.849,0.297,1,0.239,1.307,2.29,100.0,-2.5,1.129,1,0,0,OFFBOARD
996,OUTBOUND,101.07,86.293,2.496,1.061,1.581,-0.469,-0.609,86.293,2.396,1.581,0.873,0.302,1,0.246,1.357,2.305,100.0,-2.5,1.134,1,0,0,OFFBOARD
997,OUTBOUND,101.17,86.293,2.496,1.061,1.581,-0.469,-0.609,86.293,2.396,1.581,0.861,0.3,1,0.243,1.334,2.298,100.0,-2.5,1.141,1,0,0,OFFBOARD
998,OUTBOUND,101.27,86.293,2.496,1.061,1.581,-0.469,-0.609,86.293,2.396,1.581,0.857,0.299,1,0.243,1.326,2.297,100.0,-2.5,1.15,1,0,0,OFFBOARD
999,OUTBOUND,101.37,86.293,2.496,1.061,1.581,-0.469,-0.609,86.293,2.396,1.581,0.861,0.3,1,0.244,1.335,2.3,100.0,-2.5,1.159,1,0,0,OFFBOARD
1000,OUTBOUND,101.47,86.293,2.496,1.061,1.581,-0.469,-0.609,86.293,2.396,1.581,0.861,0.3,1,0.244,1.333,2.299,100.0,-2.5,1.164,1,0,0,OFFBOARD
1001,OUTBOUND,101.57,86.293,2.496,1.061,1.581,-0.469,-0.609,86.293,2.396,1.581,0.861,0.3,1,0.244,1.334,2.3,100.0,-2.5,1.17,1,0,0,OFFBOARD
1002,OUTBOUND,101.67,86.293,2.496,1.061,1.581,-0.469,-0.609,86.293,2.396,1.581,0.86,0.3,1,0.244,1.332,2.3,100.0,-2.5,1.178,1,0,0,OFFBOARD
1003,OUTBOUND,101.78,86.293,2.496,1.061,1.581,-0.469,-0.609,86.293,2.396,1.581,0.863,0.301,1,0.245,1.338,2.301,100.0,-2.5,1.183,1,0,0,OFFBOARD
1004,OUTBOUND,101.88,86.293,2.496,1.06,1.581,-0.469,-0.609,86.293,2.396,1.581,0.863,0.301,1,0.245,1.34,2.302,100.0,-2.5,1.193,1,0,0,OFFBOARD
1005,OUTBOUND,101.98,86.293,2.496,1.06,1.581,-0.469,-0.609,86.293,2.396,1.581,0.855,0.299,1,0.243,1.321,2.297,100.0,-2.5,1.199,1,0,0,OFFBOARD
1006,OUTBOUND,102.08,86.293,2.496,1.06,1.581,-0.469,-0.609,86.293,2.396,1.581,0.859,0.3,1,0.244,1.33,2.3,100.0,-2.5,1.205,1,0,0,OFFBOARD
1007,OUTBOUND,102.18,86.293,2.496,1.06,1.581,-0.469,-0.609,86.293,2.396,1.581,0.809,0.295,1,0.237,1.289,2.286,100.0,-2.5,1.209,1,0,0,OFFBOARD
1008,OUTBOUND,102.28,86.294,2.496,1.059,1.581,-0.469,-0.609,86.294,2.396,1.581,0.805,0.294,1,0.234,1.276,2.279,100.0,-2.5,1.214,1,0,0,OFFBOARD
1009,OUTBOUND,102.38,86.293,2.496,1.06,1.581,-0.469,-0.609,86.293,2.396,1.581,0.916,0.305,1,0.246,1.376,2.306,100.0,-2.5,1.218,1,0,0,OFFBOARD
1010,OUTBOUND,102.48,86.293,2.496,1.06,1.581,-0.469,-0.609,86.293,2.396,1.581,0.853,0.299,1,0.24,1.314,2.29,100.0,-2.5,1.227,1,0,0,OFFBOARD
1011,OUTBOUND,102.59,86.293,2.496,1.06,1.581,-0.469,-0.609,86.293,2.396,1.581,0.856,0.3,1,0.241,1.32,2.292,100.0,-2.5,1.234,1,0,0,OFFBOARD
1012,OUTBOUND,102.69,86.293,2.496,1.06,1.581,-0.469,-0.609,86.293,2.396,1.581,0.856,0.3,1,0.241,1.321,2.292,100.0,-2.5,1.242,1,0,0,OFFBOARD
1013,OUTBOUND,102.79,86.293,2.496,1.06,1.581,-0.469,-0.609,86.293,2.396,1.581,0.856,0.3,1,0.241,1.321,2.293,100.0,-2.5,1.251,1,0,0,OFFBOARD
1014,OUTBOUND,102.89,86.293,2.496,1.06,1.581,-0.469,-0.609,86.293,2.396,1.581,0.86,0.301,1,0.242,1.329,2.295,100.0,-2.5,1.261,1,0,0,OFFBOARD
1015,OUTBOUND,102.99,86.293,2.496,1.06,1.581,-0.469,-0.609,86.293,2.396,1.581,0.86,0.301,1,0.242,1.33,2.295,100.0,-2.5,1.27,1,0,0,OFFBOARD
1016,OUTBOUND,103.09,86.293,2.496,1.06,1.581,-0.469,-0.609,86.293,2.396,1.581,0.858,0.3,1,0.242,1.326,2.294,100.0,-2.5,1.278,1,0,0,OFFBOARD
1017,OUTBOUND,103.19,86.293,2.496,1.059,1.581,-0.469,-0.609,86.293,2.396,1.581,0.859,0.3,1,0.242,1.327,2.295,100.0,-2.5,1.287,1,0,0,OFFBOARD
1018,OUTBOUND,103.3,86.293,2.496,1.059,1.581,-0.469,-0.609,86.293,2.396,1.581,0.857,0.3,1,0.242,1.324,2.295,100.0,-2.5,1.296,1,0,0,OFFBOARD
1019,OUTBOUND,103.4,86.293,2.496,1.059,1.581,-0.469,-0.609,86.293,2.396,1.581,0.858,0.3,1,0.242,1.324,2.295,100.0,-2.5,1.305,1,0,0,OFFBOARD
1020,OUTBOUND,103.5,86.293,2.496,1.059,1.581,-0.469,-0.609,86.293,2.396,1.581,0.858,0.3,1,0.242,1.326,2.296,100.0,-2.5,1.317,1,0,0,OFFBOARD
1021,OUTBOUND,103.6,86.293,2.496,1.059,1.581,-0.469,-0.609,86.293,2.396,1.581,0.858,0.3,1,0.242,1.326,2.296,100.0,-2.5,1.331,1,0,0,OFFBOARD
1022,OUTBOUND,103.7,86.293,2.496,1.059,1.581,-0.469,-0.609,86.293,2.396,1.581,0.859,0.301,1,0.243,1.329,2.297,100.0,-2.5,1.344,1,0,0,OFFBOARD
1023,OUTBOUND,103.8,86.293,2.496,1.059,1.581,-0.469,-0.609,86.293,2.396,1.581,0.859,0.301,1,0.243,1.328,2.297,100.0,-2.5,1.355,1,0,0,OFFBOARD
1024,OUTBOUND,103.9,86.293,2.496,1.059,1.581,-0.469,-0.609,86.293,2.396,1.581,0.847,0.298,1,0.239,1.303,2.289,100.0,-2.5,1.364,1,0,0,OFFBOARD
1025,OUTBOUND,104.01,86.293,2.496,1.059,1.581,-0.469,-0.609,86.293,2.396,1.581,0.86,0.301,1,0.242,1.329,2.295,100.0,-2.5,1.373,1,0,0,OFFBOARD
1026,OUTBOUND,104.11,86.293,2.496,1.059,1.581,-0.469,-0.609,86.293,2.396,1.581,0.855,0.3,1,0.241,1.319,2.293,100.0,-2.5,1.383,1,0,0,OFFBOARD
1027,OUTBOUND,104.21,86.293,2.496,1.059,1.581,-0.469,-0.609,86.293,2.396,1.581,0.854,0.3,1,0.241,1.316,2.292,100.0,-2.5,1.397,1,0,0,OFFBOARD
1028,OUTBOUND,104.31,86.293,2.496,1.059,1.581,-0.469,-0.609,86.293,2.396,1.581,0.858,0.301,1,0.242,1.326,2.295,100.0,-2.5,1.408,1,0,0,OFFBOARD
1029,OUTBOUND,104.41,86.293,2.496,1.058,1.581,-0.469,-0.609,86.293,2.396,1.581,0.86,0.301,1,0.243,1.33,2.296,100.0,-2.5,1.418,1,0,0,OFFBOARD
1030,OUTBOUND,104.51,86.293,2.496,1.058,1.581,-0.469,-0.609,86.293,2.396,1.581,0.859,0.301,1,0.242,1.328,2.296,100.0,-2.5,1.428,1,0,0,OFFBOARD
1031,OUTBOUND,104.62,86.293,2.496,1.058,1.581,-0.469,-0.609,86.293,2.396,1.581,0.859,0.301,1,0.242,1.327,2.296,100.0,-2.5,1.436,1,0,0,OFFBOARD
1032,OUTBOUND,104.72,86.293,2.496,1.058,1.581,-0.469,-0.609,86.293,2.396,1.581,0.858,0.301,1,0.243,1.326,2.297,100.0,-2.5,1.446,1,0,0,OFFBOARD
1033,OUTBOUND,104.82,86.293,2.496,1.058,1.581,-0.469,-0.609,86.293,2.396,1.581,0.859,0.301,1,0.243,1.328,2.298,100.0,-2.5,1.453,1,0,0,OFFBOARD
1034,OUTBOUND,104.92,86.293,2.496,1.058,1.581,-0.469,-0.609,86.293,2.396,1.581,0.861,0.302,1,0.243,1.334,2.299,100.0,-2.5,1.458,1,0,0,OFFBOARD
1035,OUTBOUND,105.02,86.293,2.496,1.058,1.581,-0.469,-0.609,86.293,2.396,1.581,0.858,0.301,1,0.243,1.327,2.297,100.0,-2.5,1.463,1,0,0,OFFBOARD
1036,OUTBOUND,105.12,86.293,2.496,1.058,1.581,-0.469,-0.609,86.293,2.396,1.581,0.857,0.301,1,0.242,1.323,2.296,100.0,-2.5,1.469,1,0,0,OFFBOARD
1037,OUTBOUND,105.22,86.293,2.496,1.058,1.581,-0.469,-0.609,86.293,2.396,1.581,0.856,0.3,1,0.242,1.321,2.296,100.0,-2.5,1.474,1,0,0,OFFBOARD
1038,OUTBOUND,105.33,86.293,2.496,1.058,1.581,-0.469,-0.609,86.293,2.396,1.581,0.86,0.301,1,0.243,1.33,2.297,100.0,-2.5,1.478,1,0,0,OFFBOARD
1039,OUTBOUND,105.43,86.293,2.496,1.057,1.581,-0.469,-0.609,86.293,2.396,1.581,0.854,0.3,1,0.242,1.318,2.294,100.0,-2.5,1.482,1,0,0,OFFBOARD
1040,OUTBOUND,105.53,86.293,2.496,1.057,1.581,-0.469,-0.609,86.293,2.396,1.581,0.86,0.302,1,0.243,1.332,2.299,100.0,-2.5,1.486,1,0,0,OFFBOARD
1041,OUTBOUND,105.63,86.293,2.496,1.057,1.581,-0.469,-0.609,86.293,2.396,1.581,0.858,0.301,1,0.243,1.325,2.297,100.0,-2.5,1.493,1,0,0,OFFBOARD
1042,OUTBOUND,105.73,86.293,2.496,1.057,1.581,-0.469,-0.609,86.293,2.396,1.581,0.857,0.301,1,0.243,1.325,2.297,100.0,-2.5,1.497,1,0,0,OFFBOARD
1043,OUTBOUND,105.83,86.293,2.496,1.057,1.581,-0.469,-0.609,86.293,2.396,1.581,0.859,0.301,1,0.243,1.327,2.298,100.0,-2.5,1.507,1,0,0,OFFBOARD
1044,OUTBOUND,105.93,86.293,2.496,1.057,1.581,-0.469,-0.609,86.293,2.396,1.581,0.858,0.301,1,0.243,1.326,2.298,100.0,-2.5,1.514,1,0,0,OFFBOARD
1045,OUTBOUND,106.03,86.293,2.496,1.057,1.581,-0.469,-0.609,86.293,2.396,1.581,0.849,0.299,1,0.24,1.307,2.292,100.0,-2.5,1.524,1,0,0,OFFBOARD
1046,OUTBOUND,106.14,86.293,2.496,1.057,1.581,-0.469,-0.609,86.293,2.396,1.581,0.862,0.302,1,0.244,1.336,2.3,100.0,-2.5,1.537,1,0,0,OFFBOARD
1047,OUTBOUND,106.24,86.293,2.496,1.057,1.581,-0.469,-0.609,86.293,2.396,1.581,0.86,0.302,1,0.244,1.33,2.299,100.0,-2.5,1.55,1,0,0,OFFBOARD
1048,OUTBOUND,106.34,86.293,2.496,1.057,1.581,-0.469,-0.609,86.293,2.396,1.581,0.859,0.302,1,0.243,1.327,2.299,100.0,-2.5,1.561,1,0,0,OFFBOARD
1049,OUTBOUND,106.44,86.293,2.496,1.056,1.581,-0.469,-0.609,86.293,2.396,1.581,0.858,0.302,1,0.243,1.327,2.299,100.0,-2.5,1.57,1,0,0,OFFBOARD
1050,OUTBOUND,106.54,86.293,2.496,1.056,1.581,-0.469,-0.609,86.293,2.396,1.581,0.86,0.302,1,0.244,1.331,2.3,100.0,-2.5,1.579,1,0,0,OFFBOARD
1051,OUTBOUND,106.64,86.293,2.496,1.056,1.581,-0.469,-0.609,86.293,2.396,1.581,0.863,0.303,1,0.245,1.338,2.303,100.0,-2.5,1.585,1,0,0,OFFBOARD
1052,OUTBOUND,106.74,86.293,2.496,1.056,1.581,-0.469,-0.609,86.293,2.396,1.581,0.85,0.299,1,0.24,1.308,2.293,100.0,-2.5,1.589,1,0,0,OFFBOARD
1053,OUTBOUND,106.84,86.293,2.496,1.056,1.581,-0.469,-0.609,86.293,2.396,1.581,0.858,0.301,1,0.243,1.325,2.298,100.0,-2.5,1.594,1,0,0,OFFBOARD
1054,OUTBOUND,106.95,86.293,2.496,1.056,1.581,-0.469,-0.609,86.293,2.396,1.581,0.861,0.302,1,0.244,1.333,2.3,100.0,-2.5,1.6,1,0,0,OFFBOARD
1055,OUTBOUND,107.05,86.293,2.496,1.056,1.581,-0.469,-0.609,86.293,2.396,1.581,0.861,0.302,1,0.244,1.332,2.301,100.0,-2.5,1.608,1,0,0,OFFBOARD
1056,OUTBOUND,107.15,86.293,2.496,1.056,1.581,-0.469,-0.609,86.293,2.396,1.581,0.859,0.302,1,0.244,1.329,2.3,100.0,-2.5,1.616,1,0,0,OFFBOARD
1057,OUTBOUND,107.25,86.293,2.496,1.056,1.581,-0.469,-0.609,86.293,2.396,1.581,0.861,0.302,1,0.244,1.332,2.302,100.0,-2.5,1.625,1,0,0,OFFBOARD
1058,OUTBOUND,107.35,86.293,2.496,1.056,1.581,-0.469,-0.609,86.293,2.396,1.581,0.862,0.303,1,0.245,1.335,2.303,100.0,-2.5,1.636,1,0,0,OFFBOARD
1059,OUTBOUND,107.45,86.293,2.496,1.056,1.581,-0.469,-0.609,86.293,2.396,1.581,0.858,0.302,1,0.244,1.329,2.302,100.0,-2.5,1.647,1,0,0,OFFBOARD
1060,OUTBOUND,107.55,86.293,2.496,1.056,1.581,-0.469,-0.609,86.293,2.396,1.581,0.863,0.303,1,0.246,1.339,2.304,100.0,-2.5,1.658,1,0,0,OFFBOARD
1061,OUTBOUND,107.65,86.293,2.496,1.055,1.581,-0.469,-0.609,86.293,2.397,1.581,0.861,0.302,1,0.245,1.333,2.303,100.0,-2.5,1.665,1,0,0,OFFBOARD
1062,OUTBOUND,107.76,86.293,2.496,1.055,1.581,-0.469,-0.609,86.293,2.397,1.581,0.863,0.303,1,0.246,1.337,2.305,100.0,-2.5,1.675,1,0,0,OFFBOARD
1063,OUTBOUND,107.86,86.293,2.496,1.055,1.581,-0.469,-0.609,86.293,2.397,1.581,0.863,0.303,1,0.246,1.338,2.304,100.0,-2.5,1.685,1,0,0,OFFBOARD
1064,OUTBOUND,107.96,86.293,2.496,1.055,1.581,-0.469,-0.609,86.293,2.397,1.581,0.863,0.303,1,0.246,1.339,2.305,100.0,-2.5,1.692,1,0,0,OFFBOARD
1065,OUTBOUND,108.06,86.293,2.496,1.055,1.581,-0.469,-0.609,86.293,2.397,1.581,0.863,0.303,1,0.246,1.339,2.306,100.0,-2.5,1.7,1,0,0,OFFBOARD
1066,OUTBOUND,108.16,86.293,2.496,1.055,1.581,-0.469,-0.609,86.293,2.397,1.581,0.866,0.304,1,0.247,1.346,2.308,100.0,-2.5,1.707,1,0,0,OFFBOARD
1067,OUTBOUND,108.26,86.293,2.497,1.055,1.581,-0.469,-0.609,86.293,2.397,1.581,0.864,0.303,1,0.247,1.34,2.307,100.0,-2.5,1.713,1,0,0,OFFBOARD
1068,OUTBOUND,108.36,86.293,2.497,1.055,1.581,-0.469,-0.609,86.293,2.397,1.581,0.858,0.302,1,0.246,1.327,2.304,100.0,-2.5,1.721,1,0,0,OFFBOARD
1069,OUTBOUND,108.47,86.294,2.497,1.054,1.581,-0.469,-0.609,86.294,2.397,1.581,0.813,0.299,1,0.239,1.296,2.291,100.0,-2.5,1.729,1,0,0,OFFBOARD
1070,OUTBOUND,108.57,86.293,2.496,1.055,1.581,-0.469,-0.609,86.293,2.397,1.581,0.886,0.307,1,0.247,1.371,2.309,100.0,-2.5,1.737,1,0,0,OFFBOARD
1071,OUTBOUND,108.67,86.293,2.496,1.055,1.581,-0.469,-0.609,86.293,2.397,1.581,0.854,0.301,1,0.241,1.316,2.294,100.0,-2.5,1.748,1,0,0,OFFBOARD
1072,OUTBOUND,108.77,86.293,2.496,1.055,1.581,-0.469,-0.609,86.293,2.397,1.581,0.856,0.302,1,0.242,1.321,2.296,100.0,-2.5,1.757,1,0,0,OFFBOARD
1073,OUTBOUND,108.87,86.293,2.496,1.055,1.581,-0.469,-0.609,86.293,2.397,1.581,0.859,0.303,1,0.243,1.327,2.298,100.0,-2.5,1.765,1,0,0,OFFBOARD
1074,OUTBOUND,108.97,86.293,2.497,1.055,1.581,-0.469,-0.609,86.293,2.397,1.581,0.859,0.303,1,0.243,1.329,2.298,100.0,-2.5,1.773,1,0,0,OFFBOARD
1075,OUTBOUND,109.08,86.293,2.497,1.054,1.581,-0.469,-0.609,86.293,2.397,1.581,0.857,0.303,1,0.242,1.324,2.296,100.0,-2.5,1.781,1,0,0,OFFBOARD
1076,OUTBOUND,109.18,86.293,2.497,1.054,1.581,-0.469,-0.609,86.293,2.397,1.581,0.861,0.303,1,0.243,1.331,2.299,100.0,-2.5,1.788,1,0,0,OFFBOARD
1077,OUTBOUND,109.28,86.293,2.497,1.054,1.581,-0.469,-0.609,86.293,2.397,1.581,0.858,0.303,1,0.243,1.325,2.297,100.0,-2.5,1.795,1,0,0,OFFBOARD
1078,OUTBOUND,109.38,86.293,2.497,1.054,1.581,-0.469,-0.609,86.293,2.397,1.581,0.857,0.303,1,0.242,1.323,2.296,100.0,-2.5,1.801,1,0,0,OFFBOARD
1079,OUTBOUND,109.48,86.293,2.497,1.054,1.581,-0.469,-0.609,86.293,2.397,1.581,0.858,0.303,1,0.243,1.326,2.298,100.0,-2.5,1.804,1,0,0,OFFBOARD
1080,OUTBOUND,109.58,86.293,2.497,1.054,1.581,-0.469,-0.609,86.293,2.397,1.581,0.859,0.303,1,0.243,1.327,2.298,100.0,-2.5,1.807,1,0,0,OFFBOARD
1081,OUTBOUND,109.68,86.293,2.497,1.054,1.581,-0.469,-0.609,86.293,2.397,1.581,0.854,0.302,1,0.241,1.315,2.294,100.0,-2.5,1.81,1,0,0,OFFBOARD
1082,OUTBOUND,109.78,86.293,2.497,1.054,1.581,-0.469,-0.609,86.293,2.397,1.581,0.856,0.302,1,0.242,1.32,2.296,100.0,-2.5,1.814,1,0,0,OFFBOARD
1083,OUTBOUND,109.89,86.293,2.497,1.054,1.581,-0.469,-0.609,86.293,2.397,1.581,0.858,0.303,1,0.243,1.324,2.297,100.0,-2.5,1.821,1,0,0,OFFBOARD
1084,OUTBOUND,109.99,86.293,2.497,1.054,1.581,-0.469,-0.609,86.293,2.397,1.581,0.851,0.301,1,0.241,1.31,2.294,100.0,-2.5,1.824,1,0,0,OFFBOARD
1085,OUTBOUND,110.09,86.293,2.497,1.053,1.581,-0.469,-0.609,86.293,2.397,1.581,0.859,0.303,1,0.243,1.327,2.297,100.0,-2.5,1.83,1,0,0,OFFBOARD
1086,OUTBOUND,110.19,86.293,2.497,1.053,1.581,-0.469,-0.609,86.293,2.397,1.581,0.856,0.303,1,0.242,1.321,2.296,100.0,-2.5,1.834,1,0,0,OFFBOARD
1087,OUTBOUND,110.29,86.293,2.497,1.053,1.581,-0.469,-0.609,86.293,2.397,1.581,0.857,0.303,1,0.243,1.323,2.297,100.0,-2.5,1.837,1,0,0,OFFBOARD
1088,OUTBOUND,110.39,86.293,2.497,1.053,1.581,-0.469,-0.609,86.293,2.397,1.581,0.858,0.303,1,0.243,1.324,2.297,100.0,-2.5,1.843,1,0,0,OFFBOARD
1089,OUTBOUND,110.49,86.293,2.497,1.053,1.581,-0.469,-0.609,86.293,2.397,1.581,0.851,0.302,1,0.24,1.31,2.292,100.0,-2.5,1.847,1,0,0,OFFBOARD
1090,OUTBOUND,110.6,86.293,2.497,1.053,1.581,-0.469,-0.609,86.293,2.397,1.581,0.853,0.302,1,0.241,1.314,2.293,100.0,-2.5,1.853,1,0,0,OFFBOARD
1091,OUTBOUND,110.7,86.293,2.497,1.053,1.581,-0.469,-0.609,86.293,2.397,1.581,0.86,0.304,1,0.243,1.328,2.297,100.0,-2.5,1.859,1,0,0,OFFBOARD
1092,OUTBOUND,110.8,86.293,2.497,1.053,1.581,-0.469,-0.609,86.293,2.397,1.581,0.859,0.304,1,0.243,1.326,2.297,100.0,-2.5,1.865,1,0,0,OFFBOARD
1093,OUTBOUND,110.9,86.293,2.497,1.053,1.581,-0.469,-0.609,86.293,2.397,1.581,0.852,0.302,1,0.241,1.313,2.293,100.0,-2.5,1.871,1,0,0,OFFBOARD
1094,OUTBOUND,111.0,86.293,2.497,1.053,1.581,-0.469,-0.609,86.293,2.397,1.581,0.858,0.303,1,0.243,1.323,2.297,100.0,-2.5,1.879,1,0,0,OFFBOARD
1095,OUTBOUND,111.1,86.293,2.497,1.053,1.581,-0.469,-0.609,86.293,2.397,1.581,0.856,0.303,1,0.242,1.321,2.297,100.0,-2.5,1.886,1,0,0,OFFBOARD
1096,OUTBOUND,111.2,86.293,2.497,1.053,1.581,-0.469,-0.609,86.293,2.397,1.581,0.863,0.305,1,0.244,1.336,2.301,100.0,-2.5,1.894,1,0,0,OFFBOARD
1097,OUTBOUND,111.31,86.293,2.497,1.052,1.581,-0.469,-0.609,86.293,2.397,1.581,0.859,0.304,1,0.244,1.329,2.3,100.0,-2.5,1.901,1,0,0,OFFBOARD
1098,OUTBOUND,111.41,86.293,2.497,1.052,1.581,-0.469,-0.609,86.293,2.397,1.581,0.863,0.305,1,0.244,1.336,2.301,100.0,-2.5,1.908,1,0,0,OFFBOARD
1099,OUTBOUND,111.51,86.293,2.497,1.052,1.581,-0.469,-0.609,86.293,2.397,1.581,0.855,0.303,1,0.242,1.319,2.297,100.0,-2.5,1.914,1,0,0,OFFBOARD
1100,OUTBOUND,111.61,86.293,2.497,1.052,1.581,-0.469,-0.609,86.293,2.397,1.581,0.855,0.303,1,0.242,1.319,2.297,100.0,-2.5,1.918,1,0,0,OFFBOARD
1101,OUTBOUND,111.71,86.293,2.497,1.052,1.581,-0.469,-0.609,86.293,2.397,1.581,0.814,0.299,1,0.237,1.288,2.286,100.0,-2.5,1.924,1,0,0,OFFBOARD
1102,OUTBOUND,111.81,86.293,2.497,1.052,1.581,-0.469,-0.609,86.293,2.397,1.581,0.861,0.305,1,0.243,1.331,2.299,100.0,-2.5,1.929,1,0,0,OFFBOARD
1103,OUTBOUND,111.91,86.293,2.497,1.052,1.581,-0.469,-0.609,86.293,2.397,1.581,0.862,0.305,1,0.244,1.333,2.3,100.0,-2.5,1.934,1,0,0,OFFBOARD
1104,OUTBOUND,112.01,86.293,2.497,1.052,1.581,-0.469,-0.609,86.293,2.397,1.581,0.856,0.303,1,0.243,1.321,2.298,100.0,-2.5,1.939,1,0,0,OFFBOARD
1105,OUTBOUND,112.12,86.293,2.497,1.052,1.581,-0.469,-0.609,86.293,2.397,1.581,0.859,0.304,1,0.243,1.328,2.3,100.0,-2.5,1.944,1,0,0,OFFBOARD
1106,OUTBOUND,112.22,86.293,2.497,1.052,1.581,-0.469,-0.609,86.293,2.397,1.581,0.858,0.304,1,0.243,1.325,2.299,100.0,-2.5,1.95,1,0,0,OFFBOARD
1107,OUTBOUND,112.32,86.293,2.497,1.051,1.581,-0.469,-0.609,86.293,2.397,1.581,0.857,0.303,1,0.243,1.323,2.299,100.0,-2.5,1.956,1,0,0,OFFBOARD
1108,OUTBOUND,112.42,86.293,2.497,1.051,1.581,-0.469,-0.609,86.293,2.397,1.581,0.857,0.303,1,0.243,1.323,2.299,100.0,-2.5,1.964,1,0,0,OFFBOARD
1109,OUTBOUND,112.52,86.293,2.497,1.051,1.581,-0.469,-0.609,86.293,2.397,1.581,0.861,0.305,1,0.245,1.332,2.303,100.0,-2.5,1.97,1,0,0,OFFBOARD
1110,OUTBOUND,112.62,86.293,2.497,1.051,1.581,-0.469,-0.609,86.293,2.397,1.581,0.862,0.305,1,0.245,1.334,2.303,100.0,-2.5,1.975,1,0,0,OFFBOARD
1111,OUTBOUND,112.73,86.293,2.497,1.051,1.581,-0.469,-0.609,86.293,2.397,1.581,0.861,0.305,1,0.245,1.332,2.303,100.0,-2.5,1.979,1,0,0,OFFBOARD
1112,OUTBOUND,112.83,86.293,2.497,1.051,1.581,-0.469,-0.609,86.293,2.397,1.581,0.862,0.305,1,0.245,1.336,2.304,100.0,-2.5,1.983,1,0,0,OFFBOARD
1113,OUTBOUND,112.93,86.293,2.497,1.051,1.581,-0.469,-0.609,86.293,2.397,1.581,0.862,0.305,1,0.245,1.334,2.304,100.0,-2.5,1.988,1,0,0,OFFBOARD
1114,OUTBOUND,113.03,86.293,2.497,1.051,1.581,-0.469,-0.609,86.293,2.397,1.581,0.816,0.301,1,0.237,1.292,2.288,100.0,-2.5,1.992,1,0,0,OFFBOARD
1115,OUTBOUND,113.13,86.293,2.497,1.051,1.581,-0.469,-0.609,86.293,2.397,1.581,0.878,0.308,1,0.246,1.355,2.304,100.0,-2.5,1.997,1,0,0,OFFBOARD
1116,OUTBOUND,113.23,86.293,2.497,1.051,1.581,-0.469,-0.609,86.293,2.397,1.581,0.856,0.304,1,0.242,1.318,2.294,100.0,-2.5,2.002,1,0,0,OFFBOARD
1117,OUTBOUND,113.33,86.293,2.497,1.051,1.581,-0.469,-0.609,86.293,2.397,1.581,0.858,0.304,1,0.242,1.322,2.295,100.0,-2.5,2.008,1,0,0,OFFBOARD
1118,OUTBOUND,113.44,86.293,2.497,1.051,1.581,-0.469,-0.609,86.293,2.397,1.581,0.855,0.304,1,0.241,1.317,2.293,100.0,-2.5,2.014,1,0,0,OFFBOARD
1119,OUTBOUND,113.54,86.293,2.497,1.051,1.581,-0.469,-0.609,86.293,2.397,1.581,0.854,0.304,1,0.241,1.314,2.293,100.0,-2.5,2.019,1,0,0,OFFBOARD
1120,OUTBOUND,113.64,86.293,2.497,1.051,1.581,-0.469,-0.609,86.293,2.397,1.581,0.856,0.304,1,0.242,1.319,2.294,100.0,-2.5,2.025,1,0,0,OFFBOARD
1121,OUTBOUND,113.74,86.293,2.497,1.05,1.581,-0.469,-0.609,86.293,2.397,1.581,0.859,0.305,1,0.242,1.324,2.295,100.0,-2.5,2.032,1,0,0,OFFBOARD
1122,OUTBOUND,113.84,86.293,2.497,1.05,1.581,-0.469,-0.609,86.293,2.397,1.581,0.857,0.304,1,0.242,1.321,2.295,100.0,-2.5,2.04,1,0,0,OFFBOARD
1123,OUTBOUND,113.94,86.293,2.497,1.05,1.581,-0.469,-0.609,86.293,2.397,1.581,0.861,0.305,1,0.243,1.329,2.298,100.0,-2.5,2.047,1,0,0,OFFBOARD
1124,OUTBOUND,114.04,86.293,2.497,1.05,1.581,-0.469,-0.609,86.293,2.397,1.581,0.858,0.305,1,0.242,1.324,2.296,100.0,-2.5,2.054,1,0,0,OFFBOARD
1125,OUTBOUND,114.15,86.293,2.497,1.05,1.581,-0.469,-0.609,86.293,2.397,1.581,0.857,0.305,1,0.242,1.321,2.296,100.0,-2.5,2.062,1,0,0,OFFBOARD
1126,OUTBOUND,114.25,86.293,2.497,1.05,1.581,-0.469,-0.609,86.293,2.397,1.581,0.855,0.304,1,0.242,1.317,2.295,100.0,-2.5,2.069,1,0,0,OFFBOARD
1127,OUTBOUND,114.35,86.293,2.497,1.05,1.581,-0.469,-0.609,86.293,2.397,1.581,0.858,0.305,1,0.243,1.324,2.298,100.0,-2.5,2.076,1,0,0,OFFBOARD
1128,OUTBOUND,114.45,86.293,2.497,1.05,1.581,-0.469,-0.609,86.293,2.397,1.581,0.857,0.304,1,0.243,1.321,2.298,100.0,-2.5,2.084,1,0,0,OFFBOARD
1129,OUTBOUND,114.55,86.293,2.497,1.05,1.581,-0.469,-0.609,86.293,2.397,1.581,0.853,0.303,1,0.241,1.313,2.295,100.0,-2.5,2.089,1,0,0,OFFBOARD
1130,OUTBOUND,114.65,86.293,2.497,1.05,1.581,-0.469,-0.609,86.293,2.397,1.581,0.861,0.306,1,0.244,1.332,2.301,100.0,-2.5,2.097,1,0,0,OFFBOARD
1131,OUTBOUND,114.75,86.293,2.497,1.05,1.581,-0.469,-0.609,86.293,2.397,1.581,0.86,0.305,1,0.244,1.33,2.3,100.0,-2.5,2.105,1,0,0,OFFBOARD
1132,OUTBOUND,114.85,86.293,2.497,1.049,1.581,-0.469,-0.609,86.293,2.397,1.581,0.856,0.304,1,0.242,1.319,2.297,100.0,-2.5,2.114,1,0,0,OFFBOARD
1133,OUTBOUND,114.96,86.293,2.497,1.049,1.581,-0.469,-0.609,86.293,2.397,1.581,0.86,0.305,1,0.244,1.33,2.301,100.0,-2.5,2.123,1,0,0,OFFBOARD
1134,OUTBOUND,115.06,86.293,2.497,1.049,1.581,-0.469,-0.609,86.293,2.397,1.581,0.858,0.305,1,0.243,1.325,2.3,100.0,-2.5,2.131,1,0,0,OFFBOARD
1135,OUTBOUND,115.16,86.293,2.497,1.049,1.581,-0.469,-0.609,86.293,2.397,1.581,0.859,0.305,1,0.243,1.326,2.301,100.0,-2.5,2.137,1,0,0,OFFBOARD
1136,OUTBOUND,115.26,86.293,2.497,1.049,1.581,-0.469,-0.609,86.293,2.397,1.581,0.86,0.305,1,0.244,1.329,2.302,100.0,-2.5,2.142,1,0,0,OFFBOARD
1137,OUTBOUND,115.36,86.293,2.497,1.049,1.581,-0.469,-0.609,86.293,2.397,1.581,0.856,0.305,1,0.243,1.322,2.3,100.0,-2.5,2.146,1,0,0,OFFBOARD
1138,OUTBOUND,115.46,86.293,2.497,1.049,1.581,-0.469,-0.609,86.293,2.397,1.581,0.862,0.306,1,0.244,1.334,2.303,100.0,-2.5,2.151,1,0,0,OFFBOARD
1139,OUTBOUND,115.56,86.293,2.497,1.049,1.581,-0.469,-0.609,86.293,2.397,1.581,0.861,0.306,1,0.245,1.333,2.303,100.0,-2.5,2.158,1,0,0,OFFBOARD
1140,OUTBOUND,115.67,86.293,2.497,1.049,1.581,-0.469,-0.609,86.293,2.397,1.581,0.863,0.307,1,0.245,1.337,2.305,100.0,-2.5,2.164,1,0,0,OFFBOARD
1141,OUTBOUND,115.77,86.293,2.497,1.048,1.581,-0.469,-0.609,86.293,2.397,1.581,0.856,0.305,1,0.243,1.322,2.3,100.0,-2.5,2.172,1,0,0,OFFBOARD
1142,OUTBOUND,115.87,86.293,2.497,1.048,1.581,-0.469,-0.609,86.293,2.397,1.581,0.858,0.305,1,0.244,1.325,2.302,100.0,-2.5,2.18,1,0,0,OFFBOARD
1143,OUTBOUND,115.97,86.293,2.497,1.048,1.581,-0.469,-0.609,86.293,2.397,1.581,0.861,0.306,1,0.245,1.332,2.304,100.0,-2.5,2.188,1,0,0,OFFBOARD
1144,OUTBOUND,116.07,86.293,2.497,1.048,1.581,-0.469,-0.609,86.293,2.397,1.581,0.86,0.306,1,0.244,1.329,2.303,100.0,-2.5,2.194,1,0,0,OFFBOARD
1145,OUTBOUND,116.17,86.293,2.497,1.048,1.581,-0.469,-0.609,86.293,2.397,1.581,0.866,0.307,1,0.246,1.343,2.307,100.0,-2.5,2.199,1,0,0,OFFBOARD
1146,OUTBOUND,116.27,86.293,2.497,1.048,1.581,-0.469,-0.609,86.293,2.397,1.581,0.861,0.306,1,0.245,1.332,2.305,100.0,-2.5,2.206,1,0,0,OFFBOARD
1147,OUTBOUND,116.38,86.293,2.497,1.048,1.581,-0.469,-0.609,86.293,2.397,1.581,0.862,0.306,1,0.245,1.335,2.306,100.0,-2.5,2.211,1,0,0,OFFBOARD
1148,OUTBOUND,116.48,86.293,2.497,1.048,1.581,-0.469,-0.609,86.293,2.397,1.581,0.859,0.306,1,0.244,1.328,2.305,100.0,-2.5,2.217,1,0,0,OFFBOARD
1149,OUTBOUND,116.58,86.293,2.497,1.047,1.581,-0.469,-0.609,86.293,2.397,1.581,0.862,0.306,1,0.246,1.334,2.307,100.0,-2.5,2.223,1,0,0,OFFBOARD
1150,OUTBOUND,116.68,86.293,2.497,1.047,1.581,-0.469,-0.609,86.293,2.397,1.581,0.863,0.307,1,0.247,1.337,2.309,100.0,-2.5,2.227,1,0,0,OFFBOARD
1151,OUTBOUND,116.78,86.293,2.497,1.047,1.581,-0.469,-0.609,86.293,2.397,1.581,0.864,0.307,1,0.247,1.339,2.309,100.0,-2.5,2.231,1,0,0,OFFBOARD
1152,OUTBOUND,116.89,86.293,2.497,1.047,1.581,-0.469,-0.609,86.293,2.397,1.581,0.861,0.306,1,0.246,1.333,2.308,100.0,-2.5,2.235,1,0,0,OFFBOARD
1153,OUTBOUND,116.99,86.293,2.497,1.047,1.581,-0.469,-0.609,86.293,2.397,1.581,0.864,0.307,1,0.247,1.341,2.311,100.0,-2.5,2.239,1,0,0,OFFBOARD
1154,OUTBOUND,117.09,86.293,2.497,1.047,1.581,-0.469,-0.609,86.293,2.397,1.581,0.863,0.307,1,0.247,1.338,2.31,100.0,-2.5,2.243,1,0,0,OFFBOARD
1155,OUTBOUND,117.19,86.293,2.497,1.047,1.581,-0.469,-0.609,86.293,2.397,1.581,0.864,0.307,1,0.247,1.341,2.31,100.0,-2.5,2.249,1,0,0,OFFBOARD
1156,OUTBOUND,117.29,86.293,2.497,1.047,1.581,-0.469,-0.609,86.293,2.397,1.581,0.863,0.307,1,0.246,1.336,2.309,100.0,-2.5,2.254,1,0,0,OFFBOARD
1157,OUTBOUND,117.39,86.293,2.497,1.047,1.581,-0.469,-0.609,86.293,2.397,1.581,0.862,0.307,1,0.246,1.335,2.309,100.0,-2.5,2.256,1,0,0,OFFBOARD
1158,OUTBOUND,117.49,86.293,2.497,1.046,1.581,-0.469,-0.609,86.293,2.397,1.581,0.833,0.305,1,0.242,1.316,2.301,100.0,-2.5,2.26,1,0,0,OFFBOARD
1159,OUTBOUND,117.6,86.293,2.497,1.047,1.581,-0.469,-0.609,86.293,2.397,1.581,0.861,0.307,1,0.245,1.332,2.306,100.0,-2.5,2.265,1,0,0,OFFBOARD
1160,OUTBOUND,117.7,86.293,2.497,1.047,1.581,-0.469,-0.609,86.293,2.397,1.581,0.862,0.307,1,0.245,1.335,2.307,100.0,-2.5,2.27,1,0,0,OFFBOARD
1161,OUTBOUND,117.8,86.293,2.497,1.046,1.581,-0.469,-0.609,86.293,2.397,1.581,0.864,0.308,1,0.246,1.34,2.309,100.0,-2.5,2.277,1,0,0,OFFBOARD
1162,OUTBOUND,117.9,86.293,2.497,1.046,1.581,-0.469,-0.609,86.293,2.397,1.581,0.863,0.307,1,0.246,1.338,2.309,100.0,-2.5,2.284,1,0,0,OFFBOARD
1163,OUTBOUND,118.0,86.293,2.497,1.046,1.581,-0.469,-0.609,86.293,2.397,1.581,0.863,0.307,1,0.246,1.337,2.309,100.0,-2.5,2.294,1,0,0,OFFBOARD
1164,OUTBOUND,118.1,86.293,2.497,1.046,1.581,-0.469,-0.609,86.293,2.397,1.581,0.862,0.307,1,0.246,1.336,2.309,100.0,-2.5,2.301,1,0,0,OFFBOARD
1165,OUTBOUND,118.2,86.293,2.497,1.046,1.581,-0.469,-0.609,86.293,2.397,1.581,0.864,0.308,1,0.247,1.34,2.31,100.0,-2.5,2.306,1,0,0,OFFBOARD
1166,OUTBOUND,118.31,86.293,2.497,1.046,1.581,-0.469,-0.609,86.293,2.397,1.581,0.864,0.308,1,0.247,1.341,2.311,100.0,-2.5,2.313,1,0,0,OFFBOARD
1167,OUTBOUND,118.41,86.293,2.497,1.046,1.581,-0.469,-0.609,86.293,2.397,1.581,0.863,0.307,1,0.246,1.336,2.31,100.0,-2.5,2.322,1,0,0,OFFBOARD
1168,OUTBOUND,118.51,86.293,2.498,1.046,1.581,-0.469,-0.609,86.293,2.398,1.581,0.806,0.301,1,0.236,1.287,2.292,100.0,-2.5,2.327,1,0,0,OFFBOARD
1169,OUTBOUND,118.61,86.294,2.498,1.045,1.581,-0.469,-0.609,86.294,2.398,1.581,0.802,0.301,1,0.233,1.273,2.283,100.0,-2.5,2.33,1,0,0,OFFBOARD
1170,OUTBOUND,118.71,86.293,2.497,1.046,1.581,-0.469,-0.609,86.293,2.397,1.581,0.927,0.315,1,0.251,1.403,2.318,100.0,-2.5,2.334,1,0,0,OFFBOARD
1171,OUTBOUND,118.81,86.293,2.497,1.046,1.581,-0.469,-0.609,86.293,2.397,1.581,0.849,0.304,1,0.239,1.302,2.291,100.0,-2.5,2.338,1,0,0,OFFBOARD
1172,OUTBOUND,118.91,86.293,2.497,1.046,1.581,-0.469,-0.609,86.293,2.397,1.581,0.861,0.308,1,0.243,1.33,2.299,100.0,-2.5,2.34,1,0,0,OFFBOARD
1173,OUTBOUND,119.01,86.293,2.497,1.046,1.581,-0.469,-0.609,86.293,2.397,1.581,0.856,0.306,1,0.242,1.319,2.297,100.0,-2.5,2.345,1,0,0,OFFBOARD
1174,OUTBOUND,119.12,86.293,2.497,1.046,1.581,-0.469,-0.609,86.293,2.397,1.581,0.858,0.307,1,0.243,1.325,2.299,100.0,-2.5,2.349,1,0,0,OFFBOARD
1175,OUTBOUND,119.22,86.293,2.497,1.046,1.581,-0.469,-0.609,86.293,2.397,1.581,0.86,0.307,1,0.243,1.328,2.3,100.0,-2.5,2.35,1,0,0,OFFBOARD
1176,OUTBOUND,119.32,86.293,2.497,1.046,1.581,-0.469,-0.609,86.293,2.397,1.581,0.855,0.306,1,0.242,1.318,2.298,100.0,-2.5,2.354,1,0,0,OFFBOARD
1177,OUTBOUND,119.42,86.293,2.497,1.046,1.581,-0.469,-0.609,86.293,2.397,1.581,0.862,0.308,1,0.244,1.333,2.302,100.0,-2.5,2.359,1,0,0,OFFBOARD
1178,OUTBOUND,119.52,86.293,2.497,1.046,1.581,-0.469,-0.609,86.293,2.397,1.581,0.852,0.305,1,0.241,1.311,2.295,100.0,-2.5,2.363,1,0,0,OFFBOARD
1179,OUTBOUND,119.62,86.293,2.497,1.046,1.581,-0.469,-0.609,86.293,2.398,1.581,0.857,0.307,1,0.242,1.321,2.298,100.0,-2.5,2.366,1,0,0,OFFBOARD
1180,OUTBOUND,119.72,86.293,2.497,1.045,1.581,-0.469,-0.609,86.293,2.397,1.581,0.858,0.307,1,0.243,1.323,2.299,100.0,-2.5,2.368,1,0,0,OFFBOARD
1181,OUTBOUND,119.83,86.293,2.497,1.045,1.581,-0.469,-0.609,86.293,2.397,1.581,0.857,0.307,1,0.243,1.322,2.299,100.0,-2.5,2.374,1,0,0,OFFBOARD
1182,OUTBOUND,119.93,86.293,2.497,1.045,1.581,-0.469,-0.609,86.293,2.398,1.581,0.859,0.307,1,0.243,1.325,2.3,100.0,-2.5,2.378,1,0,0,OFFBOARD
1183,OUTBOUND,120.03,86.293,2.497,1.045,1.581,-0.469,-0.609,86.293,2.398,1.581,0.859,0.307,1,0.243,1.325,2.3,100.0,-2.5,2.379,1,0,0,OFFBOARD
1184,OUTBOUND,120.13,86.293,2.497,1.045,1.581,-0.469,-0.609,86.293,2.398,1.581,0.858,0.307,1,0.243,1.324,2.3,100.0,-2.5,2.383,1,0,0,OFFBOARD
1185,OUTBOUND,120.23,86.293,2.497,1.045,1.581,-0.469,-0.609,86.293,2.398,1.581,0.858,0.307,1,0.243,1.324,2.301,100.0,-2.5,2.39,1,0,0,OFFBOARD
1186,OUTBOUND,120.33,86.293,2.497,1.045,1.581,-0.469,-0.609,86.293,2.398,1.581,0.858,0.307,1,0.243,1.324,2.301,100.0,-2.5,2.398,1,0,0,OFFBOARD
1187,OUTBOUND,120.43,86.293,2.497,1.045,1.581,-0.469,-0.609,86.293,2.398,1.581,0.86,0.308,1,0.244,1.328,2.302,100.0,-2.5,2.402,1,0,0,OFFBOARD
1188,OUTBOUND,120.54,86.293,2.497,1.045,1.581,-0.469,-0.609,86.293,2.398,1.581,0.861,0.308,1,0.244,1.332,2.303,100.0,-2.5,2.405,1,0,0,OFFBOARD
1189,OUTBOUND,120.64,86.293,2.498,1.044,1.581,-0.469,-0.609,86.293,2.398,1.581,0.859,0.308,1,0.243,1.326,2.302,100.0,-2.5,2.41,1,0,0,OFFBOARD
1190,OUTBOUND,120.74,86.293,2.498,1.045,1.581,-0.469,-0.609,86.293,2.398,1.581,0.854,0.306,1,0.241,1.313,2.298,100.0,-2.5,2.413,1,0,0,OFFBOARD
1191,OUTBOUND,120.84,86.293,2.498,1.044,1.581,-0.469,-0.609,86.293,2.398,1.581,0.86,0.308,1,0.244,1.328,2.302,100.0,-2.5,2.414,1,0,0,OFFBOARD
1192,OUTBOUND,120.94,86.293,2.498,1.044,1.581,-0.469,-0.609,86.293,2.398,1.581,0.862,0.309,1,0.244,1.334,2.304,100.0,-2.5,2.418,1,0,0,OFFBOARD
1193,OUTBOUND,121.04,86.293,2.498,1.044,1.581,-0.469,-0.609,86.293,2.398,1.581,0.86,0.308,1,0.244,1.328,2.303,100.0,-2.5,2.425,1,0,0,OFFBOARD
1194,OUTBOUND,121.14,86.293,2.498,1.044,1.581,-0.469,-0.609,86.293,2.398,1.581,0.863,0.309,1,0.245,1.335,2.306,100.0,-2.5,2.431,1,0,0,OFFBOARD
1195,OUTBOUND,121.25,86.293,2.498,1.044,1.581,-0.469,-0.609,86.293,2.398,1.581,0.86,0.308,1,0.244,1.33,2.304,100.0,-2.5,2.438,1,0,0,OFFBOARD
1196,OUTBOUND,121.35,86.293,2.498,1.044,1.581,-0.469,-0.609,86.293,2.398,1.581,0.861,0.308,1,0.245,1.331,2.305,100.0,-2.5,2.443,1,0,0,OFFBOARD
1197,OUTBOUND,121.45,86.293,2.498,1.044,1.581,-0.469,-0.609,86.293,2.398,1.581,0.858,0.307,1,0.244,1.324,2.304,100.0,-2.5,2.447,1,0,0,OFFBOARD
1198,OUTBOUND,121.55,86.293,2.498,1.044,1.581,-0.469,-0.609,86.293,2.398,1.581,0.863,0.309,1,0.246,1.336,2.307,100.0,-2.5,2.449,1,0,0,OFFBOARD
1199,OUTBOUND,121.65,86.293,2.498,1.044,1.581,-0.469,-0.609,86.293,2.398,1.581,0.86,0.308,1,0.244,1.329,2.306,100.0,-2.5,2.451,1,0,0,OFFBOARD
1200,OUTBOUND,121.75,86.293,2.498,1.043,1.581,-0.469,-0.609,86.293,2.398,1.581,0.863,0.309,1,0.246,1.337,2.308,100.0,-2.5,2.453,1,0,0,OFFBOARD
1201,OUTBOUND,121.86,86.293,2.498,1.043,1.581,-0.469,-0.609,86.293,2.398,1.581,0.86,0.308,1,0.245,1.33,2.306,100.0,-2.5,2.452,1,0,0,OFFBOARD
1202,OUTBOUND,121.96,86.293,2.498,1.043,1.581,-0.469,-0.609,86.293,2.398,1.581,0.862,0.309,1,0.245,1.335,2.309,100.0,-2.5,2.451,1,0,0,OFFBOARD
1203,OUTBOUND,122.06,86.293,2.498,1.043,1.581,-0.469,-0.609,86.293,2.398,1.581,0.863,0.309,1,0.246,1.336,2.31,100.0,-2.5,2.452,1,0,0,OFFBOARD
1204,OUTBOUND,122.16,86.293,2.498,1.043,1.581,-0.469,-0.609,86.293,2.398,1.581,0.865,0.309,1,0.247,1.343,2.311,100.0,-2.5,2.454,1,0,0,OFFBOARD
1205,OUTBOUND,122.26,86.293,2.498,1.043,1.581,-0.469,-0.609,86.293,2.398,1.581,0.866,0.31,1,0.248,1.345,2.313,100.0,-2.5,2.452,1,0,0,OFFBOARD
1206,OUTBOUND,122.36,86.293,2.498,1.043,1.581,-0.469,-0.609,86.293,2.398,1.581,0.865,0.309,1,0.247,1.343,2.312,100.0,-2.5,2.451,1,0,0,OFFBOARD
1207,OUTBOUND,122.46,86.293,2.498,1.043,1.581,-0.469,-0.609,86.293,2.398,1.581,0.865,0.309,1,0.247,1.341,2.312,100.0,-2.5,2.452,1,0,0,OFFBOARD
1208,OUTBOUND,122.57,86.293,2.498,1.043,1.581,-0.469,-0.609,86.293,2.398,1.581,0.865,0.309,1,0.247,1.34,2.312,100.0,-2.5,2.453,1,0,0,OFFBOARD
1209,OUTBOUND,122.67,86.293,2.498,1.043,1.581,-0.469,-0.609,86.293,2.398,1.581,0.865,0.309,1,0.247,1.341,2.313,100.0,-2.5,2.455,1,0,0,OFFBOARD
1210,OUTBOUND,122.77,86.293,2.498,1.042,1.581,-0.469,-0.609,86.293,2.398,1.581,0.863,0.309,1,0.246,1.336,2.312,100.0,-2.5,2.457,1,0,0,OFFBOARD
1211,OUTBOUND,122.87,86.293,2.498,1.042,1.581,-0.469,-0.609,86.293,2.398,1.581,0.863,0.309,1,0.246,1.337,2.312,100.0,-2.5,2.46,1,0,0,OFFBOARD
1212,OUTBOUND,122.97,86.293,2.498,1.042,1.581,-0.469,-0.609,86.293,2.398,1.581,0.867,0.31,1,0.249,1.349,2.316,100.0,-2.5,2.464,1,0,0,OFFBOARD
1213,OUTBOUND,123.07,86.293,2.498,1.042,1.581,-0.469,-0.609,86.293,2.398,1.581,0.864,0.309,1,0.247,1.34,2.314,100.0,-2.5,2.471,1,0,0,OFFBOARD
1214,OUTBOUND,123.17,86.293,2.498,1.042,1.581,-0.469,-0.609,86.293,2.398,1.581,0.867,0.31,1,0.249,1.347,2.316,100.0,-2.5,2.478,1,0,0,OFFBOARD
1215,OUTBOUND,123.28,86.293,2.498,1.042,1.581,-0.469,-0.609,86.293,2.398,1.581,0.866,0.31,1,0.248,1.346,2.316,100.0,-2.5,2.485,1,0,0,OFFBOARD
1216,OUTBOUND,123.38,86.293,2.498,1.042,1.581,-0.469,-0.609,86.293,2.398,1.581,0.868,0.31,1,0.249,1.348,2.317,100.0,-2.5,2.488,1,0,0,OFFBOARD
1217,OUTBOUND,123.48,86.293,2.498,1.041,1.581,-0.469,-0.609,86.293,2.398,1.581,0.867,0.31,1,0.248,1.346,2.317,100.0,-2.5,2.493,1,0,0,OFFBOARD
1218,OUTBOUND,123.58,86.293,2.498,1.041,1.581,-0.469,-0.609,86.293,2.398,1.581,0.869,0.311,1,0.25,1.353,2.319,100.0,-2.5,2.496,1,0,0,OFFBOARD
1219,OUTBOUND,123.68,86.293,2.498,1.041,1.581,-0.469,-0.609,86.293,2.398,1.581,0.84,0.309,1,0.247,1.34,2.315,100.0,-2.5,2.498,1,0,0,OFFBOARD
1220,OUTBOUND,123.78,86.293,2.498,1.041,1.581,-0.469,-0.609,86.293,2.398,1.581,0.823,0.307,1,0.243,1.32,2.309,100.0,-2.5,2.501,1,0,0,OFFBOARD
1221,OUTBOUND,123.88,86.293,2.498,1.041,1.581,-0.469,-0.609,86.293,2.398,1.581,0.872,0.312,1,0.252,1.361,2.322,100.0,-2.5,2.504,1,0,0,OFFBOARD
1222,OUTBOUND,123.99,86.293,2.498,1.041,1.581,-0.469,-0.609,86.293,2.398,1.581,0.868,0.311,1,0.25,1.349,2.319,100.0,-2.5,2.507,1,0,0,OFFBOARD
1223,OUTBOUND,124.09,86.293,2.498,1.041,1.581,-0.469,-0.609,86.293,2.398,1.581,0.872,0.312,1,0.251,1.36,2.322,100.0,-2.5,2.509,1,0,0,OFFBOARD
1224,OUTBOUND,124.19,86.293,2.498,1.041,1.581,-0.469,-0.609,86.293,2.398,1.581,0.841,0.31,1,0.249,1.343,2.317,100.0,-2.5,2.513,1,0,0,OFFBOARD
1225,OUTBOUND,124.29,86.293,2.498,1.041,1.581,-0.469,-0.609,86.293,2.398,1.581,0.871,0.311,1,0.251,1.356,2.323,100.0,-2.5,2.518,1,0,0,OFFBOARD
1226,OUTBOUND,124.39,86.293,2.498,1.04,1.581,-0.469,-0.609,86.293,2.398,1.581,0.851,0.311,1,0.251,1.352,2.322,100.0,-2.5,2.521,1,0,0,OFFBOARD
1227,OUTBOUND,124.49,86.293,2.498,1.04,1.581,-0.469,-0.609,86.293,2.398,1.581,0.85,0.311,1,0.25,1.349,2.321,100.0,-2.5,2.523,1,0,0,OFFBOARD
1228,OUTBOUND,124.6,86.293,2.498,1.04,1.581,-0.469,-0.609,86.293,2.398,1.581,0.871,0.311,1,0.251,1.356,2.321,100.0,-2.5,2.523,1,0,0,OFFBOARD
1229,OUTBOUND,124.7,86.293,2.498,1.04,1.581,-0.469,-0.609,86.293,2.398,1.581,0.849,0.311,1,0.25,1.35,2.321,100.0,-2.5,2.524,1,0,0,OFFBOARD
1230,OUTBOUND,124.8,86.293,2.498,1.04,1.581,-0.469,-0.609,86.293,2.398,1.581,0.85,0.311,1,0.25,1.35,2.321,100.0,-2.5,2.526,1,0,0,OFFBOARD
1231,OUTBOUND,124.9,86.293,2.498,1.04,1.581,-0.469,-0.609,86.293,2.398,1.581,0.848,0.311,1,0.25,1.351,2.321,100.0,-2.5,2.526,1,0,0,OFFBOARD
1232,OUTBOUND,125.0,86.293,2.498,1.04,1.581,-0.469,-0.609,86.293,2.398,1.581,0.872,0.312,1,0.251,1.358,2.323,100.0,-2.5,2.526,1,0,0,OFFBOARD
1233,OUTBOUND,125.1,86.293,2.498,1.04,1.581,-0.469,-0.609,86.293,2.398,1.581,0.846,0.311,1,0.251,1.352,2.322,100.0,-2.5,2.522,1,0,0,OFFBOARD
1234,OUTBOUND,125.2,86.293,2.498,1.04,1.581,-0.469,-0.609,86.293,2.398,1.581,0.85,0.312,1,0.252,1.356,2.324,100.0,-2.5,2.52,1,0,0,OFFBOARD
1235,OUTBOUND,125.31,86.293,2.498,1.039,1.581,-0.469,-0.609,86.293,2.398,1.581,0.844,0.311,1,0.251,1.352,2.323,100.0,-2.5,2.523,1,0,0,OFFBOARD
1236,OUTBOUND,125.41,86.293,2.498,1.039,1.581,-0.469,-0.609,86.293,2.398,1.581,0.872,0.312,1,0.252,1.359,2.325,100.0,-2.5,2.523,1,0,0,OFFBOARD
1237,OUTBOUND,125.51,86.293,2.498,1.039,1.581,-0.469,-0.609,86.293,2.398,1.581,0.821,0.308,1,0.244,1.322,2.312,100.0,-2.5,2.524,1,0,0,OFFBOARD
1238,OUTBOUND,125.61,86.293,2.498,1.039,1.581,-0.469,-0.609,86.293,2.398,1.581,0.87,0.312,1,0.251,1.354,2.322,100.0,-2.5,2.525,1,0,0,OFFBOARD
1239,OUTBOUND,125.71,86.293,2.498,1.039,1.581,-0.469,-0.609,86.293,2.398,1.581,0.83,0.309,1,0.246,1.332,2.315,100.0,-2.5,2.527,1,0,0,OFFBOARD
1240,OUTBOUND,125.81,86.294,2.498,1.039,1.581,-0.469,-0.609,86.294,2.398,1.581,0.819,0.307,1,0.239,1.31,2.304,100.0,-2.5,2.529,1,0,0,OFFBOARD
1241,OUTBOUND,125.91,86.293,2.498,1.039,1.581,-0.469,-0.609,86.293,2.398,1.581,0.871,0.313,1,0.249,1.356,2.317,100.0,-2.5,2.531,1,0,0,OFFBOARD
1242,OUTBOUND,126.02,86.293,2.498,1.039,1.581,-0.469,-0.609,86.293,2.398,1.581,0.865,0.311,1,0.247,1.341,2.313,100.0,-2.5,2.534,1,0,0,OFFBOARD
1243,OUTBOUND,126.12,86.293,2.498,1.039,1.581,-0.469,-0.609,86.293,2.398,1.581,0.865,0.311,1,0.247,1.34,2.314,100.0,-2.5,2.54,1,0,0,OFFBOARD
1244,OUTBOUND,126.22,86.293,2.498,1.039,1.581,-0.469,-0.609,86.293,2.398,1.581,0.864,0.311,1,0.246,1.338,2.313,100.0,-2.5,2.542,1,0,0,OFFBOARD
1245,OUTBOUND,126.32,86.293,2.498,1.039,1.581,-0.469,-0.609,86.293,2.398,1.581,0.865,0.311,1,0.247,1.342,2.315,100.0,-2.5,2.544,1,0,0,OFFBOARD
1246,OUTBOUND,126.42,86.293,2.498,1.039,1.581,-0.469,-0.609,86.293,2.398,1.581,0.867,0.312,1,0.247,1.346,2.315,100.0,-2.5,2.546,1,0,0,OFFBOARD
1247,OUTBOUND,126.52,86.293,2.498,1.039,1.581,-0.469,-0.609,86.293,2.398,1.581,0.866,0.311,1,0.247,1.345,2.315,100.0,-2.5,2.545,1,0,0,OFFBOARD
1248,OUTBOUND,126.62,86.293,2.498,1.039,1.581,-0.469,-0.609,86.293,2.398,1.581,0.865,0.311,1,0.247,1.341,2.314,100.0,-2.5,2.549,1,0,0,OFFBOARD
1249,OUTBOUND,126.73,86.293,2.498,1.039,1.581,-0.469,-0.609,86.293,2.398,1.581,0.864,0.311,1,0.246,1.337,2.314,100.0,-2.5,2.548,1,0,0,OFFBOARD
1250,OUTBOUND,126.83,86.293,2.498,1.039,1.581,-0.469,-0.609,86.293,2.398,1.581,0.835,0.31,1,0.244,1.329,2.311,100.0,-2.5,2.545,1,0,0,OFFBOARD
1251,OUTBOUND,126.93,86.293,2.498,1.039,1.581,-0.469,-0.609,86.293,2.398,1.581,0.869,0.312,1,0.248,1.351,2.317,100.0,-2.5,2.544,1,0,0,OFFBOARD
1252,OUTBOUND,127.03,86.293,2.498,1.039,1.581,-0.469,-0.609,86.293,2.398,1.581,0.866,0.311,1,0.247,1.342,2.315,100.0,-2.5,2.544,1,0,0,OFFBOARD
1253,OUTBOUND,127.13,86.293,2.498,1.038,1.581,-0.469,-0.609,86.293,2.398,1.581,0.865,0.311,1,0.247,1.342,2.315,100.0,-2.5,2.54,1,0,0,OFFBOARD
1254,OUTBOUND,127.23,86.293,2.498,1.038,1.581,-0.469,-0.609,86.293,2.398,1.581,0.865,0.311,1,0.247,1.341,2.315,100.0,-2.5,2.538,1,0,0,OFFBOARD
1255,OUTBOUND,127.33,86.293,2.498,1.038,1.581,-0.469,-0.609,86.293,2.398,1.581,0.865,0.311,1,0.247,1.341,2.315,100.0,-2.5,2.536,1,0,0,OFFBOARD
1256,OUTBOUND,127.43,86.293,2.498,1.038,1.581,-0.469,-0.609,86.293,2.398,1.581,0.867,0.312,1,0.247,1.345,2.316,100.0,-2.5,2.535,1,0,0,OFFBOARD
1257,OUTBOUND,127.54,86.293,2.498,1.038,1.581,-0.469,-0.609,86.293,2.398,1.581,0.866,0.311,1,0.247,1.342,2.316,100.0,-2.5,2.534,1,0,0,OFFBOARD
1258,OUTBOUND,127.64,86.293,2.498,1.038,1.581,-0.469,-0.609,86.293,2.398,1.581,0.865,0.312,1,0.247,1.34,2.316,100.0,-2.5,2.531,1,0,0,OFFBOARD
1259,OUTBOUND,127.74,86.293,2.498,1.038,1.581,-0.469,-0.609,86.293,2.398,1.581,0.867,0.312,1,0.247,1.345,2.317,100.0,-2.5,2.528,1,0,0,OFFBOARD
1260,OUTBOUND,127.84,86.293,2.498,1.037,1.581,-0.469,-0.609,86.293,2.398,1.581,0.868,0.312,1,0.248,1.348,2.319,100.0,-2.5,2.526,1,0,0,OFFBOARD
1261,OUTBOUND,127.94,86.293,2.498,1.037,1.581,-0.469,-0.609,86.293,2.398,1.581,0.869,0.313,1,0.249,1.351,2.32,100.0,-2.5,2.525,1,0,0,OFFBOARD
1262,OUTBOUND,128.04,86.293,2.498,1.037,1.581,-0.469,-0.609,86.293,2.398,1.581,0.841,0.311,1,0.247,1.341,2.317,100.0,-2.5,2.522,1,0,0,OFFBOARD
1263,OUTBOUND,128.15,86.293,2.498,1.037,1.581,-0.469,-0.609,86.293,2.398,1.581,0.868,0.312,1,0.249,1.349,2.32,100.0,-2.5,2.517,1,0,0,OFFBOARD
1264,OUTBOUND,128.25,86.293,2.498,1.037,1.581,-0.469,-0.609,86.293,2.398,1.581,0.852,0.312,1,0.249,1.349,2.32,100.0,-2.5,2.515,1,0,0,OFFBOARD
1265,OUTBOUND,128.35,86.293,2.498,1.037,1.581,-0.469,-0.609,86.293,2.398,1.581,0.846,0.312,1,0.248,1.346,2.32,100.0,-2.5,2.512,1,0,0,OFFBOARD
1266,OUTBOUND,128.45,86.293,2.498,1.037,1.581,-0.469,-0.609,86.293,2.398,1.581,0.844,0.312,1,0.248,1.346,2.32,100.0,-2.5,2.509,1,0,0,OFFBOARD
1267,OUTBOUND,128.55,86.293,2.498,1.037,1.581,-0.469,-0.609,86.293,2.398,1.581,0.845,0.312,1,0.248,1.348,2.321,100.0,-2.5,2.506,1,0,0,OFFBOARD
1268,OUTBOUND,128.65,86.293,2.498,1.037,1.581,-0.469,-0.609,86.293,2.398,1.581,0.848,0.313,1,0.25,1.352,2.323,100.0,-2.5,2.504,1,0,0,OFFBOARD
1269,OUTBOUND,128.75,86.293,2.498,1.037,1.581,-0.469,-0.609,86.293,2.398,1.581,0.849,0.313,1,0.25,1.354,2.323,100.0,-2.5,2.504,1,0,0,OFFBOARD
1270,OUTBOUND,128.86,86.293,2.498,1.037,1.581,-0.469,-0.609,86.293,2.398,1.581,0.819,0.309,1,0.24,1.315,2.31,100.0,-2.5,2.504,1,0,0,OFFBOARD
1271,OUTBOUND,128.96,86.293,2.498,1.037,1.581,-0.469,-0.609,86.293,2.398,1.581,0.881,0.316,1,0.253,1.378,2.327,100.0,-2.5,2.503,1,0,0,OFFBOARD
1272,OUTBOUND,129.06,86.293,2.498,1.037,1.581,-0.469,-0.609,86.293,2.398,1.581,0.866,0.312,1,0.247,1.344,2.317,100.0,-2.5,2.503,1,0,0,OFFBOARD
1273,OUTBOUND,129.16,86.293,2.498,1.037,1.581,-0.469,-0.609,86.293,2.398,1.581,0.867,0.313,1,0.247,1.346,2.317,100.0,-2.5,2.503,1,0,0,OFFBOARD
1274,OUTBOUND,129.26,86.293,2.498,1.036,1.581,-0.469,-0.609,86.293,2.398,1.581,0.85,0.312,1,0.247,1.342,2.317,100.0,-2.5,2.502,1,0,0,OFFBOARD
1275,OUTBOUND,129.36,86.293,2.498,1.036,1.581,-0.469,-0.609,86.293,2.398,1.581,0.844,0.312,1,0.246,1.341,2.317,100.0,-2.5,2.503,1,0,0,OFFBOARD
1276,OUTBOUND,129.46,86.293,2.498,1.036,1.581,-0.469,-0.609,86.293,2.398,1.581,0.867,0.313,1,0.247,1.346,2.319,100.0,-2.5,2.506,1,0,0,OFFBOARD
1277,OUTBOUND,129.57,86.293,2.498,1.036,1.581,-0.469,-0.609,86.293,2.398,1.581,0.868,0.313,1,0.248,1.349,2.319,100.0,-2.5,2.509,1,0,0,OFFBOARD
1278,OUTBOUND,129.67,86.293,2.498,1.036,1.581,-0.469,-0.609,86.293,2.398,1.581,0.867,0.313,1,0.247,1.346,2.319,100.0,-2.5,2.512,1,0,0,OFFBOARD
1279,OUTBOUND,129.77,86.293,2.498,1.036,1.581,-0.469,-0.609,86.293,2.398,1.581,0.87,0.314,1,0.248,1.352,2.32,100.0,-2.5,2.514,1,0,0,OFFBOARD
1280,OUTBOUND,129.87,86.293,2.498,1.036,1.581,-0.469,-0.609,86.293,2.398,1.581,0.868,0.313,1,0.247,1.348,2.319,100.0,-2.5,2.513,1,0,0,OFFBOARD
1281,OUTBOUND,129.97,86.293,2.498,1.036,1.581,-0.469,-0.609,86.293,2.398,1.581,0.844,0.312,1,0.246,1.341,2.317,100.0,-2.5,2.511,1,0,0,OFFBOARD
1282,OUTBOUND,130.08,86.293,2.498,1.035,1.581,-0.469,-0.609,86.293,2.398,1.581,0.873,0.315,1,0.25,1.361,2.322,100.0,-2.5,2.51,1,0,0,OFFBOARD
1283,OUTBOUND,130.18,86.293,2.498,1.035,1.581,-0.469,-0.609,86.293,2.398,1.581,0.874,0.315,1,0.25,1.362,2.322,100.0,-2.5,2.507,1,0,0,OFFBOARD
1284,OUTBOUND,130.28,86.293,2.498,1.035,1.581,-0.469,-0.609,86.293,2.398,1.581,0.844,0.313,1,0.246,1.341,2.317,100.0,-2.5,2.505,1,0,0,OFFBOARD
1285,OUTBOUND,130.38,86.293,2.498,1.035,1.581,-0.469,-0.609,86.293,2.398,1.581,0.869,0.314,1,0.248,1.351,2.32,100.0,-2.5,2.502,1,0,0,OFFBOARD
1286,OUTBOUND,130.48,86.293,2.498,1.035,1.581,-0.469,-0.609,86.293,2.399,1.581,0.845,0.313,1,0.247,1.345,2.32,100.0,-2.5,2.499,1,0,0,OFFBOARD
1287,OUTBOUND,130.59,86.293,2.498,1.035,1.581,-0.469,-0.609,86.293,2.399,1.581,0.838,0.312,1,0.247,1.341,2.319,100.0,-2.5,2.497,1,0,0,OFFBOARD
1288,OUTBOUND,130.69,86.293,2.498,1.035,1.581,-0.469,-0.609,86.293,2.399,1.581,0.848,0.314,1,0.249,1.35,2.322,100.0,-2.5,2.497,1,0,0,OFFBOARD
1289,OUTBOUND,130.79,86.293,2.498,1.035,1.581,-0.469,-0.609,86.293,2.399,1.581,0.846,0.314,1,0.249,1.35,2.323,100.0,-2.5,2.494,1,0,0,OFFBOARD
1290,OUTBOUND,130.89,86.293,2.498,1.035,1.581,-0.469,-0.609,86.293,2.399,1.581,0.842,0.313,1,0.248,1.347,2.322,100.0,-2.5,2.489,1,0,0,OFFBOARD
1291,OUTBOUND,130.99,86.293,2.498,1.035,1.581,-0.469,-0.609,86.293,2.399,1.581,0.835,0.312,1,0.246,1.34,2.319,100.0,-2.5,2.487,1,0,0,OFFBOARD
1292,OUTBOUND,131.09,86.293,2.499,1.034,1.581,-0.469,-0.609,86.293,2.399,1.581,0.842,0.313,1,0.248,1.346,2.322,100.0,-2.5,2.487,1,0,0,OFFBOARD
1293,OUTBOUND,131.2,86.293,2.498,1.034,1.581,-0.469,-0.609,86.293,2.399,1.581,0.844,0.314,1,0.249,1.35,2.323,100.0,-2.5,2.484,1,0,0,OFFBOARD
1294,OUTBOUND,131.3,86.293,2.499,1.034,1.581,-0.469,-0.609,86.293,2.399,1.581,0.847,0.314,1,0.249,1.354,2.324,100.0,-2.5,2.48,1,0,0,OFFBOARD
1295,OUTBOUND,131.4,86.293,2.499,1.034,1.581,-0.469,-0.609,86.293,2.399,1.581,0.839,0.313,1,0.248,1.348,2.323,100.0,-2.5,2.478,1,0,0,OFFBOARD
1296,OUTBOUND,131.5,86.293,2.499,1.034,1.581,-0.469,-0.609,86.293,2.399,1.581,0.841,0.314,1,0.25,1.351,2.325,100.0,-2.5,2.477,1,0,0,OFFBOARD
1297,OUTBOUND,131.6,86.293,2.499,1.034,1.581,-0.469,-0.609,86.293,2.399,1.581,0.84,0.314,1,0.249,1.35,2.325,100.0,-2.5,2.476,1,0,0,OFFBOARD
1298,OUTBOUND,131.7,86.293,2.499,1.034,1.581,-0.469,-0.609,86.293,2.399,1.581,0.846,0.314,1,0.25,1.357,2.328,100.0,-2.5,2.473,1,0,0,OFFBOARD
1299,OUTBOUND,131.8,86.293,2.499,1.034,1.581,-0.469,-0.609,86.293,2.399,1.581,0.838,0.314,1,0.248,1.346,2.323,100.0,-2.5,2.471,1,0,0,OFFBOARD
1300,OUTBOUND,131.9,86.293,2.499,1.034,1.581,-0.469,-0.609,86.293,2.399,1.581,0.843,0.314,1,0.248,1.347,2.322,100.0,-2.5,2.467,1,0,0,OFFBOARD
1301,OUTBOUND,132.01,86.293,2.499,1.034,1.581,-0.469,-0.609,86.293,2.399,1.581,0.823,0.311,1,0.24,1.317,2.31,100.0,-2.5,2.466,1,0,0,OFFBOARD
1302,OUTBOUND,132.11,86.293,2.499,1.034,1.581,-0.469,-0.609,86.293,2.399,1.581,0.845,0.313,1,0.245,1.339,2.317,100.0,-2.5,2.464,1,0,0,OFFBOARD
1303,OUTBOUND,132.21,86.293,2.499,1.034,1.581,-0.469,-0.609,86.293,2.399,1.581,0.843,0.313,1,0.245,1.338,2.316,100.0,-2.5,2.464,1,0,0,OFFBOARD
1304,OUTBOUND,132.31,86.293,2.499,1.034,1.581,-0.469,-0.609,86.293,2.399,1.581,0.868,0.314,1,0.247,1.348,2.319,100.0,-2.5,2.462,1,0,0,OFFBOARD
1305,OUTBOUND,132.41,86.293,2.499,1.034,1.581,-0.469,-0.609,86.293,2.399,1.581,0.846,0.314,1,0.246,1.341,2.318,100.0,-2.5,2.458,1,0,0,OFFBOARD
1306,OUTBOUND,132.51,86.293,2.499,1.033,1.581,-0.469,-0.609,86.293,2.399,1.581,0.871,0.315,1,0.249,1.356,2.322,100.0,-2.5,2.453,1,0,0,OFFBOARD
1307,OUTBOUND,132.61,86.293,2.499,1.033,1.581,-0.469,-0.609,86.293,2.399,1.581,0.87,0.315,1,0.248,1.352,2.321,100.0,-2.5,2.451,1,0,0,OFFBOARD
1308,OUTBOUND,132.71,86.293,2.499,1.033,1.581,-0.469,-0.609,86.293,2.399,1.581,0.845,0.314,1,0.247,1.343,2.319,100.0,-2.5,2.449,1,0,0,OFFBOARD
1309,OUTBOUND,132.82,86.293,2.499,1.033,1.581,-0.469,-0.609,86.293,2.399,1.581,0.847,0.314,1,0.247,1.345,2.319,100.0,-2.5,2.447,1,0,0,OFFBOARD
1310,OUTBOUND,132.92,86.293,2.499,1.033,1.581,-0.469,-0.609,86.293,2.399,1.581,0.852,0.314,1,0.247,1.346,2.319,100.0,-2.5,2.441,1,0,0,OFFBOARD
1311,OUTBOUND,133.02,86.293,2.499,1.033,1.581,-0.469,-0.609,86.293,2.399,1.581,0.852,0.314,1,0.247,1.347,2.32,100.0,-2.5,2.439,1,0,0,OFFBOARD
1312,OUTBOUND,133.12,86.293,2.499,1.033,1.581,-0.469,-0.609,86.293,2.399,1.581,0.848,0.314,1,0.245,1.342,2.318,100.0,-2.5,2.438,1,0,0,OFFBOARD
1313,OUTBOUND,133.22,86.293,2.499,1.033,1.581,-0.469,-0.609,86.293,2.399,1.581,0.843,0.314,1,0.245,1.341,2.318,100.0,-2.5,2.437,1,0,0,OFFBOARD
1314,OUTBOUND,133.32,86.293,2.499,1.033,1.581,-0.469,-0.609,86.293,2.399,1.581,0.84,0.314,1,0.246,1.34,2.319,100.0,-2.5,2.433,1,0,0,OFFBOARD
1315,OUTBOUND,133.42,86.293,2.499,1.033,1.581,-0.469,-0.609,86.293,2.399,1.581,0.829,0.312,1,0.243,1.327,2.314,100.0,-2.5,2.429,1,0,0,OFFBOARD
1316,OUTBOUND,133.52,86.293,2.499,1.032,1.581,-0.469,-0.609,86.293,2.399,1.581,0.814,0.309,1,0.236,1.301,2.303,100.0,-2.5,2.425,1,0,0,OFFBOARD
1317,OUTBOUND,133.63,86.293,2.499,1.032,1.581,-0.469,-0.609,86.293,2.399,1.581,0.882,0.319,1,0.251,1.379,2.325,100.0,-2.5,2.419,1,0,0,OFFBOARD
1318,OUTBOUND,133.73,86.293,2.499,1.033,1.581,-0.469,-0.609,86.293,2.399,1.581,0.864,0.314,1,0.244,1.338,2.313,100.0,-2.5,2.414,1,0,0,OFFBOARD
1319,OUTBOUND,133.83,86.293,2.499,1.033,1.581,-0.469,-0.609,86.293,2.399,1.581,0.864,0.314,1,0.244,1.337,2.313,100.0,-2.5,2.407,1,0,0,OFFBOARD
1320,OUTBOUND,133.93,86.293,2.499,1.032,1.581,-0.469,-0.609,86.293,2.399,1.581,0.868,0.315,1,0.246,1.346,2.316,100.0,-2.5,2.403,1,0,0,OFFBOARD
1321,OUTBOUND,134.03,86.293,2.499,1.032,1.581,-0.469,-0.609,86.293,2.399,1.581,0.864,0.314,1,0.244,1.337,2.312,100.0,-2.5,2.399,1,0,0,OFFBOARD
1322,OUTBOUND,134.13,86.293,2.499,1.032,1.581,-0.469,-0.609,86.293,2.399,1.581,0.863,0.314,1,0.243,1.333,2.312,100.0,-2.5,2.395,1,0,0,OFFBOARD
1323,OUTBOUND,134.23,86.293,2.499,1.032,1.581,-0.469,-0.609,86.293,2.399,1.581,0.863,0.314,1,0.243,1.333,2.312,100.0,-2.5,2.39,1,0,0,OFFBOARD
1324,OUTBOUND,134.33,86.293,2.499,1.032,1.581,-0.469,-0.609,86.293,2.399,1.581,0.842,0.314,1,0.243,1.329,2.311,100.0,-2.5,2.387,1,0,0,OFFBOARD
1325,OUTBOUND,134.44,86.293,2.499,1.032,1.581,-0.469,-0.609,86.293,2.399,1.581,0.865,0.315,1,0.244,1.339,2.314,100.0,-2.5,2.383,1,0,0,OFFBOARD
1326,OUTBOUND,134.54,86.293,2.499,1.032,1.581,-0.469,-0.609,86.293,2.399,1.581,0.83,0.313,1,0.241,1.322,2.31,100.0,-2.5,2.381,1,0,0,OFFBOARD
1327,OUTBOUND,134.64,86.293,2.499,1.032,1.581,-0.469,-0.609,86.293,2.399,1.581,0.867,0.315,1,0.245,1.344,2.316,100.0,-2.5,2.38,1,0,0,OFFBOARD
1328,OUTBOUND,134.74,86.293,2.499,1.032,1.581,-0.469,-0.609,86.293,2.399,1.581,0.844,0.314,1,0.243,1.333,2.313,100.0,-2.5,2.38,1,0,0,OFFBOARD
1329,OUTBOUND,134.84,86.293,2.499,1.031,1.581,-0.469,-0.609,86.293,2.399,1.581,0.841,0.314,1,0.243,1.332,2.313,100.0,-2.5,2.381,1,0,0,OFFBOARD
1330,OUTBOUND,134.94,86.293,2.499,1.031,1.581,-0.469,-0.609,86.293,2.399,1.581,0.848,0.314,1,0.243,1.335,2.314,100.0,-2.5,2.385,1,0,0,OFFBOARD
1331,OUTBOUND,135.04,86.293,2.499,1.031,1.581,-0.469,-0.609,86.293,2.399,1.581,0.846,0.314,1,0.243,1.336,2.315,100.0,-2.5,2.386,1,0,0,OFFBOARD
1332,OUTBOUND,135.15,86.293,2.499,1.031,1.581,-0.469,-0.609,86.293,2.399,1.581,0.866,0.315,1,0.244,1.342,2.316,100.0,-2.5,2.386,1,0,0,OFFBOARD
1333,OUTBOUND,135.25,86.293,2.499,1.031,1.581,-0.469,-0.609,86.293,2.399,1.581,0.842,0.314,1,0.243,1.333,2.314,100.0,-2.5,2.387,1,0,0,OFFBOARD
1334,OUTBOUND,135.35,86.293,2.499,1.031,1.581,-0.469,-0.609,86.293,2.399,1.581,0.865,0.315,1,0.244,1.338,2.315,100.0,-2.5,2.388,1,0,0,OFFBOARD
1335,OUTBOUND,135.45,86.293,2.499,1.031,1.581,-0.469,-0.609,86.293,2.399,1.581,0.868,0.316,1,0.245,1.346,2.318,100.0,-2.5,2.387,1,0,0,OFFBOARD
1336,OUTBOUND,135.55,86.293,2.499,1.031,1.581,-0.469,-0.609,86.293,2.399,1.581,0.841,0.314,1,0.243,1.334,2.315,100.0,-2.5,2.383,1,0,0,OFFBOARD
1337,OUTBOUND,135.65,86.293,2.499,1.031,1.581,-0.469,-0.609,86.293,2.399,1.581,0.841,0.315,1,0.243,1.335,2.315,100.0,-2.5,2.377,1,0,0,OFFBOARD
1338,OUTBOUND,135.75,86.293,2.499,1.031,1.581,-0.469,-0.609,86.293,2.399,1.581,0.843,0.315,1,0.243,1.336,2.316,100.0,-2.5,2.37,1,0,0,OFFBOARD
1339,OUTBOUND,135.86,86.293,2.499,1.03,1.581,-0.469,-0.609,86.293,2.399,1.581,0.846,0.315,1,0.244,1.339,2.317,100.0,-2.5,2.368,1,0,0,OFFBOARD
1340,OUTBOUND,135.96,86.293,2.499,1.03,1.581,-0.469,-0.609,86.293,2.399,1.581,0.866,0.315,1,0.244,1.342,2.317,100.0,-2.5,2.368,1,0,0,OFFBOARD
1341,OUTBOUND,136.06,86.293,2.499,1.03,1.581,-0.469,-0.609,86.293,2.399,1.581,0.844,0.315,1,0.245,1.34,2.318,100.0,-2.5,2.366,1,0,0,OFFBOARD
1342,OUTBOUND,136.16,86.293,2.499,1.03,1.581,-0.469,-0.609,86.293,2.399,1.581,0.83,0.314,1,0.242,1.329,2.315,100.0,-2.5,2.364,1,0,0,OFFBOARD
1343,OUTBOUND,136.26,86.293,2.499,1.03,1.581,-0.469,-0.609,86.293,2.399,1.581,0.87,0.317,1,0.247,1.351,2.322,100.0,-2.5,2.361,1,0,0,OFFBOARD
1344,OUTBOUND,136.36,86.293,2.499,1.03,1.581,-0.469,-0.609,86.293,2.399,1.581,0.837,0.315,1,0.244,1.337,2.318,100.0,-2.5,2.352,1,0,0,OFFBOARD
1345,OUTBOUND,136.46,86.293,2.499,1.03,1.581,-0.469,-0.609,86.293,2.399,1.581,0.842,0.315,1,0.245,1.343,2.32,100.0,-2.5,2.344,1,0,0,OFFBOARD
1346,OUTBOUND,136.57,86.293,2.499,1.03,1.581,-0.469,-0.609,86.293,2.399,1.581,0.848,0.316,1,0.246,1.348,2.322,100.0,-2.5,2.339,1,0,0,OFFBOARD
1347,OUTBOUND,136.67,86.293,2.499,1.03,1.581,-0.469,-0.609,86.293,2.399,1.581,0.851,0.316,1,0.246,1.35,2.322,100.0,-2.5,2.335,1,0,0,OFFBOARD
1348,OUTBOUND,136.77,86.293,2.499,1.03,1.581,-0.469,-0.609,86.293,2.399,1.581,0.842,0.316,1,0.245,1.344,2.321,100.0,-2.5,2.333,1,0,0,OFFBOARD
1349,OUTBOUND,136.87,86.293,2.499,1.03,1.581,-0.469,-0.609,86.293,2.399,1.581,0.844,0.316,1,0.245,1.347,2.322,100.0,-2.5,2.332,1,0,0,OFFBOARD
1350,OUTBOUND,136.97,86.293,2.499,1.029,1.581,-0.469,-0.609,86.293,2.399,1.581,0.834,0.315,1,0.244,1.338,2.319,100.0,-2.5,2.333,1,0,0,OFFBOARD
1351,OUTBOUND,137.07,86.293,2.499,1.029,1.581,-0.469,-0.609,86.293,2.399,1.581,0.843,0.316,1,0.245,1.347,2.323,100.0,-2.5,2.331,1,0,0,OFFBOARD
1352,OUTBOUND,137.17,86.293,2.499,1.029,1.581,-0.469,-0.609,86.293,2.399,1.581,0.846,0.316,1,0.247,1.352,2.325,100.0,-2.5,2.326,1,0,0,OFFBOARD
1353,OUTBOUND,137.28,86.293,2.499,1.029,1.581,-0.469,-0.609,86.293,2.399,1.581,0.837,0.315,1,0.246,1.343,2.322,100.0,-2.5,2.322,1,0,0,OFFBOARD
1354,OUTBOUND,137.38,86.293,2.499,1.029,1.581,-0.469,-0.609,86.293,2.399,1.581,0.841,0.316,1,0.247,1.348,2.325,100.0,-2.5,2.319,1,0,0,OFFBOARD
1355,OUTBOUND,137.48,86.293,2.499,1.029,1.581,-0.469,-0.609,86.293,2.399,1.581,0.873,0.317,1,0.248,1.359,2.328,100.0,-2.5,2.315,1,0,0,OFFBOARD
1356,OUTBOUND,137.58,86.293,2.499,1.029,1.581,-0.469,-0.609,86.293,2.399,1.581,0.845,0.317,1,0.247,1.352,2.325,100.0,-2.5,2.308,1,0,0,OFFBOARD
1357,OUTBOUND,137.68,86.293,2.499,1.029,1.581,-0.469,-0.609,86.293,2.399,1.581,0.843,0.317,1,0.247,1.351,2.325,100.0,-2.5,2.303,1,0,0,OFFBOARD
1358,OUTBOUND,137.78,86.293,2.499,1.029,1.581,-0.469,-0.609,86.293,2.399,1.581,0.843,0.317,1,0.247,1.352,2.326,100.0,-2.5,2.3,1,0,0,OFFBOARD
1359,OUTBOUND,137.88,86.293,2.499,1.029,1.581,-0.469,-0.609,86.293,2.399,1.581,0.848,0.317,1,0.248,1.357,2.328,100.0,-2.5,2.295,1,0,0,OFFBOARD
1360,OUTBOUND,137.99,86.293,2.499,1.029,1.581,-0.469,-0.609,86.293,2.399,1.581,0.837,0.316,1,0.246,1.347,2.325,100.0,-2.5,2.288,1,0,0,OFFBOARD
1361,OUTBOUND,138.09,86.293,2.499,1.028,1.581,-0.469,-0.609,86.293,2.399,1.581,0.84,0.317,1,0.247,1.35,2.327,100.0,-2.5,2.281,1,0,0,OFFBOARD
1362,OUTBOUND,138.19,86.293,2.499,1.028,1.581,-0.469,-0.609,86.293,2.399,1.581,0.841,0.317,1,0.248,1.353,2.328,100.0,-2.5,2.275,1,0,0,OFFBOARD
1363,OUTBOUND,138.29,86.293,2.499,1.028,1.581,-0.469,-0.609,86.293,2.399,1.581,0.86,0.318,1,0.25,1.366,2.332,100.0,-2.5,2.271,1,0,0,OFFBOARD
1364,OUTBOUND,138.39,86.293,2.499,1.028,1.581,-0.469,-0.609,86.293,2.399,1.581,0.843,0.317,1,0.248,1.357,2.33,100.0,-2.5,2.269,1,0,0,OFFBOARD
1365,OUTBOUND,138.49,86.293,2.499,1.028,1.581,-0.469,-0.609,86.293,2.399,1.581,0.844,0.317,1,0.249,1.358,2.33,100.0,-2.5,2.268,1,0,0,OFFBOARD
1366,OUTBOUND,138.59,86.293,2.499,1.028,1.581,-0.469,-0.609,86.293,2.399,1.581,0.844,0.317,1,0.249,1.358,2.33,100.0,-2.5,2.267,1,0,0,OFFBOARD
1367,OUTBOUND,138.7,86.293,2.499,1.028,1.581,-0.469,-0.609,86.293,2.399,1.581,0.845,0.318,1,0.249,1.361,2.331,100.0,-2.5,2.263,1,0,0,OFFBOARD
1368,OUTBOUND,138.8,86.293,2.499,1.028,1.581,-0.469,-0.609,86.293,2.399,1.581,0.837,0.317,1,0.246,1.349,2.328,100.0,-2.5,2.258,1,0,0,OFFBOARD
1369,OUTBOUND,138.9,86.293,2.499,1.028,1.581,-0.469,-0.609,86.293,2.399,1.581,0.838,0.317,1,0.247,1.351,2.329,100.0,-2.5,2.251,1,0,0,OFFBOARD
1370,OUTBOUND,139.0,86.293,2.499,1.027,1.581,-0.469,-0.609,86.293,2.399,1.581,0.846,0.318,1,0.248,1.358,2.33,100.0,-2.5,2.247,1,0,0,OFFBOARD
1371,OUTBOUND,139.1,86.293,2.499,1.027,1.581,-0.469,-0.609,86.293,2.399,1.581,0.846,0.318,1,0.248,1.359,2.33,100.0,-2.5,2.243,1,0,0,OFFBOARD
1372,OUTBOUND,139.2,86.293,2.499,1.027,1.581,-0.469,-0.609,86.293,2.399,1.581,0.844,0.318,1,0.249,1.358,2.33,100.0,-2.5,2.24,1,0,0,OFFBOARD
1373,OUTBOUND,139.3,86.293,2.499,1.027,1.581,-0.469,-0.609,86.293,2.399,1.581,0.833,0.316,1,0.245,1.343,2.326,100.0,-2.5,2.237,1,0,0,OFFBOARD
1374,OUTBOUND,139.41,86.293,2.499,1.027,1.581,-0.469,-0.609,86.293,2.399,1.581,0.817,0.313,1,0.236,1.309,2.311,100.0,-2.5,2.234,1,0,0,OFFBOARD
1375,OUTBOUND,139.51,86.293,2.499,1.027,1.581,-0.469,-0.609,86.293,2.399,1.581,0.886,0.322,1,0.253,1.394,2.336,100.0,-2.5,2.229,1,0,0,OFFBOARD
1376,OUTBOUND,139.61,86.293,2.499,1.028,1.581,-0.469,-0.609,86.293,2.399,1.581,0.83,0.315,1,0.241,1.331,2.318,100.0,-2.5,2.226,1,0,0,OFFBOARD
1377,OUTBOUND,139.71,86.293,2.499,1.027,1.581,-0.469,-0.609,86.293,2.399,1.581,0.876,0.319,1,0.248,1.366,2.328,100.0,-2.5,2.223,1,0,0,OFFBOARD
1378,OUTBOUND,139.81,86.293,2.499,1.027,1.581,-0.469,-0.609,86.293,2.399,1.581,0.836,0.316,1,0.244,1.34,2.321,100.0,-2.5,2.22,1,0,0,OFFBOARD
1379,OUTBOUND,139.91,86.293,2.499,1.027,1.581,-0.469,-0.609,86.293,2.399,1.581,0.844,0.317,1,0.245,1.348,2.324,100.0,-2.5,2.216,1,0,0,OFFBOARD
1380,OUTBOUND,140.02,86.293,2.499,1.027,1.581,-0.469,-0.609,86.293,2.399,1.581,0.855,0.318,1,0.247,1.357,2.327,100.0,-2.5,2.212,1,0,0,OFFBOARD
1381,OUTBOUND,140.12,86.293,2.499,1.027,1.581,-0.469,-0.609,86.293,2.399,1.581,0.854,0.318,1,0.248,1.358,2.328,100.0,-2.5,2.209,1,0,0,OFFBOARD
1382,OUTBOUND,140.22,86.293,2.499,1.027,1.581,-0.469,-0.609,86.293,2.399,1.581,0.843,0.317,1,0.245,1.35,2.326,100.0,-2.5,2.203,1,0,0,OFFBOARD
1383,OUTBOUND,140.32,86.293,2.499,1.026,1.581,-0.469,-0.609,86.293,2.399,1.581,0.841,0.318,1,0.245,1.35,2.326,100.0,-2.5,2.195,1,0,0,OFFBOARD
1384,OUTBOUND,140.42,86.293,2.499,1.026,1.581,-0.469,-0.609,86.293,2.399,1.581,0.841,0.318,1,0.245,1.351,2.327,100.0,-2.5,2.188,1,0,0,OFFBOARD
1385,OUTBOUND,140.52,86.293,2.499,1.026,1.581,-0.469,-0.609,86.293,2.399,1.581,0.843,0.318,1,0.247,1.353,2.327,100.0,-2.5,2.182,1,0,0,OFFBOARD
1386,OUTBOUND,140.63,86.293,2.499,1.026,1.581,-0.469,-0.609,86.293,2.399,1.581,0.84,0.318,1,0.246,1.351,2.328,100.0,-2.5,2.174,1,0,0,OFFBOARD
1387,OUTBOUND,140.73,86.293,2.499,1.026,1.581,-0.469,-0.609,86.293,2.399,1.581,0.844,0.318,1,0.247,1.356,2.329,100.0,-2.5,2.165,1,0,0,OFFBOARD
1388,OUTBOUND,140.83,86.293,2.499,1.026,1.581,-0.469,-0.609,86.293,2.399,1.581,0.837,0.317,1,0.246,1.349,2.328,100.0,-2.5,2.157,1,0,0,OFFBOARD
1389,OUTBOUND,140.93,86.293,2.499,1.026,1.581,-0.469,-0.609,86.293,2.399,1.581,0.844,0.318,1,0.247,1.357,2.33,100.0,-2.5,2.149,1,0,0,OFFBOARD
1390,OUTBOUND,141.03,86.293,2.499,1.026,1.581,-0.469,-0.609,86.293,2.399,1.581,0.842,0.318,1,0.247,1.357,2.33,100.0,-2.5,2.144,1,0,0,OFFBOARD
1391,OUTBOUND,141.13,86.293,2.499,1.026,1.581,-0.469,-0.609,86.293,2.399,1.581,0.842,0.318,1,0.247,1.357,2.331,100.0,-2.5,2.134,1,0,0,OFFBOARD
1392,OUTBOUND,141.23,86.293,2.499,1.026,1.581,-0.469,-0.609,86.293,2.399,1.581,0.848,0.319,1,0.249,1.364,2.334,100.0,-2.5,2.126,1,0,0,OFFBOARD
1393,OUTBOUND,141.34,86.293,2.499,1.025,1.581,-0.469,-0.609,86.293,2.399,1.581,0.847,0.319,1,0.249,1.363,2.333,100.0,-2.5,2.115,1,0,0,OFFBOARD
1394,OUTBOUND,141.44,86.293,2.499,1.025,1.581,-0.469,-0.609,86.293,2.399,1.581,0.852,0.32,1,0.25,1.368,2.335,100.0,-2.5,2.103,1,0,0,OFFBOARD
1395,OUTBOUND,141.54,86.293,2.499,1.025,1.581,-0.469,-0.609,86.293,2.399,1.581,0.847,0.319,1,0.249,1.365,2.334,100.0,-2.5,2.091,1,0,0,OFFBOARD
1396,OUTBOUND,141.64,86.293,2.499,1.025,1.581,-0.469,-0.609,86.293,2.399,1.581,0.853,0.32,1,0.25,1.37,2.336,100.0,-2.5,2.08,1,0,0,OFFBOARD
1397,OUTBOUND,141.74,86.293,2.499,1.025,1.581,-0.469,-0.609,86.293,2.4,1.581,0.849,0.32,1,0.25,1.368,2.336,100.0,-2.5,2.07,1,0,0,OFFBOARD
1398,OUTBOUND,141.84,86.293,2.499,1.025,1.581,-0.469,-0.609,86.293,2.399,1.581,0.847,0.32,1,0.249,1.367,2.336,100.0,-2.5,2.062,1,0,0,OFFBOARD
1399,OUTBOUND,141.94,86.293,2.499,1.025,1.581,-0.469,-0.609,86.293,2.4,1.581,0.844,0.319,1,0.249,1.365,2.336,100.0,-2.5,2.053,1,0,0,OFFBOARD
1400,OUTBOUND,142.04,86.293,2.499,1.025,1.581,-0.469,-0.609,86.293,2.4,1.581,0.843,0.319,1,0.249,1.365,2.336,100.0,-2.5,2.045,1,0,0,OFFBOARD
1401,OUTBOUND,142.15,86.293,2.499,1.025,1.581,-0.469,-0.609,86.293,2.4,1.581,0.845,0.32,1,0.25,1.368,2.337,100.0,-2.5,2.035,1,0,0,OFFBOARD
1402,OUTBOUND,142.25,86.293,2.499,1.025,1.581,-0.469,-0.609,86.293,2.4,1.581,0.843,0.319,1,0.25,1.366,2.337,100.0,-2.5,2.025,1,0,0,OFFBOARD
1403,OUTBOUND,142.35,86.293,2.5,1.024,1.581,-0.469,-0.609,86.293,2.4,1.581,0.844,0.32,1,0.25,1.367,2.338,100.0,-2.5,2.017,1,0,0,OFFBOARD
1404,OUTBOUND,142.45,86.293,2.499,1.024,1.581,-0.469,-0.609,86.293,2.4,1.581,0.846,0.32,1,0.251,1.37,2.339,100.0,-2.5,2.007,1,0,0,OFFBOARD
1405,OUTBOUND,142.55,86.293,2.5,1.024,1.581,-0.469,-0.609,86.293,2.4,1.581,0.842,0.319,1,0.25,1.364,2.338,100.0,-2.5,2.0,1,0,0,OFFBOARD
1406,OUTBOUND,142.65,86.293,2.5,1.024,1.581,-0.469,-0.609,86.293,2.4,1.581,0.841,0.319,1,0.25,1.364,2.338,100.0,-2.5,1.995,1,0,0,OFFBOARD
1407,OUTBOUND,142.75,86.293,2.5,1.024,1.581,-0.469,-0.609,86.293,2.4,1.581,0.84,0.319,1,0.249,1.362,2.338,100.0,-2.5,1.987,1,0,0,OFFBOARD
1408,OUTBOUND,142.86,86.293,2.5,1.024,1.581,-0.469,-0.609,86.293,2.4,1.581,0.841,0.319,1,0.25,1.365,2.34,100.0,-2.5,1.978,1,0,0,OFFBOARD
1409,OUTBOUND,142.96,86.293,2.5,1.024,1.581,-0.469,-0.609,86.293,2.4,1.581,0.837,0.319,1,0.249,1.358,2.337,100.0,-2.5,1.971,1,0,0,OFFBOARD
1410,OUTBOUND,143.06,86.293,2.5,1.024,1.581,-0.469,-0.609,86.293,2.4,1.581,0.844,0.32,1,0.252,1.371,2.341,100.0,-2.5,1.96,1,0,0,OFFBOARD
1411,OUTBOUND,143.16,86.293,2.5,1.024,1.581,-0.469,-0.609,86.293,2.4,1.581,0.843,0.32,1,0.252,1.368,2.341,100.0,-2.5,1.952,1,0,0,OFFBOARD
1412,OUTBOUND,143.26,86.293,2.5,1.024,1.581,-0.469,-0.609,86.293,2.4,1.581,0.845,0.32,1,0.252,1.373,2.343,100.0,-2.5,1.945,1,0,0,OFFBOARD
1413,OUTBOUND,143.36,86.293,2.5,1.023,1.581,-0.469,-0.609,86.293,2.4,1.581,0.827,0.316,1,0.242,1.335,2.328,100.0,-2.5,1.937,1,0,0,OFFBOARD
1414,OUTBOUND,143.46,86.293,2.5,1.024,1.581,-0.469,-0.609,86.293,2.4,1.581,0.886,0.323,1,0.255,1.394,2.345,100.0,-2.5,1.93,1,0,0,OFFBOARD
1415,OUTBOUND,143.56,86.293,2.5,1.024,1.581,-0.469,-0.609,86.293,2.4,1.581,0.834,0.318,1,0.245,1.349,2.332,100.0,-2.5,1.92,1,0,0,OFFBOARD
1416,OUTBOUND,143.67,86.293,2.5,1.024,1.581,-0.469,-0.609,86.293,2.4,1.581,0.828,0.317,1,0.24,1.333,2.323,100.0,-2.5,1.913,1,0,0,OFFBOARD
1417,OUTBOUND,143.77,86.293,2.5,1.024,1.581,-0.469,-0.609,86.293,2.4,1.581,0.846,0.32,1,0.247,1.36,2.332,100.0,-2.5,1.907,1,0,0,OFFBOARD
1418,OUTBOUND,143.87,86.293,2.5,1.024,1.581,-0.469,-0.609,86.293,2.4,1.581,0.838,0.319,1,0.245,1.351,2.33,100.0,-2.5,1.902,1,0,0,OFFBOARD
1419,OUTBOUND,143.97,86.293,2.5,1.024,1.581,-0.469,-0.609,86.293,2.4,1.581,0.841,0.319,1,0.247,1.355,2.331,100.0,-2.5,1.893,1,0,0,OFFBOARD
1420,OUTBOUND,144.07,86.293,2.5,1.024,1.581,-0.469,-0.609,86.293,2.4,1.581,0.838,0.319,1,0.245,1.351,2.33,100.0,-2.5,1.887,1,0,0,OFFBOARD
1421,OUTBOUND,144.17,86.293,2.5,1.023,1.581,-0.469,-0.609,86.293,2.4,1.581,0.844,0.32,1,0.247,1.361,2.333,100.0,-2.5,1.879,1,0,0,OFFBOARD
1422,OUTBOUND,144.27,86.293,2.5,1.023,1.581,-0.469,-0.609,86.293,2.4,1.581,0.842,0.32,1,0.247,1.36,2.333,100.0,-2.5,1.868,1,0,0,OFFBOARD
1423,OUTBOUND,144.37,86.293,2.5,1.023,1.581,-0.469,-0.609,86.293,2.4,1.581,0.841,0.319,1,0.247,1.358,2.333,100.0,-2.5,1.856,1,0,0,OFFBOARD
1424,OUTBOUND,144.48,86.293,2.5,1.023,1.581,-0.469,-0.609,86.293,2.4,1.581,0.845,0.32,1,0.249,1.365,2.336,100.0,-2.5,1.847,1,0,0,OFFBOARD
1425,OUTBOUND,144.58,86.293,2.5,1.023,1.581,-0.469,-0.609,86.293,2.4,1.581,0.841,0.32,1,0.247,1.36,2.334,100.0,-2.5,1.841,1,0,0,OFFBOARD
1426,OUTBOUND,144.68,86.293,2.5,1.023,1.581,-0.469,-0.609,86.293,2.4,1.581,0.841,0.32,1,0.247,1.358,2.334,100.0,-2.5,1.834,1,0,0,OFFBOARD
1427,OUTBOUND,144.78,86.293,2.5,1.023,1.581,-0.469,-0.609,86.293,2.4,1.581,0.843,0.32,1,0.249,1.364,2.336,100.0,-2.5,1.827,1,0,0,OFFBOARD
1428,OUTBOUND,144.88,86.293,2.5,1.023,1.581,-0.469,-0.609,86.293,2.4,1.581,0.842,0.32,1,0.248,1.363,2.336,100.0,-2.5,1.82,1,0,0,OFFBOARD
1429,OUTBOUND,144.98,86.293,2.5,1.023,1.581,-0.469,-0.609,86.293,2.4,1.581,0.846,0.321,1,0.249,1.368,2.338,100.0,-2.5,1.812,1,0,0,OFFBOARD
1430,OUTBOUND,145.08,86.293,2.5,1.023,1.581,-0.469,-0.609,86.293,2.4,1.581,0.844,0.32,1,0.249,1.365,2.337,100.0,-2.5,1.803,1,0,0,OFFBOARD
1431,OUTBOUND,145.18,86.293,2.5,1.022,1.581,-0.469,-0.609,86.293,2.4,1.581,0.841,0.32,1,0.247,1.359,2.335,100.0,-2.5,1.794,1,0,0,OFFBOARD
1432,OUTBOUND,145.29,86.293,2.5,1.022,1.581,-0.469,-0.609,86.293,2.4,1.581,0.846,0.321,1,0.249,1.369,2.338,100.0,-2.5,1.791,1,0,0,OFFBOARD
1433,OUTBOUND,145.39,86.293,2.5,1.022,1.581,-0.469,-0.609,86.293,2.4,1.581,0.844,0.321,1,0.249,1.368,2.338,100.0,-2.5,1.783,1,0,0,OFFBOARD
1434,OUTBOUND,145.49,86.293,2.5,1.022,1.581,-0.469,-0.609,86.293,2.4,1.581,0.844,0.321,1,0.249,1.367,2.338,100.0,-2.5,1.775,1,0,0,OFFBOARD
1435,OUTBOUND,145.59,86.293,2.5,1.022,1.581,-0.469,-0.609,86.293,2.4,1.581,0.84,0.32,1,0.247,1.359,2.336,100.0,-2.5,1.771,1,0,0,OFFBOARD
1436,OUTBOUND,145.69,86.293,2.5,1.022,1.581,-0.469,-0.609,86.293,2.4,1.581,0.841,0.32,1,0.248,1.362,2.337,100.0,-2.5,1.766,1,0,0,OFFBOARD
1437,OUTBOUND,145.79,86.293,2.5,1.022,1.581,-0.469,-0.609,86.293,2.4,1.581,0.835,0.319,1,0.245,1.352,2.334,100.0,-2.5,1.759,1,0,0,OFFBOARD
1438,OUTBOUND,145.9,86.293,2.5,1.022,1.581,-0.469,-0.609,86.293,2.4,1.581,0.845,0.321,1,0.249,1.368,2.339,100.0,-2.5,1.753,1,0,0,OFFBOARD
1439,OUTBOUND,146.0,86.293,2.5,1.022,1.581,-0.469,-0.609,86.293,2.4,1.581,0.844,0.321,1,0.249,1.366,2.338,100.0,-2.5,1.748,1,0,0,OFFBOARD
1440,OUTBOUND,146.1,86.293,2.5,1.022,1.581,-0.469,-0.609,86.293,2.4,1.581,0.837,0.32,1,0.246,1.354,2.335,100.0,-2.5,1.742,1,0,0,OFFBOARD
1441,OUTBOUND,146.2,86.293,2.5,1.021,1.581,-0.469,-0.609,86.293,2.4,1.581,0.841,0.32,1,0.247,1.359,2.335,100.0,-2.5,1.732,1,0,0,OFFBOARD
1442,OUTBOUND,146.3,86.293,2.5,1.021,1.581,-0.469,-0.609,86.293,2.4,1.581,0.84,0.32,1,0.246,1.359,2.336,100.0,-2.5,1.72,1,0,0,OFFBOARD
1443,OUTBOUND,146.4,86.293,2.5,1.021,1.581,-0.469,-0.609,86.293,2.4,1.581,0.835,0.319,1,0.245,1.351,2.333,100.0,-2.5,1.709,1,0,0,OFFBOARD
1444,OUTBOUND,146.5,86.293,2.5,1.021,1.581,-0.469,-0.609,86.293,2.4,1.581,0.841,0.321,1,0.248,1.361,2.337,100.0,-2.5,1.695,1,0,0,OFFBOARD
1445,OUTBOUND,146.61,86.293,2.5,1.021,1.581,-0.469,-0.609,86.293,2.4,1.581,0.839,0.32,1,0.246,1.358,2.336,100.0,-2.5,1.682,1,0,0,OFFBOARD
1446,OUTBOUND,146.71,86.293,2.5,1.021,1.581,-0.469,-0.609,86.293,2.4,1.581,0.841,0.321,1,0.247,1.361,2.337,100.0,-2.5,1.666,1,0,0,OFFBOARD
1447,OUTBOUND,146.81,86.293,2.5,1.021,1.581,-0.469,-0.609,86.293,2.4,1.581,0.844,0.321,1,0.249,1.366,2.339,100.0,-2.5,1.655,1,0,0,OFFBOARD
1448,OUTBOUND,146.91,86.293,2.5,1.021,1.581,-0.469,-0.609,86.293,2.4,1.581,0.841,0.321,1,0.248,1.362,2.338,100.0,-2.5,1.648,1,0,0,OFFBOARD
1449,OUTBOUND,147.01,86.293,2.5,1.021,1.581,-0.469,-0.609,86.293,2.4,1.581,0.846,0.322,1,0.249,1.37,2.34,100.0,-2.5,1.637,1,0,0,OFFBOARD
1450,OUTBOUND,147.11,86.293,2.5,1.02,1.581,-0.469,-0.609,86.293,2.4,1.581,0.842,0.321,1,0.248,1.364,2.338,100.0,-2.5,1.628,1,0,0,OFFBOARD
1451,OUTBOUND,147.21,86.293,2.5,1.02,1.581,-0.469,-0.609,86.293,2.4,1.581,0.844,0.322,1,0.249,1.368,2.34,100.0,-2.5,1.617,1,0,0,OFFBOARD
1452,OUTBOUND,147.32,86.293,2.5,1.02,1.581,-0.469,-0.609,86.293,2.4,1.581,0.839,0.321,1,0.248,1.36,2.338,100.0,-2.5,1.609,1,0,0,OFFBOARD
1453,OUTBOUND,147.42,86.293,2.5,1.02,1.581,-0.469,-0.609,86.293,2.4,1.581,0.841,0.321,1,0.248,1.362,2.338,100.0,-2.5,1.599,1,0,0,OFFBOARD
1454,OUTBOUND,147.52,86.293,2.5,1.02,1.581,-0.469,-0.609,86.293,2.4,1.581,0.843,0.322,1,0.248,1.366,2.34,100.0,-2.5,1.59,1,0,0,OFFBOARD
1455,OUTBOUND,147.62,86.293,2.5,1.02,1.581,-0.469,-0.609,86.293,2.4,1.581,0.846,0.322,1,0.249,1.371,2.341,100.0,-2.5,1.58,1,0,0,OFFBOARD
1456,OUTBOUND,147.72,86.293,2.5,1.02,1.581,-0.469,-0.609,86.293,2.4,1.581,0.845,0.322,1,0.249,1.371,2.341,100.0,-2.5,1.57,1,0,0,OFFBOARD
1457,OUTBOUND,147.82,86.293,2.5,1.02,1.581,-0.469,-0.609,86.293,2.4,1.581,0.841,0.321,1,0.248,1.362,2.339,100.0,-2.5,1.561,1,0,0,OFFBOARD
1458,OUTBOUND,147.92,86.293,2.5,1.02,1.581,-0.469,-0.609,86.293,2.4,1.581,0.84,0.321,1,0.246,1.361,2.339,100.0,-2.5,1.552,1,0,0,OFFBOARD
1459,OUTBOUND,148.03,86.293,2.5,1.019,1.581,-0.469,-0.609,86.293,2.4,1.581,0.844,0.322,1,0.249,1.368,2.341,100.0,-2.5,1.54,1,0,0,OFFBOARD
1460,OUTBOUND,148.13,86.293,2.5,1.019,1.581,-0.469,-0.609,86.293,2.4,1.581,0.842,0.322,1,0.248,1.365,2.34,100.0,-2.5,1.53,1,0,0,OFFBOARD
1461,OUTBOUND,148.23,86.293,2.5,1.019,1.581,-0.469,-0.609,86.293,2.4,1.581,0.846,0.323,1,0.249,1.373,2.343,100.0,-2.5,1.52,1,0,0,OFFBOARD
1462,OUTBOUND,148.33,86.293,2.5,1.019,1.581,-0.469,-0.609,86.293,2.4,1.581,0.842,0.322,1,0.248,1.366,2.341,100.0,-2.5,1.512,1,0,0,OFFBOARD
1463,OUTBOUND,148.43,86.293,2.5,1.019,1.581,-0.469,-0.609,86.293,2.4,1.581,0.843,0.322,1,0.248,1.367,2.342,100.0,-2.5,1.503,1,0,0,OFFBOARD
1464,OUTBOUND,148.53,86.293,2.5,1.019,1.581,-0.469,-0.609,86.293,2.4,1.581,0.844,0.322,1,0.249,1.371,2.343,100.0,-2.5,1.495,1,0,0,OFFBOARD
1465,OUTBOUND,148.63,86.293,2.5,1.019,1.581,-0.469,-0.609,86.293,2.4,1.581,0.843,0.322,1,0.249,1.369,2.343,100.0,-2.5,1.488,1,0,0,OFFBOARD
1466,OUTBOUND,148.73,86.293,2.5,1.019,1.581,-0.469,-0.609,86.293,2.4,1.581,0.845,0.323,1,0.249,1.371,2.342,100.0,-2.5,1.479,1,0,0,OFFBOARD
1467,OUTBOUND,148.84,86.293,2.5,1.019,1.581,-0.469,-0.609,86.293,2.4,1.581,0.847,0.323,1,0.249,1.374,2.344,100.0,-2.5,1.469,1,0,0,OFFBOARD
1468,OUTBOUND,148.94,86.293,2.5,1.019,1.581,-0.469,-0.609,86.293,2.4,1.581,0.847,0.323,1,0.249,1.375,2.344,100.0,-2.5,1.457,1,0,0,OFFBOARD
1469,OUTBOUND,149.04,86.293,2.5,1.019,1.581,-0.469,-0.609,86.293,2.4,1.581,0.846,0.323,1,0.249,1.375,2.344,100.0,-2.5,1.446,1,0,0,OFFBOARD
1470,OUTBOUND,149.14,86.293,2.5,1.018,1.581,-0.469,-0.609,86.293,2.4,1.581,0.845,0.323,1,0.249,1.374,2.344,100.0,-2.5,1.435,1,0,0,OFFBOARD
1471,OUTBOUND,149.24,86.293,2.5,1.018,1.581,-0.469,-0.609,86.293,2.4,1.581,0.846,0.323,1,0.249,1.374,2.345,100.0,-2.5,1.423,1,0,0,OFFBOARD
1472,OUTBOUND,149.34,86.293,2.5,1.018,1.581,-0.469,-0.609,86.293,2.4,1.581,0.848,0.324,1,0.251,1.378,2.346,100.0,-2.5,1.41,1,0,0,OFFBOARD
1473,OUTBOUND,149.44,86.293,2.5,1.018,1.581,-0.469,-0.609,86.293,2.4,1.581,0.843,0.323,1,0.248,1.369,2.343,100.0,-2.5,1.398,1,0,0,OFFBOARD
1474,OUTBOUND,149.54,86.293,2.5,1.018,1.581,-0.469,-0.609,86.293,2.4,1.581,0.843,0.323,1,0.249,1.37,2.344,100.0,-2.5,1.385,1,0,0,OFFBOARD
1475,OUTBOUND,149.65,86.293,2.5,1.018,1.581,-0.469,-0.609,86.293,2.4,1.581,0.837,0.321,1,0.247,1.359,2.34,100.0,-2.5,1.371,1,0,0,OFFBOARD
1476,OUTBOUND,149.75,86.293,2.5,1.018,1.581,-0.469,-0.609,86.293,2.4,1.581,0.852,0.324,1,0.251,1.382,2.347,100.0,-2.5,1.358,1,0,0,OFFBOARD
1477,OUTBOUND,149.85,86.293,2.5,1.018,1.581,-0.469,-0.609,86.293,2.4,1.581,0.843,0.323,1,0.248,1.368,2.342,100.0,-2.5,1.344,1,0,0,OFFBOARD
1478,OUTBOUND,149.95,86.293,2.5,1.018,1.581,-0.469,-0.609,86.293,2.4,1.581,0.838,0.322,1,0.246,1.36,2.34,100.0,-2.5,1.329,1,0,0,OFFBOARD
