step,phase,t_s,x_m,y_m,z_m,vx_ms,vy_ms,vz_ms,fwd_progress_m,lat_offset_m,speed_ms,front_d_m,min_depth_m,prox_alarm,depth_top,depth_mid,depth_bot,tgt_x,tgt_y,tgt_z,collision,near_miss,armed,mode
0,OUTBOUND,0.0,-0.0,-0.25,1.576,-47.567,-1.518,-0.372,-0.0,-0.0,47.567,6.023,3.51,0,4.559,10.0,3.988,0.225,-0.234,1.489,0,0,0,OFFBOARD
1,OUTBOUND,0.1,0.0,-0.25,1.569,-47.567,-1.518,-0.372,-0.0,-0.0,47.567,5.995,3.508,0,4.605,10.0,3.946,0.411,-0.234,1.474,0,0,0,OFFBOARD
2,OUTBOUND,0.2,0.001,-0.25,1.562,-47.567,-1.518,-0.372,0.001,-0.0,47.567,5.727,3.495,0,4.733,10.0,3.808,0.575,-0.245,1.458,0,0,0,OFFBOARD
3,OUTBOUND,0.3,0.004,-0.25,1.554,-47.567,-1.518,-0.372,0.004,0.0,47.567,5.252,3.536,0,4.69,10.0,3.588,0.726,-0.269,1.443,0,0,0,OFFBOARD
4,OUTBOUND,0.41,0.012,-0.25,1.545,-47.567,-1.518,-0.372,0.012,0.0,47.567,4.75,3.662,0,5.521,10.0,3.341,0.906,-0.304,1.428,0,0,0,OFFBOARD
5,OUTBOUND,0.51,0.029,-0.249,1.535,-47.567,-1.518,-0.372,0.029,0.001,47.567,4.321,4.05,0,5.774,6.938,3.116,1.135,-0.357,1.419,0,0,0,OFFBOARD
6,OUTBOUND,0.61,0.056,-0.249,1.526,-47.567,-1.518,-0.372,0.056,0.001,47.567,3.891,3.866,0,6.745,5.908,2.889,1.318,-0.418,1.414,0,0,0,OFFBOARD
7,OUTBOUND,0.71,0.1,-0.249,1.515,-47.567,-1.518,-0.372,0.099,0.001,47.567,3.671,3.626,0,6.816,5.44,2.766,1.473,-0.482,1.416,0,0,0,OFFBOARD
8,OUTBOUND,0.81,0.159,-0.251,1.505,-47.567,-1.518,-0.372,0.159,-0.001,47.567,3.54,3.467,0,10.0,5.188,2.693,1.604,-0.545,1.423,0,0,0,OFFBOARD
9,OUTBOUND,0.92,0.238,-0.256,1.495,-47.567,-1.518,-0.372,0.238,-0.006,47.567,3.503,3.402,0,10.0,5.147,2.675,1.826,-0.607,1.433,0,0,0,OFFBOARD
10,OUTBOUND,1.02,0.334,-0.264,1.486,-47.567,-1.518,-0.372,0.334,-0.014,47.567,3.546,3.414,0,6.783,5.277,2.701,2.108,-0.667,1.446,0,0,0,OFFBOARD
11,OUTBOUND,1.12,0.446,-0.277,1.478,-47.567,-1.518,-0.372,0.446,-0.027,47.567,3.635,3.473,0,6.541,5.512,2.753,2.325,-0.725,1.462,0,0,0,OFFBOARD
12,OUTBOUND,1.22,0.575,-0.296,1.472,-47.567,-1.518,-0.372,0.575,-0.046,47.567,3.752,3.564,0,6.407,5.814,2.819,2.503,-0.784,1.479,0,0,0,OFFBOARD
13,OUTBOUND,1.32,0.719,-0.32,1.468,-47.567,-1.518,-0.372,0.719,-0.07,47.567,3.913,3.703,0,6.248,6.23,2.907,2.649,-0.844,1.497,0,0,0,OFFBOARD
14,OUTBOUND,1.42,0.872,-0.351,1.465,-47.567,-1.518,-0.372,0.872,-0.101,47.567,4.115,3.811,0,5.998,6.58,3.013,2.772,-0.906,1.514,0,0,0,OFFBOARD
15,OUTBOUND,1.53,1.037,-0.387,1.464,-47.567,-1.518,-0.372,1.037,-0.137,47.567,4.356,3.71,0,5.627,10.0,3.136,2.886,-0.967,1.529,0,0,0,OFFBOARD
16,OUTBOUND,1.63,1.21,-0.429,1.466,-47.567,-1.518,-0.372,1.21,-0.179,47.567,4.609,3.556,0,4.936,10.0,3.26,3.1,-1.027,1.544,0,0,0,OFFBOARD
17,OUTBOUND,1.73,1.387,-0.476,1.469,-47.567,-1.518,-0.372,1.387,-0.226,47.567,4.846,3.398,0,4.702,10.0,3.374,3.368,-1.084,1.556,0,0,0,OFFBOARD
18,OUTBOUND,1.83,1.568,-0.526,1.473,-47.567,-1.518,-0.372,1.568,-0.276,47.567,5.05,3.229,0,4.516,10.0,3.47,3.656,-1.135,1.564,0,0,0,OFFBOARD
19,OUTBOUND,1.93,1.752,-0.58,1.479,-47.567,-1.518,-0.372,1.752,-0.33,47.567,5.209,3.092,0,4.371,10.0,3.542,3.954,-1.18,1.569,0,0,0,OFFBOARD
20,OUTBOUND,2.03,1.939,-0.637,1.485,-47.567,-1.518,-0.372,1.938,-0.387,47.567,5.32,2.995,0,4.257,10.0,3.592,4.26,-1.222,1.57,0,0,0,OFFBOARD
21,OUTBOUND,2.13,2.129,-0.697,1.492,-47.567,-1.518,-0.372,2.129,-0.447,47.567,5.264,2.9,0,4.155,10.0,3.625,4.568,-1.258,1.57,0,0,0,OFFBOARD
22,OUTBOUND,2.24,2.321,-0.759,1.5,-47.567,-1.518,-0.372,2.321,-0.509,47.567,5.256,3.073,0,4.5,10.0,3.649,4.887,-1.297,1.566,0,0,0,OFFBOARD
23,OUTBOUND,2.34,2.513,-0.821,1.507,-47.567,-1.518,-0.372,2.513,-0.571,47.567,5.333,2.981,0,4.467,10.0,3.671,5.219,-1.331,1.562,0,0,0,OFFBOARD
24,OUTBOUND,2.44,2.707,-0.884,1.514,-47.567,-1.518,-0.372,2.706,-0.634,47.567,5.412,2.885,0,4.369,6.872,3.689,5.564,-1.358,1.557,0,0,0,OFFBOARD
25,OUTBOUND,2.54,2.902,-0.947,1.52,-47.567,-1.518,-0.372,2.902,-0.697,47.567,5.416,2.787,0,4.222,6.625,3.721,5.789,-1.38,1.551,0,0,0,OFFBOARD
26,OUTBOUND,2.64,3.102,-1.01,1.525,-47.567,-1.518,-0.372,3.102,-0.76,47.567,5.407,2.691,0,4.106,6.376,3.752,5.936,-1.394,1.543,0,0,0,OFFBOARD
27,OUTBOUND,2.75,3.298,-1.07,1.53,-47.567,-1.518,-0.372,3.298,-0.82,47.567,5.23,2.565,0,3.972,6.04,3.793,6.036,-1.401,1.536,0,0,0,OFFBOARD
28,OUTBOUND,2.85,3.504,-1.131,1.533,-47.567,-1.518,-0.372,3.504,-0.881,47.567,5.035,2.476,0,3.778,5.783,3.823,6.136,-1.401,1.529,0,0,0,OFFBOARD
29,OUTBOUND,2.95,3.706,-1.187,1.536,-47.567,-1.518,-0.372,3.706,-0.937,47.567,4.907,2.397,0,3.65,5.615,3.84,6.236,-1.4,1.525,0,0,0,OFFBOARD
30,OUTBOUND,3.05,3.905,-1.24,1.537,-47.567,-1.518,-0.372,3.905,-0.99,47.567,4.646,2.134,0,3.389,5.27,3.866,6.336,-1.38,1.524,0,0,0,OFFBOARD
31,OUTBOUND,3.15,4.106,-1.288,1.538,-47.567,-1.518,-0.372,4.106,-1.038,47.567,4.447,1.948,1,3.191,5.008,3.879,6.436,-1.345,1.526,0,0,0,OFFBOARD
32,OUTBOUND,3.25,4.308,-1.332,1.538,-47.567,-1.518,-0.372,4.308,-1.082,47.567,4.252,1.883,1,3.074,4.75,3.886,6.591,-1.298,1.52,0,0,0,OFFBOARD
33,OUTBOUND,3.36,4.511,-1.371,1.538,-47.567,-1.518,-0.372,4.511,-1.121,47.567,4.064,2.054,0,3.014,4.491,3.889,6.837,-1.256,1.507,0,0,0,OFFBOARD
34,OUTBOUND,3.46,4.711,-1.403,1.537,-47.567,-1.518,-0.372,4.711,-1.153,47.567,3.985,2.002,0,3.475,4.228,3.89,6.998,-1.214,1.499,0,0,0,OFFBOARD
35,OUTBOUND,3.56,4.914,-1.429,1.535,-47.567,-1.518,-0.372,4.914,-1.179,47.567,3.808,1.966,1,3.441,3.964,3.851,7.102,-1.165,1.491,0,0,0,OFFBOARD
36,OUTBOUND,3.66,5.116,-1.447,1.533,-47.567,-1.518,-0.372,5.116,-1.197,47.567,3.694,1.955,1,3.425,3.786,3.741,7.202,-1.111,1.478,0,0,0,OFFBOARD
37,OUTBOUND,3.76,5.317,-1.458,1.53,-47.567,-1.518,-0.372,5.317,-1.208,47.567,3.396,1.951,1,3.26,3.43,3.4,7.302,-1.049,1.463,0,0,0,OFFBOARD
38,OUTBOUND,3.86,5.52,-1.46,1.526,-47.567,-1.518,-0.372,5.52,-1.21,47.567,3.138,1.806,1,3.061,3.162,3.13,7.402,-0.985,1.445,0,0,0,OFFBOARD
39,OUTBOUND,3.96,5.724,-1.454,1.521,-47.567,-1.518,-0.372,5.724,-1.204,47.567,2.836,1.7,1,2.899,2.892,2.857,7.502,-0.91,1.426,0,0,0,OFFBOARD
40,OUTBOUND,4.07,5.925,-1.44,1.515,-47.567,-1.518,-0.372,5.925,-1.19,47.567,2.579,1.935,1,3.335,2.621,2.603,7.602,-0.834,1.407,0,0,0,OFFBOARD
41,OUTBOUND,4.17,6.129,-1.417,1.508,-47.567,-1.518,-0.372,6.129,-1.167,47.567,2.33,1.958,1,3.509,2.362,2.334,7.702,-0.727,1.388,0,0,0,OFFBOARD
42,OUTBOUND,4.27,6.33,-1.387,1.499,-47.567,-1.518,-0.372,6.33,-1.137,47.567,2.14,2.018,0,3.528,4.767,2.087,7.802,-0.574,1.369,0,0,0,OFFBOARD
43,OUTBOUND,4.37,6.533,-1.348,1.49,-47.567,-1.518,-0.372,6.533,-1.098,47.567,4.596,1.776,1,3.346,5.833,3.881,7.902,-0.436,1.354,0,0,0,OFFBOARD
44,OUTBOUND,4.47,6.731,-1.302,1.48,-47.567,-1.518,-0.372,6.731,-1.052,47.567,4.422,1.508,1,3.175,5.653,4.147,8.066,-0.265,1.34,0,0,0,OFFBOARD
45,OUTBOUND,4.57,6.924,-1.248,1.468,-47.567,-1.518,-0.372,6.924,-0.998,47.567,4.257,1.245,1,3.016,5.49,4.329,8.324,-0.109,1.327,0,0,0,OFFBOARD
46,OUTBOUND,4.67,7.112,-1.184,1.456,-47.567,-1.518,-0.372,7.112,-0.934,47.567,4.202,1.161,1,3.025,5.436,4.388,8.642,0.047,1.316,0,0,0,OFFBOARD
47,OUTBOUND,4.78,7.295,-1.111,1.444,-47.567,-1.518,-0.372,7.295,-0.861,47.567,4.142,2.448,0,3.568,6.32,4.439,8.998,0.073,1.305,0,0,0,OFFBOARD
48,OUTBOUND,4.88,7.469,-1.027,1.431,-47.567,-1.518,-0.372,7.469,-0.777,47.567,4.968,2.424,0,3.723,6.215,4.206,9.233,0.082,1.302,0,0,0,OFFBOARD
49,OUTBOUND,4.98,7.642,-0.932,1.418,-47.567,-1.518,-0.372,7.642,-0.681,47.567,4.971,2.437,0,3.709,10.0,3.842,9.386,0.079,1.303,0,0,0,OFFBOARD
50,OUTBOUND,5.08,7.808,-0.829,1.406,-47.567,-1.518,-0.372,7.808,-0.579,47.567,4.896,3.006,0,4.464,10.0,3.393,9.637,0.048,1.306,0,0,0,OFFBOARD
51,OUTBOUND,5.18,7.979,-0.719,1.394,-47.567,-1.518,-0.372,7.979,-0.469,47.567,4.526,3.05,0,5.146,10.0,3.175,9.947,-0.001,1.313,0,0,0,OFFBOARD
52,OUTBOUND,5.29,8.165,-0.597,1.383,-47.567,-1.518,-0.372,8.165,-0.347,47.567,4.369,3.428,0,5.288,10.0,3.058,10.298,-0.06,1.322,0,0,0,OFFBOARD
53,OUTBOUND,5.39,8.351,-0.48,1.373,-47.567,-1.518,-0.372,8.351,-0.23,47.567,4.282,3.629,0,5.131,10.0,3.034,10.675,-0.119,1.334,0,0,0,OFFBOARD
54,OUTBOUND,5.49,8.541,-0.368,1.365,-47.567,-1.518,-0.372,8.541,-0.118,47.567,4.326,3.755,0,5.116,10.0,3.086,11.065,-0.177,1.351,0,0,0,OFFBOARD
55,OUTBOUND,5.59,8.739,-0.265,1.359,-47.567,-1.518,-0.372,8.739,-0.015,47.567,4.474,3.65,0,5.01,10.0,3.179,11.453,-0.235,1.373,0,0,0,OFFBOARD
56,OUTBOUND,5.69,8.939,-0.174,1.354,-47.567,-1.518,-0.372,8.939,0.076,47.567,4.681,3.843,0,4.89,10.0,3.294,11.826,-0.299,1.396,0,0,0,OFFBOARD
57,OUTBOUND,5.79,9.14,-0.099,1.352,-47.567,-1.518,-0.372,9.14,0.151,47.567,4.896,3.924,0,5.053,10.0,3.404,12.2,-0.369,1.419,0,0,0,OFFBOARD
58,OUTBOUND,5.89,9.341,-0.039,1.352,-47.567,-1.518,-0.372,9.341,0.211,47.567,5.066,4.007,0,5.018,10.0,3.489,12.57,-0.442,1.438,0,0,0,OFFBOARD
59,OUTBOUND,5.99,9.544,0.004,1.354,-47.567,-1.518,-0.372,9.544,0.254,47.567,5.165,4.052,0,5.0,10.0,3.536,12.929,-0.521,1.454,0,0,0,OFFBOARD
60,OUTBOUND,6.1,9.744,0.03,1.358,-47.567,-1.518,-0.372,9.744,0.28,47.567,5.188,3.861,0,5.011,10.0,3.547,13.281,-0.601,1.467,0,0,0,OFFBOARD
61,OUTBOUND,6.2,9.942,0.041,1.364,-47.567,-1.518,-0.372,9.942,0.291,47.567,5.16,3.773,0,4.93,10.0,3.533,13.632,-0.686,1.479,0,0,0,OFFBOARD
62,OUTBOUND,6.3,10.141,0.038,1.371,-47.567,-1.518,-0.372,10.141,0.288,47.567,5.113,4.121,0,4.725,10.0,3.51,13.982,-0.767,1.488,0,0,0,OFFBOARD
63,OUTBOUND,6.4,10.341,0.021,1.38,-47.567,-1.518,-0.372,10.341,0.271,47.567,5.072,4.168,0,4.706,10.0,3.492,14.33,-0.847,1.495,0,0,0,OFFBOARD
64,OUTBOUND,6.5,10.539,-0.009,1.389,-47.567,-1.518,-0.372,10.539,0.241,47.567,5.056,4.217,0,5.077,6.923,3.487,14.674,-0.925,1.5,0,0,0,OFFBOARD
65,OUTBOUND,6.6,10.741,-0.051,1.399,-47.567,-1.518,-0.372,10.741,0.199,47.567,5.074,4.115,0,5.092,6.723,3.498,14.942,-1.004,1.505,0,0,0,OFFBOARD
66,OUTBOUND,6.7,10.941,-0.104,1.409,-47.567,-1.518,-0.372,10.941,0.146,47.567,5.123,3.919,0,5.068,6.526,3.523,15.154,-1.082,1.509,0,0,0,OFFBOARD
67,OUTBOUND,6.81,11.142,-0.168,1.419,-47.567,-1.518,-0.372,11.142,0.082,47.567,5.198,3.787,0,4.974,6.327,3.559,15.328,-1.154,1.514,0,0,0,OFFBOARD
68,OUTBOUND,6.91,11.344,-0.24,1.429,-47.567,-1.518,-0.372,11.344,0.01,47.567,5.29,3.663,0,4.78,6.128,3.601,15.458,-1.223,1.515,0,0,0,OFFBOARD
69,OUTBOUND,7.01,11.548,-0.322,1.438,-47.567,-1.518,-0.372,11.548,-0.072,47.567,5.39,3.525,0,4.586,5.927,3.643,15.558,-1.286,1.514,0,0,0,OFFBOARD
70,OUTBOUND,7.11,11.752,-0.411,1.447,-47.567,-1.518,-0.372,11.752,-0.161,47.567,5.485,3.625,0,4.41,5.727,3.679,15.658,-1.352,1.511,0,0,0,OFFBOARD
71,OUTBOUND,7.21,11.955,-0.505,1.455,-47.567,-1.518,-0.372,11.955,-0.255,47.567,5.463,3.501,0,4.315,5.527,3.707,15.758,-1.413,1.509,0,0,0,OFFBOARD
72,OUTBOUND,7.31,12.159,-0.604,1.463,-47.567,-1.518,-0.372,12.159,-0.354,47.567,5.323,3.352,0,4.2,5.325,3.728,15.858,-1.465,1.509,0,0,0,OFFBOARD
73,OUTBOUND,7.41,12.359,-0.703,1.47,-47.567,-1.518,-0.372,12.359,-0.453,47.567,5.126,3.194,0,4.435,5.127,3.743,15.958,-1.51,1.508,0,0,0,OFFBOARD
74,OUTBOUND,7.52,12.563,-0.805,1.476,-47.567,-1.518,-0.372,12.563,-0.555,47.567,4.861,2.974,0,4.383,4.862,3.754,16.058,-1.544,1.508,0,0,0,OFFBOARD
75,OUTBOUND,7.62,12.765,-0.906,1.481,-47.567,-1.518,-0.372,12.765,-0.656,47.567,4.66,2.816,0,4.275,4.66,3.764,16.158,-1.568,1.512,0,0,0,OFFBOARD
76,OUTBOUND,7.72,12.971,-1.007,1.485,-47.567,-1.518,-0.372,12.971,-0.757,47.567,4.463,2.672,0,4.13,4.463,3.772,16.258,-1.582,1.52,0,0,0,OFFBOARD
77,OUTBOUND,7.82,13.173,-1.104,1.489,-47.567,-1.518,-0.372,13.173,-0.854,47.567,4.261,2.534,0,3.979,4.261,3.782,16.358,-1.585,1.53,0,0,0,OFFBOARD
78,OUTBOUND,7.92,13.375,-1.196,1.493,-47.567,-1.518,-0.372,13.375,-0.946,47.567,4.063,2.404,0,3.851,4.063,3.792,16.458,-1.581,1.542,0,0,0,OFFBOARD
79,OUTBOUND,8.02,13.579,-1.284,1.497,-47.567,-1.518,-0.372,13.579,-1.034,47.567,3.862,2.281,0,3.734,3.862,3.805,16.558,-1.566,1.556,0,0,0,OFFBOARD
80,OUTBOUND,8.12,13.782,-1.365,1.502,-47.567,-1.518,-0.372,13.782,-1.115,47.567,3.662,2.165,0,3.582,3.662,3.662,16.658,-1.54,1.571,0,0,0,OFFBOARD
81,OUTBOUND,8.23,13.984,-1.439,1.507,-47.567,-1.518,-0.372,13.984,-1.189,47.567,3.46,2.059,0,3.38,3.46,3.459,16.758,-1.521,1.587,0,0,0,OFFBOARD
82,OUTBOUND,8.33,14.188,-1.505,1.512,-47.567,-1.518,-0.372,14.188,-1.255,47.567,3.261,1.926,1,3.182,3.261,3.261,16.858,-1.496,1.601,0,0,0,OFFBOARD
83,OUTBOUND,8.43,14.39,-1.562,1.519,-47.567,-1.518,-0.372,14.39,-1.312,47.567,3.061,1.726,1,2.982,3.061,3.061,16.958,-1.461,1.604,0,0,0,OFFBOARD
84,OUTBOUND,8.53,14.592,-1.609,1.526,-47.567,-1.518,-0.372,14.592,-1.359,47.567,2.861,1.526,1,2.782,2.861,2.861,17.058,-1.461,1.598,0,0,0,OFFBOARD
85,OUTBOUND,8.63,14.796,-1.647,1.533,-47.567,-1.518,-0.372,14.796,-1.397,47.567,2.661,1.42,1,2.582,2.661,2.661,17.158,-1.465,1.585,0,0,0,OFFBOARD
86,OUTBOUND,8.73,15.0,-1.675,1.54,-47.567,-1.518,-0.372,15.0,-1.425,47.567,2.461,1.609,1,2.448,2.461,2.461,17.258,-1.491,1.568,0,0,0,OFFBOARD
87,OUTBOUND,8.83,15.202,-1.693,1.546,-47.567,-1.518,-0.372,15.202,-1.443,47.567,2.366,1.625,1,2.383,2.428,2.257,17.358,-1.529,1.547,0,0,0,OFFBOARD
88,OUTBOUND,8.94,15.406,-1.702,1.55,-47.567,-1.518,-0.372,15.406,-1.452,47.567,2.412,1.619,1,2.83,2.508,2.137,17.458,-1.573,1.524,0,0,0,OFFBOARD
89,OUTBOUND,9.04,15.608,-1.704,1.553,-47.567,-1.518,-0.372,15.608,-1.454,47.567,2.405,1.644,1,2.79,2.55,2.11,17.558,-1.628,1.499,0,0,0,OFFBOARD
90,OUTBOUND,9.14,15.81,-1.701,1.554,-47.567,-1.518,-0.372,15.81,-1.451,47.567,2.359,1.582,1,2.787,2.562,2.046,17.658,-1.695,1.473,0,0,0,OFFBOARD
91,OUTBOUND,9.24,16.014,-1.694,1.552,-47.567,-1.518,-0.372,16.014,-1.444,47.567,2.287,1.381,1,2.637,3.794,1.963,17.758,-1.788,1.446,0,0,0,OFFBOARD
92,OUTBOUND,9.34,16.216,-1.686,1.549,-47.567,-1.518,-0.372,16.216,-1.436,47.567,2.213,1.262,1,2.438,3.694,1.869,17.858,-1.903,1.42,0,0,0,OFFBOARD
93,OUTBOUND,9.44,16.418,-1.679,1.543,-47.567,-1.518,-0.372,16.418,-1.429,47.567,3.496,1.061,1,2.243,3.582,1.791,17.958,-2.034,1.395,0,0,0,OFFBOARD
94,OUTBOUND,9.54,16.62,-1.675,1.534,-47.567,-1.518,-0.372,16.62,-1.425,47.567,3.301,0.859,1,2.211,4.446,1.725,18.058,-2.165,1.37,0,0,0,OFFBOARD
95,OUTBOUND,9.65,16.82,-1.675,1.524,-47.567,-1.518,-0.372,16.82,-1.425,47.567,3.241,0.795,1,2.195,4.384,1.71,18.158,-2.276,1.347,0,1,0,OFFBOARD
96,OUTBOUND,9.75,17.018,-1.683,1.512,-47.567,-1.518,-0.372,17.018,-1.433,47.567,2.937,0.733,1,2.502,4.073,4.293,18.258,-2.376,1.325,0,1,0,OFFBOARD
97,OUTBOUND,9.85,17.207,-1.7,1.499,-47.567,-1.518,-0.372,17.207,-1.45,47.567,2.702,0.783,1,2.366,3.828,4.522,18.358,-2.403,1.306,0,1,0,OFFBOARD
98,OUTBOUND,9.95,17.401,-1.729,1.483,-47.567,-1.518,-0.372,17.401,-1.479,47.567,2.535,0.828,1,2.28,3.655,4.683,18.516,-2.339,1.288,0,0,0,OFFBOARD
99,OUTBOUND,10.05,17.578,-1.768,1.467,-47.567,-1.518,-0.372,17.578,-1.517,47.567,2.368,1.174,1,2.218,3.482,4.629,18.653,-2.156,1.273,0,0,0,OFFBOARD
100,OUTBOUND,10.15,17.745,-1.816,1.45,-47.567,-1.518,-0.372,17.745,-1.566,47.567,2.259,1.117,1,2.177,3.316,4.456,18.838,-1.978,1.261,0,0,0,OFFBOARD
101,OUTBOUND,10.26,17.903,-1.872,1.433,-47.567,-1.518,-0.372,17.903,-1.622,47.567,2.727,1.37,1,2.032,3.155,4.237,19.041,-1.822,1.251,0,0,0,OFFBOARD
102,OUTBOUND,10.36,18.054,-1.932,1.415,-47.567,-1.518,-0.372,18.054,-1.682,47.567,2.763,1.295,1,1.878,2.997,3.515,19.266,-1.66,1.244,0,0,0,OFFBOARD
103,OUTBOUND,10.46,18.195,-1.989,1.398,-47.567,-1.518,-0.372,18.195,-1.738,47.567,2.818,1.226,1,1.761,2.842,2.871,19.468,-1.494,1.239,0,0,0,OFFBOARD
104,OUTBOUND,10.56,18.332,-2.036,1.381,-47.567,-1.518,-0.372,18.332,-1.786,47.567,2.706,1.175,1,2.311,2.7,2.678,19.651,-1.32,1.237,0,0,0,OFFBOARD
105,OUTBOUND,10.66,18.469,-2.07,1.365,-47.567,-1.518,-0.372,18.469,-1.82,47.567,2.558,1.137,1,2.411,2.56,2.561,19.78,-1.155,1.238,0,0,0,OFFBOARD
106,OUTBOUND,10.76,18.606,-2.085,1.349,-47.567,-1.518,-0.372,18.606,-1.835,47.567,2.44,1.125,1,2.399,2.428,2.339,19.88,-0.997,1.24,0,0,0,OFFBOARD
107,OUTBOUND,10.86,18.744,-2.078,1.335,-47.567,-1.518,-0.372,18.744,-1.828,47.567,2.482,1.118,1,2.257,2.395,2.3,19.98,-0.844,1.245,0,0,0,OFFBOARD
108,OUTBOUND,10.97,18.888,-2.048,1.323,-47.567,-1.518,-0.372,18.888,-1.798,47.567,2.914,0.98,1,2.153,3.275,2.199,20.08,-0.707,1.252,0,0,0,OFFBOARD
109,OUTBOUND,11.07,19.036,-1.996,1.311,-47.567,-1.518,-0.372,19.036,-1.746,47.567,3.147,1.245,1,2.756,3.253,2.517,20.18,-0.587,1.26,0,0,0,OFFBOARD
110,OUTBOUND,11.17,19.185,-1.922,1.302,-47.567,-1.518,-0.372,19.185,-1.672,47.567,3.107,1.345,1,2.946,3.113,2.819,20.28,-0.468,1.27,0,0,0,OFFBOARD
111,OUTBOUND,11.27,19.333,-1.831,1.294,-47.567,-1.518,-0.372,19.333,-1.581,47.567,3.764,1.472,1,2.974,4.214,3.165,20.38,-0.361,1.281,0,0,0,OFFBOARD
112,OUTBOUND,11.37,19.479,-1.724,1.287,-47.567,-1.518,-0.372,19.479,-1.474,47.567,4.093,1.555,1,2.856,4.089,3.478,20.48,-0.261,1.293,0,0,0,OFFBOARD
113,OUTBOUND,11.47,19.621,-1.604,1.283,-47.567,-1.518,-0.372,19.621,-1.354,47.567,3.985,1.575,1,2.815,5.165,3.707,20.58,-0.175,1.305,0,0,0,OFFBOARD
114,OUTBOUND,11.58,19.759,-1.474,1.28,-47.567,-1.518,-0.372,19.759,-1.224,47.567,3.896,2.026,0,3.489,5.086,3.798,20.68,-0.126,1.318,0,0,0,OFFBOARD
115,OUTBOUND,11.68,19.891,-1.337,1.279,-47.567,-1.518,-0.372,19.891,-1.087,47.567,4.823,2.243,0,3.628,6.141,3.816,20.78,-0.095,1.34,0,0,0,OFFBOARD
116,OUTBOUND,11.78,20.018,-1.194,1.28,-47.567,-1.518,-0.372,20.018,-0.944,47.567,4.86,2.299,0,3.615,6.099,3.788,20.88,-0.081,1.37,0,0,0,OFFBOARD
117,OUTBOUND,11.88,20.138,-1.05,1.283,-47.567,-1.518,-0.372,20.138,-0.8,47.567,4.749,2.346,0,3.575,10.0,3.735,20.98,-0.078,1.406,0,0,0,OFFBOARD
118,OUTBOUND,11.98,20.254,-0.906,1.288,-47.567,-1.518,-0.372,20.254,-0.656,47.567,5.423,2.778,0,4.249,10.0,3.677,21.129,-0.1,1.441,0,0,0,OFFBOARD
119,OUTBOUND,12.08,20.365,-0.764,1.295,-47.567,-1.518,-0.372,20.365,-0.514,47.567,5.502,3.119,0,4.452,10.0,3.606,21.336,-0.144,1.478,0,0,0,OFFBOARD
120,OUTBOUND,12.19,20.477,-0.624,1.306,-47.567,-1.518,-0.372,20.477,-0.374,47.567,5.387,3.065,0,4.337,10.0,3.539,21.584,-0.193,1.513,0,0,0,OFFBOARD
121,OUTBOUND,12.29,20.583,-0.496,1.318,-47.567,-1.518,-0.372,20.583,-0.246,47.567,5.07,3.639,0,4.779,10.0,3.429,21.86,-0.258,1.547,0,0,0,OFFBOARD
122,OUTBOUND,12.39,20.69,-0.378,1.334,-47.567,-1.518,-0.372,20.69,-0.128,47.567,4.699,3.811,0,5.189,10.0,3.279,22.156,-0.327,1.579,0,0,0,OFFBOARD
123,OUTBOUND,12.49,20.799,-0.274,1.351,-47.567,-1.518,-0.372,20.799,-0.024,47.567,4.312,3.688,0,5.151,10.0,3.105,22.481,-0.389,1.609,0,0,0,OFFBOARD
124,OUTBOUND,12.59,20.912,-0.186,1.371,-47.567,-1.518,-0.372,20.912,0.064,47.567,3.964,3.389,0,6.011,6.84,2.936,22.84,-0.443,1.638,0,0,0,OFFBOARD
125,OUTBOUND,12.69,21.034,-0.114,1.392,-47.567,-1.518,-0.372,21.034,0.136,47.567,3.702,3.176,0,6.024,6.044,2.803,23.118,-0.488,1.665,0,0,0,OFFBOARD
126,OUTBOUND,12.79,21.17,-0.06,1.415,-47.567,-1.518,-0.372,21.169,0.19,47.567,3.579,3.085,0,6.927,5.67,2.743,23.371,-0.533,1.691,0,0,0,OFFBOARD
127,OUTBOUND,12.89,21.317,-0.024,1.438,-47.567,-1.518,-0.372,21.317,0.226,47.567,3.607,3.123,0,6.905,5.685,2.768,23.632,-0.581,1.715,0,0,0,OFFBOARD
128,OUTBOUND,13.0,21.479,-0.005,1.463,-47.567,-1.518,-0.372,21.479,0.245,47.567,3.779,3.286,0,6.633,6.064,2.875,23.929,-0.637,1.737,0,0,0,OFFBOARD
129,OUTBOUND,13.1,21.652,-0.002,1.488,-47.567,-1.518,-0.372,21.652,0.248,47.567,4.087,3.202,0,5.522,6.646,3.056,24.257,-0.711,1.755,0,0,0,OFFBOARD
130,OUTBOUND,13.2,21.834,-0.014,1.514,-47.567,-1.518,-0.372,21.834,0.236,47.567,4.497,3.028,0,5.332,10.0,3.286,24.573,-0.806,1.769,0,0,0,OFFBOARD
131,OUTBOUND,13.3,22.023,-0.039,1.539,-47.567,-1.518,-0.372,22.023,0.211,47.567,4.975,2.947,0,5.061,10.0,3.541,24.853,-0.91,1.777,0,0,0,OFFBOARD
132,OUTBOUND,13.4,22.215,-0.074,1.564,-47.567,-1.518,-0.372,22.215,0.176,47.567,5.444,3.807,0,4.835,10.0,3.782,25.099,-0.99,1.779,0,0,0,OFFBOARD
133,OUTBOUND,13.5,22.409,-0.121,1.588,-47.567,-1.518,-0.372,22.409,0.129,47.567,5.819,3.696,0,4.613,10.0,3.971,25.284,-1.067,1.772,0,0,0,OFFBOARD
134,OUTBOUND,13.6,22.602,-0.176,1.61,-47.567,-1.518,-0.372,22.602,0.074,47.567,5.957,3.511,0,4.468,10.0,4.091,25.416,-1.133,1.758,0,0,0,OFFBOARD
135,OUTBOUND,13.71,22.794,-0.239,1.631,-47.567,-1.518,-0.372,22.794,0.011,47.567,5.817,3.336,0,4.331,10.0,4.145,25.516,-1.193,1.737,0,0,0,OFFBOARD
136,OUTBOUND,13.81,22.989,-0.311,1.649,-47.567,-1.518,-0.372,22.989,-0.061,47.567,5.62,3.237,0,4.187,10.0,4.15,25.616,-1.249,1.711,0,0,0,OFFBOARD
137,OUTBOUND,13.91,23.181,-0.39,1.664,-47.567,-1.518,-0.372,23.181,-0.14,47.567,5.539,3.138,0,4.06,10.0,4.133,25.716,-1.304,1.678,0,0,0,OFFBOARD
138,OUTBOUND,14.01,23.374,-0.475,1.676,-47.567,-1.518,-0.372,23.374,-0.225,47.567,5.548,3.298,0,3.955,10.0,4.112,25.816,-1.36,1.642,0,0,0,OFFBOARD
139,OUTBOUND,14.11,23.57,-0.565,1.683,-47.567,-1.518,-0.372,23.57,-0.315,47.567,5.647,3.183,0,3.761,10.0,4.099,25.916,-1.411,1.603,0,0,0,OFFBOARD
140,OUTBOUND,14.21,23.766,-0.658,1.687,-47.567,-1.518,-0.372,23.766,-0.408,47.567,5.699,3.071,0,3.646,10.0,4.1,26.016,-1.457,1.561,0,0,0,OFFBOARD
141,OUTBOUND,14.31,23.961,-0.753,1.687,-47.567,-1.518,-0.372,23.961,-0.503,47.567,5.685,2.898,0,3.89,10.0,4.118,26.116,-1.49,1.518,0,0,0,OFFBOARD
142,OUTBOUND,14.42,24.163,-0.85,1.682,-47.567,-1.518,-0.372,24.163,-0.6,47.567,5.624,2.769,0,3.927,10.0,4.136,26.216,-1.506,1.476,0,0,0,OFFBOARD
143,OUTBOUND,14.52,24.367,-0.947,1.674,-47.567,-1.518,-0.372,24.367,-0.697,47.567,5.431,2.644,0,3.863,10.0,4.15,26.316,-1.512,1.436,0,0,0,OFFBOARD
144,OUTBOUND,14.62,24.571,-1.042,1.661,-47.567,-1.518,-0.372,24.571,-0.792,47.567,5.238,2.524,0,3.808,6.634,4.153,26.416,-1.507,1.397,0,0,0,OFFBOARD
145,OUTBOUND,14.72,24.774,-1.132,1.645,-47.567,-1.518,-0.372,24.774,-0.882,47.567,5.042,2.405,0,3.715,6.299,4.141,26.516,-1.491,1.361,0,0,0,OFFBOARD
146,OUTBOUND,14.82,24.974,-1.217,1.626,-47.567,-1.518,-0.372,24.974,-0.967,47.567,4.845,2.285,0,3.589,6.101,4.116,26.616,-1.465,1.327,0,0,0,OFFBOARD
147,OUTBOUND,14.93,25.177,-1.297,1.604,-47.567,-1.518,-0.372,25.177,-1.047,47.567,4.65,2.133,0,3.395,5.903,4.107,26.716,-1.425,1.296,0,0,0,OFFBOARD
148,OUTBOUND,15.03,25.377,-1.369,1.58,-47.567,-1.518,-0.372,25.377,-1.118,47.567,4.461,1.94,1,3.208,5.706,4.141,26.816,-1.381,1.268,0,0,0,OFFBOARD
149,OUTBOUND,15.13,25.578,-1.432,1.554,-47.567,-1.518,-0.372,25.578,-1.182,47.567,4.272,1.749,1,3.025,5.5,4.228,26.981,-1.32,1.243,0,0,0,OFFBOARD
150,OUTBOUND,15.23,25.774,-1.486,1.527,-47.567,-1.518,-0.372,25.774,-1.236,47.567,4.094,1.628,1,2.854,5.298,4.332,27.242,-1.247,1.221,0,0,0,OFFBOARD
151,OUTBOUND,15.33,25.967,-1.53,1.499,-47.567,-1.518,-0.372,25.967,-1.28,47.567,3.915,1.57,1,2.68,5.098,4.348,27.56,-1.165,1.203,0,0,0,OFFBOARD
152,OUTBOUND,15.43,26.153,-1.562,1.471,-47.567,-1.518,-0.372,26.153,-1.312,47.567,3.741,1.757,1,2.601,4.927,4.252,27.903,-1.088,1.188,0,0,0,OFFBOARD
153,OUTBOUND,15.53,26.335,-1.583,1.443,-47.567,-1.518,-0.372,26.335,-1.333,47.567,3.555,1.736,1,3.125,4.766,4.033,28.227,-1.008,1.178,0,0,0,OFFBOARD
154,OUTBOUND,15.64,26.512,-1.591,1.415,-47.567,-1.518,-0.372,26.512,-1.341,47.567,4.347,1.795,1,3.342,4.594,3.743,28.448,-0.94,1.171,0,0,0,OFFBOARD
155,OUTBOUND,15.74,26.69,-1.586,1.388,-47.567,-1.518,-0.372,26.69,-1.336,47.567,4.394,1.891,1,3.138,4.547,3.446,28.592,-0.882,1.168,0,0,0,OFFBOARD
156,OUTBOUND,15.84,26.868,-1.569,1.363,-47.567,-1.518,-0.372,26.868,-1.319,47.567,4.254,1.708,1,3.617,5.397,3.208,28.692,-0.833,1.169,0,0,0,OFFBOARD
157,OUTBOUND,15.94,27.051,-1.54,1.34,-47.567,-1.518,-0.372,27.051,-1.29,47.567,4.264,1.733,1,3.928,5.297,3.063,28.792,-0.796,1.173,0,0,0,OFFBOARD
158,OUTBOUND,16.04,27.242,-1.499,1.318,-47.567,-1.518,-0.372,27.241,-1.249,47.567,4.188,2.053,0,3.792,5.144,3.004,28.892,-0.784,1.181,0,0,0,OFFBOARD
159,OUTBOUND,16.14,27.431,-1.45,1.298,-47.567,-1.518,-0.372,27.431,-1.2,47.567,4.277,2.113,0,3.626,5.597,3.027,28.992,-0.767,1.203,0,0,0,OFFBOARD
160,OUTBOUND,16.25,27.633,-1.391,1.281,-47.567,-1.518,-0.372,27.633,-1.141,47.567,4.543,2.189,0,3.489,5.989,3.13,29.092,-0.745,1.236,0,0,0,OFFBOARD
161,OUTBOUND,16.35,27.83,-1.328,1.267,-47.567,-1.518,-0.372,27.83,-1.078,47.567,4.538,2.043,0,3.414,5.753,3.376,29.192,-0.716,1.277,0,0,0,OFFBOARD
162,OUTBOUND,16.45,28.033,-1.258,1.257,-47.567,-1.518,-0.372,28.033,-1.008,47.567,4.411,2.346,0,3.761,6.112,3.621,29.292,-0.707,1.323,0,0,0,OFFBOARD
163,OUTBOUND,16.55,28.223,-1.189,1.251,-47.567,-1.518,-0.372,28.223,-0.939,47.567,4.345,2.404,0,3.771,5.979,3.794,29.392,-0.7,1.37,0,0,0,OFFBOARD
164,OUTBOUND,16.65,28.412,-1.119,1.249,-47.567,-1.518,-0.372,28.412,-0.869,47.567,4.714,2.538,0,3.713,5.733,4.094,29.492,-0.695,1.416,0,0,0,OFFBOARD
165,OUTBOUND,16.75,28.59,-1.051,1.252,-47.567,-1.518,-0.372,28.59,-0.801,47.567,4.808,2.532,0,3.717,5.563,4.237,29.592,-0.698,1.457,0,0,0,OFFBOARD
166,OUTBOUND,16.86,28.757,-0.986,1.26,-47.567,-1.518,-0.372,28.757,-0.736,47.567,4.891,2.4,0,3.712,5.401,4.292,29.692,-0.698,1.491,0,0,0,OFFBOARD
167,OUTBOUND,16.96,28.914,-0.924,1.272,-47.567,-1.518,-0.372,28.914,-0.674,47.567,4.81,2.696,0,3.573,5.248,4.273,29.792,-0.711,1.519,0,0,0,OFFBOARD
168,OUTBOUND,17.06,29.059,-0.868,1.287,-47.567,-1.518,-0.372,29.059,-0.618,47.567,4.669,2.779,0,3.535,5.103,4.214,29.892,-0.734,1.546,0,0,0,OFFBOARD
169,OUTBOUND,17.16,29.197,-0.816,1.305,-47.567,-1.518,-0.372,29.197,-0.566,47.567,4.89,2.878,0,3.978,4.966,4.146,29.992,-0.758,1.575,0,0,0,OFFBOARD
170,OUTBOUND,17.26,29.325,-0.771,1.325,-47.567,-1.518,-0.372,29.325,-0.521,47.567,4.781,2.975,0,4.074,4.838,4.088,30.092,-0.788,1.607,0,0,0,OFFBOARD
171,OUTBOUND,17.36,29.447,-0.731,1.347,-47.567,-1.518,-0.372,29.447,-0.481,47.567,4.671,2.92,0,4.146,4.717,4.05,30.192,-0.823,1.639,0,0,0,OFFBOARD
172,OUTBOUND,17.46,29.564,-0.697,1.371,-47.567,-1.518,-0.372,29.564,-0.447,47.567,4.566,2.831,0,4.107,4.605,4.033,30.292,-0.854,1.669,0,0,0,OFFBOARD
173,OUTBOUND,17.57,29.674,-0.67,1.396,-47.567,-1.518,-0.372,29.674,-0.42,47.567,4.462,2.866,0,3.993,4.495,4.034,30.392,-0.889,1.696,0,0,0,OFFBOARD
174,OUTBOUND,17.67,29.781,-0.651,1.422,-47.567,-1.518,-0.372,29.781,-0.401,47.567,4.364,3.141,0,3.882,4.393,4.047,30.492,-0.931,1.719,0,0,0,OFFBOARD
175,OUTBOUND,17.77,29.882,-0.639,1.449,-47.567,-1.518,-0.372,29.882,-0.389,47.567,4.268,3.151,0,3.832,4.293,4.066,30.592,-0.972,1.735,0,0,0,OFFBOARD
176,OUTBOUND,17.87,29.979,-0.634,1.476,-47.567,-1.518,-0.372,29.979,-0.384,47.567,4.175,3.168,0,3.821,4.196,4.084,30.692,-1.011,1.744,0,0,0,OFFBOARD
177,OUTBOUND,17.97,30.075,-0.637,1.504,-47.567,-1.518,-0.372,30.075,-0.387,47.567,4.087,3.162,0,4.019,4.104,4.068,30.792,-1.047,1.743,0,0,0,OFFBOARD
178,OUTBOUND,18.07,30.167,-0.648,1.53,-47.567,-1.518,-0.372,30.167,-0.398,47.567,4.0,3.146,0,4.134,4.014,3.987,30.892,-1.08,1.732,0,0,0,OFFBOARD
179,OUTBOUND,18.17,30.257,-0.665,1.555,-47.567,-1.518,-0.372,30.257,-0.414,47.567,3.915,3.121,0,4.142,3.926,3.906,30.992,-1.111,1.714,0,0,0,OFFBOARD
180,OUTBOUND,18.28,30.345,-0.688,1.577,-47.567,-1.518,-0.372,30.345,-0.438,47.567,3.833,3.089,0,4.138,3.841,3.827,31.092,-1.139,1.69,0,0,0,OFFBOARD
181,OUTBOUND,18.38,30.432,-0.716,1.597,-47.567,-1.518,-0.372,30.432,-0.466,47.567,3.751,3.048,0,4.116,3.756,3.748,31.192,-1.164,1.662,0,0,0,OFFBOARD
182,OUTBOUND,18.48,30.518,-0.75,1.613,-47.567,-1.518,-0.372,30.518,-0.5,47.567,3.669,3.001,0,4.093,3.671,3.668,31.292,-1.183,1.631,0,0,0,OFFBOARD
183,OUTBOUND,18.58,30.605,-0.787,1.626,-47.567,-1.518,-0.372,30.605,-0.537,47.567,3.587,2.949,0,4.077,3.587,3.588,31.392,-1.192,1.597,0,0,0,OFFBOARD
184,OUTBOUND,18.68,30.69,-0.827,1.634,-47.567,-1.518,-0.372,30.69,-0.577,47.567,3.474,2.871,0,4.084,3.474,3.477,31.492,-1.182,1.56,0,0,0,OFFBOARD
185,OUTBOUND,18.79,30.78,-0.871,1.639,-47.567,-1.518,-0.372,30.78,-0.621,47.567,3.388,2.784,0,4.032,3.389,3.393,31.592,-1.159,1.521,0,0,0,OFFBOARD
186,OUTBOUND,18.89,30.868,-0.915,1.639,-47.567,-1.518,-0.372,30.868,-0.664,47.567,3.302,2.697,0,3.944,3.302,3.308,31.692,-1.138,1.483,0,0,0,OFFBOARD
187,OUTBOUND,18.99,30.956,-0.958,1.636,-47.567,-1.518,-0.372,30.956,-0.708,47.567,3.215,2.609,0,3.856,3.215,3.221,31.792,-1.116,1.444,0,0,0,OFFBOARD
188,OUTBOUND,19.09,31.045,-1.0,1.628,-47.567,-1.518,-0.372,31.045,-0.75,47.567,3.126,2.52,0,3.766,3.126,3.132,31.892,-1.09,1.407,0,0,0,OFFBOARD
189,OUTBOUND,19.19,31.135,-1.039,1.617,-47.567,-1.518,-0.372,31.135,-0.789,47.567,3.037,2.432,0,3.679,3.038,3.044,31.992,-1.06,1.371,0,0,0,OFFBOARD
190,OUTBOUND,19.29,31.227,-1.075,1.602,-47.567,-1.518,-0.372,31.226,-0.824,47.567,2.947,2.342,0,3.589,2.947,2.953,32.092,-1.025,1.338,0,0,0,OFFBOARD
191,OUTBOUND,19.39,31.32,-1.105,1.584,-47.567,-1.518,-0.372,31.32,-0.855,47.567,2.854,2.249,0,3.497,2.854,2.86,32.192,-0.981,1.308,0,0,0,OFFBOARD
192,OUTBOUND,19.5,31.413,-1.13,1.564,-47.567,-1.518,-0.372,31.413,-0.88,47.567,2.763,2.161,0,3.408,2.763,2.769,32.292,-0.929,1.282,0,0,0,OFFBOARD
193,OUTBOUND,19.6,31.508,-1.149,1.542,-47.567,-1.518,-0.372,31.508,-0.899,47.567,2.669,2.15,0,3.417,2.668,2.674,32.392,-0.877,1.263,0,0,0,OFFBOARD
194,OUTBOUND,19.7,31.604,-1.161,1.518,-47.567,-1.518,-0.372,31.604,-0.911,47.567,2.575,2.149,0,3.444,2.575,2.58,32.492,-0.825,1.251,0,0,0,OFFBOARD
195,OUTBOUND,19.8,31.702,-1.165,1.494,-47.567,-1.518,-0.372,31.702,-0.915,47.567,2.48,2.468,0,3.914,2.479,2.485,32.592,-0.785,1.249,0,0,0,OFFBOARD
196,OUTBOUND,19.9,31.799,-1.163,1.469,-47.567,-1.518,-0.372,31.799,-0.913,47.567,2.383,2.383,0,3.998,2.383,2.388,32.692,-0.739,1.257,0,0,0,OFFBOARD
197,OUTBOUND,20.0,31.898,-1.153,1.445,-47.567,-1.518,-0.372,31.898,-0.903,47.567,2.285,2.285,0,4.081,2.285,2.289,32.792,-0.681,1.273,0,0,0,OFFBOARD
198,OUTBOUND,20.1,31.998,-1.135,1.423,-47.567,-1.518,-0.372,31.998,-0.885,47.567,2.189,2.189,0,4.092,2.189,2.192,32.892,-0.598,1.296,0,0,0,OFFBOARD
199,OUTBOUND,20.21,32.098,-1.111,1.403,-47.567,-1.518,-0.372,32.097,-0.861,47.567,2.09,2.09,0,3.996,2.09,2.093,32.992,-0.508,1.325,0,0,0,OFFBOARD
200,OUTBOUND,20.31,32.198,-1.081,1.387,-47.567,-1.518,-0.372,32.197,-0.831,47.567,1.992,1.992,1,3.899,1.992,1.994,33.092,-0.395,1.358,0,0,0,OFFBOARD
201,OUTBOUND,20.41,32.298,-1.045,1.373,-47.567,-1.518,-0.372,32.298,-0.795,47.567,1.893,1.892,1,3.801,1.893,1.895,33.192,-0.272,1.382,0,0,0,OFFBOARD
202,OUTBOUND,20.51,32.4,-1.002,1.364,-47.567,-1.518,-0.372,32.4,-0.752,47.567,1.793,1.793,1,3.702,1.793,1.795,33.292,-0.133,1.4,0,0,0,OFFBOARD
203,OUTBOUND,20.61,32.501,-0.953,1.358,-47.567,-1.518,-0.372,32.501,-0.703,47.567,1.693,1.693,1,1.694,1.694,1.695,33.392,0.016,1.414,0,0,0,OFFBOARD
204,OUTBOUND,20.71,32.602,-0.897,1.355,-47.567,-1.518,-0.372,32.602,-0.647,47.567,1.594,1.593,1,1.772,1.594,1.594,33.492,0.176,1.426,0,0,0,OFFBOARD
205,OUTBOUND,20.81,32.703,-0.834,1.355,-47.567,-1.518,-0.372,32.703,-0.583,47.567,1.494,1.493,1,4.089,1.494,1.494,33.592,0.351,1.434,0,0,0,OFFBOARD
206,OUTBOUND,20.92,32.805,-0.761,1.357,-47.567,-1.518,-0.372,32.805,-0.511,47.567,1.673,1.393,1,4.476,1.546,1.394,33.692,0.547,1.441,0,0,0,OFFBOARD
207,OUTBOUND,21.02,32.906,-0.68,1.361,-47.567,-1.518,-0.372,32.906,-0.43,47.567,2.208,1.26,1,4.429,2.06,1.804,33.792,0.763,1.445,0,0,0,OFFBOARD
208,OUTBOUND,21.12,33.009,-0.586,1.366,-47.567,-1.518,-0.372,33.009,-0.336,47.567,5.043,1.16,1,4.374,2.517,2.171,33.892,0.987,1.448,0,0,0,OFFBOARD
209,OUTBOUND,21.22,33.11,-0.483,1.372,-47.567,-1.518,-0.372,33.11,-0.233,47.567,5.14,1.068,1,4.416,10.0,3.29,33.992,1.198,1.45,0,0,0,OFFBOARD
210,OUTBOUND,21.32,33.215,-0.364,1.378,-47.567,-1.518,-0.372,33.214,-0.114,47.567,5.159,1.262,1,4.846,10.0,3.532,34.14,1.361,1.449,0,0,0,OFFBOARD
211,OUTBOUND,21.43,33.317,-0.235,1.385,-47.567,-1.518,-0.372,33.317,0.015,47.567,5.166,1.477,1,4.993,10.0,3.543,34.363,1.459,1.448,0,0,0,OFFBOARD
212,OUTBOUND,21.53,33.418,-0.095,1.392,-47.567,-1.518,-0.372,33.418,0.155,47.567,5.116,1.712,1,5.07,10.0,3.52,34.525,1.524,1.445,0,0,0,OFFBOARD
213,OUTBOUND,21.63,33.519,0.057,1.398,-47.567,-1.518,-0.372,33.519,0.307,47.567,4.985,1.966,1,5.053,10.0,3.451,34.685,1.521,1.441,0,0,0,OFFBOARD
214,OUTBOUND,21.73,33.624,0.22,1.404,-47.567,-1.518,-0.372,33.624,0.47,47.567,4.827,3.786,0,4.926,10.0,3.359,34.887,1.439,1.435,0,0,0,OFFBOARD
215,OUTBOUND,21.83,33.73,0.39,1.409,-47.567,-1.518,-0.372,33.73,0.64,47.567,4.686,3.584,0,4.968,10.0,3.257,35.115,1.347,1.435,0,0,0,OFFBOARD
216,OUTBOUND,21.93,33.841,0.562,1.413,-47.567,-1.518,-0.372,33.841,0.812,47.567,4.53,3.453,0,5.461,10.0,3.157,35.374,1.254,1.441,0,0,0,OFFBOARD
217,OUTBOUND,22.03,33.958,0.732,1.417,-47.567,-1.518,-0.372,33.958,0.982,47.567,4.258,3.321,0,5.61,10.0,3.071,35.691,1.167,1.454,0,0,0,OFFBOARD
218,OUTBOUND,22.13,34.084,0.895,1.421,-47.567,-1.518,-0.372,34.084,1.145,47.567,4.016,3.159,0,5.59,6.789,2.977,36.049,1.088,1.472,0,0,0,OFFBOARD
219,OUTBOUND,22.24,34.218,1.043,1.425,-47.567,-1.518,-0.372,34.218,1.293,47.567,3.825,2.935,0,5.444,6.269,2.891,36.391,1.01,1.493,0,0,0,OFFBOARD
220,OUTBOUND,22.34,34.364,1.172,1.429,-47.567,-1.518,-0.372,34.364,1.423,47.567,3.74,2.75,0,5.302,6.001,2.854,36.709,0.926,1.516,0,0,0,OFFBOARD
221,OUTBOUND,22.44,34.52,1.278,1.434,-47.567,-1.518,-0.372,34.52,1.528,47.567,3.767,2.574,0,5.158,5.952,2.877,36.994,0.829,1.54,0,0,0,OFFBOARD
222,OUTBOUND,22.54,34.689,1.359,1.441,-47.567,-1.518,-0.372,34.689,1.609,47.567,3.903,2.435,0,5.012,6.13,2.961,37.249,0.715,1.565,0,0,0,OFFBOARD
223,OUTBOUND,22.64,34.866,1.414,1.449,-47.567,-1.518,-0.372,34.865,1.664,47.567,4.13,2.33,0,4.818,6.161,3.091,37.474,0.58,1.589,0,0,0,OFFBOARD
224,OUTBOUND,22.74,35.049,1.445,1.458,-47.567,-1.518,-0.372,35.049,1.695,47.567,4.425,2.25,0,4.36,5.998,3.254,37.664,0.423,1.612,0,0,0,OFFBOARD
225,OUTBOUND,22.84,35.238,1.453,1.469,-47.567,-1.518,-0.372,35.238,1.703,47.567,4.746,2.114,0,3.573,5.81,3.426,37.804,0.255,1.632,0,0,0,OFFBOARD
226,OUTBOUND,22.95,35.431,1.439,1.481,-47.567,-1.518,-0.372,35.431,1.689,47.567,5.03,1.94,1,3.418,5.623,3.582,37.904,0.067,1.648,0,0,0,OFFBOARD
227,OUTBOUND,23.05,35.619,1.406,1.494,-47.567,-1.518,-0.372,35.619,1.656,47.567,5.19,1.871,1,3.842,6.347,3.731,38.004,-0.103,1.657,0,0,0,OFFBOARD
228,OUTBOUND,23.15,35.82,1.351,1.509,-47.567,-1.518,-0.372,35.82,1.601,47.567,5.181,2.202,0,3.873,6.346,3.793,38.104,-0.247,1.658,0,0,0,OFFBOARD
229,OUTBOUND,23.25,36.006,1.282,1.522,-47.567,-1.518,-0.372,36.006,1.532,47.567,4.994,2.306,0,3.838,6.161,3.821,38.204,-0.401,1.661,0,0,0,OFFBOARD
230,OUTBOUND,23.36,36.208,1.187,1.537,-47.567,-1.518,-0.372,36.208,1.437,47.567,4.802,2.386,0,3.646,5.975,3.829,38.304,-0.548,1.664,0,0,0,OFFBOARD
231,OUTBOUND,23.46,36.401,1.079,1.551,-47.567,-1.518,-0.372,36.401,1.329,47.567,5.474,2.248,0,4.135,5.788,3.833,38.404,-0.698,1.667,0,0,0,OFFBOARD
232,OUTBOUND,23.56,36.596,0.952,1.564,-47.567,-1.518,-0.372,36.596,1.203,47.567,5.491,2.76,0,4.262,5.666,3.842,38.504,-0.829,1.67,0,0,0,OFFBOARD
233,OUTBOUND,23.66,36.791,0.812,1.576,-47.567,-1.518,-0.372,36.791,1.062,47.567,5.41,2.902,0,4.215,6.026,3.862,38.604,-0.961,1.672,0,0,0,OFFBOARD
234,OUTBOUND,23.76,36.987,0.659,1.588,-47.567,-1.518,-0.372,36.987,0.909,47.567,5.219,2.875,0,4.022,6.534,3.894,38.704,-1.082,1.672,0,0,0,OFFBOARD
235,OUTBOUND,23.86,37.185,0.495,1.599,-47.567,-1.518,-0.372,37.185,0.745,47.567,5.367,3.257,0,4.424,10.0,3.939,38.804,-1.191,1.669,0,0,0,OFFBOARD
236,OUTBOUND,23.96,37.383,0.323,1.608,-47.567,-1.518,-0.372,37.383,0.574,47.567,5.964,3.487,0,4.482,10.0,4.021,38.904,-1.295,1.665,0,0,0,OFFBOARD
237,OUTBOUND,24.06,37.582,0.147,1.617,-47.567,-1.518,-0.372,37.582,0.397,47.567,5.979,3.472,0,4.413,10.0,4.166,39.004,-1.389,1.653,0,0,0,OFFBOARD
238,OUTBOUND,24.17,37.78,-0.034,1.624,-47.567,-1.518,-0.372,37.78,0.217,47.567,5.817,3.484,0,4.257,10.0,4.372,39.104,-1.477,1.638,0,0,0,OFFBOARD
239,OUTBOUND,24.27,37.976,-0.216,1.63,-47.567,-1.518,-0.372,37.976,0.034,47.567,5.65,3.242,0,4.05,10.0,4.631,39.204,-1.537,1.621,0,0,0,OFFBOARD
240,OUTBOUND,24.37,38.163,-0.393,1.634,-47.567,-1.518,-0.372,38.163,-0.143,47.567,5.25,2.943,0,3.81,10.0,4.914,39.304,-1.583,1.602,0,0,0,OFFBOARD
241,OUTBOUND,24.47,38.348,-0.572,1.637,-47.567,-1.518,-0.372,38.347,-0.322,47.567,4.786,2.769,0,3.606,6.681,5.179,39.404,-1.614,1.584,0,0,0,OFFBOARD
242,OUTBOUND,24.57,38.522,-0.744,1.637,-47.567,-1.518,-0.372,38.522,-0.494,47.567,4.063,2.592,0,3.472,6.384,5.383,39.504,-1.627,1.566,0,0,0,OFFBOARD
243,OUTBOUND,24.67,38.689,-0.911,1.635,-47.567,-1.518,-0.372,38.689,-0.661,47.567,3.823,2.416,0,3.31,6.176,5.49,39.604,-1.61,1.549,0,0,0,OFFBOARD
244,OUTBOUND,24.77,38.845,-1.068,1.632,-47.567,-1.518,-0.372,38.845,-0.818,47.567,3.624,2.248,0,3.176,5.646,5.489,39.704,-1.573,1.536,0,0,0,OFFBOARD
245,OUTBOUND,24.87,38.991,-1.214,1.627,-47.567,-1.518,-0.372,38.991,-0.964,47.567,3.454,2.094,0,3.09,4.681,5.355,39.804,-1.521,1.524,0,0,0,OFFBOARD
246,OUTBOUND,24.98,39.127,-1.348,1.621,-47.567,-1.518,-0.372,39.127,-1.098,47.567,3.295,1.952,1,2.999,4.505,5.085,39.904,-1.451,1.509,0,0,0,OFFBOARD
247,OUTBOUND,25.08,39.255,-1.467,1.613,-47.567,-1.518,-0.372,39.255,-1.217,47.567,3.155,1.81,1,2.901,4.351,4.788,40.004,-1.364,1.496,0,0,0,OFFBOARD
248,OUTBOUND,25.18,39.377,-1.571,1.605,-47.567,-1.518,-0.372,39.377,-1.321,47.567,3.026,1.67,1,2.809,4.204,4.303,40.104,-1.26,1.483,0,0,0,OFFBOARD
249,OUTBOUND,25.28,39.491,-1.656,1.595,-47.567,-1.518,-0.372,39.491,-1.406,47.567,2.905,1.548,1,2.714,4.069,4.021,40.204,-1.141,1.468,0,0,0,OFFBOARD
250,OUTBOUND,25.38,39.6,-1.723,1.585,-47.567,-1.518,-0.372,39.6,-1.472,47.567,2.8,1.444,1,2.673,3.953,3.896,40.304,-1.01,1.45,0,0,0,OFFBOARD
251,OUTBOUND,25.48,39.703,-1.768,1.574,-47.567,-1.518,-0.372,39.703,-1.518,47.567,2.729,1.346,1,2.627,3.848,3.74,40.404,-0.867,1.43,0,0,0,OFFBOARD
252,OUTBOUND,25.59,39.803,-1.793,1.562,-47.567,-1.518,-0.372,39.803,-1.543,47.567,2.706,1.254,1,2.528,3.751,3.584,40.504,-0.716,1.408,0,0,0,OFFBOARD
253,OUTBOUND,25.69,39.899,-1.796,1.55,-47.567,-1.518,-0.372,39.899,-1.546,47.567,3.385,1.151,1,2.398,3.629,3.529,40.604,-0.572,1.386,0,0,0,OFFBOARD
254,OUTBOUND,25.79,39.99,-1.779,1.537,-47.567,-1.518,-0.372,39.99,-1.529,47.567,3.523,1.189,1,2.303,3.542,3.506,40.704,-0.431,1.364,0,0,0,OFFBOARD
255,OUTBOUND,25.89,40.084,-1.738,1.522,-47.567,-1.518,-0.372,40.084,-1.488,47.567,3.461,1.491,1,2.352,3.458,3.432,40.804,-0.309,1.343,0,0,0,OFFBOARD
256,OUTBOUND,25.99,40.172,-1.678,1.507,-47.567,-1.518,-0.372,40.172,-1.428,47.567,3.372,1.578,1,3.016,4.448,3.652,40.904,-0.198,1.324,0,0,0,OFFBOARD
257,OUTBOUND,26.09,40.259,-1.598,1.491,-47.567,-1.518,-0.372,40.259,-1.348,47.567,3.511,1.712,1,3.214,4.53,3.748,41.004,-0.111,1.307,0,0,0,OFFBOARD
258,OUTBOUND,26.2,40.346,-1.501,1.475,-47.567,-1.518,-0.372,40.346,-1.251,47.567,4.445,1.877,1,3.189,4.543,3.765,41.104,-0.044,1.291,0,0,0,OFFBOARD
259,OUTBOUND,26.3,40.431,-1.388,1.458,-47.567,-1.518,-0.372,40.431,-1.138,47.567,4.355,1.844,1,3.127,5.612,3.74,41.204,0.008,1.278,0,0,0,OFFBOARD
260,OUTBOUND,26.4,40.516,-1.263,1.442,-47.567,-1.518,-0.372,40.516,-1.013,47.567,5.005,2.22,0,3.808,5.71,3.668,41.304,0.026,1.267,0,0,0,OFFBOARD
261,OUTBOUND,26.5,40.603,-1.127,1.424,-47.567,-1.518,-0.372,40.603,-0.877,47.567,5.306,2.442,0,4.107,6.696,3.597,41.404,0.028,1.27,0,0,0,OFFBOARD
262,OUTBOUND,26.6,40.69,-0.984,1.408,-47.567,-1.518,-0.372,40.689,-0.734,47.567,5.28,2.705,0,4.083,10.0,3.53,41.504,0.018,1.284,0,0,0,OFFBOARD
263,OUTBOUND,26.7,40.776,-0.841,1.392,-47.567,-1.518,-0.372,40.776,-0.591,47.567,5.249,2.747,0,4.045,10.0,3.475,41.628,-0.008,1.306,0,0,0,OFFBOARD
264,OUTBOUND,26.8,40.864,-0.698,1.378,-47.567,-1.518,-0.372,40.864,-0.448,47.567,5.102,3.225,0,4.693,10.0,3.432,41.847,-0.055,1.334,0,0,0,OFFBOARD
265,OUTBOUND,26.91,40.955,-0.559,1.367,-47.567,-1.518,-0.372,40.955,-0.309,47.567,4.939,3.491,0,4.923,10.0,3.382,42.075,-0.108,1.366,0,0,0,OFFBOARD
266,OUTBOUND,27.01,41.046,-0.43,1.358,-47.567,-1.518,-0.372,41.046,-0.18,47.567,4.712,3.716,0,4.951,10.0,3.29,42.289,-0.17,1.402,0,0,0,OFFBOARD
267,OUTBOUND,27.11,41.14,-0.312,1.352,-47.567,-1.518,-0.372,41.14,-0.062,47.567,4.428,3.623,0,5.033,10.0,3.158,42.48,-0.226,1.44,0,0,0,OFFBOARD
268,OUTBOUND,27.21,41.239,-0.206,1.35,-47.567,-1.518,-0.372,41.239,0.044,47.567,4.153,3.573,0,5.741,10.0,3.022,42.641,-0.275,1.48,0,0,0,OFFBOARD
269,OUTBOUND,27.31,41.345,-0.118,1.352,-47.567,-1.518,-0.372,41.345,0.132,47.567,3.935,3.372,0,5.787,6.808,2.91,42.875,-0.315,1.52,0,0,0,OFFBOARD
270,OUTBOUND,27.41,41.459,-0.047,1.358,-47.567,-1.518,-0.372,41.459,0.204,47.567,3.798,3.256,0,5.764,6.4,2.839,43.034,-0.349,1.56,0,0,0,OFFBOARD
271,OUTBOUND,27.51,41.583,0.008,1.367,-47.567,-1.518,-0.372,41.583,0.258,47.567,3.735,3.215,0,6.471,6.196,2.807,43.143,-0.383,1.599,0,0,0,OFFBOARD
272,OUTBOUND,27.62,41.719,0.046,1.38,-47.567,-1.518,-0.372,41.719,0.296,47.567,3.762,3.26,0,6.517,6.235,2.825,43.243,-0.42,1.636,0,0,0,OFFBOARD
273,OUTBOUND,27.72,41.866,0.067,1.396,-47.567,-1.518,-0.372,41.866,0.318,47.567,3.901,3.404,0,6.266,6.573,2.906,43.343,-0.466,1.671,0,0,0,OFFBOARD
274,OUTBOUND,27.82,42.02,0.075,1.415,-47.567,-1.518,-0.372,42.02,0.325,47.567,4.164,3.659,0,5.378,10.0,3.052,43.443,-0.526,1.704,0,0,0,OFFBOARD
275,OUTBOUND,27.92,42.179,0.069,1.436,-47.567,-1.518,-0.372,42.179,0.319,47.567,4.559,3.9,0,5.059,10.0,3.264,43.552,-0.601,1.733,0,0,0,OFFBOARD
276,OUTBOUND,28.02,42.345,0.052,1.459,-47.567,-1.518,-0.372,42.345,0.302,47.567,5.058,3.797,0,4.905,10.0,3.519,43.652,-0.687,1.758,0,0,0,OFFBOARD
277,OUTBOUND,28.12,42.512,0.025,1.484,-47.567,-1.518,-0.372,42.512,0.275,47.567,5.826,3.678,0,4.599,10.0,3.893,43.752,-0.774,1.778,0,0,0,OFFBOARD
278,OUTBOUND,28.22,42.678,-0.011,1.511,-47.567,-1.518,-0.372,42.677,0.239,47.567,5.933,3.611,0,4.423,10.0,4.162,43.852,-0.855,1.784,0,0,0,OFFBOARD
279,OUTBOUND,28.33,42.84,-0.057,1.537,-47.567,-1.518,-0.372,42.84,0.194,47.567,5.795,3.758,0,4.244,10.0,4.389,43.952,-0.932,1.779,0,0,0,OFFBOARD
280,OUTBOUND,28.43,42.995,-0.109,1.563,-47.567,-1.518,-0.372,42.995,0.141,47.567,5.651,3.648,0,4.107,10.0,4.559,44.052,-1.006,1.769,0,0,0,OFFBOARD
281,OUTBOUND,28.53,43.146,-0.17,1.587,-47.567,-1.518,-0.372,43.146,0.08,47.567,5.507,3.551,0,4.004,10.0,4.671,44.152,-1.077,1.754,0,0,0,OFFBOARD
282,OUTBOUND,28.63,43.29,-0.238,1.61,-47.567,-1.518,-0.372,43.29,0.012,47.567,5.364,3.45,0,3.884,10.0,4.734,44.252,-1.145,1.737,0,0,0,OFFBOARD
283,OUTBOUND,28.73,43.431,-0.315,1.63,-47.567,-1.518,-0.372,43.431,-0.065,47.567,5.222,3.34,0,3.763,10.0,4.763,44.352,-1.205,1.717,0,0,0,OFFBOARD
284,OUTBOUND,28.83,43.564,-0.396,1.647,-47.567,-1.518,-0.372,43.564,-0.146,47.567,5.082,3.224,0,3.654,10.0,4.771,44.452,-1.262,1.696,0,0,0,OFFBOARD
285,OUTBOUND,28.93,43.693,-0.483,1.661,-47.567,-1.518,-0.372,43.693,-0.233,47.567,4.946,3.102,0,3.548,10.0,4.767,44.552,-1.311,1.676,0,0,0,OFFBOARD
286,OUTBOUND,29.04,43.818,-0.574,1.672,-47.567,-1.518,-0.372,43.818,-0.324,47.567,4.817,2.979,0,3.481,10.0,4.758,44.652,-1.347,1.655,0,0,0,OFFBOARD
287,OUTBOUND,29.14,43.938,-0.666,1.679,-47.567,-1.518,-0.372,43.938,-0.416,47.567,4.691,2.855,0,3.431,10.0,4.744,44.752,-1.375,1.633,0,0,0,OFFBOARD
288,OUTBOUND,29.24,44.054,-0.761,1.683,-47.567,-1.518,-0.372,44.054,-0.511,47.567,4.571,2.74,0,3.315,10.0,4.719,44.852,-1.394,1.609,0,0,0,OFFBOARD
289,OUTBOUND,29.34,44.166,-0.854,1.685,-47.567,-1.518,-0.372,44.166,-0.604,47.567,4.453,2.635,0,3.2,6.939,4.693,44.952,-1.406,1.584,0,0,0,OFFBOARD
290,OUTBOUND,29.44,44.274,-0.946,1.683,-47.567,-1.518,-0.372,44.274,-0.696,47.567,4.337,2.54,0,3.127,6.82,4.653,45.052,-1.404,1.554,0,0,0,OFFBOARD
291,OUTBOUND,29.54,44.379,-1.033,1.678,-47.567,-1.518,-0.372,44.379,-0.783,47.567,4.228,2.444,0,3.062,6.704,4.603,45.152,-1.39,1.522,0,0,0,OFFBOARD
292,OUTBOUND,29.64,44.481,-1.117,1.671,-47.567,-1.518,-0.372,44.481,-0.867,47.567,4.122,2.345,0,3.003,6.592,4.542,45.252,-1.365,1.489,0,0,0,OFFBOARD
293,OUTBOUND,29.75,44.58,-1.194,1.661,-47.567,-1.518,-0.372,44.58,-0.944,47.567,4.018,2.252,0,2.949,6.383,4.473,45.352,-1.334,1.456,0,0,0,OFFBOARD
294,OUTBOUND,29.85,44.676,-1.264,1.648,-47.567,-1.518,-0.372,44.676,-1.014,47.567,3.916,2.156,0,3.259,6.043,4.394,45.452,-1.296,1.424,0,0,0,OFFBOARD
295,OUTBOUND,29.95,44.772,-1.326,1.633,-47.567,-1.518,-0.372,44.772,-1.076,47.567,3.834,2.059,0,3.279,5.24,4.312,45.552,-1.251,1.395,0,0,0,OFFBOARD
296,OUTBOUND,30.05,44.865,-1.379,1.616,-47.567,-1.518,-0.372,44.865,-1.129,47.567,3.795,1.978,1,3.301,5.086,4.227,45.652,-1.198,1.367,0,0,0,OFFBOARD
297,OUTBOUND,30.15,44.956,-1.422,1.597,-47.567,-1.518,-0.372,44.956,-1.172,47.567,3.765,1.901,1,3.308,4.928,4.115,45.752,-1.136,1.349,0,0,0,OFFBOARD
298,OUTBOUND,30.25,45.049,-1.455,1.577,-47.567,-1.518,-0.372,45.049,-1.205,47.567,4.285,1.868,1,3.318,4.846,4.032,45.852,-1.071,1.337,0,0,0,OFFBOARD
299,OUTBOUND,30.36,45.143,-1.478,1.554,-47.567,-1.518,-0.372,45.143,-1.228,47.567,4.34,1.864,1,3.324,4.825,4.004,45.952,-1.002,1.324,0,0,0,OFFBOARD
300,OUTBOUND,30.46,45.235,-1.489,1.533,-47.567,-1.518,-0.372,45.235,-1.239,47.567,4.561,1.882,1,3.31,4.79,3.885,46.052,-0.925,1.311,0,0,0,OFFBOARD
301,OUTBOUND,30.56,45.326,-1.489,1.511,-47.567,-1.518,-0.372,45.326,-1.239,47.567,4.474,1.92,1,3.217,5.517,3.822,46.152,-0.853,1.298,0,0,0,OFFBOARD
302,OUTBOUND,30.66,45.417,-1.477,1.49,-47.567,-1.518,-0.372,45.417,-1.227,47.567,4.382,1.872,1,3.126,5.64,3.763,46.252,-0.791,1.285,0,0,0,OFFBOARD
303,OUTBOUND,30.76,45.51,-1.455,1.468,-47.567,-1.518,-0.372,45.51,-1.205,47.567,4.29,1.781,1,3.035,5.55,3.706,46.352,-0.728,1.274,0,0,0,OFFBOARD
304,OUTBOUND,30.86,45.602,-1.423,1.448,-47.567,-1.518,-0.372,45.602,-1.173,47.567,4.198,1.803,1,3.124,5.459,3.65,46.452,-0.67,1.265,0,0,0,OFFBOARD
305,OUTBOUND,30.96,45.695,-1.381,1.428,-47.567,-1.518,-0.372,45.695,-1.131,47.567,4.331,2.101,0,3.76,5.405,3.599,46.552,-0.638,1.257,0,0,0,OFFBOARD
306,OUTBOUND,31.07,45.789,-1.33,1.409,-47.567,-1.518,-0.372,45.789,-1.08,47.567,5.084,2.182,0,3.902,6.337,3.551,46.652,-0.617,1.264,0,0,0,OFFBOARD
307,OUTBOUND,31.17,45.884,-1.272,1.391,-47.567,-1.518,-0.372,45.884,-1.022,47.567,5.117,2.288,0,3.915,6.436,3.505,46.752,-0.6,1.281,0,0,0,OFFBOARD
308,OUTBOUND,31.27,45.98,-1.207,1.375,-47.567,-1.518,-0.372,45.98,-0.957,47.567,5.078,2.411,0,3.822,6.346,3.464,46.852,-0.588,1.307,0,0,0,OFFBOARD
309,OUTBOUND,31.37,46.076,-1.138,1.361,-47.567,-1.518,-0.372,46.076,-0.888,47.567,4.983,2.475,0,3.727,6.254,3.429,46.952,-0.591,1.338,0,0,0,OFFBOARD
310,OUTBOUND,31.47,46.172,-1.067,1.35,-47.567,-1.518,-0.372,46.172,-0.817,47.567,4.908,2.389,0,3.797,6.16,3.404,47.052,-0.595,1.374,0,0,0,OFFBOARD
311,OUTBOUND,31.57,46.27,-0.995,1.343,-47.567,-1.518,-0.372,46.27,-0.745,47.567,4.936,2.5,0,4.347,6.066,3.388,47.152,-0.61,1.413,0,0,0,OFFBOARD
312,OUTBOUND,31.67,46.368,-0.925,1.339,-47.567,-1.518,-0.372,46.368,-0.675,47.567,4.974,2.944,0,4.464,5.969,3.381,47.252,-0.64,1.454,0,0,0,OFFBOARD
313,OUTBOUND,31.78,46.466,-0.858,1.339,-47.567,-1.518,-0.372,46.466,-0.608,47.567,5.037,3.04,0,4.569,5.872,3.384,47.352,-0.672,1.496,0,0,0,OFFBOARD
314,OUTBOUND,31.88,46.566,-0.795,1.342,-47.567,-1.518,-0.372,46.566,-0.545,47.567,5.058,3.13,0,4.503,5.774,3.398,47.452,-0.709,1.538,0,0,0,OFFBOARD
315,OUTBOUND,31.98,46.665,-0.739,1.35,-47.567,-1.518,-0.372,46.665,-0.489,47.567,5.068,3.154,0,4.407,5.676,3.42,47.552,-0.753,1.579,0,0,0,OFFBOARD
316,OUTBOUND,32.08,46.765,-0.689,1.362,-47.567,-1.518,-0.372,46.765,-0.439,47.567,5.1,3.057,0,4.31,5.578,3.451,47.652,-0.796,1.619,0,0,0,OFFBOARD
317,OUTBOUND,32.18,46.865,-0.649,1.377,-47.567,-1.518,-0.372,46.865,-0.399,47.567,5.145,3.012,0,4.253,5.478,3.489,47.752,-0.838,1.657,0,0,0,OFFBOARD
318,OUTBOUND,32.28,46.966,-0.616,1.396,-47.567,-1.518,-0.372,46.966,-0.366,47.567,5.205,3.05,0,4.257,5.38,3.534,47.852,-0.883,1.692,0,0,0,OFFBOARD
319,OUTBOUND,32.38,47.066,-0.593,1.417,-47.567,-1.518,-0.372,47.066,-0.343,47.567,5.272,3.334,0,4.245,5.281,3.585,47.952,-0.935,1.724,0,0,0,OFFBOARD
320,OUTBOUND,32.49,47.166,-0.58,1.44,-47.567,-1.518,-0.372,47.166,-0.33,47.567,5.181,3.35,0,4.536,5.181,3.643,48.052,-0.986,1.752,0,0,0,OFFBOARD
321,OUTBOUND,32.59,47.267,-0.575,1.466,-47.567,-1.518,-0.372,47.267,-0.325,47.567,5.082,3.356,0,4.513,5.082,3.704,48.152,-1.035,1.777,0,0,0,OFFBOARD
322,OUTBOUND,32.69,47.367,-0.579,1.492,-47.567,-1.518,-0.372,47.367,-0.329,47.567,4.948,3.325,0,4.454,4.948,3.792,48.252,-1.082,1.797,0,0,0,OFFBOARD
323,OUTBOUND,32.79,47.471,-0.592,1.521,-47.567,-1.518,-0.372,47.471,-0.342,47.567,4.848,3.274,0,4.393,4.848,3.861,48.352,-1.125,1.812,0,0,0,OFFBOARD
324,OUTBOUND,32.89,47.573,-0.614,1.549,-47.567,-1.518,-0.372,47.573,-0.364,47.567,4.748,3.212,0,4.32,4.748,3.93,48.452,-1.162,1.819,0,0,0,OFFBOARD
325,OUTBOUND,32.99,47.674,-0.642,1.576,-47.567,-1.518,-0.372,47.674,-0.392,47.567,4.647,3.141,0,4.24,4.648,3.999,48.552,-1.194,1.82,0,0,0,OFFBOARD
326,OUTBOUND,33.1,47.776,-0.678,1.603,-47.567,-1.518,-0.372,47.776,-0.428,47.567,4.549,3.065,0,4.16,4.549,4.063,48.652,-1.22,1.811,0,0,0,OFFBOARD
327,OUTBOUND,33.2,47.876,-0.719,1.629,-47.567,-1.518,-0.372,47.876,-0.469,47.567,4.448,2.982,0,4.08,4.449,4.123,48.752,-1.238,1.796,0,0,0,OFFBOARD
328,OUTBOUND,33.3,47.976,-0.764,1.652,-47.567,-1.518,-0.372,47.976,-0.514,47.567,4.349,2.898,0,4.009,4.35,4.177,48.852,-1.249,1.774,0,0,0,OFFBOARD
329,OUTBOUND,33.4,48.077,-0.813,1.672,-47.567,-1.518,-0.372,48.077,-0.563,47.567,4.316,2.869,0,3.985,4.317,4.194,48.952,-1.26,1.744,0,0,0,OFFBOARD
330,OUTBOUND,33.5,48.177,-0.865,1.689,-47.567,-1.518,-0.372,48.177,-0.615,47.567,4.151,2.722,0,3.871,4.152,4.151,49.052,-1.258,1.708,0,0,0,OFFBOARD
331,OUTBOUND,33.6,48.278,-0.918,1.702,-47.567,-1.518,-0.372,48.278,-0.668,47.567,4.051,2.638,0,3.799,4.052,4.051,49.152,-1.249,1.667,0,0,0,OFFBOARD
332,OUTBOUND,33.7,48.378,-0.971,1.711,-47.567,-1.518,-0.372,48.378,-0.721,47.567,3.953,2.561,0,3.728,3.954,3.953,49.252,-1.233,1.623,0,0,0,OFFBOARD
333,OUTBOUND,33.8,48.478,-1.023,1.715,-47.567,-1.518,-0.372,48.478,-0.773,47.567,3.854,2.489,0,3.66,3.855,3.854,49.352,-1.209,1.577,0,0,0,OFFBOARD
334,OUTBOUND,33.91,48.579,-1.072,1.715,-47.567,-1.518,-0.372,48.579,-0.822,47.567,3.755,2.425,0,3.593,3.756,3.755,49.452,-1.174,1.53,0,0,0,OFFBOARD
335,OUTBOUND,34.01,48.679,-1.118,1.71,-47.567,-1.518,-0.372,48.679,-0.868,47.567,3.657,2.367,0,3.535,3.657,3.656,49.552,-1.129,1.484,0,0,0,OFFBOARD
336,OUTBOUND,34.11,48.779,-1.159,1.701,-47.567,-1.518,-0.372,48.779,-0.909,47.567,3.557,2.295,0,3.491,3.557,3.557,49.652,-1.08,1.441,0,0,0,OFFBOARD
337,OUTBOUND,34.21,48.878,-1.195,1.688,-47.567,-1.518,-0.372,48.878,-0.945,47.567,3.458,2.197,0,3.453,3.458,3.458,49.752,-1.027,1.401,0,0,0,OFFBOARD
338,OUTBOUND,34.31,48.979,-1.224,1.67,-47.567,-1.518,-0.372,48.979,-0.974,47.567,3.36,2.099,0,3.355,3.361,3.36,49.852,-0.972,1.364,0,0,0,OFFBOARD
339,OUTBOUND,34.41,49.079,-1.245,1.649,-47.567,-1.518,-0.372,49.079,-0.995,47.567,3.262,2.0,0,3.257,3.262,3.262,49.952,-0.899,1.33,0,0,0,OFFBOARD
340,OUTBOUND,34.51,49.179,-1.259,1.626,-47.567,-1.518,-0.372,49.179,-1.009,47.567,3.163,1.903,1,3.158,3.163,3.163,50.052,-0.816,1.299,0,0,0,OFFBOARD
341,OUTBOUND,34.62,49.279,-1.264,1.6,-47.567,-1.518,-0.372,49.279,-1.014,47.567,3.064,1.913,1,3.065,3.064,3.064,50.152,-0.716,1.275,0,0,0,OFFBOARD
342,OUTBOUND,34.72,49.38,-1.26,1.572,-47.567,-1.518,-0.372,49.38,-1.01,47.567,2.965,1.937,1,3.124,2.965,2.965,50.252,-0.615,1.254,0,0,0,OFFBOARD
343,OUTBOUND,34.82,49.48,-1.247,1.544,-47.567,-1.518,-0.372,49.48,-0.997,47.567,2.867,2.197,0,3.636,2.867,2.867,50.352,-0.532,1.236,0,0,0,OFFBOARD
344,OUTBOUND,34.92,49.581,-1.223,1.514,-47.567,-1.518,-0.372,49.581,-0.973,47.567,2.736,2.266,0,3.809,2.736,2.736,50.452,-0.445,1.226,0,0,0,OFFBOARD
345,OUTBOUND,35.02,49.681,-1.19,1.485,-47.567,-1.518,-0.372,49.681,-0.94,47.567,2.637,2.351,0,3.889,2.638,2.637,50.552,-0.363,1.225,0,0,0,OFFBOARD
346,OUTBOUND,35.12,49.781,-1.147,1.457,-47.567,-1.518,-0.372,49.781,-0.897,47.567,2.539,2.449,0,3.79,2.539,2.539,50.652,-0.289,1.233,0,0,0,OFFBOARD
347,OUTBOUND,35.23,49.88,-1.095,1.431,-47.567,-1.518,-0.372,49.88,-0.844,47.567,2.441,2.435,0,3.692,2.441,2.44,50.752,-0.213,1.251,0,0,0,OFFBOARD
348,OUTBOUND,35.33,49.98,-1.032,1.406,-47.567,-1.518,-0.372,49.98,-0.782,47.567,2.342,2.342,0,3.791,2.342,2.342,50.852,-0.134,1.275,0,0,0,OFFBOARD
349,OUTBOUND,35.43,50.08,-0.963,1.384,-47.567,-1.518,-0.372,50.08,-0.713,47.567,2.244,2.244,0,4.445,2.244,2.244,50.952,-0.049,1.305,0,0,0,OFFBOARD
350,OUTBOUND,35.53,50.179,-0.886,1.366,-47.567,-1.518,-0.372,50.179,-0.636,47.567,2.181,2.146,0,4.584,2.148,2.146,51.052,0.044,1.339,0,0,0,OFFBOARD
351,OUTBOUND,35.63,50.279,-0.803,1.352,-47.567,-1.518,-0.372,50.279,-0.553,47.567,2.628,2.047,0,4.554,2.551,2.205,51.152,0.14,1.377,0,0,0,OFFBOARD
352,OUTBOUND,35.73,50.379,-0.716,1.342,-47.567,-1.518,-0.372,50.379,-0.466,47.567,3.104,1.949,1,4.455,2.99,2.62,51.252,0.24,1.418,0,0,0,OFFBOARD
353,OUTBOUND,35.83,50.478,-0.625,1.337,-47.567,-1.518,-0.372,50.478,-0.375,47.567,5.174,1.851,1,4.409,10.0,3.266,51.352,0.368,1.448,0,0,0,OFFBOARD
354,OUTBOUND,35.94,50.579,-0.531,1.336,-47.567,-1.518,-0.372,50.578,-0.281,47.567,5.177,1.752,1,4.832,10.0,3.414,51.452,0.488,1.472,0,0,0,OFFBOARD
355,OUTBOUND,36.04,50.679,-0.434,1.338,-47.567,-1.518,-0.372,50.679,-0.184,47.567,5.187,1.653,1,4.98,10.0,3.419,51.552,0.593,1.489,0,0,0,OFFBOARD
356,OUTBOUND,36.14,50.778,-0.335,1.344,-47.567,-1.518,-0.372,50.778,-0.085,47.567,5.205,1.661,1,5.048,10.0,3.433,51.652,0.662,1.502,0,0,0,OFFBOARD
357,OUTBOUND,36.24,50.878,-0.234,1.353,-47.567,-1.518,-0.372,50.878,0.016,47.567,5.232,1.835,1,5.088,10.0,3.452,51.752,0.711,1.511,0,0,0,OFFBOARD
358,OUTBOUND,36.34,50.977,-0.13,1.364,-47.567,-1.518,-0.372,50.977,0.12,47.567,5.275,2.016,0,5.112,10.0,3.477,51.852,0.707,1.516,0,0,0,OFFBOARD
359,OUTBOUND,36.44,51.078,-0.022,1.376,-47.567,-1.518,-0.372,51.078,0.228,47.567,5.335,2.204,0,5.022,10.0,3.503,51.952,0.686,1.529,0,0,0,OFFBOARD
360,OUTBOUND,36.54,51.176,0.084,1.388,-47.567,-1.518,-0.372,51.176,0.334,47.567,5.406,3.83,0,4.924,10.0,3.529,52.052,0.603,1.548,0,0,0,OFFBOARD
361,OUTBOUND,36.64,51.276,0.191,1.402,-47.567,-1.518,-0.372,51.276,0.441,47.567,5.417,3.656,0,4.824,10.0,3.565,52.152,0.513,1.569,0,0,0,OFFBOARD
362,OUTBOUND,36.75,51.377,0.296,1.416,-47.567,-1.518,-0.372,51.377,0.546,47.567,5.396,3.486,0,4.726,10.0,3.601,52.252,0.417,1.591,0,0,0,OFFBOARD
363,OUTBOUND,36.85,51.476,0.394,1.431,-47.567,-1.518,-0.372,51.476,0.644,47.567,5.373,3.371,0,4.627,10.0,3.639,52.352,0.316,1.612,0,0,0,OFFBOARD
364,OUTBOUND,36.95,51.576,0.482,1.446,-47.567,-1.518,-0.372,51.576,0.732,47.567,5.359,3.272,0,4.528,10.0,3.671,52.452,0.212,1.631,0,0,0,OFFBOARD
365,OUTBOUND,37.05,51.677,0.557,1.463,-47.567,-1.518,-0.372,51.677,0.807,47.567,5.361,3.174,0,4.43,10.0,3.703,52.552,0.104,1.647,0,0,0,OFFBOARD
366,OUTBOUND,37.15,51.776,0.616,1.479,-47.567,-1.518,-0.372,51.776,0.866,47.567,5.381,3.076,0,4.332,10.0,3.737,52.652,-0.008,1.661,0,0,0,OFFBOARD
367,OUTBOUND,37.25,51.877,0.656,1.496,-47.567,-1.518,-0.372,51.877,0.906,47.567,5.418,2.977,0,4.233,10.0,3.774,52.752,-0.124,1.672,0,0,0,OFFBOARD
368,OUTBOUND,37.36,51.977,0.676,1.513,-47.567,-1.518,-0.372,51.977,0.926,47.567,5.47,2.878,0,4.148,10.0,3.814,52.852,-0.244,1.682,0,0,0,OFFBOARD
369,OUTBOUND,37.46,52.076,0.676,1.53,-47.567,-1.518,-0.372,52.076,0.926,47.567,5.554,2.777,0,4.087,10.0,3.869,52.952,-0.369,1.688,0,0,0,OFFBOARD
370,OUTBOUND,37.56,52.175,0.658,1.546,-47.567,-1.518,-0.372,52.175,0.908,47.567,5.602,2.778,0,4.066,10.0,3.897,53.052,-0.494,1.69,0,0,0,OFFBOARD
371,OUTBOUND,37.66,52.277,0.62,1.563,-47.567,-1.518,-0.372,52.277,0.87,47.567,5.7,3.109,0,4.391,10.0,3.952,53.152,-0.61,1.689,0,0,0,OFFBOARD
372,OUTBOUND,37.76,52.378,0.564,1.578,-47.567,-1.518,-0.372,52.378,0.814,47.567,5.774,3.185,0,4.436,10.0,3.991,53.252,-0.725,1.685,0,0,0,OFFBOARD
373,OUTBOUND,37.86,52.478,0.493,1.592,-47.567,-1.518,-0.372,52.478,0.744,47.567,5.846,3.271,0,4.444,10.0,4.027,53.352,-0.839,1.678,0,0,0,OFFBOARD
374,OUTBOUND,37.96,52.578,0.409,1.604,-47.567,-1.518,-0.372,52.578,0.659,47.567,5.917,3.379,0,4.461,10.0,4.06,53.452,-0.948,1.667,0,0,0,OFFBOARD
375,OUTBOUND,38.07,52.678,0.312,1.615,-47.567,-1.518,-0.372,52.678,0.562,47.567,5.924,3.411,0,4.444,10.0,4.089,53.552,-1.05,1.653,0,0,0,OFFBOARD
376,OUTBOUND,38.17,52.778,0.203,1.624,-47.567,-1.518,-0.372,52.778,0.453,47.567,5.824,3.311,0,4.381,10.0,4.112,53.652,-1.15,1.637,0,0,0,OFFBOARD
377,OUTBOUND,38.27,52.878,0.086,1.631,-47.567,-1.518,-0.372,52.878,0.336,47.567,5.88,3.418,0,4.312,10.0,4.13,53.752,-1.244,1.619,0,0,0,OFFBOARD
378,OUTBOUND,38.37,52.979,-0.04,1.636,-47.567,-1.518,-0.372,52.979,0.21,47.567,5.823,3.946,0,4.242,10.0,4.141,53.852,-1.322,1.599,0,0,0,OFFBOARD
379,OUTBOUND,38.47,53.078,-0.172,1.639,-47.567,-1.518,-0.372,53.078,0.078,47.567,5.758,3.79,0,4.165,10.0,4.145,53.952,-1.393,1.574,0,0,0,OFFBOARD
380,OUTBOUND,38.57,53.179,-0.309,1.639,-47.567,-1.518,-0.372,53.179,-0.059,47.567,5.711,3.568,0,4.08,10.0,4.145,54.052,-1.455,1.547,0,0,0,OFFBOARD
381,OUTBOUND,38.67,53.278,-0.447,1.637,-47.567,-1.518,-0.372,53.278,-0.197,47.567,5.543,3.354,0,4.037,10.0,4.14,54.152,-1.512,1.517,0,0,0,OFFBOARD
382,OUTBOUND,38.78,53.379,-0.587,1.633,-47.567,-1.518,-0.372,53.379,-0.337,47.567,5.359,2.891,0,3.977,10.0,4.131,54.252,-1.546,1.486,0,0,0,OFFBOARD
383,OUTBOUND,38.88,53.479,-0.725,1.626,-47.567,-1.518,-0.372,53.479,-0.475,47.567,5.165,2.705,0,3.878,10.0,4.118,54.352,-1.567,1.455,0,0,0,OFFBOARD
384,OUTBOUND,38.98,53.578,-0.86,1.616,-47.567,-1.518,-0.372,53.578,-0.61,47.567,5.036,2.525,0,3.78,10.0,4.099,54.452,-1.576,1.426,0,0,0,OFFBOARD
385,OUTBOUND,39.08,53.679,-0.992,1.604,-47.567,-1.518,-0.372,53.679,-0.742,47.567,4.937,2.425,0,3.681,10.0,4.075,54.552,-1.576,1.402,0,0,0,OFFBOARD
386,OUTBOUND,39.18,53.778,-1.116,1.59,-47.567,-1.518,-0.372,53.778,-0.866,47.567,4.839,2.326,0,3.583,10.0,4.046,54.652,-1.567,1.38,0,0,0,OFFBOARD
387,OUTBOUND,39.28,53.878,-1.232,1.575,-47.567,-1.518,-0.372,53.878,-0.982,47.567,4.74,2.228,0,3.484,5.996,4.01,54.752,-1.547,1.361,0,0,0,OFFBOARD
388,OUTBOUND,39.38,53.978,-1.339,1.557,-47.567,-1.518,-0.372,53.978,-1.089,47.567,4.642,2.129,0,3.385,5.898,3.969,54.852,-1.506,1.344,0,0,0,OFFBOARD
389,OUTBOUND,39.49,54.078,-1.435,1.539,-47.567,-1.518,-0.372,54.078,-1.185,47.567,4.543,2.03,0,3.287,5.799,3.925,54.952,-1.453,1.33,0,0,0,OFFBOARD
390,OUTBOUND,39.59,54.179,-1.519,1.52,-47.567,-1.518,-0.372,54.178,-1.269,47.567,4.444,1.932,1,3.188,5.615,3.868,55.052,-1.39,1.321,0,0,0,OFFBOARD
391,OUTBOUND,39.69,54.276,-1.588,1.502,-47.567,-1.518,-0.372,54.276,-1.338,47.567,4.312,1.8,1,3.056,4.398,3.767,55.152,-1.314,1.311,0,0,0,OFFBOARD
392,OUTBOUND,39.79,54.38,-1.648,1.482,-47.567,-1.518,-0.372,54.38,-1.397,47.567,4.214,1.701,1,2.958,4.214,3.687,55.252,-1.221,1.3,0,0,0,OFFBOARD
393,OUTBOUND,39.89,54.479,-1.69,1.463,-47.567,-1.518,-0.372,54.479,-1.44,47.567,4.115,1.603,1,2.859,4.115,3.612,55.352,-1.119,1.291,0,0,0,OFFBOARD
394,OUTBOUND,40.0,54.581,-1.718,1.445,-47.567,-1.518,-0.372,54.581,-1.468,47.567,4.017,1.504,1,2.761,4.017,3.551,55.452,-1.013,1.283,0,0,0,OFFBOARD
395,OUTBOUND,40.1,54.68,-1.73,1.428,-47.567,-1.518,-0.372,54.68,-1.48,47.567,3.985,1.472,1,2.729,3.985,3.535,55.552,-0.908,1.276,0,0,0,OFFBOARD
396,OUTBOUND,40.2,54.779,-1.727,1.411,-47.567,-1.518,-0.372,54.779,-1.477,47.567,3.82,1.392,1,2.646,3.899,3.487,55.652,-0.799,1.271,0,0,0,OFFBOARD
397,OUTBOUND,40.3,54.879,-1.709,1.395,-47.567,-1.518,-0.372,54.879,-1.459,47.567,3.755,1.413,1,2.684,3.952,3.483,55.752,-0.694,1.268,0,0,0,OFFBOARD
398,OUTBOUND,40.4,54.979,-1.675,1.38,-47.567,-1.518,-0.372,54.979,-1.425,47.567,3.683,1.763,1,3.306,4.879,3.491,55.852,-0.612,1.267,0,0,0,OFFBOARD
399,OUTBOUND,40.5,55.079,-1.626,1.366,-47.567,-1.518,-0.372,55.078,-1.376,47.567,4.356,1.848,1,3.403,4.781,3.488,55.952,-0.551,1.268,0,0,0,OFFBOARD
400,OUTBOUND,40.6,55.178,-1.564,1.353,-47.567,-1.518,-0.372,55.178,-1.314,47.567,4.682,1.977,1,3.426,4.683,3.464,56.052,-0.497,1.271,0,0,0,OFFBOARD
401,OUTBOUND,40.7,55.278,-1.489,1.341,-47.567,-1.518,-0.372,55.278,-1.238,47.567,4.584,2.071,0,3.327,5.74,3.439,56.152,-0.449,1.275,0,0,0,OFFBOARD
402,OUTBOUND,40.81,55.378,-1.403,1.331,-47.567,-1.518,-0.372,55.378,-1.153,47.567,4.485,1.973,1,3.317,5.642,3.416,56.252,-0.409,1.292,0,0,0,OFFBOARD
403,OUTBOUND,40.91,55.477,-1.309,1.323,-47.567,-1.518,-0.372,55.477,-1.059,47.567,4.946,2.039,0,3.967,5.707,3.393,56.352,-0.378,1.307,0,0,0,OFFBOARD
404,OUTBOUND,41.01,55.577,-1.208,1.316,-47.567,-1.518,-0.372,55.577,-0.958,47.567,5.069,2.444,0,4.157,5.6,3.372,56.452,-0.377,1.333,0,0,0,OFFBOARD
405,OUTBOUND,41.11,55.677,-1.104,1.311,-47.567,-1.518,-0.372,55.677,-0.853,47.567,5.115,2.61,0,4.188,5.451,3.358,56.552,-0.382,1.366,0,0,0,OFFBOARD
406,OUTBOUND,41.21,55.777,-0.999,1.309,-47.567,-1.518,-0.372,55.777,-0.749,47.567,5.085,2.79,0,4.091,5.294,3.351,56.652,-0.404,1.404,0,0,0,OFFBOARD
407,OUTBOUND,41.31,55.876,-0.897,1.309,-47.567,-1.518,-0.372,55.876,-0.647,47.567,5.013,2.736,0,4.037,5.133,3.352,56.752,-0.431,1.444,0,0,0,OFFBOARD
408,OUTBOUND,41.41,55.975,-0.797,1.313,-47.567,-1.518,-0.372,55.975,-0.547,47.567,4.922,2.802,0,4.552,4.971,3.362,56.852,-0.463,1.487,0,0,0,OFFBOARD
409,OUTBOUND,41.51,56.076,-0.703,1.32,-47.567,-1.518,-0.372,56.076,-0.453,47.567,4.769,3.281,0,4.69,4.806,3.38,56.952,-0.51,1.53,0,0,0,OFFBOARD
410,OUTBOUND,41.62,56.176,-0.618,1.331,-47.567,-1.518,-0.372,56.176,-0.368,47.567,4.617,3.396,0,4.779,4.648,3.402,57.052,-0.56,1.573,0,0,0,OFFBOARD
411,OUTBOUND,41.72,56.276,-0.542,1.345,-47.567,-1.518,-0.372,56.276,-0.292,47.567,4.456,3.511,0,4.754,4.486,3.431,57.152,-0.618,1.614,0,0,0,OFFBOARD
412,OUTBOUND,41.82,56.376,-0.478,1.362,-47.567,-1.518,-0.372,56.376,-0.228,47.567,4.293,3.498,0,4.654,4.322,3.469,57.252,-0.676,1.654,0,0,0,OFFBOARD
413,OUTBOUND,41.92,56.477,-0.425,1.382,-47.567,-1.518,-0.372,56.477,-0.175,47.567,4.144,3.4,0,4.556,4.161,3.514,57.352,-0.731,1.691,0,0,0,OFFBOARD
414,OUTBOUND,42.02,56.577,-0.385,1.405,-47.567,-1.518,-0.372,56.577,-0.135,47.567,3.985,3.396,0,4.458,3.998,3.566,57.452,-0.784,1.724,0,0,0,OFFBOARD
415,OUTBOUND,42.12,56.677,-0.358,1.43,-47.567,-1.518,-0.372,56.676,-0.108,47.567,3.823,3.684,0,4.422,3.836,3.622,57.552,-0.842,1.754,0,0,0,OFFBOARD
416,OUTBOUND,42.23,56.774,-0.344,1.456,-47.567,-1.518,-0.372,56.774,-0.094,47.567,3.609,3.609,0,4.362,3.619,3.647,57.652,-0.897,1.78,0,0,0,OFFBOARD
417,OUTBOUND,42.33,56.879,-0.342,1.485,-47.567,-1.518,-0.372,56.879,-0.092,47.567,3.452,3.445,0,4.306,3.46,3.546,57.752,-0.949,1.802,0,0,0,OFFBOARD
418,OUTBOUND,42.43,56.979,-0.352,1.514,-47.567,-1.518,-0.372,56.979,-0.102,47.567,3.292,3.283,0,4.242,3.298,3.374,57.852,-0.997,1.818,0,0,0,OFFBOARD
419,OUTBOUND,42.53,57.078,-0.373,1.543,-47.567,-1.518,-0.372,57.078,-0.123,47.567,3.13,3.123,0,4.196,3.137,3.187,57.952,-1.036,1.824,0,0,0,OFFBOARD
420,OUTBOUND,42.63,57.179,-0.405,1.572,-47.567,-1.518,-0.372,57.179,-0.155,47.567,2.967,2.964,0,4.237,2.976,2.997,58.052,-1.055,1.818,0,0,0,OFFBOARD
421,OUTBOUND,42.73,57.279,-0.445,1.6,-47.567,-1.518,-0.372,57.279,-0.194,47.567,2.799,2.799,0,4.226,2.815,2.816,58.152,-1.047,1.801,0,0,0,OFFBOARD
422,OUTBOUND,42.83,57.379,-0.492,1.626,-47.567,-1.518,-0.372,57.379,-0.242,47.567,2.633,2.633,0,4.189,2.659,2.647,58.252,-1.009,1.774,0,0,0,OFFBOARD
423,OUTBOUND,42.94,57.479,-0.545,1.649,-47.567,-1.518,-0.372,57.479,-0.295,47.567,2.464,2.464,0,4.124,2.503,2.467,58.352,-0.937,1.741,0,0,0,OFFBOARD
424,OUTBOUND,43.04,57.579,-0.603,1.669,-47.567,-1.518,-0.372,57.579,-0.353,47.567,2.31,2.31,0,4.062,2.349,2.277,58.452,-0.836,1.702,0,0,0,OFFBOARD
425,OUTBOUND,43.14,57.679,-0.661,1.684,-47.567,-1.518,-0.372,57.679,-0.411,47.567,2.153,2.153,0,4.011,2.197,2.123,58.552,-0.72,1.658,0,0,0,OFFBOARD
426,OUTBOUND,43.24,57.779,-0.719,1.695,-47.567,-1.518,-0.372,57.778,-0.469,47.567,1.999,1.999,1,3.978,2.043,1.983,58.652,-0.62,1.612,0,0,0,OFFBOARD
427,OUTBOUND,43.34,57.878,-0.772,1.701,-47.567,-1.518,-0.372,57.878,-0.522,47.567,1.839,1.839,1,3.95,1.883,1.827,58.786,-0.495,1.567,0,0,0,OFFBOARD
428,OUTBOUND,43.44,57.978,-0.819,1.702,-47.567,-1.518,-0.372,57.978,-0.569,47.567,1.682,1.682,1,3.94,1.717,1.67,58.982,-0.377,1.523,0,0,0,OFFBOARD
429,OUTBOUND,43.54,58.077,-0.855,1.698,-47.567,-1.518,-0.372,58.077,-0.605,47.567,1.52,1.52,1,3.965,1.548,1.512,59.173,-0.259,1.486,0,0,0,OFFBOARD
430,OUTBOUND,43.64,58.178,-0.878,1.69,-47.567,-1.518,-0.372,58.178,-0.628,47.567,1.367,1.367,1,3.959,1.385,1.357,59.369,-0.166,1.458,0,0,0,OFFBOARD
431,OUTBOUND,43.75,58.28,-0.886,1.678,-47.567,-1.518,-0.372,58.28,-0.636,47.567,1.212,1.212,1,3.96,1.22,1.201,59.649,-0.093,1.438,0,0,0,OFFBOARD
432,OUTBOUND,43.85,58.386,-0.878,1.662,-47.567,-1.518,-0.372,58.386,-0.628,47.567,1.05,1.05,1,3.898,1.054,1.044,59.987,0.033,1.424,0,0,0,OFFBOARD
433,OUTBOUND,43.95,58.496,-0.854,1.645,-47.567,-1.518,-0.372,58.496,-0.604,47.567,0.889,0.877,1,4.324,0.885,0.883,60.362,0.163,1.415,0,0,0,OFFBOARD
434,OUTBOUND,44.05,58.613,-0.814,1.626,-47.567,-1.518,-0.372,58.613,-0.564,47.567,0.72,0.696,1,4.249,0.756,0.714,60.761,0.373,1.411,0,1,0,OFFBOARD
435,OUTBOUND,44.15,58.741,-0.759,1.606,-47.567,-1.518,-0.372,58.74,-0.509,47.567,0.548,0.51,1,5.59,0.628,0.542,61.177,0.723,1.412,0,1,0,OFFBOARD
436,OUTBOUND,44.25,58.882,-0.69,1.586,-47.567,-1.518,-0.372,58.882,-0.44,47.567,0.417,0.38,1,5.678,6.353,0.369,61.457,1.073,1.416,0,1,0,OFFBOARD
437,OUTBOUND,44.35,59.036,-0.609,1.567,-47.567,-1.518,-0.372,59.036,-0.359,47.567,3.988,2.648,0,5.562,6.318,3.041,61.64,1.008,1.422,0,0,0,OFFBOARD
438,OUTBOUND,44.46,59.202,-0.513,1.549,-47.567,-1.518,-0.372,59.202,-0.263,47.567,4.088,2.487,0,5.494,6.63,3.094,61.759,0.896,1.431,0,0,0,OFFBOARD
439,OUTBOUND,44.56,59.38,-0.402,1.533,-47.567,-1.518,-0.372,59.38,-0.152,47.567,4.313,2.303,0,5.305,10.0,3.213,61.859,0.744,1.444,0,0,0,OFFBOARD
440,OUTBOUND,44.66,59.563,-0.278,1.519,-47.567,-1.518,-0.372,59.563,-0.028,47.567,4.782,2.043,0,5.105,10.0,2.47,61.959,0.548,1.459,0,0,0,OFFBOARD
441,OUTBOUND,44.76,59.759,-0.136,1.506,-47.567,-1.518,-0.372,59.759,0.114,47.567,2.264,1.882,1,4.966,10.0,1.987,62.059,0.381,1.476,0,0,0,OFFBOARD
442,OUTBOUND,44.86,59.956,0.01,1.496,-47.567,-1.518,-0.372,59.956,0.26,47.567,2.131,2.131,0,4.808,10.0,1.704,62.159,0.257,1.484,0,0,0,OFFBOARD
443,OUTBOUND,44.97,60.151,0.152,1.489,-47.567,-1.518,-0.372,60.151,0.402,47.567,5.654,3.48,0,4.638,10.0,1.532,62.259,0.17,1.497,0,0,0,OFFBOARD
444,OUTBOUND,45.07,60.346,0.284,1.483,-47.567,-1.518,-0.372,60.346,0.534,47.567,5.547,3.284,0,4.469,10.0,1.459,62.359,0.074,1.509,0,0,0,OFFBOARD
445,OUTBOUND,45.17,60.541,0.396,1.48,-47.567,-1.518,-0.372,60.541,0.646,47.567,5.398,3.145,0,4.381,10.0,1.375,62.459,-0.025,1.52,0,0,0,OFFBOARD
446,OUTBOUND,45.27,60.736,0.484,1.479,-47.567,-1.518,-0.372,60.736,0.734,47.567,5.252,3.052,0,4.788,6.929,1.348,62.559,-0.125,1.526,0,0,0,OFFBOARD
447,OUTBOUND,45.37,60.928,0.544,1.479,-47.567,-1.518,-0.372,60.928,0.794,47.567,5.142,3.36,0,4.903,6.641,1.327,62.659,-0.217,1.535,0,0,0,OFFBOARD
448,OUTBOUND,45.47,61.122,0.578,1.481,-47.567,-1.518,-0.372,61.122,0.828,47.567,5.09,3.31,0,4.91,6.464,3.628,62.759,-0.314,1.544,0,0,0,OFFBOARD
449,OUTBOUND,45.57,61.319,0.585,1.484,-47.567,-1.518,-0.372,61.319,0.835,47.567,5.152,3.3,0,4.725,6.328,3.652,62.859,-0.416,1.554,0,0,0,OFFBOARD
450,OUTBOUND,45.68,61.516,0.571,1.488,-47.567,-1.518,-0.372,61.516,0.821,47.567,5.37,3.285,0,4.549,10.0,3.751,62.959,-0.52,1.562,0,0,0,OFFBOARD
451,OUTBOUND,45.78,61.716,0.536,1.492,-47.567,-1.518,-0.372,61.716,0.786,47.567,5.638,3.113,0,4.383,10.0,3.928,63.059,-0.633,1.572,0,0,0,OFFBOARD
452,OUTBOUND,45.88,61.913,0.484,1.498,-47.567,-1.518,-0.372,61.913,0.734,47.567,5.482,2.951,0,4.226,10.0,4.166,63.159,-0.751,1.582,0,0,0,OFFBOARD
453,OUTBOUND,45.98,62.104,0.419,1.504,-47.567,-1.518,-0.372,62.104,0.669,47.567,5.324,2.967,0,4.069,10.0,4.452,63.259,-0.867,1.592,0,0,0,OFFBOARD
454,OUTBOUND,46.08,62.288,0.342,1.511,-47.567,-1.518,-0.372,62.288,0.592,47.567,5.101,3.268,0,3.919,10.0,4.725,63.359,-0.97,1.601,0,0,0,OFFBOARD
455,OUTBOUND,46.18,62.467,0.252,1.519,-47.567,-1.518,-0.372,62.467,0.502,47.567,4.897,3.294,0,3.767,10.0,4.958,63.459,-1.07,1.611,0,0,0,OFFBOARD
456,OUTBOUND,46.28,62.633,0.153,1.526,-47.567,-1.518,-0.372,62.633,0.404,47.567,4.728,3.41,0,3.618,10.0,5.109,63.559,-1.164,1.622,0,0,0,OFFBOARD
457,OUTBOUND,46.39,62.792,0.044,1.535,-47.567,-1.518,-0.372,62.792,0.294,47.567,4.589,3.385,0,3.541,10.0,5.162,63.659,-1.249,1.631,0,0,0,OFFBOARD
458,OUTBOUND,46.49,62.939,-0.072,1.543,-47.567,-1.518,-0.372,62.939,0.178,47.567,4.658,3.315,0,3.537,10.0,5.129,63.759,-1.33,1.639,0,0,0,OFFBOARD
459,OUTBOUND,46.59,63.077,-0.198,1.552,-47.567,-1.518,-0.372,63.077,0.052,47.567,5.274,3.211,0,3.838,10.0,5.037,63.859,-1.392,1.646,0,0,0,OFFBOARD
460,OUTBOUND,46.69,63.207,-0.329,1.561,-47.567,-1.518,-0.372,63.207,-0.079,47.567,5.288,3.073,0,3.841,10.0,4.918,63.959,-1.445,1.647,0,0,0,OFFBOARD
461,OUTBOUND,46.79,63.327,-0.461,1.57,-47.567,-1.518,-0.372,63.327,-0.211,47.567,5.348,2.927,0,3.868,10.0,4.798,64.059,-1.486,1.64,0,0,0,OFFBOARD
462,OUTBOUND,46.89,63.444,-0.598,1.578,-47.567,-1.518,-0.372,63.444,-0.348,47.567,5.185,2.72,0,3.746,10.0,4.66,64.159,-1.514,1.627,0,0,0,OFFBOARD
463,OUTBOUND,47.0,63.55,-0.73,1.586,-47.567,-1.518,-0.372,63.55,-0.48,47.567,5.104,2.615,0,3.692,10.0,4.604,64.259,-1.531,1.608,0,0,0,OFFBOARD
464,OUTBOUND,47.1,63.657,-0.865,1.592,-47.567,-1.518,-0.372,63.657,-0.615,47.567,4.948,2.416,0,3.641,10.0,4.51,64.359,-1.532,1.584,0,0,0,OFFBOARD
465,OUTBOUND,47.2,63.755,-0.989,1.597,-47.567,-1.518,-0.372,63.755,-0.739,47.567,4.838,2.308,0,3.584,6.248,4.453,64.459,-1.523,1.558,0,0,0,OFFBOARD
466,OUTBOUND,47.3,63.852,-1.111,1.599,-47.567,-1.518,-0.372,63.852,-0.861,47.567,4.732,2.204,0,3.481,5.984,4.394,64.559,-1.5,1.531,0,0,0,OFFBOARD
467,OUTBOUND,47.4,63.945,-1.222,1.599,-47.567,-1.518,-0.372,63.945,-0.972,47.567,4.627,2.104,0,3.378,5.876,4.331,64.659,-1.462,1.503,0,0,0,OFFBOARD
468,OUTBOUND,47.5,64.036,-1.325,1.597,-47.567,-1.518,-0.372,64.036,-1.074,47.567,4.521,2.009,0,3.281,5.772,4.266,64.759,-1.407,1.477,0,0,0,OFFBOARD
469,OUTBOUND,47.6,64.125,-1.416,1.592,-47.567,-1.518,-0.372,64.125,-1.166,47.567,4.427,1.915,1,3.185,5.673,4.195,64.859,-1.329,1.451,0,0,0,OFFBOARD
470,OUTBOUND,47.71,64.212,-1.493,1.585,-47.567,-1.518,-0.372,64.212,-1.243,47.567,4.344,1.825,1,3.092,5.426,4.103,64.959,-1.198,1.436,0,0,0,OFFBOARD
471,OUTBOUND,47.81,64.299,-1.558,1.576,-47.567,-1.518,-0.372,64.299,-1.308,47.567,4.252,1.741,1,3.003,4.416,4.003,65.059,-1.03,1.426,0,0,0,OFFBOARD
472,OUTBOUND,47.91,64.385,-1.608,1.565,-47.567,-1.518,-0.372,64.385,-1.358,47.567,4.169,1.656,1,2.914,4.228,3.9,65.159,-0.833,1.419,0,0,0,OFFBOARD
473,OUTBOUND,48.01,64.47,-1.641,1.554,-47.567,-1.518,-0.372,64.47,-1.391,47.567,4.081,1.57,1,2.825,4.098,3.797,65.259,-0.614,1.413,0,0,0,OFFBOARD
474,OUTBOUND,48.11,64.556,-1.658,1.541,-47.567,-1.518,-0.372,64.556,-1.407,47.567,3.993,1.484,1,2.737,4.04,3.71,65.359,-0.391,1.407,0,0,0,OFFBOARD
475,OUTBOUND,48.21,64.643,-1.654,1.529,-47.567,-1.518,-0.372,64.643,-1.404,47.567,3.906,1.428,1,2.718,4.06,3.651,65.459,-0.166,1.397,0,0,0,OFFBOARD
476,OUTBOUND,48.31,64.73,-1.629,1.516,-47.567,-1.518,-0.372,64.73,-1.379,47.567,3.819,1.473,1,3.324,4.997,3.629,65.559,0.042,1.387,0,0,0,OFFBOARD
477,OUTBOUND,48.41,64.819,-1.58,1.503,-47.567,-1.518,-0.372,64.819,-1.33,47.567,3.926,1.774,1,3.532,4.992,3.648,65.659,0.196,1.375,0,0,0,OFFBOARD
478,OUTBOUND,48.52,64.908,-1.508,1.491,-47.567,-1.518,-0.372,64.908,-1.258,47.567,4.816,1.869,1,3.635,4.909,3.666,65.759,0.312,1.363,0,0,0,OFFBOARD
479,OUTBOUND,48.62,64.999,-1.41,1.478,-47.567,-1.518,-0.372,64.999,-1.16,47.567,4.804,2.035,0,3.547,5.716,3.644,65.859,0.406,1.354,0,0,0,OFFBOARD
480,OUTBOUND,48.72,65.091,-1.291,1.466,-47.567,-1.518,-0.372,65.091,-1.041,47.567,4.716,2.208,0,3.481,5.982,3.626,65.959,0.462,1.349,0,0,0,OFFBOARD
481,OUTBOUND,48.82,65.184,-1.153,1.454,-47.567,-1.518,-0.372,65.184,-0.903,47.567,5.147,2.161,0,4.122,6.864,3.607,66.059,0.503,1.346,0,0,0,OFFBOARD
482,OUTBOUND,48.92,65.278,-0.998,1.442,-47.567,-1.518,-0.372,65.278,-0.748,47.567,5.18,2.635,0,4.394,6.913,3.591,66.159,0.506,1.352,0,0,0,OFFBOARD
483,OUTBOUND,49.02,65.373,-0.834,1.431,-47.567,-1.518,-0.372,65.373,-0.584,47.567,5.233,2.913,0,4.432,6.82,3.573,66.259,0.496,1.365,0,0,0,OFFBOARD
484,OUTBOUND,49.13,65.47,-0.662,1.421,-47.567,-1.518,-0.372,65.47,-0.412,47.567,5.303,3.092,0,4.341,6.726,3.548,66.359,0.463,1.384,0,0,0,OFFBOARD
485,OUTBOUND,49.23,65.567,-0.49,1.412,-47.567,-1.518,-0.372,65.567,-0.24,47.567,5.295,3.515,0,4.448,6.598,3.53,66.459,0.41,1.407,0,0,0,OFFBOARD
486,OUTBOUND,49.33,65.665,-0.32,1.406,-47.567,-1.518,-0.372,65.665,-0.07,47.567,5.2,3.834,0,4.935,6.502,3.528,66.559,0.347,1.434,0,0,0,OFFBOARD
487,OUTBOUND,49.43,65.765,-0.157,1.402,-47.567,-1.518,-0.372,65.765,0.093,47.567,5.13,4.029,0,5.011,6.405,3.525,66.659,0.272,1.464,0,0,0,OFFBOARD
488,OUTBOUND,49.53,65.865,-0.006,1.4,-47.567,-1.518,-0.372,65.865,0.244,47.567,5.086,3.932,0,5.059,6.308,3.524,66.759,0.194,1.495,0,0,0,OFFBOARD
489,OUTBOUND,49.63,65.965,0.129,1.401,-47.567,-1.518,-0.372,65.964,0.379,47.567,5.065,3.834,0,5.082,6.212,3.528,66.859,0.112,1.526,0,0,0,OFFBOARD
490,OUTBOUND,49.74,66.066,0.247,1.405,-47.567,-1.518,-0.372,66.066,0.497,47.567,5.066,3.736,0,4.989,6.775,3.54,66.959,0.028,1.556,0,0,0,OFFBOARD
491,OUTBOUND,49.84,66.167,0.344,1.412,-47.567,-1.518,-0.372,66.167,0.594,47.567,5.086,3.637,0,4.892,10.0,3.56,67.059,-0.058,1.585,0,0,0,OFFBOARD
492,OUTBOUND,49.94,66.268,0.42,1.421,-47.567,-1.518,-0.372,66.268,0.67,47.567,5.123,3.539,0,4.794,10.0,3.586,67.159,-0.149,1.613,0,0,0,OFFBOARD
493,OUTBOUND,50.04,66.37,0.474,1.433,-47.567,-1.518,-0.372,66.37,0.724,47.567,5.173,3.439,0,4.695,10.0,3.618,67.259,-0.244,1.637,0,0,0,OFFBOARD
494,OUTBOUND,50.14,66.47,0.507,1.447,-47.567,-1.518,-0.372,66.47,0.757,47.567,5.236,3.339,0,4.595,10.0,3.656,67.359,-0.344,1.659,0,0,0,OFFBOARD
495,OUTBOUND,50.24,66.572,0.519,1.463,-47.567,-1.518,-0.372,66.572,0.769,47.567,5.308,3.239,0,4.496,10.0,3.698,67.459,-0.448,1.677,0,0,0,OFFBOARD
496,OUTBOUND,50.34,66.673,0.512,1.48,-47.567,-1.518,-0.372,66.673,0.762,47.567,5.385,3.141,0,4.397,10.0,3.743,67.559,-0.557,1.692,0,0,0,OFFBOARD
497,OUTBOUND,50.45,66.775,0.487,1.498,-47.567,-1.518,-0.372,66.775,0.737,47.567,5.468,3.054,0,4.304,10.0,3.791,67.659,-0.669,1.703,0,0,0,OFFBOARD
498,OUTBOUND,50.55,66.877,0.444,1.517,-47.567,-1.518,-0.372,66.877,0.694,47.567,5.527,3.072,0,4.285,10.0,3.824,67.759,-0.781,1.711,0,0,0,OFFBOARD
499,OUTBOUND,50.65,66.979,0.385,1.536,-47.567,-1.518,-0.372,66.979,0.635,47.567,5.642,3.436,0,4.265,10.0,3.889,67.859,-0.883,1.715,0,0,0,OFFBOARD
500,OUTBOUND,50.75,67.08,0.312,1.554,-47.567,-1.518,-0.372,67.08,0.563,47.567,5.735,3.515,0,4.4,10.0,3.939,67.959,-0.983,1.715,0,0,0,OFFBOARD
501,OUTBOUND,50.85,67.182,0.226,1.572,-47.567,-1.518,-0.372,67.182,0.476,47.567,5.824,3.616,0,4.584,10.0,3.986,68.059,-1.08,1.712,0,0,0,OFFBOARD
502,OUTBOUND,50.95,67.283,0.128,1.589,-47.567,-1.518,-0.372,67.283,0.378,47.567,5.915,3.729,0,4.574,10.0,4.03,68.159,-1.168,1.705,0,0,0,OFFBOARD
503,OUTBOUND,51.05,67.381,0.022,1.604,-47.567,-1.518,-0.372,67.381,0.272,47.567,5.986,3.698,0,4.532,6.09,4.071,68.259,-1.253,1.693,0,0,0,OFFBOARD
504,OUTBOUND,51.16,67.485,-0.098,1.619,-47.567,-1.518,-0.372,67.485,0.152,47.567,5.826,3.636,0,4.485,5.507,4.106,68.359,-1.335,1.677,0,0,0,OFFBOARD
505,OUTBOUND,51.26,67.585,-0.221,1.63,-47.567,-1.518,-0.372,67.585,0.029,47.567,5.361,3.5,0,4.44,4.881,4.133,68.459,-1.401,1.656,0,0,0,OFFBOARD
506,OUTBOUND,51.36,67.685,-0.348,1.64,-47.567,-1.518,-0.372,67.685,-0.098,47.567,4.572,3.4,0,4.385,4.511,4.154,68.559,-1.463,1.635,0,0,0,OFFBOARD
507,OUTBOUND,51.46,67.786,-0.481,1.647,-47.567,-1.518,-0.372,67.786,-0.231,47.567,4.411,3.301,0,4.301,4.412,4.169,68.659,-1.517,1.611,0,0,0,OFFBOARD
508,OUTBOUND,51.56,67.887,-0.614,1.651,-47.567,-1.518,-0.372,67.887,-0.364,47.567,4.279,3.133,0,4.161,4.28,4.182,68.759,-1.547,1.586,0,0,0,OFFBOARD
509,OUTBOUND,51.66,67.988,-0.747,1.652,-47.567,-1.518,-0.372,67.988,-0.497,47.567,4.18,2.914,0,4.057,4.181,4.179,68.859,-1.553,1.558,0,0,0,OFFBOARD
510,OUTBOUND,51.77,68.088,-0.878,1.651,-47.567,-1.518,-0.372,68.088,-0.628,47.567,4.082,2.74,0,3.954,4.082,4.081,68.959,-1.534,1.528,0,0,0,OFFBOARD
511,OUTBOUND,51.87,68.188,-1.003,1.647,-47.567,-1.518,-0.372,68.188,-0.753,47.567,3.983,2.571,0,3.858,3.983,3.983,69.059,-1.492,1.496,0,0,0,OFFBOARD
512,OUTBOUND,51.97,68.289,-1.123,1.64,-47.567,-1.518,-0.372,68.289,-0.873,47.567,3.884,2.399,0,3.718,3.885,3.884,69.159,-1.427,1.464,0,0,0,OFFBOARD
513,OUTBOUND,52.07,68.389,-1.235,1.631,-47.567,-1.518,-0.372,68.389,-0.985,47.567,3.786,2.231,0,3.584,3.786,3.786,69.259,-1.348,1.433,0,0,0,OFFBOARD
514,OUTBOUND,52.17,68.489,-1.336,1.619,-47.567,-1.518,-0.372,68.489,-1.086,47.567,3.686,2.072,0,3.477,3.687,3.686,69.359,-1.258,1.404,0,0,0,OFFBOARD
515,OUTBOUND,52.27,68.588,-1.424,1.604,-47.567,-1.518,-0.372,68.588,-1.174,47.567,3.589,1.949,1,3.414,3.589,3.589,69.459,-1.158,1.376,0,0,0,OFFBOARD
516,OUTBOUND,52.37,68.689,-1.5,1.588,-47.567,-1.518,-0.372,68.689,-1.25,47.567,3.491,1.86,1,3.355,3.491,3.491,69.559,-1.018,1.356,0,0,0,OFFBOARD
517,OUTBOUND,52.48,68.788,-1.558,1.57,-47.567,-1.518,-0.372,68.788,-1.308,47.567,3.393,1.798,1,3.288,3.393,3.392,69.659,-0.848,1.338,0,0,0,OFFBOARD
518,OUTBOUND,52.58,68.887,-1.599,1.55,-47.567,-1.518,-0.372,68.887,-1.349,47.567,3.293,1.758,1,3.243,3.293,3.293,69.759,-0.658,1.321,0,0,0,OFFBOARD
519,OUTBOUND,52.68,68.986,-1.62,1.53,-47.567,-1.518,-0.372,68.986,-1.37,47.567,3.196,1.743,1,3.274,3.196,3.196,69.859,-0.455,1.305,0,0,0,OFFBOARD
520,OUTBOUND,52.78,69.087,-1.621,1.509,-47.567,-1.518,-0.372,69.087,-1.371,47.567,3.096,1.758,1,3.24,3.096,3.096,69.959,-0.244,1.291,0,0,0,OFFBOARD
521,OUTBOUND,52.88,69.186,-1.601,1.488,-47.567,-1.518,-0.372,69.186,-1.351,47.567,2.999,1.802,1,3.143,2.999,3.0,70.059,-0.033,1.282,0,0,0,OFFBOARD
522,OUTBOUND,52.98,69.285,-1.558,1.468,-47.567,-1.518,-0.372,69.285,-1.308,47.567,2.901,1.789,1,3.045,2.901,2.901,70.159,0.165,1.276,0,0,0,OFFBOARD
523,OUTBOUND,53.08,69.386,-1.492,1.447,-47.567,-1.518,-0.372,69.386,-1.242,47.567,2.802,1.704,1,3.161,2.802,2.802,70.259,0.353,1.274,0,0,0,OFFBOARD
524,OUTBOUND,53.18,69.485,-1.403,1.428,-47.567,-1.518,-0.372,69.485,-1.153,47.567,2.704,2.056,0,3.836,2.704,2.704,70.359,0.504,1.278,0,0,0,OFFBOARD
525,OUTBOUND,53.29,69.586,-1.292,1.409,-47.567,-1.518,-0.372,69.586,-1.041,47.567,2.605,2.219,0,4.005,2.605,2.605,70.459,0.628,1.29,0,0,0,OFFBOARD
526,OUTBOUND,53.39,69.685,-1.161,1.393,-47.567,-1.518,-0.372,69.685,-0.911,47.567,2.506,2.442,0,3.906,2.506,2.506,70.559,0.737,1.308,0,0,0,OFFBOARD
527,OUTBOUND,53.49,69.785,-1.015,1.378,-47.567,-1.518,-0.372,69.785,-0.765,47.567,2.408,2.408,0,3.887,2.408,2.408,70.659,0.836,1.327,0,0,0,OFFBOARD
528,OUTBOUND,53.59,69.885,-0.854,1.366,-47.567,-1.518,-0.372,69.885,-0.604,47.567,2.308,2.308,0,4.586,2.308,2.308,70.759,0.925,1.347,0,0,0,OFFBOARD
529,OUTBOUND,53.69,69.986,-0.684,1.356,-47.567,-1.518,-0.372,69.986,-0.434,47.567,2.211,2.211,0,4.75,2.211,2.211,70.859,1.028,1.373,0,0,0,OFFBOARD
530,OUTBOUND,53.79,70.085,-0.51,1.35,-47.567,-1.518,-0.372,70.085,-0.26,47.567,2.831,2.113,0,4.77,2.544,2.389,70.959,1.133,1.403,0,0,0,OFFBOARD
531,OUTBOUND,53.9,70.186,-0.33,1.346,-47.567,-1.518,-0.372,70.186,-0.08,47.567,5.238,1.981,1,4.66,10.0,3.383,71.059,1.229,1.437,0,0,0,OFFBOARD
532,OUTBOUND,54.0,70.287,-0.147,1.346,-47.567,-1.518,-0.372,70.287,0.104,47.567,5.263,1.882,1,4.719,10.0,3.443,71.159,1.318,1.462,0,0,0,OFFBOARD
533,OUTBOUND,54.1,70.387,0.034,1.348,-47.567,-1.518,-0.372,70.387,0.284,47.567,5.272,1.958,1,5.057,10.0,3.449,71.281,1.367,1.48,0,0,0,OFFBOARD
534,OUTBOUND,54.2,70.487,0.216,1.354,-47.567,-1.518,-0.372,70.487,0.466,47.567,5.256,2.274,0,5.067,10.0,3.458,71.381,1.352,1.493,0,0,0,OFFBOARD
535,OUTBOUND,54.3,70.588,0.395,1.362,-47.567,-1.518,-0.372,70.588,0.645,47.567,5.217,2.59,0,5.031,10.0,3.468,71.481,1.288,1.512,0,0,0,OFFBOARD
536,OUTBOUND,54.4,70.688,0.567,1.371,-47.567,-1.518,-0.372,70.688,0.818,47.567,5.174,2.623,0,4.917,10.0,3.482,71.581,1.2,1.534,0,0,0,OFFBOARD
537,OUTBOUND,54.51,70.788,0.733,1.383,-47.567,-1.518,-0.372,70.788,0.983,47.567,5.133,2.44,0,4.795,10.0,3.501,71.681,1.043,1.558,0,0,0,OFFBOARD
538,OUTBOUND,54.61,70.888,0.889,1.395,-47.567,-1.518,-0.372,70.888,1.139,47.567,5.104,2.361,0,4.167,10.0,3.521,71.781,0.878,1.577,0,0,0,OFFBOARD
539,OUTBOUND,54.71,70.99,1.032,1.409,-47.567,-1.518,-0.372,70.99,1.282,47.567,5.091,2.275,0,4.006,10.0,3.543,71.881,0.697,1.592,0,0,0,OFFBOARD
540,OUTBOUND,54.81,71.091,1.154,1.425,-47.567,-1.518,-0.372,71.091,1.404,47.567,5.099,2.188,0,3.861,6.463,3.52,71.981,0.507,1.603,0,0,0,OFFBOARD
541,OUTBOUND,54.91,71.193,1.255,1.44,-47.567,-1.518,-0.372,71.193,1.505,47.567,4.986,2.114,0,3.734,6.159,2.404,72.081,0.309,1.607,0,0,0,OFFBOARD
542,OUTBOUND,55.01,71.295,1.327,1.456,-47.567,-1.518,-0.372,71.295,1.578,47.567,4.801,2.006,0,3.629,6.057,2.189,72.181,0.106,1.607,0,0,0,OFFBOARD
543,OUTBOUND,55.11,71.398,1.371,1.472,-47.567,-1.518,-0.372,71.398,1.621,47.567,4.701,1.911,1,3.549,5.957,1.983,72.281,-0.105,1.601,0,0,0,OFFBOARD
544,OUTBOUND,55.22,71.499,1.382,1.487,-47.567,-1.518,-0.372,71.499,1.632,47.567,4.6,1.801,1,3.496,5.854,1.836,72.381,-0.305,1.602,0,0,0,OFFBOARD
545,OUTBOUND,55.32,71.602,1.361,1.502,-47.567,-1.518,-0.372,71.602,1.611,47.567,4.593,1.707,1,3.475,5.756,1.784,72.481,-0.499,1.607,0,0,0,OFFBOARD
546,OUTBOUND,55.42,71.704,1.308,1.515,-47.567,-1.518,-0.372,71.704,1.558,47.567,4.616,1.607,1,4.013,5.657,3.693,72.581,-0.7,1.614,0,0,0,OFFBOARD
547,OUTBOUND,55.52,71.805,1.227,1.527,-47.567,-1.518,-0.372,71.805,1.477,47.567,5.392,1.5,1,4.06,5.715,3.858,72.681,-0.878,1.622,0,0,0,OFFBOARD
548,OUTBOUND,55.62,71.907,1.118,1.538,-47.567,-1.518,-0.372,71.907,1.368,47.567,5.458,1.396,1,4.063,6.712,3.892,72.781,-1.055,1.63,0,0,0,OFFBOARD
549,OUTBOUND,55.73,72.008,0.988,1.549,-47.567,-1.518,-0.372,72.008,1.238,47.567,5.358,1.372,1,4.102,6.629,3.928,72.881,-1.192,1.638,0,0,0,OFFBOARD
550,OUTBOUND,55.83,72.109,0.843,1.559,-47.567,-1.518,-0.372,72.109,1.093,47.567,5.26,2.745,0,4.004,10.0,3.962,72.981,-1.256,1.646,0,0,0,OFFBOARD
551,OUTBOUND,55.93,72.209,0.686,1.568,-47.567,-1.518,-0.372,72.209,0.937,47.567,5.259,2.665,0,3.903,10.0,3.99,73.081,-1.339,1.652,0,0,0,OFFBOARD
552,OUTBOUND,56.03,72.311,0.519,1.578,-47.567,-1.518,-0.372,72.311,0.769,47.567,5.881,3.24,0,4.003,10.0,4.014,73.181,-1.413,1.656,0,0,0,OFFBOARD
553,OUTBOUND,56.13,72.41,0.351,1.586,-47.567,-1.518,-0.372,72.41,0.601,47.567,5.979,3.408,0,4.429,10.0,4.025,73.281,-1.494,1.656,0,0,0,OFFBOARD
554,OUTBOUND,56.23,72.512,0.174,1.595,-47.567,-1.518,-0.372,72.512,0.424,47.567,6.086,3.574,0,4.527,10.0,4.048,73.381,-1.566,1.653,0,0,0,OFFBOARD
555,OUTBOUND,56.33,72.612,-0.002,1.602,-47.567,-1.518,-0.372,72.612,0.248,47.567,5.987,3.603,0,4.507,10.0,4.065,73.481,-1.639,1.648,0,0,0,OFFBOARD
556,OUTBOUND,56.44,72.712,-0.183,1.609,-47.567,-1.518,-0.372,72.712,0.067,47.567,5.887,3.465,0,4.422,10.0,4.08,73.581,-1.694,1.639,0,0,0,OFFBOARD
557,OUTBOUND,56.54,72.813,-0.366,1.615,-47.567,-1.518,-0.372,72.813,-0.116,47.567,5.856,3.385,0,4.394,10.0,4.086,73.681,-1.749,1.624,0,0,0,OFFBOARD
558,OUTBOUND,56.64,72.912,-0.55,1.62,-47.567,-1.518,-0.372,72.912,-0.3,47.567,5.691,3.177,0,4.226,10.0,4.102,73.781,-1.791,1.603,0,0,0,OFFBOARD
559,OUTBOUND,56.74,73.012,-0.735,1.623,-47.567,-1.518,-0.372,73.012,-0.485,47.567,5.591,3.024,0,4.114,6.856,4.109,73.881,-1.817,1.578,0,0,0,OFFBOARD
560,OUTBOUND,56.84,73.077,-0.856,1.618,-47.567,-1.518,-0.372,73.077,-0.606,47.567,4.9,0.44,1,4.023,4.908,4.131,73.981,-1.601,1.551,0,1,0,OFFBOARD
561,OUTBOUND,56.94,73.075,-0.855,1.602,-47.567,-1.518,-0.372,73.074,-0.605,47.567,5.288,0.451,1,4.123,6.737,3.951,74.081,-1.434,1.535,0,1,0,OFFBOARD
562,OUTBOUND,57.05,73.074,-0.848,1.59,-47.567,-1.518,-0.372,73.074,-0.598,47.567,4.977,0.464,1,4.286,10.0,3.5,74.181,-1.256,1.526,0,1,0,OFFBOARD
563,OUTBOUND,57.15,73.082,-0.84,1.579,-47.567,-1.518,-0.372,73.082,-0.59,47.567,4.164,0.477,1,5.268,6.363,3.085,74.281,-1.099,1.512,0,1,0,OFFBOARD
564,OUTBOUND,57.25,73.104,-0.837,1.57,-47.567,-1.518,-0.372,73.104,-0.586,47.567,3.619,0.483,1,6.373,5.28,2.803,74.381,-0.955,1.505,0,1,0,OFFBOARD
565,OUTBOUND,57.35,73.145,-0.842,1.561,-47.567,-1.518,-0.372,73.145,-0.592,47.567,3.355,0.479,1,10.0,4.838,2.65,74.481,-0.824,1.505,0,1,0,OFFBOARD
566,OUTBOUND,57.45,73.201,-0.85,1.554,-47.567,-1.518,-0.372,73.201,-0.599,47.567,3.311,0.479,1,10.0,4.742,2.615,74.581,-0.71,1.509,0,1,0,OFFBOARD
567,OUTBOUND,57.55,73.261,-0.848,1.547,-47.567,-1.518,-0.372,73.261,-0.598,47.567,3.38,2.937,0,6.199,4.703,2.64,74.681,-0.74,1.517,0,0,0,OFFBOARD
568,OUTBOUND,57.65,73.332,-0.842,1.54,-47.567,-1.518,-0.372,73.332,-0.592,47.567,3.446,2.782,0,4.782,4.488,2.662,74.781,-0.776,1.525,0,0,0,OFFBOARD
569,OUTBOUND,57.75,73.421,-0.837,1.533,-47.567,-1.518,-0.372,73.421,-0.587,47.567,3.535,2.726,0,4.16,4.223,2.698,74.881,-0.814,1.531,0,0,0,OFFBOARD
570,OUTBOUND,57.86,73.525,-0.834,1.527,-47.567,-1.518,-0.372,73.525,-0.584,47.567,3.671,2.651,0,4.17,4.194,2.766,74.981,-0.846,1.533,0,0,0,OFFBOARD
571,OUTBOUND,57.96,73.647,-0.831,1.522,-47.567,-1.518,-0.372,73.647,-0.581,47.567,3.892,2.554,0,3.839,4.046,2.888,75.081,-0.866,1.537,0,0,0,OFFBOARD
572,OUTBOUND,58.06,73.781,-0.83,1.519,-47.567,-1.518,-0.372,73.781,-0.58,47.567,3.83,2.482,0,3.638,3.869,3.061,75.181,-0.867,1.541,0,0,0,OFFBOARD
573,OUTBOUND,58.16,73.921,-0.83,1.518,-47.567,-1.518,-0.372,73.921,-0.58,47.567,3.599,2.35,0,3.483,3.633,3.363,75.281,-0.837,1.544,0,0,0,OFFBOARD
574,OUTBOUND,58.26,74.076,-0.83,1.517,-47.567,-1.518,-0.372,74.076,-0.58,47.567,3.47,2.213,0,3.366,3.419,3.518,75.381,-0.759,1.545,0,0,0,OFFBOARD
575,OUTBOUND,58.37,74.227,-0.831,1.518,-47.567,-1.518,-0.372,74.227,-0.581,47.567,4.341,2.159,0,3.237,4.538,3.345,75.481,-0.648,1.544,0,0,0,OFFBOARD
576,OUTBOUND,58.47,74.379,-0.831,1.519,-47.567,-1.518,-0.372,74.379,-0.581,47.567,4.33,2.358,0,3.104,5.389,3.942,75.581,-0.524,1.542,0,0,0,OFFBOARD
577,OUTBOUND,58.57,74.528,-0.83,1.521,-47.567,-1.518,-0.372,74.528,-0.58,47.567,4.198,2.392,0,3.105,5.48,4.17,75.681,-0.393,1.539,0,0,0,OFFBOARD
578,OUTBOUND,58.67,74.676,-0.827,1.522,-47.567,-1.518,-0.372,74.676,-0.577,47.567,4.059,2.479,0,3.571,5.329,4.258,75.781,-0.284,1.533,0,0,0,OFFBOARD
579,OUTBOUND,58.77,74.821,-0.82,1.524,-47.567,-1.518,-0.372,74.821,-0.57,47.567,4.67,2.403,0,3.7,6.138,4.301,75.881,-0.189,1.526,0,0,0,OFFBOARD
580,OUTBOUND,58.87,74.961,-0.806,1.525,-47.567,-1.518,-0.372,74.961,-0.556,47.567,4.987,2.327,0,3.729,6.153,4.307,75.981,-0.112,1.517,0,0,0,OFFBOARD
581,OUTBOUND,58.97,75.097,-0.784,1.526,-47.567,-1.518,-0.372,75.097,-0.534,47.567,4.844,2.298,0,3.592,10.0,4.286,76.081,-0.052,1.507,0,0,0,OFFBOARD
582,OUTBOUND,59.07,75.23,-0.751,1.526,-47.567,-1.518,-0.372,75.23,-0.501,47.567,4.833,2.393,0,3.623,10.0,4.254,76.181,-0.02,1.493,0,0,0,OFFBOARD
583,OUTBOUND,59.18,75.359,-0.709,1.525,-47.567,-1.518,-0.372,75.359,-0.458,47.567,5.646,2.967,0,4.206,10.0,4.223,76.281,-0.021,1.477,0,0,0,OFFBOARD
584,OUTBOUND,59.28,75.485,-0.656,1.524,-47.567,-1.518,-0.372,75.485,-0.406,47.567,5.581,3.112,0,4.259,10.0,4.198,76.381,-0.042,1.46,0,0,0,OFFBOARD
585,OUTBOUND,59.38,75.607,-0.595,1.521,-47.567,-1.518,-0.372,75.607,-0.345,47.567,5.461,2.99,0,4.288,10.0,4.179,76.481,-0.071,1.442,0,0,0,OFFBOARD
586,OUTBOUND,59.48,75.727,-0.528,1.517,-47.567,-1.518,-0.372,75.727,-0.278,47.567,5.524,3.076,0,4.178,10.0,4.162,76.581,-0.11,1.424,0,0,0,OFFBOARD
587,OUTBOUND,59.58,75.843,-0.457,1.512,-47.567,-1.518,-0.372,75.843,-0.207,47.567,6.08,3.547,0,4.077,10.0,4.152,76.681,-0.165,1.407,0,0,0,OFFBOARD
588,OUTBOUND,59.68,75.956,-0.387,1.505,-47.567,-1.518,-0.372,75.956,-0.137,47.567,6.13,3.735,0,4.062,10.0,4.145,76.781,-0.232,1.39,0,0,0,OFFBOARD
589,OUTBOUND,59.78,76.067,-0.319,1.497,-47.567,-1.518,-0.372,76.067,-0.069,47.567,6.111,3.732,0,4.395,10.0,4.135,76.881,-0.303,1.375,0,0,0,OFFBOARD
590,OUTBOUND,59.88,76.174,-0.259,1.489,-47.567,-1.518,-0.372,76.174,-0.009,47.567,6.031,3.641,0,4.451,10.0,4.114,76.981,-0.377,1.361,0,0,0,OFFBOARD
591,OUTBOUND,59.99,76.28,-0.206,1.479,-47.567,-1.518,-0.372,76.28,0.044,47.567,5.961,3.72,0,4.496,10.0,4.074,77.081,-0.459,1.349,0,0,0,OFFBOARD
592,OUTBOUND,60.09,76.382,-0.165,1.468,-47.567,-1.518,-0.372,76.382,0.085,47.567,5.887,3.632,0,4.554,10.0,4.02,77.181,-0.546,1.34,0,0,0,OFFBOARD
593,OUTBOUND,60.19,76.482,-0.135,1.457,-47.567,-1.518,-0.372,76.482,0.115,47.567,5.819,3.894,0,4.557,6.984,3.955,77.281,-0.628,1.332,0,0,0,OFFBOARD
594,OUTBOUND,60.29,76.58,-0.118,1.446,-47.567,-1.518,-0.372,76.58,0.132,47.567,5.753,3.969,0,4.472,6.881,3.884,77.381,-0.71,1.333,0,0,0,OFFBOARD
595,OUTBOUND,60.39,76.677,-0.114,1.434,-47.567,-1.518,-0.372,76.677,0.136,47.567,5.654,4.023,0,4.4,6.779,3.812,77.481,-0.792,1.342,0,0,0,OFFBOARD
596,OUTBOUND,60.49,76.773,-0.123,1.423,-47.567,-1.518,-0.372,76.773,0.127,47.567,5.532,4.112,0,4.435,6.682,3.745,77.581,-0.872,1.356,0,0,0,OFFBOARD
597,OUTBOUND,60.59,76.867,-0.144,1.413,-47.567,-1.518,-0.372,76.867,0.106,47.567,5.429,4.135,0,4.806,6.585,3.684,77.681,-0.949,1.375,0,0,0,OFFBOARD
598,OUTBOUND,60.7,76.962,-0.177,1.405,-47.567,-1.518,-0.372,76.962,0.073,47.567,5.322,4.037,0,4.915,6.455,3.617,77.781,-1.027,1.399,0,0,0,OFFBOARD
599,OUTBOUND,60.8,77.054,-0.221,1.398,-47.567,-1.518,-0.372,77.054,0.03,47.567,5.269,3.952,0,4.937,6.358,3.58,77.881,-1.102,1.426,0,0,0,OFFBOARD
600,OUTBOUND,60.9,77.151,-0.277,1.394,-47.567,-1.518,-0.372,77.151,-0.027,47.567,5.239,3.85,0,4.887,6.261,3.554,77.981,-1.17,1.456,0,0,0,OFFBOARD
601,OUTBOUND,61.0,77.246,-0.34,1.392,-47.567,-1.518,-0.372,77.246,-0.09,47.567,5.233,3.736,0,4.809,6.164,3.539,78.081,-1.234,1.488,0,0,0,OFFBOARD
602,OUTBOUND,61.1,77.34,-0.411,1.393,-47.567,-1.518,-0.372,77.34,-0.161,47.567,5.244,3.616,0,4.729,6.07,3.533,78.181,-1.294,1.52,0,0,0,OFFBOARD
603,OUTBOUND,61.21,77.435,-0.489,1.397,-47.567,-1.518,-0.372,77.435,-0.239,47.567,5.276,3.487,0,4.647,5.975,3.536,78.281,-1.346,1.552,0,0,0,OFFBOARD
604,OUTBOUND,61.31,77.53,-0.572,1.404,-47.567,-1.518,-0.372,77.53,-0.322,47.567,5.318,3.355,0,4.563,6.203,3.547,78.381,-1.384,1.584,0,0,0,OFFBOARD
605,OUTBOUND,61.41,77.625,-0.659,1.414,-47.567,-1.518,-0.372,77.625,-0.409,47.567,5.367,3.22,0,4.478,6.707,3.566,78.481,-1.414,1.614,0,0,0,OFFBOARD
606,OUTBOUND,61.51,77.721,-0.748,1.426,-47.567,-1.518,-0.372,77.721,-0.498,47.567,5.411,3.081,0,4.386,10.0,3.593,78.581,-1.435,1.641,0,0,0,OFFBOARD
607,OUTBOUND,61.61,77.814,-0.836,1.441,-47.567,-1.518,-0.372,77.814,-0.586,47.567,5.421,2.941,0,4.294,10.0,3.62,78.681,-1.452,1.656,0,0,0,OFFBOARD
608,OUTBOUND,61.71,77.91,-0.926,1.457,-47.567,-1.518,-0.372,77.91,-0.676,47.567,5.398,2.801,0,4.204,10.0,3.662,78.781,-1.463,1.662,0,0,0,OFFBOARD
609,OUTBOUND,61.81,78.008,-1.015,1.475,-47.567,-1.518,-0.372,78.008,-0.764,47.567,5.365,2.663,0,4.105,6.813,3.703,78.881,-1.469,1.66,0,0,0,OFFBOARD
610,OUTBOUND,61.92,78.104,-1.099,1.492,-47.567,-1.518,-0.372,78.104,-0.849,47.567,5.327,2.532,0,3.983,6.694,3.745,78.981,-1.451,1.654,0,0,0,OFFBOARD
611,OUTBOUND,62.02,78.203,-1.18,1.51,-47.567,-1.518,-0.372,78.203,-0.93,47.567,5.252,2.407,0,3.859,6.593,3.787,79.081,-1.416,1.644,0,0,0,OFFBOARD
612,OUTBOUND,62.12,78.3,-1.255,1.527,-47.567,-1.518,-0.372,78.3,-1.004,47.567,5.076,2.29,0,3.747,6.492,3.829,79.181,-1.355,1.629,0,0,0,OFFBOARD
613,OUTBOUND,62.22,78.399,-1.322,1.542,-47.567,-1.518,-0.372,78.399,-1.072,47.567,4.903,2.182,0,3.643,6.325,3.868,79.281,-1.274,1.61,0,0,0,OFFBOARD
614,OUTBOUND,62.32,78.498,-1.383,1.555,-47.567,-1.518,-0.372,78.498,-1.133,47.567,4.709,2.085,0,3.541,5.984,3.903,79.381,-1.184,1.588,0,0,0,OFFBOARD
615,OUTBOUND,62.42,78.587,-1.416,1.571,-47.567,-1.518,-0.372,78.587,-1.166,47.567,3.881,1.982,1,3.422,4.955,3.918,79.481,-1.084,1.563,0,0,0,OFFBOARD
616,OUTBOUND,62.52,78.67,-1.418,1.585,-47.567,-1.518,-0.372,78.67,-1.168,47.567,3.634,1.787,1,3.007,3.718,3.683,79.581,-0.921,1.545,0,0,0,OFFBOARD
617,OUTBOUND,62.63,78.763,-1.417,1.588,-47.567,-1.518,-0.372,78.763,-1.167,47.567,3.513,1.698,1,2.414,3.624,3.469,79.681,-0.724,1.533,0,0,0,OFFBOARD
618,OUTBOUND,62.73,78.859,-1.403,1.587,-47.567,-1.518,-0.372,78.859,-1.153,47.567,3.303,1.658,1,2.287,3.539,3.436,79.781,-0.502,1.525,0,0,0,OFFBOARD
619,OUTBOUND,62.83,78.956,-1.378,1.585,-47.567,-1.518,-0.372,78.956,-1.127,47.567,3.22,1.661,1,2.24,3.459,3.479,79.881,-0.266,1.519,0,0,0,OFFBOARD
620,OUTBOUND,62.93,79.055,-1.341,1.582,-47.567,-1.518,-0.372,79.055,-1.091,47.567,3.249,1.695,1,2.264,3.377,3.396,79.981,-0.024,1.511,0,0,0,OFFBOARD
621,OUTBOUND,63.03,79.153,-1.296,1.578,-47.567,-1.518,-0.372,79.153,-1.046,47.567,3.221,1.749,1,2.757,3.286,3.431,80.081,0.217,1.502,0,0,0,OFFBOARD
622,OUTBOUND,63.13,79.252,-1.239,1.573,-47.567,-1.518,-0.372,79.252,-0.989,47.567,3.133,1.848,1,2.923,4.043,3.794,80.181,0.446,1.493,0,0,0,OFFBOARD
623,OUTBOUND,63.24,79.356,-1.164,1.567,-47.567,-1.518,-0.372,79.356,-0.914,47.567,3.925,1.785,1,2.978,4.29,3.914,80.281,0.654,1.487,0,0,0,OFFBOARD
624,OUTBOUND,63.34,79.458,-1.074,1.56,-47.567,-1.518,-0.372,79.458,-0.824,47.567,4.132,2.109,0,2.983,4.38,4.044,80.381,0.837,1.487,0,0,0,OFFBOARD
625,OUTBOUND,63.44,79.56,-0.967,1.554,-47.567,-1.518,-0.372,79.56,-0.717,47.567,4.149,2.35,0,3.697,5.327,4.049,80.481,0.963,1.48,0,0,0,OFFBOARD
626,OUTBOUND,63.54,79.661,-0.841,1.547,-47.567,-1.518,-0.372,79.661,-0.591,47.567,5.153,2.591,0,3.89,6.394,3.998,80.581,1.034,1.47,0,0,0,OFFBOARD
627,OUTBOUND,63.64,79.763,-0.699,1.54,-47.567,-1.518,-0.372,79.763,-0.449,47.567,5.06,2.57,0,3.799,10.0,3.942,80.681,1.059,1.458,0,0,0,OFFBOARD
628,OUTBOUND,63.74,79.866,-0.544,1.533,-47.567,-1.518,-0.372,79.866,-0.294,47.567,5.688,3.122,0,4.503,10.0,3.887,80.781,1.029,1.443,0,0,0,OFFBOARD
629,OUTBOUND,63.84,79.968,-0.378,1.526,-47.567,-1.518,-0.372,79.968,-0.128,47.567,5.662,3.446,0,4.682,10.0,3.837,80.881,0.962,1.428,0,0,0,OFFBOARD
630,OUTBOUND,63.94,80.073,-0.203,1.518,-47.567,-1.518,-0.372,80.073,0.047,47.567,4.024,3.365,0,4.695,3.973,3.56,80.981,0.874,1.415,0,0,0,OFFBOARD
631,OUTBOUND,64.05,80.177,-0.028,1.509,-47.567,-1.518,-0.372,80.177,0.222,47.567,3.268,3.268,0,4.591,3.27,3.272,81.081,0.773,1.412,0,0,0,OFFBOARD
632,OUTBOUND,64.15,80.282,0.146,1.5,-47.567,-1.518,-0.372,80.282,0.396,47.567,3.164,3.164,0,4.517,3.168,3.166,81.181,0.649,1.417,0,0,0,OFFBOARD
633,OUTBOUND,64.25,80.387,0.312,1.491,-47.567,-1.518,-0.372,80.387,0.562,47.567,3.054,3.054,0,4.43,3.06,3.055,81.281,0.509,1.428,0,0,0,OFFBOARD
634,OUTBOUND,64.35,80.492,0.465,1.483,-47.567,-1.518,-0.372,80.492,0.715,47.567,2.941,2.941,0,4.333,2.948,2.94,81.381,0.377,1.443,0,0,0,OFFBOARD
635,OUTBOUND,64.45,80.599,0.602,1.476,-47.567,-1.518,-0.372,80.599,0.852,47.567,2.829,2.829,0,4.237,2.838,2.826,81.481,0.246,1.462,0,0,0,OFFBOARD
636,OUTBOUND,64.55,80.705,0.715,1.47,-47.567,-1.518,-0.372,80.705,0.965,47.567,2.717,2.717,0,4.139,2.727,2.714,81.581,0.108,1.482,0,0,0,OFFBOARD
637,OUTBOUND,64.65,80.809,0.802,1.466,-47.567,-1.518,-0.372,80.809,1.052,47.567,2.611,2.611,0,4.038,2.619,2.606,81.681,-0.019,1.505,0,0,0,OFFBOARD
638,OUTBOUND,64.76,80.913,0.861,1.464,-47.567,-1.518,-0.372,80.913,1.111,47.567,2.507,2.503,0,3.933,2.512,2.502,81.781,-0.127,1.527,0,0,0,OFFBOARD
639,OUTBOUND,64.86,81.017,0.892,1.464,-47.567,-1.518,-0.372,81.017,1.142,47.567,2.409,2.404,0,3.831,2.413,2.404,81.881,-0.238,1.55,0,0,0,OFFBOARD
640,OUTBOUND,64.96,81.119,0.894,1.466,-47.567,-1.518,-0.372,81.119,1.144,47.567,2.311,2.306,0,3.825,2.314,2.307,81.981,-0.354,1.573,0,0,0,OFFBOARD
641,OUTBOUND,65.06,81.22,0.871,1.47,-47.567,-1.518,-0.372,81.22,1.121,47.567,2.214,2.211,0,4.272,2.216,2.211,82.081,-0.492,1.595,0,0,0,OFFBOARD
642,OUTBOUND,65.16,81.321,0.825,1.476,-47.567,-1.518,-0.372,81.321,1.075,47.567,2.117,2.116,0,4.412,2.12,2.115,82.181,-0.618,1.617,0,0,0,OFFBOARD
643,OUTBOUND,65.26,81.421,0.758,1.484,-47.567,-1.518,-0.372,81.421,1.008,47.567,2.021,2.021,0,4.48,2.023,2.02,82.281,-0.778,1.638,0,0,0,OFFBOARD
644,OUTBOUND,65.37,81.52,0.673,1.494,-47.567,-1.518,-0.372,81.52,0.923,47.567,1.925,1.925,1,4.546,1.927,1.925,82.381,-0.979,1.658,0,0,0,OFFBOARD
645,OUTBOUND,65.47,81.621,0.572,1.506,-47.567,-1.518,-0.372,81.621,0.822,47.567,1.796,1.796,1,4.412,1.796,1.795,82.481,-1.263,1.677,0,0,0,OFFBOARD
646,OUTBOUND,65.57,81.721,0.456,1.519,-47.567,-1.518,-0.372,81.721,0.706,47.567,1.698,1.696,1,4.312,1.698,1.697,82.581,-1.559,1.693,0,0,0,OFFBOARD
647,OUTBOUND,65.67,81.82,0.33,1.533,-47.567,-1.518,-0.372,81.82,0.58,47.567,1.599,1.595,1,4.305,1.658,1.598,82.681,-1.866,1.708,0,0,0,OFFBOARD
648,OUTBOUND,65.77,81.921,0.188,1.548,-47.567,-1.518,-0.372,81.921,0.438,47.567,1.644,1.494,1,4.302,2.354,1.498,82.781,-2.184,1.721,0,0,0,OFFBOARD
649,OUTBOUND,65.87,82.02,0.037,1.563,-47.567,-1.518,-0.372,82.02,0.287,47.567,5.823,1.396,1,4.297,10.0,2.007,82.881,-2.487,1.731,0,0,0,OFFBOARD
650,OUTBOUND,65.97,82.12,-0.126,1.579,-47.567,-1.518,-0.372,82.12,0.124,47.567,5.855,1.297,1,4.443,10.0,4.0,82.981,-2.5,1.731,0,0,0,OFFBOARD
651,OUTBOUND,66.07,82.218,-0.296,1.595,-47.567,-1.518,-0.372,82.218,-0.045,47.567,5.815,1.407,1,4.351,10.0,4.032,83.081,-2.5,1.721,0,0,0,OFFBOARD
652,OUTBOUND,66.18,82.317,-0.472,1.61,-47.567,-1.518,-0.372,82.317,-0.222,47.567,5.721,1.717,1,3.958,10.0,4.061,83.181,-2.5,1.701,0,0,0,OFFBOARD
653,OUTBOUND,66.28,82.417,-0.656,1.623,-47.567,-1.518,-0.372,82.417,-0.406,47.567,5.587,3.097,0,3.752,10.0,4.09,83.281,-2.5,1.686,0,0,0,OFFBOARD
654,OUTBOUND,66.38,82.516,-0.841,1.635,-47.567,-1.518,-0.372,82.516,-0.591,47.567,4.809,2.52,0,3.535,10.0,4.12,83.381,-2.5,1.664,0,0,0,OFFBOARD
655,OUTBOUND,66.48,82.616,-1.032,1.645,-47.567,-1.518,-0.372,82.616,-0.782,47.567,4.692,2.252,0,3.435,10.0,4.146,83.481,-2.478,1.636,0,0,0,OFFBOARD
656,OUTBOUND,66.58,82.715,-1.222,1.652,-47.567,-1.518,-0.372,82.715,-0.972,47.567,4.592,2.085,0,3.335,5.855,4.169,83.581,-2.439,1.604,0,0,0,OFFBOARD
657,OUTBOUND,66.68,82.815,-1.415,1.656,-47.567,-1.518,-0.372,82.815,-1.165,47.567,4.219,1.984,1,3.172,5.751,4.186,83.681,-2.351,1.569,0,0,0,OFFBOARD
658,OUTBOUND,66.78,82.914,-1.603,1.656,-47.567,-1.518,-0.372,82.914,-1.353,47.567,3.174,1.707,1,2.881,4.396,4.174,83.781,-2.191,1.541,0,0,0,OFFBOARD
659,OUTBOUND,66.89,83.013,-1.785,1.654,-47.567,-1.518,-0.372,83.013,-1.535,47.567,3.039,1.453,1,2.577,4.157,3.922,83.881,-1.967,1.519,0,0,0,OFFBOARD
660,OUTBOUND,66.99,83.112,-1.957,1.649,-47.567,-1.518,-0.372,83.112,-1.707,47.567,2.941,1.226,1,1.795,2.941,2.965,83.981,-1.693,1.492,0,0,0,OFFBOARD
661,OUTBOUND,67.09,83.211,-2.111,1.641,-47.567,-1.518,-0.372,83.211,-1.861,47.567,2.646,1.027,1,1.585,2.841,2.708,84.081,-1.378,1.462,0,0,0,OFFBOARD
662,OUTBOUND,67.19,83.311,-2.243,1.631,-47.567,-1.518,-0.372,83.311,-1.993,47.567,1.512,0.829,1,1.488,1.488,1.513,84.181,-1.028,1.431,0,0,0,OFFBOARD
663,OUTBOUND,67.29,83.385,-2.326,1.613,-47.567,-1.518,-0.372,83.385,-2.076,47.567,1.389,0.647,1,1.389,1.389,1.389,84.353,-0.678,1.399,0,1,0,OFFBOARD
664,OUTBOUND,67.39,83.385,-2.312,1.584,-47.567,-1.518,-0.372,83.384,-2.062,47.567,1.377,0.66,1,1.391,1.382,1.372,84.602,-0.328,1.371,0,1,0,OFFBOARD
665,OUTBOUND,67.5,83.382,-2.254,1.557,-47.567,-1.518,-0.372,83.382,-2.004,47.567,1.414,0.753,1,1.377,1.383,1.387,84.902,0.022,1.346,0,1,0,OFFBOARD
666,OUTBOUND,67.6,83.385,-2.154,1.531,-47.567,-1.518,-0.372,83.385,-1.904,47.567,2.347,0.903,1,2.26,2.328,1.436,85.249,0.323,1.323,0,0,0,OFFBOARD
667,OUTBOUND,67.7,83.401,-2.02,1.508,-47.567,-1.518,-0.372,83.401,-1.77,47.567,2.283,1.052,1,2.494,2.621,1.855,85.613,0.531,1.304,0,0,0,OFFBOARD
668,OUTBOUND,67.8,83.44,-1.867,1.486,-47.567,-1.518,-0.372,83.44,-1.617,47.567,2.785,1.285,1,3.371,2.814,2.211,85.995,0.638,1.287,0,0,0,OFFBOARD
669,OUTBOUND,67.9,83.513,-1.692,1.463,-47.567,-1.518,-0.372,83.513,-1.442,47.567,2.637,1.431,1,3.6,3.345,2.149,86.399,0.687,1.275,0,0,0,OFFBOARD
670,OUTBOUND,68.01,83.618,-1.518,1.442,-47.567,-1.518,-0.372,83.618,-1.268,47.567,2.679,1.836,1,4.38,3.517,2.148,86.817,0.694,1.27,0,0,0,OFFBOARD
671,OUTBOUND,68.11,83.755,-1.347,1.422,-47.567,-1.518,-0.372,83.755,-1.097,47.567,2.869,2.089,0,4.573,3.922,2.269,87.239,0.685,1.273,0,0,0,OFFBOARD
672,OUTBOUND,68.21,83.916,-1.181,1.404,-47.567,-1.518,-0.372,83.916,-0.931,47.567,3.265,2.258,0,4.488,4.751,2.496,87.513,0.671,1.285,0,0,0,OFFBOARD
673,OUTBOUND,68.31,84.094,-1.018,1.387,-47.567,-1.518,-0.372,84.094,-0.768,47.567,3.886,2.67,0,4.378,6.144,2.818,87.692,0.651,1.302,0,0,0,OFFBOARD
674,OUTBOUND,68.41,84.285,-0.855,1.373,-47.567,-1.518,-0.372,84.285,-0.605,47.567,4.613,2.967,0,4.269,10.0,3.178,87.808,0.614,1.32,0,0,0,OFFBOARD
675,OUTBOUND,68.51,84.477,-0.691,1.36,-47.567,-1.518,-0.372,84.477,-0.441,47.567,5.284,2.87,0,4.216,10.0,3.499,87.908,0.566,1.337,0,0,0,OFFBOARD
676,OUTBOUND,68.61,84.669,-0.523,1.351,-47.567,-1.518,-0.372,84.669,-0.273,47.567,5.681,3.357,0,4.641,10.0,3.675,88.008,0.494,1.352,0,0,0,OFFBOARD
677,OUTBOUND,68.72,84.858,-0.351,1.344,-47.567,-1.518,-0.372,84.858,-0.101,47.567,5.829,3.395,0,4.77,10.0,3.686,88.108,0.416,1.364,0,0,0,OFFBOARD
678,OUTBOUND,68.82,85.045,-0.179,1.339,-47.567,-1.518,-0.372,85.044,0.071,47.567,5.539,3.172,0,4.809,10.0,3.582,88.208,0.316,1.375,0,0,0,OFFBOARD
679,OUTBOUND,68.92,85.232,-0.01,1.337,-47.567,-1.518,-0.372,85.232,0.24,47.567,5.09,2.931,0,4.738,10.0,3.405,88.308,0.195,1.385,0,0,0,OFFBOARD
680,OUTBOUND,69.02,85.417,0.147,1.336,-47.567,-1.518,-0.372,85.417,0.397,47.567,4.737,2.698,0,5.324,10.0,2.712,88.408,0.069,1.395,0,0,0,OFFBOARD
681,OUTBOUND,69.12,85.605,0.286,1.337,-47.567,-1.518,-0.372,85.605,0.536,47.567,2.513,2.44,0,5.401,2.577,2.472,88.508,-0.073,1.407,0,0,0,OFFBOARD
682,OUTBOUND,69.22,85.798,0.403,1.34,-47.567,-1.518,-0.372,85.798,0.653,47.567,2.245,2.12,0,5.254,2.258,2.217,88.608,-0.225,1.428,0,0,0,OFFBOARD
683,OUTBOUND,69.32,85.992,0.492,1.344,-47.567,-1.518,-0.372,85.992,0.742,47.567,1.973,1.879,1,5.07,1.983,1.958,88.708,-0.395,1.456,0,0,0,OFFBOARD
684,OUTBOUND,69.42,86.192,0.552,1.35,-47.567,-1.518,-0.372,86.192,0.802,47.567,1.709,1.647,1,4.889,1.725,1.699,88.808,-0.589,1.487,0,0,0,OFFBOARD
685,OUTBOUND,69.53,86.393,0.58,1.358,-47.567,-1.518,-0.372,86.393,0.83,47.567,1.456,1.403,1,4.741,1.481,1.44,88.908,-0.811,1.521,0,0,0,OFFBOARD
686,OUTBOUND,69.63,86.595,0.578,1.367,-47.567,-1.518,-0.372,86.595,0.829,47.567,1.234,1.152,1,4.644,1.267,1.191,89.008,-1.159,1.555,0,0,0,OFFBOARD
687,OUTBOUND,69.73,86.798,0.548,1.379,-47.567,-1.518,-0.372,86.798,0.798,47.567,1.139,0.889,1,4.942,1.11,1.019,89.108,-1.509,1.589,0,0,0,OFFBOARD
688,OUTBOUND,69.83,87.001,0.491,1.393,-47.567,-1.518,-0.372,87.001,0.741,47.567,5.048,0.674,1,4.954,10.0,3.4,89.208,-1.859,1.623,0,1,0,OFFBOARD
689,OUTBOUND,69.93,87.206,0.407,1.409,-47.567,-1.518,-0.372,87.206,0.658,47.567,5.154,0.579,1,4.937,10.0,3.598,89.308,-2.09,1.653,0,1,0,OFFBOARD
690,OUTBOUND,70.03,87.411,0.301,1.427,-47.567,-1.518,-0.372,87.411,0.551,47.567,5.25,3.643,0,4.793,6.809,3.647,89.408,-2.179,1.681,0,0,0,OFFBOARD
691,OUTBOUND,70.14,87.613,0.176,1.447,-47.567,-1.518,-0.372,87.613,0.426,47.567,5.2,3.506,0,4.626,6.455,3.708,89.508,-2.272,1.706,0,0,0,OFFBOARD
692,OUTBOUND,70.24,87.819,0.032,1.469,-47.567,-1.518,-0.372,87.819,0.282,47.567,4.909,4.052,0,4.505,6.191,3.753,89.608,-2.352,1.729,0,0,0,OFFBOARD
693,OUTBOUND,70.34,88.022,-0.124,1.491,-47.567,-1.518,-0.372,88.022,0.126,47.567,4.605,3.965,0,4.313,5.935,3.8,89.708,-2.42,1.747,0,0,0,OFFBOARD
694,OUTBOUND,70.44,88.226,-0.288,1.515,-47.567,-1.518,-0.372,88.226,-0.038,47.567,4.372,3.689,0,4.118,5.694,3.858,89.808,-2.475,1.761,0,0,0,OFFBOARD
695,OUTBOUND,70.54,88.427,-0.458,1.538,-47.567,-1.518,-0.372,88.427,-0.208,47.567,4.167,3.398,0,3.927,5.455,3.961,89.908,-2.5,1.766,0,0,0,OFFBOARD
696,OUTBOUND,70.64,88.627,-0.633,1.561,-47.567,-1.518,-0.372,88.627,-0.383,47.567,3.96,3.084,0,3.745,5.215,3.954,90.008,-2.5,1.763,0,0,0,OFFBOARD
697,OUTBOUND,70.74,88.825,-0.811,1.583,-47.567,-1.518,-0.372,88.825,-0.561,47.567,3.767,2.521,0,3.569,4.968,3.739,90.108,-2.451,1.75,0,0,0,OFFBOARD
698,OUTBOUND,70.85,89.019,-0.993,1.604,-47.567,-1.518,-0.372,89.019,-0.743,47.567,3.559,2.223,0,3.395,4.735,3.53,90.208,-2.37,1.728,0,0,0,OFFBOARD
699,OUTBOUND,70.95,89.208,-1.177,1.623,-47.567,-1.518,-0.372,89.208,-0.927,47.567,3.675,1.935,1,3.11,4.466,3.325,90.308,-2.261,1.7,0,0,0,OFFBOARD
700,OUTBOUND,71.05,89.389,-1.363,1.639,-47.567,-1.518,-0.372,89.389,-1.113,47.567,3.072,1.752,1,2.791,4.261,3.136,90.408,-2.084,1.667,0,0,0,OFFBOARD
701,OUTBOUND,71.15,89.563,-1.548,1.652,-47.567,-1.518,-0.372,89.563,-1.298,47.567,2.88,1.564,1,2.5,4.001,2.964,90.508,-1.86,1.631,0,0,0,OFFBOARD
702,OUTBOUND,71.25,89.726,-1.724,1.661,-47.567,-1.518,-0.372,89.726,-1.474,47.567,2.702,1.367,1,2.298,2.886,3.034,90.608,-1.594,1.592,0,0,0,OFFBOARD
703,OUTBOUND,71.35,89.879,-1.888,1.666,-47.567,-1.518,-0.372,89.879,-1.638,47.567,2.52,1.164,1,2.079,2.521,3.581,90.708,-1.299,1.551,0,0,0,OFFBOARD
704,OUTBOUND,71.45,90.021,-2.032,1.667,-47.567,-1.518,-0.372,90.021,-1.782,47.567,2.266,0.998,1,1.826,2.337,2.293,90.808,-1.024,1.509,0,0,0,OFFBOARD
705,OUTBOUND,71.56,90.156,-2.149,1.664,-47.567,-1.518,-0.372,90.156,-1.899,47.567,2.101,0.838,1,1.677,2.119,2.133,90.908,-0.767,1.468,0,0,0,OFFBOARD
706,OUTBOUND,71.66,90.281,-2.23,1.657,-47.567,-1.518,-0.372,90.281,-1.98,47.567,1.922,0.704,1,1.517,1.831,1.741,91.008,-0.51,1.427,0,1,0,OFFBOARD
707,OUTBOUND,71.76,90.399,-2.271,1.646,-47.567,-1.518,-0.372,90.399,-2.021,47.567,1.758,0.637,1,1.471,1.69,1.524,91.108,-0.265,1.388,0,1,0,OFFBOARD
708,OUTBOUND,71.86,90.51,-2.269,1.631,-47.567,-1.518,-0.372,90.51,-2.019,47.567,1.751,0.579,1,1.546,1.721,1.506,91.208,-0.032,1.35,0,1,0,OFFBOARD
709,OUTBOUND,71.96,90.616,-2.225,1.613,-47.567,-1.518,-0.372,90.616,-1.975,47.567,1.717,0.477,1,1.65,1.731,1.634,91.308,0.172,1.314,0,1,0,OFFBOARD
710,OUTBOUND,72.06,90.717,-2.143,1.592,-47.567,-1.518,-0.372,90.717,-1.893,47.567,1.643,0.584,1,1.65,1.636,1.614,91.408,0.291,1.281,0,1,0,OFFBOARD
711,OUTBOUND,72.16,90.814,-2.031,1.569,-47.567,-1.518,-0.372,90.814,-1.781,47.567,2.409,0.98,1,1.555,2.532,2.552,91.508,0.339,1.251,0,0,0,OFFBOARD
712,OUTBOUND,72.27,90.909,-1.897,1.543,-47.567,-1.518,-0.372,90.908,-1.647,47.567,2.707,1.217,1,2.18,2.691,2.671,91.608,0.344,1.226,0,0,0,OFFBOARD
713,OUTBOUND,72.37,90.999,-1.749,1.517,-47.567,-1.518,-0.372,90.999,-1.498,47.567,1.82,1.348,1,2.526,1.798,1.796,91.708,0.301,1.204,0,0,0,OFFBOARD
714,OUTBOUND,72.47,91.088,-1.59,1.489,-47.567,-1.518,-0.372,91.088,-1.34,47.567,1.611,1.38,1,2.535,1.636,1.614,91.828,0.345,1.189,0,0,0,OFFBOARD
715,OUTBOUND,72.57,91.175,-1.426,1.46,-47.567,-1.518,-0.372,91.175,-1.176,47.567,1.414,1.414,1,3.013,1.441,1.371,91.999,0.442,1.177,0,0,0,OFFBOARD
716,OUTBOUND,72.67,91.259,-1.263,1.432,-47.567,-1.518,-0.372,91.259,-1.013,47.567,1.273,1.273,1,1.331,1.301,1.227,92.259,0.607,1.177,0,0,0,OFFBOARD
717,OUTBOUND,72.77,91.345,-1.092,1.404,-47.567,-1.518,-0.372,91.345,-0.842,47.567,1.149,1.149,1,3.689,1.183,1.114,92.583,0.898,1.188,0,0,0,OFFBOARD
718,OUTBOUND,72.87,91.431,-0.921,1.378,-47.567,-1.518,-0.372,91.431,-0.671,47.567,1.534,0.985,1,4.593,10.0,1.16,92.951,1.158,1.206,0,0,0,OFFBOARD
719,OUTBOUND,72.98,91.522,-0.744,1.354,-47.567,-1.518,-0.372,91.522,-0.494,47.567,1.327,1.327,1,5.436,10.0,1.082,93.279,1.323,1.229,0,0,0,OFFBOARD
720,OUTBOUND,73.08,91.618,-0.565,1.333,-47.567,-1.518,-0.372,91.618,-0.315,47.567,1.16,1.16,1,5.733,6.055,1.06,93.556,1.554,1.249,0,0,0,OFFBOARD
721,OUTBOUND,73.18,91.728,-0.379,1.316,-47.567,-1.518,-0.372,91.728,-0.129,47.567,3.368,1.017,1,6.755,5.181,1.173,93.747,1.743,1.278,0,0,0,OFFBOARD
722,OUTBOUND,73.28,91.851,-0.19,1.302,-47.567,-1.518,-0.372,91.851,0.06,47.567,3.191,0.959,1,10.0,4.782,2.416,93.902,1.863,1.314,0,0,0,OFFBOARD
723,OUTBOUND,73.38,91.991,0.002,1.291,-47.567,-1.518,-0.372,91.991,0.252,47.567,3.188,3.111,0,10.0,4.774,2.404,94.011,1.792,1.355,0,0,0,OFFBOARD
724,OUTBOUND,73.48,92.149,0.199,1.285,-47.567,-1.518,-0.372,92.149,0.449,47.567,3.342,3.286,0,10.0,5.122,2.48,94.111,1.719,1.401,0,0,0,OFFBOARD
725,OUTBOUND,73.58,92.32,0.396,1.284,-47.567,-1.518,-0.372,92.319,0.646,47.567,3.636,3.612,0,6.149,5.828,2.63,94.211,1.646,1.449,0,0,0,OFFBOARD
726,OUTBOUND,73.69,92.5,0.593,1.286,-47.567,-1.518,-0.372,92.5,0.843,47.567,4.017,3.558,0,5.957,6.904,2.83,94.311,1.568,1.497,0,0,0,OFFBOARD
727,OUTBOUND,73.79,92.688,0.79,1.294,-47.567,-1.518,-0.372,92.688,1.04,47.567,4.403,3.293,0,4.729,10.0,3.053,94.411,1.475,1.545,0,0,0,OFFBOARD
728,OUTBOUND,73.89,92.88,0.979,1.306,-47.567,-1.518,-0.372,92.88,1.229,47.567,4.731,2.988,0,4.48,6.995,3.256,94.511,1.358,1.583,0,0,0,OFFBOARD
729,OUTBOUND,73.99,93.07,1.155,1.322,-47.567,-1.518,-0.372,93.07,1.406,47.567,4.971,2.694,0,4.321,6.816,3.411,94.611,1.232,1.62,0,0,0,OFFBOARD
730,OUTBOUND,74.09,93.261,1.316,1.342,-47.567,-1.518,-0.372,93.261,1.566,47.567,5.169,2.467,0,4.147,6.619,3.542,94.711,1.108,1.656,0,0,0,OFFBOARD
731,OUTBOUND,74.19,93.449,1.453,1.364,-47.567,-1.518,-0.372,93.449,1.704,47.567,5.164,2.239,0,3.965,5.243,3.669,94.811,0.983,1.689,0,0,0,OFFBOARD
732,OUTBOUND,74.29,93.635,1.566,1.389,-47.567,-1.518,-0.372,93.635,1.816,47.567,4.64,2.027,0,3.718,5.026,3.72,94.911,0.843,1.717,0,0,0,OFFBOARD
733,OUTBOUND,74.4,93.816,1.649,1.416,-47.567,-1.518,-0.372,93.816,1.899,47.567,3.777,1.866,1,3.5,4.83,3.682,95.011,0.672,1.739,0,0,0,OFFBOARD
734,OUTBOUND,74.5,93.992,1.701,1.444,-47.567,-1.518,-0.372,93.992,1.952,47.567,3.496,1.747,1,3.31,4.642,3.583,95.111,0.476,1.761,0,0,0,OFFBOARD
735,OUTBOUND,74.6,94.162,1.725,1.473,-47.567,-1.518,-0.372,94.162,1.975,47.567,3.302,1.671,1,3.151,4.465,3.632,95.211,0.257,1.78,0,0,0,OFFBOARD
736,OUTBOUND,74.7,94.327,1.719,1.502,-47.567,-1.518,-0.372,94.327,1.969,47.567,3.144,1.635,1,3.031,4.304,3.867,95.311,0.02,1.797,0,0,0,OFFBOARD
737,OUTBOUND,74.8,94.48,1.686,1.531,-47.567,-1.518,-0.372,94.48,1.936,47.567,3.059,1.634,1,2.96,4.16,4.038,95.411,-0.23,1.81,0,0,0,OFFBOARD
738,OUTBOUND,74.9,94.63,1.627,1.559,-47.567,-1.518,-0.372,94.629,1.877,47.567,3.679,1.484,1,2.791,3.998,3.921,95.511,-0.487,1.819,0,0,0,OFFBOARD
739,OUTBOUND,75.01,94.778,1.537,1.588,-47.567,-1.518,-0.372,94.778,1.788,47.567,3.813,1.468,1,2.66,3.887,4.411,95.611,-0.734,1.825,0,0,0,OFFBOARD
740,OUTBOUND,75.11,94.911,1.429,1.615,-47.567,-1.518,-0.372,94.911,1.679,47.567,3.765,1.848,1,2.551,4.9,4.672,95.711,-0.96,1.826,0,0,0,OFFBOARD
741,RETURN,75.21,95.039,1.3,1.64,-47.567,-1.518,-0.372,95.039,1.55,47.567,3.649,1.961,1,3.041,4.785,4.698,95.039,1.3,1.64,0,0,0,OFFBOARD
742,RETURN,77.32,95.017,1.135,1.65,-47.567,-1.518,-0.372,-95.017,1.385,47.567,3.232,2.932,0,2.95,3.726,2.452,94.939,1.329,1.637,0,0,0,OFFBOARD
743,RETURN,77.42,95.0,1.165,1.649,-47.567,-1.518,-0.372,-95.0,1.415,47.567,3.635,2.997,0,3.231,4.031,2.481,94.839,1.396,1.631,0,0,0,OFFBOARD
744,RETURN,77.52,94.988,1.196,1.647,-47.567,-1.518,-0.372,-94.988,1.446,47.567,3.07,2.979,0,3.402,4.419,2.48,94.739,1.483,1.625,0,0,0,OFFBOARD
745,RETURN,77.62,94.979,1.228,1.645,-47.567,-1.518,-0.372,-94.979,1.478,47.567,4.49,2.86,0,3.879,4.935,2.644,94.639,1.578,1.62,0,0,0,OFFBOARD
746,RETURN,77.72,94.969,1.262,1.644,-47.567,-1.518,-0.372,-94.969,1.512,47.567,5.386,2.712,0,4.157,6.444,4.038,94.539,1.704,1.614,0,0,0,OFFBOARD
747,RETURN,77.83,94.957,1.297,1.641,-47.567,-1.518,-0.372,-94.957,1.547,47.567,5.568,3.842,0,4.678,10.0,3.83,94.439,1.76,1.61,0,0,0,OFFBOARD
748,RETURN,77.93,94.94,1.335,1.639,-47.567,-1.518,-0.372,-94.94,1.585,47.567,5.212,2.838,0,4.57,10.0,3.662,94.339,1.765,1.607,0,0,0,OFFBOARD
749,RETURN,78.03,94.916,1.377,1.637,-47.567,-1.518,-0.372,-94.916,1.627,47.567,4.63,2.141,0,3.362,10.0,3.539,94.239,1.726,1.604,0,0,0,OFFBOARD
750,RETURN,78.13,94.886,1.422,1.634,-47.567,-1.518,-0.372,-94.886,1.672,47.567,3.436,1.867,1,3.066,4.492,3.454,94.139,1.646,1.602,0,0,0,OFFBOARD
751,RETURN,78.23,94.847,1.47,1.631,-47.567,-1.518,-0.372,-94.847,1.721,47.567,3.018,1.589,1,2.185,3.449,3.159,93.951,1.532,1.592,0,0,0,OFFBOARD
752,RETURN,78.33,94.799,1.52,1.628,-47.567,-1.518,-0.372,-94.799,1.77,47.567,2.205,1.19,1,2.128,2.349,2.542,93.671,1.377,1.574,0,0,0,OFFBOARD
753,RETURN,78.43,94.742,1.569,1.624,-47.567,-1.518,-0.372,-94.742,1.819,47.567,2.15,1.078,1,1.899,2.234,2.316,93.333,1.207,1.552,0,0,0,OFFBOARD
754,RETURN,78.54,94.676,1.611,1.62,-47.567,-1.518,-0.372,-94.676,1.861,47.567,2.088,1.004,1,1.766,2.149,2.233,92.957,1.032,1.526,0,0,0,OFFBOARD
755,RETURN,78.64,94.599,1.645,1.615,-47.567,-1.518,-0.372,-94.599,1.895,47.567,2.013,0.962,1,1.736,2.057,2.111,92.556,0.859,1.499,0,0,0,OFFBOARD
756,RETURN,78.74,94.508,1.666,1.608,-47.567,-1.518,-0.372,-94.508,1.916,47.567,1.894,0.989,1,1.811,1.966,2.026,92.138,0.703,1.471,0,0,0,OFFBOARD
757,RETURN,78.84,94.398,1.672,1.6,-47.567,-1.518,-0.372,-94.398,1.922,47.567,1.818,1.173,1,1.736,1.872,1.966,91.711,0.576,1.443,0,0,0,OFFBOARD
758,RETURN,78.94,94.261,1.656,1.589,-47.567,-1.518,-0.372,-94.261,1.906,47.567,2.028,1.239,1,1.778,1.926,1.885,91.278,0.47,1.415,0,0,0,OFFBOARD
759,RETURN,79.04,94.108,1.619,1.578,-47.567,-1.518,-0.372,-94.108,1.869,47.567,2.51,1.367,1,2.449,2.645,2.204,90.842,0.382,1.387,0,0,0,OFFBOARD
760,RETURN,79.15,93.93,1.561,1.564,-47.567,-1.518,-0.372,-93.93,1.811,47.567,2.665,1.324,1,2.474,2.678,2.439,90.407,0.302,1.361,0,0,0,OFFBOARD
761,RETURN,79.25,93.736,1.483,1.549,-47.567,-1.518,-0.372,-93.736,1.733,47.567,3.273,1.709,1,3.182,3.623,2.878,89.975,0.255,1.337,0,0,0,OFFBOARD
762,RETURN,79.35,93.527,1.389,1.532,-47.567,-1.518,-0.372,-93.527,1.639,47.567,4.076,1.929,1,3.291,4.549,3.186,89.564,0.215,1.316,0,0,0,OFFBOARD
763,RETURN,79.45,93.307,1.281,1.514,-47.567,-1.518,-0.372,-93.307,1.531,47.567,4.38,1.903,1,3.219,5.661,3.5,89.148,0.177,1.299,0,0,0,OFFBOARD
764,RETURN,79.55,93.085,1.163,1.496,-47.567,-1.518,-0.372,-93.085,1.414,47.567,5.285,2.442,0,3.87,6.693,3.801,88.722,0.173,1.289,0,0,0,OFFBOARD
765,RETURN,79.65,92.862,1.039,1.477,-47.567,-1.518,-0.372,-92.862,1.289,47.567,5.237,2.669,0,3.979,10.0,4.075,88.305,0.179,1.287,0,0,0,OFFBOARD
766,RETURN,79.76,92.642,0.912,1.457,-47.567,-1.518,-0.372,-92.642,1.162,47.567,5.059,2.622,0,3.802,10.0,4.259,87.894,0.202,1.296,0,0,0,OFFBOARD
767,RETURN,79.86,92.43,0.789,1.439,-47.567,-1.518,-0.372,-92.43,1.039,47.567,5.893,3.261,0,3.801,10.0,4.31,87.483,0.248,1.313,0,0,0,OFFBOARD
768,RETURN,79.96,92.221,0.673,1.422,-47.567,-1.518,-0.372,-92.221,0.923,47.567,5.88,3.228,0,4.305,6.828,4.226,87.066,0.307,1.336,0,0,0,OFFBOARD
769,RETURN,80.06,92.018,0.569,1.407,-47.567,-1.518,-0.372,-92.018,0.819,47.567,5.825,3.911,0,4.349,6.549,4.048,86.767,0.381,1.358,0,0,0,OFFBOARD
770,RETURN,80.16,91.818,0.481,1.394,-47.567,-1.518,-0.372,-91.818,0.731,47.567,5.752,3.974,0,4.255,6.299,3.847,86.556,0.458,1.38,0,0,0,OFFBOARD
771,RETURN,80.26,91.616,0.41,1.385,-47.567,-1.518,-0.372,-91.616,0.66,47.567,5.363,4.015,0,4.694,6.089,3.67,86.41,0.516,1.403,0,0,0,OFFBOARD
772,RETURN,80.36,91.415,0.36,1.378,-47.567,-1.518,-0.372,-91.415,0.61,47.567,5.09,3.99,0,4.93,5.866,3.538,86.31,0.552,1.428,0,0,0,OFFBOARD
773,RETURN,80.47,91.211,0.33,1.374,-47.567,-1.518,-0.372,-91.211,0.58,47.567,4.933,3.79,0,4.879,5.627,3.457,86.21,0.579,1.453,0,0,0,OFFBOARD
774,RETURN,80.57,91.005,0.32,1.374,-47.567,-1.518,-0.372,-91.005,0.57,47.567,4.886,3.987,0,4.82,5.372,3.424,86.11,0.597,1.48,0,0,0,OFFBOARD
775,RETURN,80.67,90.797,0.327,1.376,-47.567,-1.518,-0.372,-90.797,0.577,47.567,4.928,4.079,0,5.157,5.107,3.436,86.01,0.619,1.506,0,0,0,OFFBOARD
776,RETURN,80.77,90.586,0.349,1.381,-47.567,-1.518,-0.372,-90.586,0.599,47.567,4.852,4.096,0,5.116,4.859,3.48,85.91,0.632,1.531,0,0,0,OFFBOARD
777,RETURN,80.87,90.375,0.38,1.388,-47.567,-1.518,-0.372,-90.375,0.63,47.567,4.528,3.875,0,4.968,4.539,3.563,85.81,0.655,1.554,0,0,0,OFFBOARD
778,RETURN,80.97,90.163,0.417,1.398,-47.567,-1.518,-0.372,-90.163,0.667,47.567,4.217,3.703,0,4.854,4.296,3.63,85.71,0.679,1.576,0,0,0,OFFBOARD
779,RETURN,81.08,89.949,0.457,1.41,-47.567,-1.518,-0.372,-89.949,0.707,47.567,3.975,3.531,0,4.758,4.055,3.695,85.61,0.704,1.593,0,0,0,OFFBOARD
780,RETURN,81.18,89.74,0.495,1.424,-47.567,-1.518,-0.372,-89.74,0.745,47.567,3.741,3.35,0,4.607,3.807,3.681,85.51,0.731,1.606,0,0,0,OFFBOARD
781,RETURN,81.28,89.533,0.531,1.438,-47.567,-1.518,-0.372,-89.533,0.781,47.567,3.513,3.163,0,4.413,3.557,3.461,85.41,0.756,1.617,0,0,0,OFFBOARD
782,RETURN,81.38,89.325,0.564,1.454,-47.567,-1.518,-0.372,-89.325,0.814,47.567,3.272,2.971,0,4.215,3.305,3.214,85.31,0.775,1.628,0,0,0,OFFBOARD
783,RETURN,81.48,89.119,0.593,1.47,-47.567,-1.518,-0.372,-89.119,0.843,47.567,3.026,2.846,0,4.016,3.052,2.967,85.21,0.791,1.637,0,0,0,OFFBOARD
784,RETURN,81.58,88.915,0.619,1.486,-47.567,-1.518,-0.372,-88.915,0.869,47.567,2.775,2.775,0,3.914,2.797,2.723,85.11,0.806,1.642,0,0,0,OFFBOARD
785,RETURN,81.69,88.71,0.641,1.502,-47.567,-1.518,-0.372,-88.71,0.891,47.567,2.523,2.523,0,4.244,2.54,2.477,85.01,0.828,1.642,0,0,0,OFFBOARD
786,RETURN,81.79,88.507,0.662,1.517,-47.567,-1.518,-0.372,-88.507,0.912,47.567,2.274,2.274,0,4.296,2.287,2.237,84.91,0.82,1.635,0,0,0,OFFBOARD
787,RETURN,81.89,88.303,0.681,1.532,-47.567,-1.518,-0.372,-88.303,0.931,47.567,2.014,2.014,0,4.296,2.03,1.997,84.81,0.8,1.623,0,0,0,OFFBOARD
788,RETURN,81.99,88.1,0.698,1.545,-47.567,-1.518,-0.372,-88.1,0.948,47.567,1.758,1.758,1,4.227,1.778,1.757,84.71,0.769,1.606,0,0,0,OFFBOARD
789,RETURN,82.09,87.897,0.715,1.556,-47.567,-1.518,-0.372,-87.897,0.965,47.567,1.501,1.501,1,4.037,1.523,1.501,84.61,0.724,1.588,0,0,0,OFFBOARD
790,RETURN,82.19,87.693,0.731,1.566,-47.567,-1.518,-0.372,-87.693,0.981,47.567,1.249,1.242,1,3.84,1.265,1.244,84.51,0.585,1.57,0,0,0,OFFBOARD
791,RETURN,82.29,87.49,0.745,1.573,-47.567,-1.518,-0.372,-87.49,0.995,47.567,1.002,0.981,1,3.632,1.0,0.985,84.41,0.424,1.549,0,0,0,OFFBOARD
792,RETURN,82.39,87.285,0.756,1.577,-47.567,-1.518,-0.372,-87.285,1.006,47.567,0.787,0.737,1,3.447,0.768,0.759,84.31,0.143,1.526,0,1,0,OFFBOARD
793,RETURN,82.5,87.083,0.763,1.579,-47.567,-1.518,-0.372,-87.083,1.013,47.567,0.598,0.478,1,4.184,2.556,0.556,84.21,-0.181,1.505,0,1,0,OFFBOARD
794,RETURN,82.6,86.909,0.755,1.579,-47.567,-1.518,-0.372,-86.909,1.005,47.567,2.353,0.263,1,4.122,2.354,0.367,84.037,-0.509,1.484,1,0,0,OFFBOARD
795,RETURN,82.7,86.92,0.701,1.59,-47.567,-1.518,-0.372,-86.92,0.951,47.567,2.272,0.269,1,3.173,4.465,2.245,83.894,-0.629,1.46,1,0,0,OFFBOARD
796,RETURN,82.8,86.923,0.639,1.591,-47.567,-1.518,-0.372,-86.923,0.889,47.567,2.304,0.286,1,2.829,3.383,2.269,83.658,-0.714,1.436,1,0,0,OFFBOARD
797,RETURN,82.9,86.909,0.553,1.579,-47.567,-1.518,-0.372,-86.909,0.803,47.567,2.373,2.115,0,2.99,2.376,2.365,83.348,-0.629,1.422,0,0,0,OFFBOARD
798,RETURN,83.0,86.882,0.445,1.565,-47.567,-1.518,-0.372,-86.882,0.695,47.567,2.393,2.078,0,3.178,2.372,2.514,83.146,-0.527,1.411,0,0,0,OFFBOARD
799,RETURN,83.11,86.83,0.331,1.552,-47.567,-1.518,-0.372,-86.83,0.581,47.567,2.284,2.007,0,2.261,2.406,2.275,83.015,-0.404,1.405,0,0,0,OFFBOARD
800,RETURN,83.21,86.736,0.211,1.537,-47.567,-1.518,-0.372,-86.736,0.461,47.567,2.226,1.979,1,2.125,2.365,2.061,82.915,-0.285,1.403,0,0,0,OFFBOARD
801,RETURN,83.31,86.598,0.103,1.523,-47.567,-1.518,-0.372,-86.598,0.353,47.567,2.081,1.937,1,1.986,2.204,2.02,82.815,-0.168,1.405,0,0,0,OFFBOARD
802,RETURN,83.41,86.418,0.009,1.51,-47.567,-1.518,-0.372,-86.418,0.259,47.567,1.866,1.818,1,1.834,1.953,2.113,82.715,-0.071,1.411,0,0,0,OFFBOARD
803,RETURN,83.51,86.208,-0.07,1.497,-47.567,-1.518,-0.372,-86.208,0.181,47.567,1.713,1.713,1,1.738,1.76,1.906,82.615,-0.044,1.418,0,0,0,OFFBOARD
804,RETURN,83.61,85.973,-0.138,1.486,-47.567,-1.518,-0.372,-85.973,0.112,47.567,1.567,1.567,1,4.451,1.564,1.621,82.515,-0.152,1.428,0,0,0,OFFBOARD
805,RETURN,83.72,85.729,-0.198,1.476,-47.567,-1.518,-0.372,-85.729,0.052,47.567,1.499,1.33,1,4.335,1.473,1.427,82.415,-0.341,1.437,0,0,0,OFFBOARD
806,RETURN,83.82,85.482,-0.254,1.468,-47.567,-1.518,-0.372,-85.482,-0.004,47.567,1.94,1.068,1,4.11,5.793,1.794,82.315,-0.551,1.447,0,0,0,OFFBOARD
807,RETURN,83.92,85.244,-0.306,1.461,-47.567,-1.518,-0.372,-85.244,-0.056,47.567,5.251,1.146,1,3.956,6.698,4.892,82.215,-0.663,1.454,0,0,0,OFFBOARD
808,RETURN,84.02,85.016,-0.358,1.456,-47.567,-1.518,-0.372,-85.016,-0.108,47.567,5.068,1.359,1,3.809,10.0,5.096,81.996,-0.678,1.468,0,0,0,OFFBOARD
809,RETURN,84.12,84.797,-0.409,1.452,-47.567,-1.518,-0.372,-84.797,-0.159,47.567,4.852,3.296,0,3.637,10.0,4.848,81.696,-0.622,1.486,0,0,0,OFFBOARD
810,RETURN,84.22,84.59,-0.46,1.451,-47.567,-1.518,-0.372,-84.59,-0.21,47.567,5.222,3.108,0,3.943,6.905,4.431,81.498,-0.542,1.506,0,0,0,OFFBOARD
811,RETURN,84.32,84.387,-0.511,1.451,-47.567,-1.518,-0.372,-84.387,-0.261,47.567,5.222,2.96,0,4.05,6.659,4.033,81.369,-0.485,1.527,0,0,0,OFFBOARD
812,RETURN,84.43,84.188,-0.56,1.453,-47.567,-1.518,-0.372,-84.188,-0.31,47.567,5.249,2.821,0,4.043,6.315,3.758,81.269,-0.445,1.549,0,0,0,OFFBOARD
813,RETURN,84.53,83.987,-0.604,1.457,-47.567,-1.518,-0.372,-83.987,-0.354,47.567,5.112,2.716,0,3.954,5.428,3.611,81.169,-0.415,1.57,0,0,0,OFFBOARD
814,RETURN,84.63,83.785,-0.639,1.462,-47.567,-1.518,-0.372,-83.785,-0.389,47.567,4.935,2.634,0,3.778,5.133,3.559,81.069,-0.398,1.591,0,0,0,OFFBOARD
815,RETURN,84.73,83.577,-0.662,1.47,-47.567,-1.518,-0.372,-83.577,-0.412,47.567,4.759,2.459,0,3.604,4.977,3.582,80.969,-0.382,1.612,0,0,0,OFFBOARD
816,RETURN,84.83,83.367,-0.672,1.479,-47.567,-1.518,-0.372,-83.367,-0.422,47.567,4.57,2.348,0,3.488,5.322,3.658,80.869,-0.363,1.631,0,0,0,OFFBOARD
817,RETURN,84.93,83.154,-0.669,1.49,-47.567,-1.518,-0.372,-83.154,-0.419,47.567,4.374,2.575,0,3.831,5.264,3.757,80.769,-0.357,1.65,0,0,0,OFFBOARD
818,RETURN,85.03,82.938,-0.653,1.502,-47.567,-1.518,-0.372,-82.938,-0.403,47.567,4.344,2.62,0,3.818,5.018,3.859,80.669,-0.355,1.667,0,0,0,OFFBOARD
819,RETURN,85.14,82.723,-0.628,1.515,-47.567,-1.518,-0.372,-82.723,-0.378,47.567,4.681,2.664,0,3.86,4.751,3.946,80.569,-0.354,1.682,0,0,0,OFFBOARD
820,RETURN,85.24,82.508,-0.596,1.529,-47.567,-1.518,-0.372,-82.508,-0.346,47.567,4.46,2.598,0,3.684,4.495,4.006,80.469,-0.359,1.695,0,0,0,OFFBOARD
821,RETURN,85.34,82.294,-0.561,1.543,-47.567,-1.518,-0.372,-82.294,-0.311,47.567,4.731,2.941,0,3.591,6.004,4.048,80.369,-0.381,1.705,0,0,0,OFFBOARD
822,RETURN,85.44,82.08,-0.525,1.558,-47.567,-1.518,-0.372,-82.08,-0.275,47.567,5.414,3.072,0,4.05,10.0,4.087,80.269,-0.405,1.713,0,0,0,OFFBOARD
823,RETURN,85.54,81.874,-0.492,1.573,-47.567,-1.518,-0.372,-81.874,-0.242,47.567,5.446,2.948,0,3.995,10.0,4.125,80.169,-0.431,1.719,0,0,0,OFFBOARD
824,RETURN,85.64,81.656,-0.46,1.588,-47.567,-1.518,-0.372,-81.656,-0.21,47.567,5.3,3.14,0,3.952,10.0,4.165,80.069,-0.465,1.724,0,0,0,OFFBOARD
825,RETURN,85.75,81.449,-0.435,1.603,-47.567,-1.518,-0.372,-81.449,-0.185,47.567,5.86,2.977,0,3.754,10.0,4.255,79.969,-0.484,1.727,0,0,0,OFFBOARD
826,RETURN,85.85,81.241,-0.414,1.617,-47.567,-1.518,-0.372,-81.241,-0.164,47.567,5.862,2.774,0,3.599,10.0,4.417,79.869,-0.493,1.727,0,0,0,OFFBOARD
827,RETURN,85.95,81.037,-0.398,1.63,-47.567,-1.518,-0.372,-81.037,-0.148,47.567,5.686,2.588,0,3.471,10.0,4.648,79.769,-0.475,1.726,0,0,0,OFFBOARD
828,RETURN,86.05,80.84,-0.387,1.642,-47.567,-1.518,-0.372,-80.84,-0.137,47.567,5.401,2.564,0,3.322,6.969,4.935,79.669,-0.433,1.724,0,0,0,OFFBOARD
829,RETURN,86.15,80.649,-0.381,1.653,-47.567,-1.518,-0.372,-80.649,-0.131,47.567,5.11,3.012,0,3.184,6.774,5.239,79.569,-0.427,1.719,0,0,0,OFFBOARD
830,RETURN,86.25,80.464,-0.379,1.663,-47.567,-1.518,-0.372,-80.464,-0.129,47.567,4.902,2.949,0,3.074,6.606,5.512,79.469,-0.423,1.711,0,0,0,OFFBOARD
831,RETURN,86.35,80.291,-0.379,1.671,-47.567,-1.518,-0.372,-80.291,-0.129,47.567,4.791,3.2,0,3.02,6.473,5.706,79.369,-0.419,1.702,0,0,0,OFFBOARD
832,RETURN,86.46,80.127,-0.381,1.679,-47.567,-1.518,-0.372,-80.127,-0.131,47.567,4.767,3.174,0,3.405,6.384,5.792,79.269,-0.397,1.692,0,0,0,OFFBOARD
833,RETURN,86.56,79.976,-0.384,1.684,-47.567,-1.518,-0.372,-79.976,-0.134,47.567,4.735,3.148,0,3.453,6.235,5.762,79.169,-0.383,1.681,0,0,0,OFFBOARD
834,RETURN,86.66,79.833,-0.386,1.688,-47.567,-1.518,-0.372,-79.833,-0.136,47.567,4.752,3.144,0,3.502,6.263,5.657,79.069,-0.375,1.67,0,0,0,OFFBOARD
835,RETURN,86.76,79.701,-0.389,1.691,-47.567,-1.518,-0.372,-79.701,-0.139,47.567,4.628,3.161,0,3.381,6.68,5.496,78.969,-0.379,1.659,0,0,0,OFFBOARD
836,RETURN,86.86,79.579,-0.39,1.692,-47.567,-1.518,-0.372,-79.579,-0.14,47.567,4.498,3.141,0,3.32,6.449,5.316,78.869,-0.37,1.648,0,0,0,OFFBOARD
837,RETURN,86.96,79.463,-0.391,1.691,-47.567,-1.518,-0.372,-79.463,-0.141,47.567,4.546,3.041,0,3.529,5.75,5.142,78.769,-0.359,1.638,0,0,0,OFFBOARD
838,RETURN,87.06,79.355,-0.391,1.69,-47.567,-1.518,-0.372,-79.355,-0.141,47.567,5.202,2.938,0,3.752,5.527,4.984,78.669,-0.334,1.626,0,0,0,OFFBOARD
839,RETURN,87.16,79.251,-0.39,1.687,-47.567,-1.518,-0.372,-79.251,-0.14,47.567,5.366,2.905,0,3.82,5.428,4.847,78.569,-0.318,1.616,0,0,0,OFFBOARD
840,RETURN,87.27,79.152,-0.388,1.683,-47.567,-1.518,-0.372,-79.152,-0.138,47.567,5.268,2.919,0,3.886,5.334,4.727,78.469,-0.306,1.606,0,0,0,OFFBOARD
841,RETURN,87.37,79.057,-0.386,1.678,-47.567,-1.518,-0.372,-79.057,-0.136,47.567,5.169,3.225,0,3.911,5.244,4.626,78.369,-0.306,1.597,0,0,0,OFFBOARD
842,RETURN,87.47,78.965,-0.383,1.672,-47.567,-1.518,-0.372,-78.965,-0.133,47.567,5.072,3.25,0,3.815,5.159,4.537,78.269,-0.29,1.588,0,0,0,OFFBOARD
843,RETURN,87.57,78.875,-0.379,1.666,-47.567,-1.518,-0.372,-78.875,-0.129,47.567,5.047,3.262,0,3.723,5.074,4.456,78.169,-0.257,1.579,0,0,0,OFFBOARD
844,RETURN,87.67,78.788,-0.374,1.659,-47.567,-1.518,-0.372,-78.788,-0.124,47.567,4.947,3.291,0,3.785,4.963,4.355,78.069,-0.221,1.57,0,0,0,OFFBOARD
845,RETURN,87.78,78.703,-0.367,1.651,-47.567,-1.518,-0.372,-78.703,-0.117,47.567,4.87,3.32,0,4.174,4.881,4.284,77.969,-0.188,1.561,0,0,0,OFFBOARD
846,RETURN,87.88,78.617,-0.36,1.644,-47.567,-1.518,-0.372,-78.617,-0.11,47.567,4.793,3.349,0,4.281,4.799,4.216,77.869,-0.159,1.553,0,0,0,OFFBOARD
847,RETURN,87.98,78.533,-0.35,1.636,-47.567,-1.518,-0.372,-78.533,-0.1,47.567,4.714,3.335,0,4.366,4.717,4.152,77.769,-0.142,1.547,0,0,0,OFFBOARD
848,RETURN,88.08,78.449,-0.339,1.627,-47.567,-1.518,-0.372,-78.449,-0.089,47.567,4.633,3.249,0,4.434,4.634,4.094,77.669,-0.11,1.542,0,0,0,OFFBOARD
849,RETURN,88.18,78.365,-0.326,1.619,-47.567,-1.518,-0.372,-78.365,-0.076,47.567,4.55,3.163,0,4.381,4.551,4.041,77.569,-0.07,1.54,0,0,0,OFFBOARD
850,RETURN,88.28,78.28,-0.31,1.611,-47.567,-1.518,-0.372,-78.28,-0.06,47.567,4.467,3.201,0,4.306,4.466,3.996,77.469,-0.021,1.54,0,0,0,OFFBOARD
851,RETURN,88.38,78.194,-0.292,1.603,-47.567,-1.518,-0.372,-78.194,-0.042,47.567,4.384,3.548,0,4.223,4.381,3.958,77.369,0.029,1.541,0,0,0,OFFBOARD
852,RETURN,88.48,78.107,-0.272,1.596,-47.567,-1.518,-0.372,-78.107,-0.022,47.567,4.305,3.608,0,4.25,4.295,3.926,77.269,0.088,1.543,0,0,0,OFFBOARD
853,RETURN,88.59,78.019,-0.249,1.589,-47.567,-1.518,-0.372,-78.019,0.001,47.567,4.457,3.663,0,4.372,4.233,3.902,77.169,0.154,1.546,0,0,0,OFFBOARD
854,RETURN,88.69,77.929,-0.223,1.583,-47.567,-1.518,-0.372,-77.929,0.027,47.567,4.628,3.727,0,4.663,4.393,3.885,77.069,0.224,1.55,0,0,0,OFFBOARD
855,RETURN,88.79,77.838,-0.195,1.577,-47.567,-1.518,-0.372,-77.838,0.055,47.567,4.811,3.791,0,4.702,4.571,3.873,76.969,0.292,1.554,0,0,0,OFFBOARD
856,RETURN,88.89,77.745,-0.163,1.573,-47.567,-1.518,-0.372,-77.745,0.087,47.567,5.009,3.776,0,4.732,4.77,3.867,76.869,0.359,1.56,0,0,0,OFFBOARD
857,RETURN,88.99,77.652,-0.128,1.569,-47.567,-1.518,-0.372,-77.652,0.122,47.567,5.221,3.684,0,4.714,4.985,3.864,76.769,0.407,1.566,0,0,0,OFFBOARD
858,RETURN,89.09,77.556,-0.089,1.566,-47.567,-1.518,-0.372,-77.556,0.161,47.567,5.733,3.598,0,4.665,5.219,3.864,76.669,0.433,1.573,0,0,0,OFFBOARD
859,RETURN,89.2,77.461,-0.046,1.564,-47.567,-1.518,-0.372,-77.461,0.204,47.567,5.754,3.64,0,4.604,10.0,3.867,76.569,0.439,1.581,0,0,0,OFFBOARD
860,RETURN,89.3,77.363,0.001,1.563,-47.567,-1.518,-0.372,-77.363,0.251,47.567,5.778,3.545,0,4.542,10.0,3.872,76.469,0.47,1.589,0,0,0,OFFBOARD
861,RETURN,89.4,77.266,0.051,1.563,-47.567,-1.518,-0.372,-77.266,0.302,47.567,5.82,3.449,0,4.482,10.0,3.879,76.369,0.52,1.598,0,0,0,OFFBOARD
862,RETURN,89.5,77.168,0.104,1.564,-47.567,-1.518,-0.372,-77.168,0.354,47.567,5.758,3.352,0,4.424,10.0,3.889,76.259,0.583,1.606,0,0,0,OFFBOARD
863,RETURN,89.6,77.068,0.158,1.566,-47.567,-1.518,-0.372,-77.068,0.408,47.567,5.756,3.254,0,4.365,10.0,3.9,76.135,0.659,1.614,0,0,0,OFFBOARD
864,RETURN,89.71,76.968,0.212,1.568,-47.567,-1.518,-0.372,-76.968,0.462,47.567,5.736,3.156,0,4.269,10.0,3.904,76.001,0.745,1.622,0,0,0,OFFBOARD
865,RETURN,89.81,76.865,0.267,1.571,-47.567,-1.518,-0.372,-76.865,0.517,47.567,5.748,3.058,0,4.174,10.0,3.905,75.871,0.837,1.63,0,0,0,OFFBOARD
866,RETURN,89.91,76.763,0.321,1.575,-47.567,-1.518,-0.372,-76.763,0.571,47.567,5.737,2.959,0,4.096,10.0,3.883,75.738,0.932,1.637,0,0,0,OFFBOARD
867,RETURN,90.01,76.661,0.375,1.58,-47.567,-1.518,-0.372,-76.661,0.625,47.567,5.685,2.825,0,4.096,10.0,3.848,75.616,1.029,1.644,0,0,0,OFFBOARD
868,RETURN,90.11,76.556,0.43,1.585,-47.567,-1.518,-0.372,-76.555,0.68,47.567,5.625,2.731,0,4.482,10.0,3.817,75.516,1.13,1.65,0,0,0,OFFBOARD
869,RETURN,90.21,76.449,0.486,1.59,-47.567,-1.518,-0.372,-76.449,0.737,47.567,5.575,2.783,0,4.573,10.0,3.801,75.416,1.226,1.655,0,0,0,OFFBOARD
870,RETURN,90.31,76.343,0.545,1.596,-47.567,-1.518,-0.372,-76.343,0.795,47.567,5.568,2.882,0,4.531,10.0,3.811,75.316,1.314,1.658,0,0,0,OFFBOARD
871,RETURN,90.42,76.23,0.609,1.601,-47.567,-1.518,-0.372,-76.23,0.859,47.567,5.583,2.985,0,4.429,10.0,3.848,75.216,1.394,1.66,0,0,0,OFFBOARD
872,RETURN,90.52,76.117,0.676,1.607,-47.567,-1.518,-0.372,-76.117,0.926,47.567,5.607,3.101,0,4.292,10.0,3.909,75.116,1.457,1.662,0,0,0,OFFBOARD
873,RETURN,90.62,76.002,0.749,1.613,-47.567,-1.518,-0.372,-76.002,0.999,47.567,5.623,3.018,0,4.168,10.0,3.985,75.016,1.51,1.662,0,0,0,OFFBOARD
874,RETURN,90.72,75.887,0.825,1.618,-47.567,-1.518,-0.372,-75.887,1.075,47.567,5.599,2.881,0,4.047,10.0,4.068,74.916,1.553,1.663,0,0,0,OFFBOARD
875,RETURN,90.82,75.77,0.906,1.623,-47.567,-1.518,-0.372,-75.77,1.156,47.567,5.362,2.742,0,3.899,10.0,4.146,74.816,1.567,1.663,0,0,0,OFFBOARD
876,RETURN,90.92,75.653,0.989,1.628,-47.567,-1.518,-0.372,-75.653,1.239,47.567,5.022,2.602,0,3.753,6.733,4.212,74.716,1.572,1.662,0,0,0,OFFBOARD
877,RETURN,91.02,75.539,1.073,1.633,-47.567,-1.518,-0.372,-75.539,1.323,47.567,4.289,2.467,0,3.619,6.62,4.257,74.616,1.566,1.656,0,0,0,OFFBOARD
878,RETURN,91.12,75.426,1.156,1.637,-47.567,-1.518,-0.372,-75.426,1.406,47.567,4.106,2.333,0,3.476,6.501,4.293,74.443,1.549,1.647,0,0,0,OFFBOARD
879,RETURN,91.23,75.314,1.237,1.64,-47.567,-1.518,-0.372,-75.314,1.488,47.567,3.95,2.205,0,3.369,6.366,4.296,74.241,1.521,1.637,0,0,0,OFFBOARD
880,RETURN,91.33,75.204,1.314,1.642,-47.567,-1.518,-0.372,-75.204,1.564,47.567,3.849,2.09,0,3.333,6.088,4.244,73.99,1.483,1.624,0,0,0,OFFBOARD
881,RETURN,91.43,75.094,1.385,1.644,-47.567,-1.518,-0.372,-75.094,1.635,47.567,3.814,1.989,1,3.352,5.143,4.12,73.69,1.436,1.607,0,0,0,OFFBOARD
882,RETURN,91.53,74.983,1.448,1.644,-47.567,-1.518,-0.372,-74.983,1.699,47.567,4.513,1.911,1,3.405,5.036,3.924,73.338,1.382,1.589,0,0,0,OFFBOARD
883,RETURN,91.63,74.869,1.503,1.643,-47.567,-1.518,-0.372,-74.869,1.753,47.567,4.625,1.895,1,3.362,4.967,3.675,72.954,1.325,1.568,0,0,0,OFFBOARD
884,RETURN,91.73,74.747,1.548,1.64,-47.567,-1.518,-0.372,-74.747,1.798,47.567,4.487,1.95,1,3.22,4.988,3.423,72.548,1.273,1.544,0,0,0,OFFBOARD
885,RETURN,91.84,74.616,1.583,1.635,-47.567,-1.518,-0.372,-74.616,1.833,47.567,4.292,1.878,1,3.137,4.979,3.232,72.129,1.226,1.517,0,0,0,OFFBOARD
886,RETURN,91.94,74.474,1.606,1.629,-47.567,-1.518,-0.372,-74.474,1.856,47.567,4.124,1.74,1,3.78,4.969,3.136,71.702,1.187,1.488,0,0,0,OFFBOARD
887,RETURN,92.04,74.318,1.618,1.621,-47.567,-1.518,-0.372,-74.318,1.868,47.567,4.127,1.599,1,3.885,4.804,3.134,71.283,1.138,1.458,0,0,0,OFFBOARD
888,RETURN,92.14,74.149,1.618,1.611,-47.567,-1.518,-0.372,-74.149,1.869,47.567,4.28,1.52,1,3.763,4.581,3.214,70.875,1.076,1.428,0,0,0,OFFBOARD
889,RETURN,92.24,73.968,1.609,1.599,-47.567,-1.518,-0.372,-73.968,1.859,47.567,4.292,1.515,1,3.587,4.337,3.352,70.47,1.002,1.4,0,0,0,OFFBOARD
890,RETURN,92.34,73.786,1.589,1.585,-47.567,-1.518,-0.372,-73.786,1.839,47.567,3.908,1.773,1,3.422,3.987,3.592,70.058,0.941,1.372,0,0,0,OFFBOARD
891,RETURN,92.45,73.586,1.559,1.569,-47.567,-1.518,-0.372,-73.586,1.809,47.567,3.626,1.801,1,3.36,3.71,3.626,69.636,0.872,1.348,0,0,0,OFFBOARD
892,RETURN,92.55,73.393,1.523,1.552,-47.567,-1.518,-0.372,-73.393,1.773,47.567,3.379,1.858,1,3.194,3.431,3.353,69.206,0.8,1.326,0,0,0,OFFBOARD
893,RETURN,92.65,73.2,1.479,1.533,-47.567,-1.518,-0.372,-73.2,1.729,47.567,3.114,1.75,1,3.012,3.147,3.068,68.772,0.736,1.307,0,0,0,OFFBOARD
894,RETURN,92.75,73.006,1.429,1.514,-47.567,-1.518,-0.372,-73.006,1.679,47.567,2.861,1.749,1,2.934,2.873,2.794,68.335,0.668,1.292,0,0,0,OFFBOARD
895,RETURN,92.85,72.811,1.372,1.494,-47.567,-1.518,-0.372,-72.811,1.622,47.567,2.64,2.148,0,3.619,2.645,2.595,67.899,0.614,1.279,0,0,0,OFFBOARD
896,RETURN,92.95,72.619,1.311,1.473,-47.567,-1.518,-0.372,-72.618,1.561,47.567,2.418,2.253,0,3.688,2.469,2.401,67.606,0.547,1.273,0,0,0,OFFBOARD
897,RETURN,93.05,72.425,1.246,1.453,-47.567,-1.518,-0.372,-72.425,1.496,47.567,4.743,2.002,0,3.487,6.065,3.572,67.409,0.471,1.273,0,0,0,OFFBOARD
898,RETURN,93.16,72.231,1.176,1.433,-47.567,-1.518,-0.372,-72.231,1.426,47.567,4.992,1.726,1,4.038,10.0,3.544,67.13,0.361,1.28,0,0,0,OFFBOARD
899,RETURN,93.26,72.035,1.104,1.415,-47.567,-1.518,-0.372,-72.035,1.354,47.567,5.186,1.457,1,4.242,6.89,3.488,66.791,0.259,1.296,0,0,0,OFFBOARD
900,RETURN,93.36,71.835,1.028,1.398,-47.567,-1.518,-0.372,-71.835,1.278,47.567,5.155,1.275,1,4.157,10.0,3.457,66.413,0.194,1.319,0,0,0,OFFBOARD
901,RETURN,93.46,71.635,0.949,1.383,-47.567,-1.518,-0.372,-71.635,1.199,47.567,5.15,2.719,0,3.979,10.0,3.443,66.01,0.181,1.348,0,0,0,OFFBOARD
902,RETURN,93.56,71.435,0.869,1.371,-47.567,-1.518,-0.372,-71.435,1.119,47.567,5.124,2.668,0,4.532,10.0,3.442,65.593,0.182,1.381,0,0,0,OFFBOARD
903,RETURN,93.66,71.234,0.786,1.363,-47.567,-1.518,-0.372,-71.234,1.036,47.567,5.218,3.052,0,4.696,10.0,3.448,65.174,0.203,1.418,0,0,0,OFFBOARD
904,RETURN,93.76,71.031,0.7,1.358,-47.567,-1.518,-0.372,-71.031,0.95,47.567,5.27,3.201,0,4.644,10.0,3.457,64.762,0.232,1.456,0,0,0,OFFBOARD
905,RETURN,93.87,70.83,0.615,1.356,-47.567,-1.518,-0.372,-70.83,0.865,47.567,5.29,3.195,0,4.45,10.0,3.465,64.357,0.272,1.495,0,0,0,OFFBOARD
906,RETURN,93.97,70.627,0.531,1.359,-47.567,-1.518,-0.372,-70.627,0.781,47.567,5.259,3.147,0,4.403,10.0,3.476,63.946,0.315,1.535,0,0,0,OFFBOARD
907,RETURN,94.07,70.426,0.452,1.365,-47.567,-1.518,-0.372,-70.426,0.702,47.567,5.223,3.557,0,4.862,10.0,3.49,63.532,0.369,1.574,0,0,0,OFFBOARD
908,RETURN,94.17,70.223,0.379,1.375,-47.567,-1.518,-0.372,-70.223,0.629,47.567,5.197,3.704,0,4.894,10.0,3.509,63.134,0.431,1.612,0,0,0,OFFBOARD
909,RETURN,94.27,70.022,0.315,1.389,-47.567,-1.518,-0.372,-70.022,0.565,47.567,5.188,3.656,0,4.904,10.0,3.531,62.759,0.495,1.648,0,0,0,OFFBOARD
910,RETURN,94.37,69.819,0.262,1.405,-47.567,-1.518,-0.372,-69.819,0.512,47.567,5.203,3.557,0,4.707,10.0,3.56,62.411,0.557,1.681,0,0,0,OFFBOARD
911,RETURN,94.47,69.62,0.221,1.424,-47.567,-1.518,-0.372,-69.62,0.471,47.567,5.244,3.985,0,4.519,6.986,3.6,62.088,0.628,1.712,0,0,0,OFFBOARD
912,RETURN,94.58,69.42,0.193,1.446,-47.567,-1.518,-0.372,-69.42,0.443,47.567,5.334,4.005,0,4.475,6.776,3.666,61.876,0.7,1.738,0,0,0,OFFBOARD
913,RETURN,94.68,69.215,0.178,1.47,-47.567,-1.518,-0.372,-69.215,0.428,47.567,5.423,4.001,0,4.778,6.616,3.725,61.738,0.775,1.758,0,0,0,OFFBOARD
914,RETURN,94.78,69.005,0.175,1.495,-47.567,-1.518,-0.372,-69.005,0.425,47.567,5.524,3.847,0,4.753,6.458,3.788,61.638,0.845,1.774,0,0,0,OFFBOARD
915,RETURN,94.88,68.801,0.186,1.521,-47.567,-1.518,-0.372,-68.801,0.436,47.567,5.631,3.648,0,4.706,6.303,3.854,61.538,0.903,1.785,0,0,0,OFFBOARD
916,RETURN,94.98,68.599,0.208,1.547,-47.567,-1.518,-0.372,-68.599,0.458,47.567,5.742,3.541,0,4.65,6.152,3.919,61.438,0.961,1.792,0,0,0,OFFBOARD
917,RETURN,95.09,68.395,0.241,1.572,-47.567,-1.518,-0.372,-68.395,0.491,47.567,5.757,3.467,0,4.5,5.998,3.983,61.338,1.017,1.794,0,0,0,OFFBOARD
918,RETURN,95.19,68.193,0.284,1.597,-47.567,-1.518,-0.372,-68.193,0.534,47.567,5.635,3.71,0,4.303,5.85,4.042,61.238,1.078,1.791,0,0,0,OFFBOARD
919,RETURN,95.29,67.99,0.336,1.62,-47.567,-1.518,-0.372,-67.99,0.586,47.567,5.593,3.629,0,4.101,5.748,4.097,61.138,1.14,1.785,0,0,0,OFFBOARD
920,RETURN,95.39,67.788,0.395,1.641,-47.567,-1.518,-0.372,-67.788,0.645,47.567,5.396,3.516,0,3.972,10.0,4.146,61.038,1.2,1.773,0,0,0,OFFBOARD
921,RETURN,95.49,67.584,0.462,1.661,-47.567,-1.518,-0.372,-67.584,0.712,47.567,5.196,3.393,0,3.888,10.0,4.188,60.938,1.25,1.762,0,0,0,OFFBOARD
922,RETURN,95.59,67.38,0.533,1.677,-47.567,-1.518,-0.372,-67.38,0.783,47.567,4.997,3.267,0,4.085,10.0,4.225,60.838,1.293,1.75,0,0,0,OFFBOARD
923,RETURN,95.7,67.178,0.609,1.692,-47.567,-1.518,-0.372,-67.178,0.859,47.567,4.795,3.14,0,4.052,10.0,4.258,60.738,1.329,1.738,0,0,0,OFFBOARD
924,RETURN,95.8,66.974,0.688,1.703,-47.567,-1.518,-0.372,-66.974,0.938,47.567,4.598,3.049,0,3.992,10.0,4.285,60.638,1.361,1.724,0,0,0,OFFBOARD
925,RETURN,95.9,66.772,0.768,1.712,-47.567,-1.518,-0.372,-66.772,1.018,47.567,4.403,2.902,0,3.92,10.0,4.308,60.516,1.384,1.71,0,0,0,OFFBOARD
926,RETURN,96.0,66.57,0.849,1.719,-47.567,-1.518,-0.372,-66.57,1.099,47.567,4.207,2.702,0,3.771,10.0,4.196,60.379,1.403,1.694,0,0,0,OFFBOARD
927,RETURN,96.1,66.366,0.93,1.723,-47.567,-1.518,-0.372,-66.366,1.18,47.567,4.0,2.502,0,3.704,10.0,3.997,60.21,1.412,1.677,0,0,0,OFFBOARD
928,RETURN,96.2,66.164,1.009,1.725,-47.567,-1.518,-0.372,-66.164,1.26,47.567,3.867,2.368,0,3.625,10.0,3.862,60.009,1.415,1.66,0,0,0,OFFBOARD
929,RETURN,96.3,65.962,1.086,1.725,-47.567,-1.518,-0.372,-65.962,1.336,47.567,3.603,2.103,0,3.359,10.0,3.596,59.773,1.408,1.643,0,0,0,OFFBOARD
930,RETURN,96.4,65.76,1.158,1.723,-47.567,-1.518,-0.372,-65.76,1.408,47.567,3.446,1.995,1,3.159,6.764,3.396,59.598,1.395,1.627,0,0,0,OFFBOARD
931,RETURN,96.51,65.556,1.226,1.718,-47.567,-1.518,-0.372,-65.556,1.476,47.567,3.347,1.902,1,2.959,6.341,3.215,59.335,1.376,1.601,0,0,0,OFFBOARD
932,RETURN,96.61,65.35,1.289,1.712,-47.567,-1.518,-0.372,-65.35,1.539,47.567,3.367,2.104,0,2.825,5.368,3.077,59.013,1.367,1.568,0,0,0,OFFBOARD
933,RETURN,96.71,65.152,1.343,1.704,-47.567,-1.518,-0.372,-65.152,1.593,47.567,3.748,2.002,0,3.142,5.074,2.973,58.774,1.359,1.537,0,0,0,OFFBOARD
934,RETURN,96.81,64.942,1.392,1.694,-47.567,-1.518,-0.372,-64.942,1.642,47.567,3.606,1.938,1,3.199,4.893,4.177,58.573,1.356,1.507,0,0,0,OFFBOARD
935,RETURN,96.92,64.74,1.431,1.682,-47.567,-1.518,-0.372,-64.74,1.682,47.567,3.54,1.89,1,3.162,5.438,4.25,58.285,1.302,1.476,0,0,0,OFFBOARD
936,RETURN,97.02,64.536,1.463,1.667,-47.567,-1.518,-0.372,-64.536,1.713,47.567,4.116,1.844,1,3.127,5.506,4.219,57.94,1.247,1.447,0,0,0,OFFBOARD
937,RETURN,97.12,64.334,1.487,1.651,-47.567,-1.518,-0.372,-64.334,1.737,47.567,4.204,1.692,1,2.948,5.36,4.18,57.567,1.219,1.422,0,0,0,OFFBOARD
938,RETURN,97.22,64.132,1.503,1.634,-47.567,-1.518,-0.372,-64.132,1.753,47.567,4.004,1.54,1,2.748,5.16,4.133,57.178,1.158,1.399,0,0,0,OFFBOARD
939,RETURN,97.32,63.928,1.512,1.614,-47.567,-1.518,-0.372,-63.928,1.762,47.567,3.804,1.789,1,2.603,4.96,4.092,56.77,1.061,1.375,0,0,0,OFFBOARD
940,RETURN,97.42,63.726,1.512,1.594,-47.567,-1.518,-0.372,-63.726,1.762,47.567,3.604,1.799,1,3.057,4.76,4.041,56.347,0.971,1.356,0,0,0,OFFBOARD
941,RETURN,97.52,63.522,1.505,1.573,-47.567,-1.518,-0.372,-63.522,1.755,47.567,4.242,1.833,1,3.224,4.634,3.99,55.915,0.894,1.34,0,0,0,OFFBOARD
942,RETURN,97.63,63.32,1.489,1.551,-47.567,-1.518,-0.372,-63.32,1.739,47.567,4.36,1.881,1,3.204,5.569,3.946,55.477,0.819,1.327,0,0,0,OFFBOARD
943,RETURN,97.73,63.118,1.465,1.53,-47.567,-1.518,-0.372,-63.118,1.715,47.567,4.158,1.746,1,3.002,5.415,3.901,55.036,0.752,1.319,0,0,0,OFFBOARD
944,RETURN,97.83,62.914,1.432,1.508,-47.567,-1.518,-0.372,-62.914,1.682,47.567,3.96,1.728,1,3.35,5.217,3.851,54.592,0.683,1.316,0,0,0,OFFBOARD
945,RETURN,97.93,62.712,1.391,1.487,-47.567,-1.518,-0.372,-62.712,1.641,47.567,4.743,2.097,0,3.601,5.24,3.801,54.146,0.645,1.316,0,0,0,OFFBOARD
946,RETURN,98.03,62.51,1.34,1.468,-47.567,-1.518,-0.372,-62.51,1.59,47.567,4.816,2.174,0,3.56,6.073,3.753,53.716,0.608,1.316,0,0,0,OFFBOARD
947,RETURN,98.13,62.308,1.282,1.449,-47.567,-1.518,-0.372,-62.308,1.532,47.567,4.616,2.204,0,3.36,5.873,3.708,53.287,0.583,1.321,0,0,0,OFFBOARD
948,RETURN,98.23,62.106,1.218,1.432,-47.567,-1.518,-0.372,-62.106,1.468,47.567,4.586,2.087,0,3.795,6.733,3.664,52.86,0.557,1.327,0,0,0,OFFBOARD
949,RETURN,98.33,61.902,1.148,1.417,-47.567,-1.518,-0.372,-61.902,1.398,47.567,5.262,2.519,0,4.028,6.729,3.624,52.435,0.558,1.338,0,0,0,OFFBOARD
950,RETURN,98.44,61.698,1.074,1.403,-47.567,-1.518,-0.372,-61.698,1.324,47.567,5.273,2.658,0,4.016,6.737,3.589,52.016,0.562,1.354,0,0,0,OFFBOARD
951,RETURN,98.54,61.496,1.0,1.392,-47.567,-1.518,-0.372,-61.496,1.25,47.567,5.073,2.56,0,3.816,10.0,3.556,51.6,0.572,1.373,0,0,0,OFFBOARD
952,RETURN,98.64,61.292,0.927,1.384,-47.567,-1.518,-0.372,-61.292,1.177,47.567,5.045,2.548,0,4.242,10.0,3.539,51.175,0.59,1.399,0,0,0,OFFBOARD
953,RETURN,98.74,61.09,0.856,1.377,-47.567,-1.518,-0.372,-61.09,1.106,47.567,5.183,2.97,0,4.471,10.0,3.524,50.749,0.622,1.429,0,0,0,OFFBOARD
954,RETURN,98.84,60.888,0.79,1.374,-47.567,-1.518,-0.372,-60.888,1.04,47.567,5.245,3.109,0,4.472,10.0,3.516,50.324,0.656,1.462,0,0,0,OFFBOARD
955,RETURN,98.94,60.688,0.73,1.374,-47.567,-1.518,-0.372,-60.688,0.98,47.567,5.231,2.95,0,4.206,10.0,3.516,49.899,0.695,1.497,0,0,0,OFFBOARD
956,RETURN,99.05,60.486,0.676,1.377,-47.567,-1.518,-0.372,-60.486,0.927,47.567,5.225,2.948,0,4.185,10.0,3.519,49.471,0.735,1.532,0,0,0,OFFBOARD
957,RETURN,99.15,60.286,0.631,1.382,-47.567,-1.518,-0.372,-60.286,0.881,47.567,5.178,3.312,0,4.694,10.0,3.537,49.043,0.784,1.568,0,0,0,OFFBOARD
958,RETURN,99.25,60.074,0.592,1.392,-47.567,-1.518,-0.372,-60.074,0.843,47.567,5.236,3.389,0,4.698,10.0,3.557,48.641,0.834,1.603,0,0,0,OFFBOARD
959,RETURN,99.35,59.87,0.565,1.404,-47.567,-1.518,-0.372,-59.87,0.815,47.567,5.286,3.406,0,4.663,10.0,3.585,48.263,0.89,1.636,0,0,0,OFFBOARD
960,RETURN,99.45,59.668,0.546,1.419,-47.567,-1.518,-0.372,-59.668,0.796,47.567,5.335,3.206,0,4.463,10.0,3.62,47.908,0.943,1.667,0,0,0,OFFBOARD
961,RETURN,99.55,59.466,0.537,1.436,-47.567,-1.518,-0.372,-59.466,0.787,47.567,5.395,3.142,0,4.263,10.0,3.66,47.57,0.995,1.696,0,0,0,OFFBOARD
962,RETURN,99.66,59.262,0.538,1.456,-47.567,-1.518,-0.372,-59.262,0.788,47.567,5.343,3.459,0,4.216,10.0,3.705,47.252,1.051,1.722,0,0,0,OFFBOARD
963,RETURN,99.76,59.06,0.548,1.477,-47.567,-1.518,-0.372,-59.06,0.798,47.567,5.372,3.451,0,4.487,10.0,3.755,46.944,1.105,1.745,0,0,0,OFFBOARD
964,RETURN,99.86,58.858,0.566,1.5,-47.567,-1.518,-0.372,-58.858,0.816,47.567,5.531,3.389,0,4.499,10.0,3.808,46.653,1.154,1.765,0,0,0,OFFBOARD
965,RETURN,99.96,58.656,0.592,1.523,-47.567,-1.518,-0.372,-58.656,0.842,47.567,5.624,3.335,0,4.452,10.0,3.863,46.371,1.201,1.781,0,0,0,OFFBOARD
966,RETURN,100.06,58.452,0.627,1.547,-47.567,-1.518,-0.372,-58.452,0.877,47.567,5.671,3.259,0,4.392,10.0,3.919,46.104,1.251,1.793,0,0,0,OFFBOARD
967,RETURN,100.16,58.25,0.668,1.571,-47.567,-1.518,-0.372,-58.25,0.918,47.567,5.575,3.063,0,4.319,6.882,3.974,45.864,1.295,1.802,0,0,0,OFFBOARD
968,RETURN,100.26,58.048,0.714,1.595,-47.567,-1.518,-0.372,-58.048,0.965,47.567,5.375,2.863,0,4.119,6.752,4.028,45.706,1.33,1.803,0,0,0,OFFBOARD
969,RETURN,100.36,57.846,0.766,1.618,-47.567,-1.518,-0.372,-57.846,1.016,47.567,5.173,2.661,0,3.917,6.62,4.082,45.602,1.357,1.798,0,0,0,OFFBOARD
970,RETURN,100.47,57.642,0.823,1.64,-47.567,-1.518,-0.372,-57.642,1.073,47.567,4.973,2.554,0,3.717,6.492,4.132,45.502,1.378,1.785,0,0,0,OFFBOARD
971,RETURN,100.57,57.44,0.882,1.659,-47.567,-1.518,-0.372,-57.44,1.132,47.567,4.775,2.451,0,3.519,6.368,4.179,45.402,1.395,1.766,0,0,0,OFFBOARD
972,RETURN,100.67,57.238,0.943,1.677,-47.567,-1.518,-0.372,-57.238,1.193,47.567,4.581,2.639,0,3.334,6.239,4.221,45.302,1.417,1.739,0,0,0,OFFBOARD
973,RETURN,100.77,57.034,1.006,1.691,-47.567,-1.518,-0.372,-57.034,1.256,47.567,4.427,2.573,0,3.229,6.111,4.25,45.202,1.43,1.708,0,0,0,OFFBOARD
974,RETURN,100.87,56.83,1.068,1.703,-47.567,-1.518,-0.372,-56.83,1.318,47.567,4.279,2.468,0,3.128,5.984,4.287,45.051,1.431,1.672,0,0,0,OFFBOARD
975,RETURN,100.97,56.628,1.128,1.711,-47.567,-1.518,-0.372,-56.628,1.378,47.567,4.139,2.365,0,3.481,5.858,4.309,44.839,1.416,1.632,0,0,0,OFFBOARD
976,RETURN,101.08,56.424,1.187,1.714,-47.567,-1.518,-0.372,-56.424,1.437,47.567,4.009,2.266,0,3.453,5.734,4.322,44.603,1.389,1.594,0,0,0,OFFBOARD
977,RETURN,101.18,56.222,1.241,1.714,-47.567,-1.518,-0.372,-56.222,1.492,47.567,4.514,2.183,0,3.374,5.611,4.326,44.343,1.352,1.555,0,0,0,OFFBOARD
978,RETURN,101.28,56.018,1.293,1.71,-47.567,-1.518,-0.372,-56.018,1.543,47.567,4.478,2.119,0,3.307,5.49,4.321,44.053,1.308,1.516,0,0,0,OFFBOARD
979,RETURN,101.38,55.814,1.339,1.702,-47.567,-1.518,-0.372,-55.814,1.589,47.567,4.417,1.919,1,3.175,5.372,4.307,43.729,1.249,1.478,0,0,0,OFFBOARD
980,RETURN,101.48,55.61,1.379,1.69,-47.567,-1.518,-0.372,-55.61,1.629,47.567,4.165,1.681,1,2.909,5.214,4.275,43.362,1.184,1.445,0,0,0,OFFBOARD
981,RETURN,101.58,55.408,1.411,1.675,-47.567,-1.518,-0.372,-55.408,1.661,47.567,3.965,1.646,1,2.709,5.096,4.241,42.967,1.111,1.417,0,0,0,OFFBOARD
982,RETURN,101.68,55.204,1.436,1.657,-47.567,-1.518,-0.372,-55.204,1.686,47.567,3.765,1.874,1,2.683,4.98,4.198,42.553,1.047,1.392,0,0,0,OFFBOARD
983,RETURN,101.79,55.002,1.451,1.637,-47.567,-1.518,-0.372,-55.002,1.701,47.567,3.62,1.861,1,3.239,4.822,4.142,42.126,0.985,1.369,0,0,0,OFFBOARD
984,RETURN,101.89,54.8,1.457,1.616,-47.567,-1.518,-0.372,-54.8,1.707,47.567,4.242,1.875,1,3.268,4.657,4.081,41.693,0.921,1.35,0,0,0,OFFBOARD
985,RETURN,101.99,54.596,1.452,1.593,-47.567,-1.518,-0.372,-54.596,1.702,47.567,4.422,1.907,1,3.165,4.567,4.039,41.255,0.857,1.334,0,0,0,OFFBOARD
986,RETURN,102.09,54.394,1.438,1.569,-47.567,-1.518,-0.372,-54.394,1.688,47.567,4.222,1.709,1,2.965,4.462,3.994,40.813,0.794,1.32,0,0,0,OFFBOARD
987,RETURN,102.19,54.19,1.413,1.545,-47.567,-1.518,-0.372,-54.19,1.663,47.567,4.022,1.734,1,2.924,4.354,3.938,40.369,0.732,1.307,0,0,0,OFFBOARD
988,RETURN,102.29,53.986,1.378,1.521,-47.567,-1.518,-0.372,-53.986,1.628,47.567,4.044,2.049,0,3.538,4.235,3.882,39.923,0.694,1.296,0,0,0,OFFBOARD
989,RETURN,102.4,53.782,1.335,1.498,-47.567,-1.518,-0.372,-53.782,1.585,47.567,4.024,2.149,0,3.622,4.104,3.814,39.528,0.657,1.288,0,0,0,OFFBOARD
990,RETURN,102.5,53.58,1.285,1.475,-47.567,-1.518,-0.372,-53.58,1.535,47.567,3.934,2.165,0,3.422,3.973,3.744,39.18,0.632,1.283,0,0,0,OFFBOARD
991,RETURN,102.6,53.378,1.229,1.454,-47.567,-1.518,-0.372,-53.378,1.479,47.567,3.806,2.059,0,3.341,3.839,3.705,38.88,0.604,1.281,0,0,0,OFFBOARD
992,RETURN,102.7,53.174,1.167,1.433,-47.567,-1.518,-0.372,-53.174,1.417,47.567,3.682,2.463,0,3.981,3.708,3.643,38.619,0.598,1.283,0,0,0,OFFBOARD
993,RETURN,102.8,52.972,1.103,1.414,-47.567,-1.518,-0.372,-52.972,1.353,47.567,3.739,2.567,0,4.078,3.584,3.579,38.432,0.59,1.287,0,0,0,OFFBOARD
994,RETURN,102.9,52.768,1.036,1.397,-47.567,-1.518,-0.372,-52.768,1.286,47.567,5.132,2.62,0,3.876,6.388,3.548,38.291,0.598,1.294,0,0,0,OFFBOARD
995,RETURN,103.0,52.566,0.97,1.382,-47.567,-1.518,-0.372,-52.566,1.22,47.567,5.026,2.489,0,3.81,10.0,3.524,38.064,0.599,1.305,0,0,0,OFFBOARD
996,RETURN,103.11,52.362,0.904,1.368,-47.567,-1.518,-0.372,-52.362,1.155,47.567,5.111,2.893,0,4.411,10.0,3.506,37.76,0.609,1.327,0,0,0,OFFBOARD
997,RETURN,103.21,52.16,0.842,1.357,-47.567,-1.518,-0.372,-52.16,1.092,47.567,5.22,3.024,0,4.396,10.0,3.479,37.408,0.62,1.355,0,0,0,OFFBOARD
998,RETURN,103.31,51.956,0.784,1.349,-47.567,-1.518,-0.372,-51.956,1.034,47.567,5.198,2.857,0,4.334,10.0,3.459,37.023,0.637,1.389,0,0,0,OFFBOARD
999,RETURN,103.41,51.752,0.73,1.344,-47.567,-1.518,-0.372,-51.752,0.98,47.567,5.157,2.717,0,4.137,10.0,3.445,36.619,0.646,1.426,0,0,0,OFFBOARD
1000,RETURN,103.51,51.554,0.684,1.342,-47.567,-1.518,-0.372,-51.554,0.934,47.567,5.133,2.593,0,4.207,10.0,3.438,36.201,0.646,1.465,0,0,0,OFFBOARD
1001,RETURN,103.61,51.352,0.643,1.343,-47.567,-1.518,-0.372,-51.352,0.893,47.567,5.111,2.435,0,4.755,10.0,3.44,35.778,0.641,1.505,0,0,0,OFFBOARD
1002,RETURN,103.71,51.146,0.608,1.349,-47.567,-1.518,-0.372,-51.146,0.858,47.567,5.138,2.292,0,4.79,10.0,3.449,35.36,0.653,1.546,0,0,0,OFFBOARD
1003,RETURN,103.82,50.942,0.58,1.358,-47.567,-1.518,-0.372,-50.942,0.83,47.567,5.184,2.146,0,4.522,10.0,3.473,34.944,0.665,1.586,0,0,0,OFFBOARD
1004,RETURN,103.92,50.74,0.559,1.37,-47.567,-1.518,-0.372,-50.74,0.809,47.567,5.236,3.066,0,4.378,6.922,3.501,34.531,0.712,1.624,0,0,0,OFFBOARD
1005,RETURN,104.02,50.536,0.543,1.386,-47.567,-1.518,-0.372,-50.536,0.793,47.567,5.299,3.44,0,4.594,6.722,3.536,34.233,0.768,1.657,0,0,0,OFFBOARD
1006,RETURN,104.12,50.334,0.533,1.404,-47.567,-1.518,-0.372,-50.334,0.783,47.567,5.319,3.459,0,4.747,6.522,3.579,34.024,0.822,1.683,0,0,0,OFFBOARD
1007,RETURN,104.22,50.13,0.528,1.425,-47.567,-1.518,-0.372,-50.13,0.778,47.567,5.411,3.472,0,4.704,6.544,3.628,33.879,0.876,1.705,0,0,0,OFFBOARD
1008,RETURN,104.32,49.926,0.529,1.448,-47.567,-1.518,-0.372,-49.926,0.779,47.567,5.509,3.482,0,4.653,6.614,3.681,33.774,0.933,1.722,0,0,0,OFFBOARD
1009,RETURN,104.43,49.724,0.535,1.472,-47.567,-1.518,-0.372,-49.724,0.785,47.567,5.584,3.32,0,4.577,6.666,3.739,33.674,0.988,1.733,0,0,0,OFFBOARD
1010,RETURN,104.53,49.528,0.546,1.496,-47.567,-1.518,-0.372,-49.528,0.796,47.567,5.635,3.122,0,4.379,6.685,3.797,33.574,1.038,1.738,0,0,0,OFFBOARD
1011,RETURN,104.63,49.322,0.565,1.521,-47.567,-1.518,-0.372,-49.322,0.815,47.567,5.435,3.029,0,4.179,6.69,3.855,33.474,1.086,1.739,0,0,0,OFFBOARD
1012,RETURN,104.73,49.118,0.59,1.544,-47.567,-1.518,-0.372,-49.118,0.84,47.567,5.4,3.271,0,3.995,6.608,3.912,33.374,1.136,1.735,0,0,0,OFFBOARD
1013,RETURN,104.83,48.916,0.621,1.567,-47.567,-1.518,-0.372,-48.916,0.871,47.567,5.451,3.276,0,3.916,6.537,3.965,33.274,1.184,1.728,0,0,0,OFFBOARD
1014,RETURN,104.93,48.712,0.659,1.588,-47.567,-1.518,-0.372,-48.712,0.909,47.567,5.451,3.197,0,4.142,10.0,4.014,33.174,1.226,1.718,0,0,0,OFFBOARD
1015,RETURN,105.03,48.508,0.703,1.607,-47.567,-1.518,-0.372,-48.508,0.953,47.567,5.295,3.105,0,4.166,10.0,4.058,33.074,1.262,1.71,0,0,0,OFFBOARD
1016,RETURN,105.14,48.306,0.75,1.623,-47.567,-1.518,-0.372,-48.306,1.0,47.567,5.06,3.022,0,4.126,6.947,4.096,32.974,1.293,1.703,0,0,0,OFFBOARD
1017,RETURN,105.24,48.102,0.803,1.637,-47.567,-1.518,-0.372,-48.102,1.053,47.567,4.786,2.93,0,4.084,6.745,4.13,32.874,1.316,1.692,0,0,0,OFFBOARD
1018,RETURN,105.34,47.9,0.857,1.649,-47.567,-1.518,-0.372,-47.9,1.107,47.567,4.495,2.779,0,4.035,6.547,4.122,32.774,1.336,1.678,0,0,0,OFFBOARD
1019,RETURN,105.44,47.698,0.913,1.658,-47.567,-1.518,-0.372,-47.698,1.163,47.567,4.192,2.579,0,3.835,6.347,3.922,32.674,1.346,1.66,0,0,0,OFFBOARD
1020,RETURN,105.54,47.494,0.971,1.666,-47.567,-1.518,-0.372,-47.494,1.221,47.567,3.887,2.379,0,3.635,6.147,3.722,32.574,1.343,1.639,0,0,0,OFFBOARD
1021,RETURN,105.64,47.29,1.028,1.67,-47.567,-1.518,-0.372,-47.29,1.278,47.567,3.568,2.227,0,3.435,5.947,3.522,32.474,1.327,1.617,0,0,0,OFFBOARD
1022,RETURN,105.75,47.088,1.084,1.672,-47.567,-1.518,-0.372,-47.088,1.334,47.567,3.32,2.144,0,3.233,5.796,3.32,32.374,1.301,1.592,0,0,0,OFFBOARD
1023,RETURN,105.85,46.886,1.137,1.672,-47.567,-1.518,-0.372,-46.886,1.387,47.567,3.056,2.34,0,3.081,5.694,3.056,32.242,1.277,1.567,0,0,0,OFFBOARD
1024,RETURN,105.95,46.68,1.188,1.668,-47.567,-1.518,-0.372,-46.68,1.438,47.567,2.856,2.27,0,3.428,6.513,2.856,32.086,1.24,1.542,0,0,0,OFFBOARD
1025,RETURN,106.05,46.478,1.233,1.663,-47.567,-1.518,-0.372,-46.478,1.483,47.567,2.656,2.203,0,3.479,6.338,2.656,31.97,1.189,1.521,0,0,0,OFFBOARD
1026,RETURN,106.15,46.274,1.273,1.655,-47.567,-1.518,-0.372,-46.274,1.523,47.567,2.456,2.146,0,3.446,6.138,2.456,31.87,1.123,1.504,0,0,0,OFFBOARD
1027,RETURN,106.25,46.072,1.306,1.646,-47.567,-1.518,-0.372,-46.072,1.556,47.567,2.256,2.106,0,3.417,5.938,2.256,31.77,1.046,1.489,0,0,0,OFFBOARD
1028,RETURN,106.36,45.868,1.332,1.634,-47.567,-1.518,-0.372,-45.868,1.582,47.567,2.17,1.969,1,3.225,5.738,2.056,31.67,0.953,1.477,0,0,0,OFFBOARD
1029,RETURN,106.46,45.666,1.35,1.622,-47.567,-1.518,-0.372,-45.666,1.6,47.567,2.102,1.778,1,3.025,5.538,1.856,31.461,0.852,1.464,0,0,0,OFFBOARD
1030,RETURN,106.56,45.462,1.358,1.609,-47.567,-1.518,-0.372,-45.462,1.608,47.567,2.047,1.776,1,2.916,5.338,1.656,31.169,0.748,1.451,0,0,0,OFFBOARD
1031,RETURN,106.66,45.26,1.356,1.595,-47.567,-1.518,-0.372,-45.26,1.606,47.567,2.006,2.006,0,3.437,5.232,1.456,30.823,0.654,1.439,0,0,0,OFFBOARD
1032,RETURN,106.76,45.062,1.344,1.581,-47.567,-1.518,-0.372,-45.062,1.594,47.567,1.98,1.968,1,3.528,6.094,1.424,30.55,0.558,1.429,0,0,0,OFFBOARD
1033,RETURN,106.86,44.852,1.32,1.566,-47.567,-1.518,-0.372,-44.852,1.57,47.567,1.978,1.916,1,3.481,5.894,1.44,30.219,0.461,1.419,0,0,0,OFFBOARD
1034,RETURN,106.96,44.65,1.285,1.552,-47.567,-1.518,-0.372,-44.65,1.535,47.567,2.018,1.856,1,3.281,5.694,1.5,29.85,0.358,1.409,0,0,0,OFFBOARD
1035,RETURN,107.07,44.448,1.238,1.538,-47.567,-1.518,-0.372,-44.448,1.488,47.567,2.124,1.791,1,3.25,6.557,1.622,29.456,0.246,1.4,0,0,0,OFFBOARD
1036,RETURN,107.17,44.244,1.18,1.524,-47.567,-1.518,-0.372,-44.244,1.43,47.567,5.256,1.759,1,3.871,6.55,1.816,29.043,0.147,1.394,0,0,0,OFFBOARD
1037,RETURN,107.27,44.042,1.112,1.51,-47.567,-1.518,-0.372,-44.042,1.362,47.567,5.092,1.736,1,3.936,6.361,3.85,28.618,0.104,1.387,0,0,0,OFFBOARD
1038,RETURN,107.37,43.84,1.035,1.497,-47.567,-1.518,-0.372,-43.84,1.285,47.567,4.894,2.481,0,3.738,10.0,3.82,28.186,0.104,1.387,0,0,0,OFFBOARD
1039,RETURN,107.47,43.636,0.949,1.484,-47.567,-1.518,-0.372,-43.636,1.199,47.567,5.514,2.431,0,4.125,10.0,3.789,27.757,0.114,1.396,0,0,0,OFFBOARD
1040,RETURN,107.57,43.434,0.856,1.472,-47.567,-1.518,-0.372,-43.434,1.106,47.567,5.607,2.93,0,4.384,10.0,3.757,27.333,0.141,1.41,0,0,0,OFFBOARD
1041,RETURN,107.67,43.23,0.759,1.462,-47.567,-1.518,-0.372,-43.23,1.009,47.567,5.55,3.055,0,4.294,10.0,3.728,26.919,0.179,1.429,0,0,0,OFFBOARD
1042,RETURN,107.78,43.028,0.661,1.454,-47.567,-1.518,-0.372,-43.028,0.911,47.567,5.35,2.938,0,4.094,10.0,3.705,26.522,0.217,1.451,0,0,0,OFFBOARD
1043,RETURN,107.88,42.824,0.563,1.447,-47.567,-1.518,-0.372,-42.824,0.813,47.567,5.374,3.334,0,4.528,10.0,3.69,26.14,0.267,1.476,0,0,0,OFFBOARD
1044,RETURN,107.98,42.62,0.47,1.443,-47.567,-1.518,-0.372,-42.62,0.72,47.567,5.464,3.497,0,4.662,10.0,3.684,25.787,0.322,1.502,0,0,0,OFFBOARD
1045,RETURN,108.08,42.42,0.387,1.441,-47.567,-1.518,-0.372,-42.42,0.637,47.567,5.408,3.428,0,4.556,10.0,3.678,25.478,0.381,1.529,0,0,0,OFFBOARD
1046,RETURN,108.18,42.214,0.312,1.442,-47.567,-1.518,-0.372,-42.214,0.562,47.567,5.377,3.735,0,4.484,10.0,3.677,25.199,0.449,1.556,0,0,0,OFFBOARD
1047,RETURN,108.28,42.008,0.249,1.446,-47.567,-1.518,-0.372,-42.008,0.499,47.567,5.367,3.838,0,4.35,10.0,3.681,24.948,0.519,1.583,0,0,0,OFFBOARD
1048,RETURN,108.39,41.806,0.201,1.452,-47.567,-1.518,-0.372,-41.806,0.451,47.567,5.378,3.985,0,4.282,6.75,3.696,24.714,0.595,1.609,0,0,0,OFFBOARD
1049,RETURN,108.49,41.602,0.166,1.461,-47.567,-1.518,-0.372,-41.602,0.416,47.567,5.404,3.882,0,4.765,6.57,3.716,24.562,0.671,1.631,0,0,0,OFFBOARD
1050,RETURN,108.59,41.4,0.146,1.471,-47.567,-1.518,-0.372,-41.4,0.396,47.567,5.442,3.714,0,4.805,6.464,3.74,24.462,0.736,1.651,0,0,0,OFFBOARD
1051,RETURN,108.69,41.198,0.139,1.484,-47.567,-1.518,-0.372,-41.198,0.389,47.567,5.492,3.712,0,4.74,6.429,3.77,24.362,0.791,1.668,0,0,0,OFFBOARD
1052,RETURN,108.79,40.996,0.146,1.498,-47.567,-1.518,-0.372,-40.996,0.396,47.567,5.55,3.983,0,4.54,6.468,3.804,24.262,0.85,1.682,0,0,0,OFFBOARD
1053,RETURN,108.89,40.792,0.165,1.513,-47.567,-1.518,-0.372,-40.792,0.415,47.567,5.597,3.955,0,4.34,10.0,3.841,24.162,0.906,1.693,0,0,0,OFFBOARD
1054,RETURN,108.99,40.59,0.196,1.529,-47.567,-1.518,-0.372,-40.59,0.446,47.567,5.617,3.905,0,4.29,10.0,3.88,24.062,0.968,1.704,0,0,0,OFFBOARD
1055,RETURN,109.1,40.386,0.237,1.545,-47.567,-1.518,-0.372,-40.386,0.487,47.567,5.73,3.843,0,4.575,10.0,3.919,23.957,1.037,1.713,0,0,0,OFFBOARD
1056,RETURN,109.2,40.184,0.287,1.562,-47.567,-1.518,-0.372,-40.184,0.537,47.567,5.796,3.74,0,4.581,10.0,3.957,23.839,1.108,1.721,0,0,0,OFFBOARD
1057,RETURN,109.3,39.982,0.345,1.578,-47.567,-1.518,-0.372,-39.982,0.595,47.567,5.825,3.54,0,4.522,10.0,3.995,23.71,1.178,1.727,0,0,0,OFFBOARD
1058,RETURN,109.4,39.778,0.41,1.593,-47.567,-1.518,-0.372,-39.778,0.66,47.567,5.846,3.34,0,4.456,10.0,4.03,23.571,1.245,1.73,0,0,0,OFFBOARD
1059,RETURN,109.5,39.576,0.48,1.609,-47.567,-1.518,-0.372,-39.576,0.73,47.567,5.653,3.14,0,4.397,10.0,4.064,23.421,1.31,1.732,0,0,0,OFFBOARD
1060,RETURN,109.6,39.374,0.555,1.623,-47.567,-1.518,-0.372,-39.374,0.805,47.567,5.453,2.956,0,4.197,10.0,4.097,23.271,1.373,1.732,0,0,0,OFFBOARD
1061,RETURN,109.7,39.17,0.635,1.636,-47.567,-1.518,-0.372,-39.17,0.885,47.567,5.253,2.832,0,3.997,10.0,4.128,23.166,1.432,1.729,0,0,0,OFFBOARD
1062,RETURN,109.81,38.968,0.717,1.649,-47.567,-1.518,-0.372,-38.968,0.967,47.567,5.073,2.701,0,3.793,10.0,4.158,23.066,1.489,1.725,0,0,0,OFFBOARD
1063,RETURN,109.91,38.764,0.802,1.66,-47.567,-1.518,-0.372,-38.764,1.052,47.567,4.905,2.575,0,3.597,10.0,4.183,22.966,1.534,1.719,0,0,0,OFFBOARD
1064,RETURN,110.01,38.56,0.888,1.669,-47.567,-1.518,-0.372,-38.56,1.138,47.567,4.726,2.779,0,3.435,10.0,4.207,22.866,1.574,1.712,0,0,0,OFFBOARD
1065,RETURN,110.11,38.358,0.974,1.678,-47.567,-1.518,-0.372,-38.358,1.224,47.567,4.545,2.687,0,3.311,6.963,4.221,22.766,1.603,1.704,0,0,0,OFFBOARD
1066,RETURN,110.21,38.156,1.06,1.684,-47.567,-1.518,-0.372,-38.156,1.31,47.567,4.364,2.56,0,3.189,6.765,4.244,22.634,1.617,1.685,0,0,0,OFFBOARD
1067,RETURN,110.31,37.954,1.145,1.689,-47.567,-1.518,-0.372,-37.954,1.395,47.567,4.179,2.432,0,3.455,6.563,4.258,22.436,1.607,1.657,0,0,0,OFFBOARD
1068,RETURN,110.41,37.752,1.228,1.692,-47.567,-1.518,-0.372,-37.752,1.478,47.567,4.0,2.302,0,3.387,6.365,4.269,22.221,1.584,1.632,0,0,0,OFFBOARD
1069,RETURN,110.52,37.548,1.308,1.693,-47.567,-1.518,-0.372,-37.548,1.558,47.567,3.829,2.177,0,3.321,6.165,4.275,21.977,1.546,1.604,0,0,0,OFFBOARD
1070,RETURN,110.62,37.344,1.383,1.692,-47.567,-1.518,-0.372,-37.344,1.633,47.567,3.617,2.02,0,3.232,5.792,4.274,21.719,1.488,1.577,0,0,0,OFFBOARD
1071,RETURN,110.72,37.142,1.452,1.688,-47.567,-1.518,-0.372,-37.142,1.702,47.567,4.122,1.907,1,3.138,4.667,4.264,21.429,1.42,1.55,0,0,0,OFFBOARD
1072,RETURN,110.82,36.938,1.514,1.681,-47.567,-1.518,-0.372,-36.938,1.764,47.567,4.038,1.727,1,2.983,4.415,4.239,21.087,1.337,1.525,0,0,0,OFFBOARD
1073,RETURN,110.92,36.734,1.566,1.672,-47.567,-1.518,-0.372,-36.734,1.816,47.567,3.974,1.529,1,2.785,4.206,4.164,20.708,1.249,1.5,0,0,0,OFFBOARD
1074,RETURN,111.02,36.532,1.608,1.661,-47.567,-1.518,-0.372,-36.532,1.858,47.567,3.841,1.376,1,2.585,4.043,4.088,20.305,1.146,1.474,0,0,0,OFFBOARD
1075,RETURN,111.13,36.33,1.638,1.648,-47.567,-1.518,-0.372,-36.33,1.888,47.567,3.641,1.342,1,2.385,4.719,4.049,19.886,1.034,1.446,0,0,0,OFFBOARD
1076,RETURN,111.23,36.128,1.655,1.634,-47.567,-1.518,-0.372,-36.128,1.905,47.567,3.439,1.622,1,2.378,4.695,3.98,19.456,0.933,1.419,0,0,0,OFFBOARD
1077,RETURN,111.33,35.926,1.658,1.618,-47.567,-1.518,-0.372,-35.926,1.908,47.567,3.241,1.635,1,2.949,4.497,3.921,19.019,0.839,1.393,0,0,0,OFFBOARD
1078,RETURN,111.43,35.722,1.646,1.6,-47.567,-1.518,-0.372,-35.722,1.896,47.567,3.25,1.672,1,3.024,4.295,3.899,18.578,0.742,1.367,0,0,0,OFFBOARD
1079,RETURN,111.53,35.52,1.62,1.581,-47.567,-1.518,-0.372,-35.52,1.87,47.567,4.095,1.583,1,2.839,4.095,3.923,18.134,0.645,1.344,0,0,0,OFFBOARD
1080,RETURN,111.63,35.318,1.58,1.561,-47.567,-1.518,-0.372,-35.318,1.83,47.567,3.895,1.477,1,2.639,5.141,3.897,17.689,0.553,1.322,0,0,0,OFFBOARD
1081,RETURN,111.73,35.116,1.526,1.54,-47.567,-1.518,-0.372,-35.116,1.776,47.567,3.697,1.813,1,3.312,4.954,3.896,17.242,0.481,1.304,0,0,0,OFFBOARD
1082,RETURN,111.83,34.914,1.46,1.519,-47.567,-1.518,-0.372,-34.914,1.71,47.567,4.504,1.926,1,3.446,4.849,3.873,16.794,0.425,1.291,0,0,0,OFFBOARD
1083,RETURN,111.94,34.71,1.383,1.497,-47.567,-1.518,-0.372,-34.71,1.633,47.567,4.554,2.041,0,3.297,5.81,3.824,16.346,0.376,1.282,0,0,0,OFFBOARD
1084,RETURN,112.04,34.508,1.297,1.475,-47.567,-1.518,-0.372,-34.508,1.547,47.567,4.352,1.932,1,3.206,5.622,3.772,15.906,0.336,1.279,0,0,0,OFFBOARD
1085,RETURN,112.14,34.304,1.202,1.454,-47.567,-1.518,-0.372,-34.304,1.452,47.567,5.247,2.329,0,3.863,5.979,3.72,15.463,0.325,1.284,0,0,0,OFFBOARD
1086,RETURN,112.24,34.102,1.104,1.434,-47.567,-1.518,-0.372,-34.102,1.354,47.567,5.21,2.517,0,3.954,5.955,3.668,15.033,0.321,1.292,0,0,0,OFFBOARD
1087,RETURN,112.34,33.9,1.002,1.416,-47.567,-1.518,-0.372,-33.9,1.252,47.567,5.034,2.495,0,3.752,5.868,3.621,14.625,0.328,1.302,0,0,0,OFFBOARD
1088,RETURN,112.44,33.698,0.9,1.399,-47.567,-1.518,-0.372,-33.698,1.151,47.567,5.127,2.865,0,4.257,5.55,3.58,14.247,0.358,1.315,0,0,0,OFFBOARD
1089,RETURN,112.54,33.494,0.8,1.384,-47.567,-1.518,-0.372,-33.494,1.05,47.567,5.127,3.042,0,4.513,5.373,3.547,13.949,0.39,1.329,0,0,0,OFFBOARD
1090,RETURN,112.65,33.292,0.704,1.372,-47.567,-1.518,-0.372,-33.292,0.954,47.567,4.99,3.154,0,4.41,6.922,3.519,13.728,0.434,1.346,0,0,0,OFFBOARD
1091,RETURN,112.75,33.088,0.614,1.363,-47.567,-1.518,-0.372,-33.088,0.864,47.567,4.931,3.031,0,4.266,10.0,3.497,13.529,0.478,1.366,0,0,0,OFFBOARD
1092,RETURN,112.85,32.884,0.532,1.356,-47.567,-1.518,-0.372,-32.884,0.782,47.567,5.112,3.463,0,4.745,10.0,3.479,13.247,0.533,1.394,0,0,0,OFFBOARD
1093,RETURN,112.95,32.686,0.463,1.351,-47.567,-1.518,-0.372,-32.686,0.713,47.567,5.072,3.658,0,4.803,10.0,3.461,12.927,0.593,1.426,0,0,0,OFFBOARD
1094,RETURN,113.05,32.474,0.401,1.35,-47.567,-1.518,-0.372,-32.474,0.651,47.567,5.05,3.542,0,4.705,10.0,3.456,12.581,0.648,1.462,0,0,0,OFFBOARD
1095,RETURN,113.16,32.27,0.354,1.352,-47.567,-1.518,-0.372,-32.27,0.604,47.567,5.045,3.491,0,4.6,10.0,3.459,12.219,0.7,1.499,0,0,0,OFFBOARD
1096,RETURN,113.26,32.068,0.32,1.357,-47.567,-1.518,-0.372,-32.068,0.571,47.567,5.059,3.659,0,4.428,10.0,3.469,11.846,0.754,1.537,0,0,0,OFFBOARD
1097,RETURN,113.36,31.864,0.3,1.365,-47.567,-1.518,-0.372,-31.864,0.55,47.567,5.09,3.458,0,4.428,10.0,3.488,11.478,0.806,1.575,0,0,0,OFFBOARD
1098,RETURN,113.46,31.662,0.292,1.376,-47.567,-1.518,-0.372,-31.662,0.542,47.567,5.137,3.259,0,4.897,10.0,3.515,11.129,0.849,1.611,0,0,0,OFFBOARD
1099,RETURN,113.56,31.458,0.297,1.391,-47.567,-1.518,-0.372,-31.458,0.547,47.567,5.199,3.059,0,4.931,10.0,3.548,10.799,0.88,1.646,0,0,0,OFFBOARD
1100,RETURN,113.66,31.256,0.312,1.408,-47.567,-1.518,-0.372,-31.256,0.562,47.567,5.275,2.859,0,4.856,10.0,3.589,10.489,0.901,1.679,0,0,0,OFFBOARD
1101,RETURN,113.77,31.052,0.338,1.428,-47.567,-1.518,-0.372,-31.052,0.588,47.567,5.366,2.659,0,4.654,10.0,3.636,10.194,0.911,1.709,0,0,0,OFFBOARD
1102,RETURN,113.87,30.848,0.373,1.45,-47.567,-1.518,-0.372,-30.848,0.623,47.567,5.471,2.477,0,4.454,10.0,3.686,9.91,0.911,1.736,0,0,0,OFFBOARD
1103,RETURN,113.97,30.646,0.415,1.473,-47.567,-1.518,-0.372,-30.646,0.665,47.567,5.513,2.313,0,4.328,10.0,3.737,9.624,0.903,1.759,0,0,0,OFFBOARD
1104,RETURN,114.07,30.444,0.462,1.498,-47.567,-1.518,-0.372,-30.444,0.712,47.567,5.509,2.182,0,4.244,10.0,3.791,9.36,0.915,1.779,0,0,0,OFFBOARD
1105,RETURN,114.17,30.24,0.513,1.523,-47.567,-1.518,-0.372,-30.24,0.763,47.567,5.656,2.157,0,4.496,10.0,3.849,9.086,0.923,1.796,0,0,0,OFFBOARD
1106,RETURN,114.27,30.038,0.565,1.549,-47.567,-1.518,-0.372,-30.038,0.815,47.567,5.752,2.322,0,4.476,10.0,3.909,8.838,0.935,1.808,0,0,0,OFFBOARD
1107,RETURN,114.37,29.836,0.617,1.575,-47.567,-1.518,-0.372,-29.836,0.867,47.567,5.826,3.219,0,4.393,10.0,3.97,8.632,0.977,1.816,0,0,0,OFFBOARD
1108,RETURN,114.47,29.632,0.669,1.6,-47.567,-1.518,-0.372,-29.632,0.919,47.567,5.769,3.112,0,4.292,10.0,4.03,8.46,1.015,1.821,0,0,0,OFFBOARD
1109,RETURN,114.58,29.43,0.717,1.624,-47.567,-1.518,-0.372,-29.43,0.968,47.567,5.569,3.013,0,4.209,10.0,4.089,8.329,1.049,1.822,0,0,0,OFFBOARD
1110,RETURN,114.68,29.226,0.764,1.648,-47.567,-1.518,-0.372,-29.226,1.014,47.567,5.367,2.854,0,4.111,10.0,4.145,8.229,1.08,1.819,0,0,0,OFFBOARD
1111,RETURN,114.78,29.022,0.809,1.669,-47.567,-1.518,-0.372,-29.022,1.059,47.567,5.169,2.656,0,3.913,10.0,4.196,8.129,1.097,1.814,0,0,0,OFFBOARD
1112,RETURN,114.88,28.818,0.851,1.689,-47.567,-1.518,-0.372,-28.818,1.101,47.567,4.969,2.456,0,3.713,10.0,4.244,8.029,1.103,1.805,0,0,0,OFFBOARD
1113,RETURN,114.98,28.62,0.89,1.706,-47.567,-1.518,-0.372,-28.62,1.14,47.567,4.769,2.379,0,3.513,10.0,4.287,7.929,1.104,1.794,0,0,0,OFFBOARD
1114,RETURN,115.08,28.418,0.928,1.721,-47.567,-1.518,-0.372,-28.418,1.178,47.567,4.503,2.598,0,3.256,10.0,4.336,7.829,1.114,1.78,0,0,0,OFFBOARD
1115,RETURN,115.19,28.208,0.967,1.734,-47.567,-1.518,-0.372,-28.208,1.217,47.567,4.366,2.547,0,3.184,6.815,4.366,7.729,1.117,1.764,0,0,0,OFFBOARD
1116,RETURN,115.29,28.006,1.002,1.744,-47.567,-1.518,-0.372,-28.006,1.252,47.567,4.273,2.495,0,3.515,6.615,4.391,7.629,1.113,1.744,0,0,0,OFFBOARD
1117,RETURN,115.39,27.802,1.036,1.752,-47.567,-1.518,-0.372,-27.802,1.286,47.567,4.781,2.45,0,3.534,6.415,4.41,7.501,1.101,1.717,0,0,0,OFFBOARD
1118,RETURN,115.49,27.6,1.066,1.756,-47.567,-1.518,-0.372,-27.6,1.316,47.567,4.784,2.408,0,3.517,6.215,4.423,7.327,1.083,1.686,0,0,0,OFFBOARD
1119,RETURN,115.59,27.396,1.094,1.758,-47.567,-1.518,-0.372,-27.396,1.344,47.567,4.741,2.247,0,3.503,6.015,4.429,7.138,1.055,1.651,0,0,0,OFFBOARD
1120,RETURN,115.69,27.194,1.117,1.757,-47.567,-1.518,-0.372,-27.194,1.367,47.567,4.559,2.047,0,3.303,5.898,4.428,6.933,1.026,1.613,0,0,0,OFFBOARD
1121,RETURN,115.79,26.992,1.137,1.752,-47.567,-1.518,-0.372,-26.992,1.387,47.567,4.359,1.965,1,3.103,5.823,4.419,6.7,0.989,1.573,0,0,0,OFFBOARD
1122,RETURN,115.9,26.79,1.152,1.744,-47.567,-1.518,-0.372,-26.79,1.402,47.567,4.157,2.284,0,2.927,6.67,4.403,6.392,0.957,1.535,0,0,0,OFFBOARD
1123,RETURN,116.0,26.588,1.162,1.733,-47.567,-1.518,-0.372,-26.588,1.412,47.567,3.991,2.287,0,2.934,6.472,4.379,6.098,0.932,1.501,0,0,0,OFFBOARD
1124,RETURN,116.1,26.386,1.166,1.719,-47.567,-1.518,-0.372,-26.386,1.417,47.567,4.582,2.269,0,3.466,6.272,4.347,5.803,0.903,1.472,0,0,0,OFFBOARD
1125,RETURN,116.2,26.184,1.166,1.702,-47.567,-1.518,-0.372,-26.184,1.416,47.567,4.746,2.303,0,3.495,6.072,4.309,5.524,0.874,1.444,0,0,0,OFFBOARD
1126,RETURN,116.3,25.982,1.16,1.683,-47.567,-1.518,-0.372,-25.982,1.41,47.567,4.615,2.103,0,3.359,5.872,4.264,5.236,0.846,1.418,0,0,0,OFFBOARD
1127,RETURN,116.4,25.778,1.149,1.662,-47.567,-1.518,-0.372,-25.778,1.399,47.567,4.415,2.02,0,3.159,5.793,4.215,4.914,0.813,1.394,0,0,0,OFFBOARD
1128,RETURN,116.5,25.576,1.133,1.64,-47.567,-1.518,-0.372,-25.576,1.383,47.567,4.269,2.339,0,3.139,5.569,4.162,4.562,0.802,1.372,0,0,0,OFFBOARD
1129,RETURN,116.61,25.372,1.113,1.616,-47.567,-1.518,-0.372,-25.372,1.363,47.567,4.947,2.398,0,3.734,5.351,4.107,4.195,0.792,1.353,0,0,0,OFFBOARD
1130,RETURN,116.71,25.17,1.088,1.592,-47.567,-1.518,-0.372,-25.17,1.339,47.567,5.015,2.476,0,3.815,5.128,4.049,3.886,0.782,1.337,0,0,0,OFFBOARD
1131,RETURN,116.81,24.966,1.061,1.568,-47.567,-1.518,-0.372,-24.966,1.311,47.567,4.872,2.359,0,3.615,4.899,3.991,3.627,0.777,1.325,0,0,0,OFFBOARD
1132,RETURN,116.91,24.764,1.032,1.544,-47.567,-1.518,-0.372,-24.764,1.282,47.567,4.672,2.281,0,3.437,4.664,3.933,3.41,0.77,1.316,0,0,0,OFFBOARD
1133,RETURN,117.01,24.562,1.001,1.52,-47.567,-1.518,-0.372,-24.562,1.251,47.567,4.474,2.626,0,3.969,4.452,3.876,3.236,0.782,1.31,0,0,0,OFFBOARD
1134,RETURN,117.11,24.358,0.969,1.497,-47.567,-1.518,-0.372,-24.358,1.219,47.567,5.294,2.712,0,4.127,4.275,3.814,3.119,0.793,1.308,0,0,0,OFFBOARD
1135,RETURN,117.21,24.156,0.938,1.475,-47.567,-1.518,-0.372,-24.156,1.188,47.567,5.226,2.807,0,4.07,5.868,3.769,3.019,0.806,1.308,0,0,0,OFFBOARD
1136,RETURN,117.32,23.952,0.908,1.455,-47.567,-1.518,-0.372,-23.952,1.158,47.567,5.128,2.615,0,3.872,6.284,3.72,2.9,0.821,1.311,0,0,0,OFFBOARD
1137,RETURN,117.42,23.75,0.879,1.436,-47.567,-1.518,-0.372,-23.75,1.129,47.567,5.258,2.914,0,4.272,10.0,3.661,2.733,0.838,1.318,0,0,0,OFFBOARD
1138,RETURN,117.52,23.548,0.854,1.419,-47.567,-1.518,-0.372,-23.548,1.104,47.567,5.37,2.989,0,4.411,10.0,3.621,2.475,0.849,1.334,0,0,0,OFFBOARD
1139,RETURN,117.62,23.346,0.831,1.405,-47.567,-1.518,-0.372,-23.346,1.081,47.567,5.354,2.761,0,4.356,6.868,3.586,2.156,0.86,1.358,0,0,0,OFFBOARD
1140,RETURN,117.72,23.134,0.811,1.392,-47.567,-1.518,-0.372,-23.134,1.062,47.567,5.328,2.563,0,4.16,10.0,3.557,1.842,0.856,1.381,0,0,0,OFFBOARD
1141,RETURN,117.83,22.93,0.797,1.382,-47.567,-1.518,-0.372,-22.93,1.047,47.567,5.216,2.196,0,4.057,10.0,3.534,1.484,0.838,1.41,0,0,0,OFFBOARD
1142,RETURN,117.93,22.728,0.786,1.376,-47.567,-1.518,-0.372,-22.728,1.036,47.567,5.146,2.043,0,4.551,10.0,3.518,1.1,0.851,1.442,0,0,0,OFFBOARD
1143,RETURN,118.03,22.526,0.779,1.373,-47.567,-1.518,-0.372,-22.526,1.029,47.567,5.21,1.851,1,4.586,10.0,3.509,0.705,0.858,1.477,0,0,0,OFFBOARD
1144,RETURN,118.13,22.322,0.775,1.374,-47.567,-1.518,-0.372,-22.322,1.025,47.567,5.3,3.153,0,4.47,10.0,3.508,0.29,0.888,1.513,0,0,0,OFFBOARD
1145,RETURN,118.23,22.12,0.774,1.377,-47.567,-1.518,-0.372,-22.12,1.024,47.567,5.342,3.16,0,4.416,10.0,3.515,-0.127,0.943,1.549,0,0,0,OFFBOARD
1146,RETURN,118.33,21.918,0.775,1.385,-47.567,-1.518,-0.372,-21.918,1.025,47.567,5.37,2.96,0,4.216,10.0,3.531,-0.545,1.01,1.584,0,0,0,OFFBOARD
1147,RETURN,118.43,21.716,0.778,1.395,-47.567,-1.518,-0.372,-21.716,1.028,47.567,5.272,2.803,0,4.046,10.0,3.553,-0.966,1.087,1.618,0,0,0,OFFBOARD
1148,RETURN,118.54,21.512,0.783,1.408,-47.567,-1.518,-0.372,-21.512,1.033,47.567,5.197,2.787,0,4.01,10.0,3.584,-1.385,1.177,1.651,0,0,0,OFFBOARD
1149,RETURN,118.64,21.31,0.792,1.425,-47.567,-1.518,-0.372,-21.31,1.042,47.567,5.249,2.772,0,4.437,10.0,3.621,-1.805,1.287,1.681,0,0,0,OFFBOARD
1150,RETURN,118.74,21.106,0.805,1.443,-47.567,-1.518,-0.372,-21.106,1.055,47.567,5.364,2.572,0,4.441,10.0,3.665,-2.225,1.404,1.709,0,0,0,OFFBOARD
1151,RETURN,118.84,20.904,0.823,1.464,-47.567,-1.518,-0.372,-20.904,1.073,47.567,5.41,2.372,0,4.383,10.0,3.715,-2.647,1.514,1.734,0,0,0,OFFBOARD
1152,RETURN,118.94,20.702,0.848,1.486,-47.567,-1.518,-0.372,-20.702,1.098,47.567,5.42,2.17,0,4.27,10.0,3.769,-3.0,1.607,1.755,0,0,0,OFFBOARD
1153,RETURN,119.04,20.498,0.881,1.509,-47.567,-1.518,-0.372,-20.498,1.131,47.567,5.329,2.054,0,4.072,10.0,3.823,-3.0,1.688,1.773,0,0,0,OFFBOARD
1154,RETURN,119.14,20.296,0.923,1.533,-47.567,-1.518,-0.372,-20.296,1.173,47.567,5.129,2.121,0,3.872,10.0,3.879,-3.0,1.743,1.787,0,0,0,OFFBOARD
1155,RETURN,119.25,20.092,0.975,1.557,-47.567,-1.518,-0.372,-20.092,1.225,47.567,4.929,2.206,0,3.672,10.0,3.936,-3.0,1.747,1.798,0,0,0,OFFBOARD
1156,RETURN,119.35,19.89,1.036,1.581,-47.567,-1.518,-0.372,-19.89,1.286,47.567,4.729,2.31,0,3.472,10.0,3.993,-3.0,1.756,1.804,0,0,0,OFFBOARD
1157,RETURN,119.45,19.688,1.104,1.605,-47.567,-1.518,-0.372,-19.688,1.354,47.567,4.529,2.199,0,3.272,10.0,4.049,-3.0,1.71,1.807,0,0,0,OFFBOARD
1158,RETURN,119.55,19.486,1.179,1.627,-47.567,-1.518,-0.372,-19.486,1.429,47.567,4.327,2.324,0,3.079,6.839,4.099,-3.0,1.672,1.807,0,0,0,OFFBOARD
1159,RETURN,119.65,19.282,1.258,1.649,-47.567,-1.518,-0.372,-19.282,1.508,47.567,4.129,2.211,0,2.944,6.641,4.146,-3.0,1.629,1.801,0,0,0,OFFBOARD
1160,RETURN,119.75,19.078,1.337,1.669,-47.567,-1.518,-0.372,-19.078,1.587,47.567,3.863,2.047,0,2.768,5.224,4.21,-3.0,1.572,1.79,0,0,0,OFFBOARD
1161,RETURN,119.85,18.876,1.413,1.686,-47.567,-1.518,-0.372,-18.876,1.663,47.567,3.663,1.943,1,2.641,4.919,4.255,-3.0,1.503,1.768,0,0,0,OFFBOARD
1162,RETURN,119.96,18.672,1.484,1.702,-47.567,-1.518,-0.372,-18.672,1.734,47.567,3.463,1.842,1,2.954,4.719,4.267,-3.0,1.428,1.743,0,0,0,OFFBOARD
1163,RETURN,120.06,18.476,1.544,1.714,-47.567,-1.518,-0.372,-18.476,1.794,47.567,3.329,1.782,1,2.912,4.585,4.259,-3.0,1.345,1.716,0,0,0,OFFBOARD
1164,RETURN,120.16,18.27,1.597,1.723,-47.567,-1.518,-0.372,-18.27,1.847,47.567,3.08,1.687,1,2.795,4.317,4.243,-3.0,1.243,1.687,0,0,0,OFFBOARD
1165,RETURN,120.26,18.066,1.637,1.729,-47.567,-1.518,-0.372,-18.066,1.887,47.567,2.971,1.606,1,2.746,4.119,4.119,-3.0,1.128,1.654,0,0,0,OFFBOARD
1166,RETURN,120.36,17.864,1.664,1.732,-47.567,-1.518,-0.372,-17.864,1.914,47.567,2.896,1.406,1,2.663,3.919,3.992,-3.0,0.998,1.618,0,0,0,OFFBOARD
1167,RETURN,120.46,17.66,1.677,1.731,-47.567,-1.518,-0.372,-17.66,1.927,47.567,3.609,1.22,1,2.463,3.719,3.92,-3.0,0.879,1.58,0,0,0,OFFBOARD
1168,RETURN,120.56,17.458,1.675,1.727,-47.567,-1.518,-0.372,-17.458,1.925,47.567,3.519,1.222,1,2.263,3.586,4.043,-3.0,0.755,1.54,0,0,0,OFFBOARD
1169,RETURN,120.67,17.254,1.659,1.718,-47.567,-1.518,-0.372,-17.254,1.909,47.567,3.319,1.593,1,2.217,4.5,4.044,-3.0,0.647,1.498,0,0,0,OFFBOARD
1170,RETURN,120.77,17.052,1.627,1.707,-47.567,-1.518,-0.372,-17.052,1.878,47.567,3.119,1.62,1,2.85,4.375,4.083,-3.0,0.547,1.457,0,0,0,OFFBOARD
1171,RETURN,120.87,16.848,1.581,1.692,-47.567,-1.518,-0.372,-16.848,1.831,47.567,3.817,1.663,1,2.919,4.175,4.165,-3.0,0.45,1.418,0,0,0,OFFBOARD
1172,RETURN,120.97,16.646,1.521,1.674,-47.567,-1.518,-0.372,-16.646,1.771,47.567,3.975,1.464,1,2.719,5.09,4.149,-3.0,0.361,1.382,0,0,0,OFFBOARD
1173,RETURN,121.07,16.442,1.447,1.653,-47.567,-1.518,-0.372,-16.442,1.697,47.567,3.775,1.843,1,2.67,5.031,4.178,-3.0,0.292,1.351,0,0,0,OFFBOARD
1174,RETURN,121.17,16.24,1.362,1.63,-47.567,-1.518,-0.372,-16.24,1.612,47.567,3.805,1.986,1,3.369,5.022,4.144,-3.0,0.241,1.324,0,0,0,OFFBOARD
1175,RETURN,121.28,16.036,1.265,1.605,-47.567,-1.518,-0.372,-16.036,1.515,47.567,4.631,2.119,0,3.375,5.888,4.089,-3.0,0.199,1.303,0,0,0,OFFBOARD
1176,RETURN,121.38,15.834,1.161,1.579,-47.567,-1.518,-0.372,-15.834,1.411,47.567,4.431,2.031,0,3.194,6.736,4.026,-3.0,0.168,1.288,0,0,0,OFFBOARD
1177,RETURN,121.48,15.63,1.05,1.552,-47.567,-1.518,-0.372,-15.63,1.3,47.567,5.194,2.472,0,3.907,6.744,3.958,-3.0,0.167,1.283,0,0,0,OFFBOARD
1178,RETURN,121.58,15.426,0.936,1.525,-47.567,-1.518,-0.372,-15.426,1.186,47.567,5.288,2.699,0,4.031,6.92,3.891,-3.0,0.175,1.284,0,0,0,OFFBOARD
1179,RETURN,121.68,15.224,0.821,1.499,-47.567,-1.518,-0.372,-15.224,1.072,47.567,5.15,2.583,0,3.831,10.0,3.828,-3.0,0.191,1.292,0,0,0,OFFBOARD
1180,RETURN,121.78,15.02,0.708,1.474,-47.567,-1.518,-0.372,-15.02,0.958,47.567,5.402,3.059,0,4.368,10.0,3.77,-3.0,0.23,1.307,0,0,0,OFFBOARD
1181,RETURN,121.89,14.82,0.602,1.451,-47.567,-1.518,-0.372,-14.82,0.852,47.567,5.511,3.288,0,4.519,10.0,3.719,-3.0,0.275,1.328,0,0,0,OFFBOARD
1182,RETURN,121.99,14.616,0.5,1.431,-47.567,-1.518,-0.372,-14.616,0.75,47.567,5.433,3.231,0,4.488,10.0,3.672,-3.0,0.328,1.354,0,0,0,OFFBOARD
1183,RETURN,122.09,14.416,0.41,1.414,-47.567,-1.518,-0.372,-14.416,0.66,47.567,5.304,3.704,0,4.409,10.0,3.615,-3.0,0.394,1.383,0,0,0,OFFBOARD
1184,RETURN,122.19,14.21,0.328,1.401,-47.567,-1.518,-0.372,-14.21,0.578,47.567,5.23,3.82,0,4.841,10.0,3.581,-3.0,0.465,1.416,0,0,0,OFFBOARD
1185,RETURN,122.29,14.006,0.259,1.391,-47.567,-1.518,-0.372,-14.006,0.509,47.567,5.179,3.822,0,4.932,10.0,3.555,-3.0,0.535,1.45,0,0,0,OFFBOARD
1186,RETURN,122.39,13.804,0.205,1.385,-47.567,-1.518,-0.372,-13.804,0.456,47.567,5.14,3.693,0,4.878,10.0,3.539,-3.0,0.604,1.486,0,0,0,OFFBOARD
1187,RETURN,122.49,13.602,0.166,1.384,-47.567,-1.518,-0.372,-13.602,0.416,47.567,5.077,4.015,0,4.678,10.0,3.534,-3.0,0.68,1.522,0,0,0,OFFBOARD
1188,RETURN,122.59,13.4,0.141,1.386,-47.567,-1.518,-0.372,-13.4,0.391,47.567,5.115,3.978,0,4.607,10.0,3.538,-3.0,0.757,1.558,0,0,0,OFFBOARD
1189,RETURN,122.7,13.202,0.131,1.392,-47.567,-1.518,-0.372,-13.202,0.381,47.567,5.135,3.897,0,4.752,10.0,3.546,-3.0,0.834,1.593,0,0,0,OFFBOARD
1190,RETURN,122.8,12.996,0.136,1.402,-47.567,-1.518,-0.372,-12.996,0.386,47.567,5.173,3.728,0,4.976,10.0,3.574,-3.0,0.912,1.627,0,0,0,OFFBOARD
1191,RETURN,122.9,12.79,0.154,1.415,-47.567,-1.518,-0.372,-12.79,0.404,47.567,5.185,3.605,0,4.914,10.0,3.604,-3.0,0.985,1.659,0,0,0,OFFBOARD
1192,RETURN,123.0,12.588,0.185,1.431,-47.567,-1.518,-0.372,-12.588,0.435,47.567,5.172,3.519,0,4.784,10.0,3.642,-3.0,1.052,1.688,0,0,0,OFFBOARD
1193,RETURN,123.1,12.386,0.228,1.449,-47.567,-1.518,-0.372,-12.386,0.478,47.567,5.206,3.614,0,4.664,10.0,3.685,-3.0,1.112,1.714,0,0,0,OFFBOARD
1194,RETURN,123.2,12.182,0.282,1.469,-47.567,-1.518,-0.372,-12.182,0.532,47.567,5.215,3.514,0,4.534,10.0,3.704,-3.0,1.152,1.738,0,0,0,OFFBOARD
1195,RETURN,123.31,11.978,0.345,1.491,-47.567,-1.518,-0.372,-11.978,0.595,47.567,5.2,3.34,0,4.334,10.0,3.663,-3.0,1.183,1.758,0,0,0,OFFBOARD
1196,RETURN,123.41,11.776,0.416,1.515,-47.567,-1.518,-0.372,-11.776,0.666,47.567,4.338,3.14,0,4.134,10.0,3.464,-3.0,1.204,1.775,0,0,0,OFFBOARD
1197,RETURN,123.51,11.574,0.493,1.538,-47.567,-1.518,-0.372,-11.574,0.743,47.567,4.027,3.182,0,3.968,10.0,3.124,-3.0,1.227,1.789,0,0,0,OFFBOARD
1198,RETURN,123.61,11.372,0.574,1.562,-47.567,-1.518,-0.372,-11.372,0.824,47.567,3.818,3.28,0,3.872,10.0,2.851,-3.0,1.253,1.799,0,0,0,OFFBOARD
1199,RETURN,123.71,11.168,0.659,1.586,-47.567,-1.518,-0.372,-11.168,0.909,47.567,3.718,3.164,0,3.782,10.0,2.692,-3.0,1.281,1.806,0,0,0,OFFBOARD
1200,RETURN,123.81,10.966,0.743,1.609,-47.567,-1.518,-0.372,-10.966,0.994,47.567,5.376,3.025,0,4.105,10.0,2.631,-3.0,1.312,1.809,0,0,0,OFFBOARD
1201,RETURN,123.91,10.762,0.828,1.632,-47.567,-1.518,-0.372,-10.762,1.078,47.567,5.647,2.892,0,4.067,10.0,2.622,-3.0,1.334,1.809,0,0,0,OFFBOARD
1202,RETURN,124.01,10.56,0.908,1.653,-47.567,-1.518,-0.372,-10.56,1.158,47.567,5.447,2.767,0,3.951,10.0,2.635,-3.0,1.346,1.806,0,0,0,OFFBOARD
1203,RETURN,124.12,10.358,0.985,1.672,-47.567,-1.518,-0.372,-10.358,1.235,47.567,5.247,2.649,0,3.851,10.0,2.657,-3.0,1.348,1.8,0,0,0,OFFBOARD
1204,RETURN,124.22,10.154,1.059,1.69,-47.567,-1.518,-0.372,-10.154,1.309,47.567,5.047,2.534,0,3.765,6.426,2.68,-3.0,1.34,1.791,0,0,0,OFFBOARD
1205,RETURN,124.32,9.954,1.126,1.706,-47.567,-1.518,-0.372,-9.954,1.376,47.567,4.847,2.334,0,3.59,6.103,4.293,-3.0,1.318,1.777,0,0,0,OFFBOARD
1206,RETURN,124.42,9.75,1.189,1.719,-47.567,-1.518,-0.372,-9.75,1.439,47.567,4.647,2.134,0,3.39,5.903,4.328,-3.0,1.291,1.757,0,0,0,OFFBOARD
1207,RETURN,124.52,9.546,1.246,1.73,-47.567,-1.518,-0.372,-9.546,1.496,47.567,4.379,1.866,1,3.122,5.635,4.366,-3.0,1.243,1.73,0,0,0,OFFBOARD
1208,RETURN,124.62,9.344,1.296,1.738,-47.567,-1.518,-0.372,-9.344,1.546,47.567,4.247,1.784,1,2.99,5.503,4.381,-3.0,1.184,1.7,0,0,0,OFFBOARD
1209,RETURN,124.72,9.14,1.34,1.743,-47.567,-1.518,-0.372,-9.14,1.59,47.567,3.979,1.693,1,2.722,5.235,4.401,-3.0,1.111,1.669,0,0,0,OFFBOARD
1210,RETURN,124.83,8.938,1.375,1.745,-47.567,-1.518,-0.372,-8.938,1.625,47.567,3.779,1.959,1,2.62,5.035,4.4,-3.0,1.046,1.635,0,0,0,OFFBOARD
1211,RETURN,124.93,8.736,1.401,1.744,-47.567,-1.518,-0.372,-8.736,1.651,47.567,3.579,1.943,1,2.991,4.835,4.384,-3.0,0.978,1.6,0,0,0,OFFBOARD
1212,RETURN,125.03,8.534,1.418,1.74,-47.567,-1.518,-0.372,-8.534,1.668,47.567,3.466,1.935,1,3.089,4.659,4.374,-3.0,0.91,1.563,0,0,0,OFFBOARD
1213,RETURN,125.13,8.33,1.424,1.732,-47.567,-1.518,-0.372,-8.33,1.674,47.567,4.105,1.922,1,3.12,4.643,4.367,-3.0,0.841,1.526,0,0,0,OFFBOARD
1214,RETURN,125.23,8.128,1.419,1.721,-47.567,-1.518,-0.372,-8.128,1.669,47.567,4.235,1.722,1,2.979,5.491,4.333,-3.0,0.772,1.489,0,0,0,OFFBOARD
1215,RETURN,125.33,7.926,1.404,1.707,-47.567,-1.518,-0.372,-7.926,1.654,47.567,4.035,1.623,1,2.779,5.291,4.313,-3.0,0.696,1.456,0,0,0,OFFBOARD
1216,RETURN,125.43,7.722,1.377,1.69,-47.567,-1.518,-0.372,-7.722,1.627,47.567,3.835,2.052,0,2.723,5.091,4.279,-3.0,0.643,1.424,0,0,0,OFFBOARD
1217,RETURN,125.53,7.52,1.341,1.671,-47.567,-1.518,-0.372,-7.52,1.591,47.567,3.769,2.069,0,3.144,5.025,4.266,-3.0,0.591,1.391,0,0,0,OFFBOARD
1218,RETURN,125.64,7.318,1.295,1.649,-47.567,-1.518,-0.372,-7.318,1.545,47.567,4.667,2.159,0,3.435,5.947,4.188,-3.0,0.55,1.36,0,0,0,OFFBOARD
1219,RETURN,125.74,7.114,1.241,1.626,-47.567,-1.518,-0.372,-7.114,1.491,47.567,4.491,1.979,1,3.235,5.747,4.133,-3.0,0.514,1.334,0,0,0,OFFBOARD
1220,RETURN,125.84,6.912,1.18,1.601,-47.567,-1.518,-0.372,-6.912,1.43,47.567,4.291,2.011,0,3.141,6.698,4.073,-3.0,0.481,1.316,0,0,0,OFFBOARD
1221,RETURN,125.94,6.708,1.112,1.576,-47.567,-1.518,-0.372,-6.708,1.362,47.567,5.083,2.406,0,3.778,6.6,4.009,-3.0,0.473,1.306,0,0,0,OFFBOARD
1222,RETURN,126.04,6.506,1.042,1.55,-47.567,-1.518,-0.372,-6.506,1.292,47.567,5.147,2.534,0,3.891,10.0,3.947,-3.0,0.469,1.303,0,0,0,OFFBOARD
1223,RETURN,126.14,6.302,0.969,1.524,-47.567,-1.518,-0.372,-6.302,1.219,47.567,4.947,2.435,0,3.691,10.0,3.885,-3.0,0.472,1.308,0,0,0,OFFBOARD
1224,RETURN,126.25,6.1,0.896,1.5,-47.567,-1.518,-0.372,-6.1,1.146,47.567,5.343,2.762,0,3.68,10.0,3.825,-3.0,0.497,1.32,0,0,0,OFFBOARD
1225,RETURN,126.35,5.896,0.823,1.477,-47.567,-1.518,-0.372,-5.896,1.073,47.567,5.476,2.892,0,4.322,10.0,3.772,-3.0,0.523,1.338,0,0,0,OFFBOARD
1226,RETURN,126.45,5.694,0.754,1.456,-47.567,-1.518,-0.372,-5.694,1.004,47.567,5.533,3.043,0,4.347,10.0,3.723,-3.0,0.561,1.361,0,0,0,OFFBOARD
1227,RETURN,126.55,5.492,0.689,1.438,-47.567,-1.518,-0.372,-5.492,0.939,47.567,5.402,2.889,0,4.145,10.0,3.681,-3.0,0.597,1.387,0,0,0,OFFBOARD
1228,RETURN,126.65,5.29,0.631,1.424,-47.567,-1.518,-0.372,-5.29,0.881,47.567,5.338,2.901,0,4.081,10.0,3.669,-3.0,0.634,1.417,0,0,0,OFFBOARD
1229,RETURN,126.75,5.086,0.579,1.413,-47.567,-1.518,-0.372,-5.086,0.829,47.567,10.0,3.348,0,4.654,10.0,3.619,-3.0,0.682,1.449,0,0,0,OFFBOARD
1230,RETURN,126.85,4.886,0.536,1.406,-47.567,-1.518,-0.372,-4.886,0.786,47.567,10.0,3.463,0,4.703,10.0,3.598,-3.0,0.736,1.482,0,0,0,OFFBOARD
1231,RETURN,126.96,4.678,0.501,1.402,-47.567,-1.518,-0.372,-4.678,0.751,47.567,10.0,3.281,0,4.538,10.0,3.585,-3.0,0.786,1.516,0,0,0,OFFBOARD
1232,RETURN,127.06,4.476,0.477,1.402,-47.567,-1.518,-0.372,-4.476,0.727,47.567,10.0,3.257,0,4.383,10.0,3.585,-3.0,0.836,1.55,0,0,0,OFFBOARD
1233,RETURN,127.16,4.278,0.463,1.406,-47.567,-1.518,-0.372,-4.278,0.713,47.567,10.0,3.632,0,10.0,10.0,3.593,-3.0,0.891,1.584,0,0,0,OFFBOARD
1234,RETURN,127.26,4.07,0.458,1.414,-47.567,-1.518,-0.372,-4.07,0.708,47.567,10.0,3.622,0,10.0,10.0,3.61,-3.0,0.929,1.615,0,0,0,OFFBOARD
1235,RETURN,127.36,3.866,0.463,1.425,-47.567,-1.518,-0.372,-3.866,0.713,47.567,10.0,3.599,0,10.0,10.0,3.635,-3.0,0.964,1.644,0,0,0,OFFBOARD
1236,RETURN,127.46,3.664,0.477,1.439,-47.567,-1.518,-0.372,-3.664,0.727,47.567,10.0,3.538,0,10.0,10.0,10.0,-3.0,0.976,1.668,0,0,0,OFFBOARD
1237,RETURN,127.56,3.462,0.499,1.454,-47.567,-1.518,-0.372,-3.462,0.75,47.567,10.0,3.338,0,10.0,10.0,10.0,-3.0,0.953,1.679,0,0,0,OFFBOARD
1238,RETURN,127.67,3.26,0.529,1.472,-47.567,-1.518,-0.372,-3.26,0.779,47.567,10.0,3.138,0,10.0,10.0,10.0,-3.0,0.906,1.682,0,0,0,OFFBOARD
1239,RETURN,127.77,3.058,0.565,1.491,-47.567,-1.518,-0.372,-3.058,0.815,47.567,10.0,3.051,0,10.0,10.0,10.0,-3.0,0.842,1.68,0,0,0,OFFBOARD
1240,RETURN,127.87,2.854,0.605,1.51,-47.567,-1.518,-0.372,-2.854,0.855,47.567,10.0,10.0,0,10.0,10.0,10.0,-3.0,0.783,1.677,0,0,0,OFFBOARD
1241,RETURN,127.97,2.652,0.647,1.528,-47.567,-1.518,-0.372,-2.652,0.897,47.567,10.0,10.0,0,10.0,10.0,10.0,-3.0,0.751,1.677,0,0,0,OFFBOARD
1242,RETURN,128.07,2.45,0.688,1.545,-47.567,-1.518,-0.372,-2.45,0.939,47.567,10.0,10.0,0,10.0,10.0,10.0,-3.0,0.735,1.678,0,0,0,OFFBOARD
1243,RETURN,128.17,2.246,0.727,1.562,-47.567,-1.518,-0.372,-2.246,0.978,47.567,10.0,10.0,0,10.0,10.0,10.0,-3.0,0.731,1.68,0,0,0,OFFBOARD
1244,RETURN,128.27,2.044,0.761,1.577,-47.567,-1.518,-0.372,-2.044,1.011,47.567,10.0,10.0,0,10.0,10.0,10.0,-3.0,0.735,1.681,0,0,0,OFFBOARD
