step,phase,t_s,x_m,y_m,z_m,vx_ms,vy_ms,vz_ms,fwd_progress_m,lat_offset_m,speed_ms,front_d_m,min_depth_m,prox_alarm,depth_top,depth_mid,depth_bot,tgt_x,tgt_y,tgt_z,collision,near_miss,armed,mode
0,OUTBOUND,0.0,-0.0,0.2,1.576,1.627,-1.078,-0.678,-0.0,-0.0,1.627,5.997,3.511,0,4.57,10.0,3.985,0.225,0.186,1.489,0,0,0,AUTO.LAND
1,OUTBOUND,0.1,-0.0,0.2,1.569,1.627,-1.078,-0.678,-0.0,-0.0,1.627,5.955,3.507,0,4.641,10.0,3.928,0.372,0.147,1.481,0,0,0,AUTO.LAND
2,OUTBOUND,0.2,0.001,0.2,1.562,1.627,-1.078,-0.678,0.001,-0.0,1.627,5.66,3.514,0,4.727,10.0,3.78,0.472,0.092,1.477,0,0,0,AUTO.LAND
3,OUTBOUND,0.3,0.004,0.2,1.554,1.627,-1.078,-0.678,0.004,-0.0,1.627,5.219,3.61,0,4.696,10.0,3.578,0.572,0.027,1.474,0,0,0,AUTO.LAND
4,OUTBOUND,0.41,0.011,0.199,1.546,1.627,-1.078,-0.678,0.011,-0.001,1.627,4.802,4.036,0,5.476,10.0,3.377,0.672,-0.033,1.471,0,0,0,OFFBOARD
5,OUTBOUND,0.51,0.026,0.196,1.539,1.627,-1.078,-0.678,0.026,-0.004,1.627,4.474,4.116,0,5.795,10.0,3.214,0.772,-0.093,1.468,0,0,0,OFFBOARD
6,OUTBOUND,0.61,0.05,0.191,1.531,1.627,-1.078,-0.678,0.05,-0.009,1.627,4.252,4.117,0,5.756,6.863,3.104,0.872,-0.152,1.467,0,0,0,OFFBOARD
7,OUTBOUND,0.71,0.086,0.183,1.524,1.627,-1.078,-0.678,0.086,-0.017,1.627,4.139,3.971,0,5.798,6.619,3.047,0.972,-0.212,1.464,0,0,0,OFFBOARD
8,OUTBOUND,0.81,0.132,0.17,1.517,1.627,-1.078,-0.678,0.132,-0.03,1.627,4.116,3.92,0,5.818,6.603,3.037,1.072,-0.274,1.459,0,0,0,OFFBOARD
9,OUTBOUND,0.91,0.19,0.152,1.511,1.627,-1.078,-0.678,0.19,-0.048,1.627,4.166,3.945,0,5.724,6.77,3.065,1.172,-0.338,1.454,0,0,0,OFFBOARD
10,OUTBOUND,1.01,0.258,0.128,1.504,1.627,-1.078,-0.678,0.258,-0.072,1.627,4.273,4.031,0,5.592,10.0,3.121,1.272,-0.405,1.45,0,0,0,OFFBOARD
11,OUTBOUND,1.12,0.335,0.098,1.499,1.627,-1.078,-0.678,0.335,-0.102,1.627,4.414,4.157,0,5.536,10.0,3.191,1.372,-0.475,1.447,0,0,0,OFFBOARD
12,OUTBOUND,1.22,0.42,0.062,1.493,1.627,-1.078,-0.678,0.42,-0.138,1.627,4.571,4.279,0,5.478,6.982,3.266,1.472,-0.547,1.445,0,0,0,OFFBOARD
13,OUTBOUND,1.32,0.512,0.021,1.488,1.627,-1.078,-0.678,0.512,-0.179,1.627,4.724,4.209,0,5.415,10.0,3.337,1.572,-0.622,1.445,0,0,0,OFFBOARD
14,OUTBOUND,1.42,0.608,-0.025,1.482,1.627,-1.078,-0.678,0.608,-0.225,1.627,4.861,4.129,0,5.342,10.0,3.398,1.672,-0.697,1.446,0,0,0,OFFBOARD
15,OUTBOUND,1.52,0.71,-0.076,1.478,1.627,-1.078,-0.678,0.71,-0.276,1.627,4.976,4.045,0,5.26,10.0,3.447,1.772,-0.773,1.448,0,0,0,OFFBOARD
16,OUTBOUND,1.62,0.814,-0.132,1.474,1.627,-1.078,-0.678,0.814,-0.332,1.627,5.069,3.964,0,5.172,10.0,3.486,1.872,-0.848,1.449,0,0,0,OFFBOARD
17,OUTBOUND,1.72,0.923,-0.192,1.47,1.627,-1.078,-0.678,0.923,-0.392,1.627,5.15,3.863,0,5.08,10.0,3.519,1.972,-0.917,1.45,0,0,0,OFFBOARD
18,OUTBOUND,1.83,1.033,-0.255,1.466,1.627,-1.078,-0.678,1.033,-0.455,1.627,5.225,3.759,0,4.983,10.0,3.549,2.072,-0.983,1.451,0,0,0,OFFBOARD
19,OUTBOUND,1.93,1.146,-0.323,1.464,1.627,-1.078,-0.678,1.146,-0.523,1.627,5.302,3.653,0,4.883,10.0,3.579,2.172,-1.046,1.451,0,0,0,OFFBOARD
20,OUTBOUND,2.03,1.26,-0.393,1.461,1.627,-1.078,-0.678,1.26,-0.593,1.627,5.418,3.508,0,4.748,10.0,3.623,2.272,-1.105,1.451,0,0,0,OFFBOARD
21,OUTBOUND,2.13,1.375,-0.466,1.459,1.627,-1.078,-0.678,1.375,-0.666,1.627,5.514,3.399,0,4.645,10.0,3.657,2.372,-1.16,1.451,0,0,0,OFFBOARD
22,OUTBOUND,2.23,1.489,-0.541,1.458,1.627,-1.078,-0.678,1.489,-0.741,1.627,5.589,3.287,0,4.54,10.0,3.693,2.472,-1.212,1.452,0,0,0,OFFBOARD
23,OUTBOUND,2.34,1.607,-0.62,1.456,1.627,-1.078,-0.678,1.607,-0.819,1.627,5.635,3.177,0,4.435,10.0,3.727,2.572,-1.258,1.453,0,0,0,OFFBOARD
24,OUTBOUND,2.44,1.723,-0.698,1.455,1.627,-1.078,-0.678,1.723,-0.898,1.627,5.582,3.065,0,4.327,10.0,3.754,2.672,-1.297,1.455,0,0,0,OFFBOARD
25,OUTBOUND,2.54,1.838,-0.775,1.454,1.627,-1.078,-0.678,1.838,-0.975,1.627,5.472,2.953,0,4.218,5.436,3.784,2.772,-1.33,1.458,0,0,0,OFFBOARD
26,OUTBOUND,2.64,1.951,-0.852,1.454,1.627,-1.078,-0.678,1.951,-1.052,1.627,5.362,2.839,0,4.107,5.352,3.803,2.872,-1.353,1.466,0,0,0,OFFBOARD
27,OUTBOUND,2.74,2.063,-0.927,1.454,1.627,-1.078,-0.678,2.063,-1.127,1.627,5.255,2.731,0,4.0,5.298,3.816,2.972,-1.361,1.479,0,0,0,OFFBOARD
28,OUTBOUND,2.84,2.175,-1.001,1.454,1.627,-1.078,-0.678,2.175,-1.201,1.627,5.145,2.62,0,3.89,5.252,3.823,3.072,-1.354,1.493,0,0,0,OFFBOARD
29,OUTBOUND,2.94,2.285,-1.071,1.456,1.627,-1.078,-0.678,2.285,-1.271,1.627,5.034,2.511,0,3.781,5.214,3.828,3.172,-1.333,1.508,0,0,0,OFFBOARD
30,OUTBOUND,3.04,2.393,-1.137,1.458,1.627,-1.078,-0.678,2.393,-1.337,1.627,4.926,2.404,0,3.673,5.182,3.831,3.272,-1.299,1.524,0,0,0,OFFBOARD
31,OUTBOUND,3.15,2.5,-1.199,1.461,1.627,-1.078,-0.678,2.5,-1.399,1.627,4.819,2.297,0,3.565,5.151,3.834,3.372,-1.248,1.539,0,0,0,OFFBOARD
32,OUTBOUND,3.25,2.607,-1.255,1.465,1.627,-1.078,-0.678,2.607,-1.455,1.627,4.713,2.192,0,3.459,5.121,3.839,3.472,-1.183,1.552,0,0,0,OFFBOARD
33,OUTBOUND,3.35,2.711,-1.303,1.471,1.627,-1.078,-0.678,2.711,-1.503,1.627,4.608,2.088,0,3.354,5.091,3.845,3.572,-1.105,1.563,0,0,0,OFFBOARD
34,OUTBOUND,3.45,2.816,-1.344,1.477,1.627,-1.078,-0.678,2.816,-1.544,1.627,4.505,1.985,1,3.25,5.064,3.853,3.672,-1.013,1.572,0,0,0,OFFBOARD
35,OUTBOUND,3.55,2.918,-1.376,1.484,1.627,-1.078,-0.678,2.918,-1.576,1.627,4.47,1.951,1,3.215,5.055,3.856,3.855,-0.935,1.572,0,0,0,OFFBOARD
36,OUTBOUND,3.65,3.02,-1.397,1.492,1.627,-1.078,-0.678,3.02,-1.597,1.627,4.299,1.813,1,3.066,5.016,3.86,4.109,-0.856,1.566,0,0,0,OFFBOARD
37,OUTBOUND,3.76,3.122,-1.407,1.5,1.627,-1.078,-0.678,3.122,-1.607,1.627,4.19,1.796,1,3.077,4.994,3.812,4.406,-0.783,1.555,0,0,0,OFFBOARD
38,OUTBOUND,3.86,3.224,-1.405,1.507,1.627,-1.078,-0.678,3.224,-1.605,1.627,4.247,2.039,0,3.701,4.973,3.688,4.731,-0.73,1.54,0,0,0,OFFBOARD
39,OUTBOUND,3.96,3.328,-1.39,1.513,1.627,-1.078,-0.678,3.328,-1.59,1.627,4.781,2.123,0,3.89,4.948,3.489,5.088,-0.699,1.523,0,0,0,OFFBOARD
40,OUTBOUND,4.06,3.438,-1.364,1.518,1.627,-1.078,-0.678,3.438,-1.564,1.627,4.448,2.214,0,3.779,4.913,3.259,5.471,-0.684,1.504,0,0,0,OFFBOARD
41,OUTBOUND,4.16,3.558,-1.326,1.522,1.627,-1.078,-0.678,3.558,-1.526,1.627,4.064,2.3,0,4.444,4.868,3.046,5.877,-0.686,1.484,0,0,0,OFFBOARD
42,OUTBOUND,4.26,3.689,-1.279,1.524,1.627,-1.078,-0.678,3.689,-1.479,1.627,3.837,2.306,0,4.673,4.809,2.91,6.296,-0.709,1.463,0,0,0,OFFBOARD
43,OUTBOUND,4.37,3.833,-1.225,1.523,1.627,-1.078,-0.678,3.833,-1.425,1.627,3.788,2.214,0,4.56,4.74,2.869,6.719,-0.731,1.442,0,0,0,OFFBOARD
44,OUTBOUND,4.47,3.993,-1.164,1.521,1.627,-1.078,-0.678,3.993,-1.364,1.627,3.974,2.534,0,4.391,4.634,2.947,7.145,-0.76,1.42,0,0,0,OFFBOARD
45,OUTBOUND,4.57,4.168,-1.1,1.517,1.627,-1.078,-0.678,4.168,-1.3,1.627,3.974,2.534,0,4.391,4.634,2.947,7.572,-0.79,1.399,0,0,0,OFFBOARD
46,OUTBOUND,4.67,4.35,-1.037,1.511,1.627,-1.078,-0.678,4.35,-1.237,1.627,4.466,2.756,0,4.11,4.44,3.279,7.993,-0.815,1.379,0,0,0,OFFBOARD
47,OUTBOUND,4.77,4.54,-0.976,1.503,1.627,-1.078,-0.678,4.54,-1.176,1.627,4.628,2.743,0,3.966,4.355,3.481,8.416,-0.846,1.363,0,0,0,OFFBOARD
48,OUTBOUND,4.87,4.731,-0.921,1.493,1.627,-1.078,-0.678,4.731,-1.121,1.627,5.068,2.572,0,3.812,4.318,3.654,8.812,-0.867,1.356,0,0,0,OFFBOARD
49,OUTBOUND,4.97,4.925,-0.872,1.483,1.627,-1.078,-0.678,4.925,-1.071,1.627,5.071,2.579,0,3.72,10.0,3.763,9.124,-0.849,1.357,0,0,0,OFFBOARD
50,OUTBOUND,5.08,5.12,-0.829,1.471,1.627,-1.078,-0.678,5.12,-1.029,1.627,5.293,2.871,0,4.197,10.0,3.793,9.336,-0.85,1.357,0,0,0,OFFBOARD
51,OUTBOUND,5.18,5.313,-0.795,1.46,1.627,-1.078,-0.678,5.313,-0.995,1.627,5.394,2.961,0,4.334,10.0,3.759,9.479,-0.856,1.357,0,0,0,OFFBOARD
52,OUTBOUND,5.28,5.505,-0.769,1.449,1.627,-1.078,-0.678,5.505,-0.969,1.627,5.374,3.055,0,4.319,10.0,3.687,9.58,-0.873,1.357,0,0,0,OFFBOARD
53,OUTBOUND,5.38,5.7,-0.75,1.438,1.627,-1.078,-0.678,5.7,-0.95,1.627,5.314,2.864,0,4.115,10.0,3.606,9.68,-0.885,1.358,0,0,0,OFFBOARD
54,OUTBOUND,5.48,5.894,-0.737,1.429,1.627,-1.078,-0.678,5.894,-0.937,1.627,5.174,2.884,0,4.518,10.0,3.539,9.78,-0.895,1.36,0,0,0,OFFBOARD
55,OUTBOUND,5.58,6.089,-0.729,1.42,1.627,-1.078,-0.678,6.089,-0.929,1.627,5.117,3.218,0,4.687,10.0,3.493,9.896,-0.924,1.363,0,0,0,OFFBOARD
56,OUTBOUND,5.68,6.288,-0.726,1.411,1.627,-1.078,-0.678,6.288,-0.926,1.627,5.124,3.089,0,4.762,10.0,3.471,10.056,-0.948,1.366,0,0,0,OFFBOARD
57,OUTBOUND,5.79,6.486,-0.728,1.404,1.627,-1.078,-0.678,6.486,-0.928,1.627,5.149,2.946,0,4.586,10.0,3.471,10.247,-0.965,1.368,0,0,0,OFFBOARD
58,OUTBOUND,5.89,6.688,-0.733,1.398,1.627,-1.078,-0.678,6.688,-0.933,1.627,5.195,2.8,0,4.396,10.0,3.485,10.461,-0.974,1.371,0,0,0,OFFBOARD
59,OUTBOUND,5.99,6.889,-0.742,1.393,1.627,-1.078,-0.678,6.889,-0.942,1.627,5.252,2.651,0,4.205,10.0,3.506,10.701,-0.974,1.373,0,0,0,OFFBOARD
60,OUTBOUND,6.09,7.092,-0.754,1.388,1.627,-1.078,-0.678,7.092,-0.954,1.627,5.268,2.501,0,4.158,10.0,3.524,10.959,-0.963,1.377,0,0,0,OFFBOARD
61,OUTBOUND,6.19,7.293,-0.77,1.385,1.627,-1.078,-0.678,7.293,-0.97,1.627,5.197,2.348,0,4.54,10.0,3.537,11.218,-0.942,1.381,0,0,0,OFFBOARD
62,OUTBOUND,6.29,7.495,-0.788,1.382,1.627,-1.078,-0.678,7.495,-0.988,1.627,5.251,2.195,0,4.577,10.0,3.541,11.5,-0.911,1.384,0,0,0,OFFBOARD
63,OUTBOUND,6.39,7.698,-0.809,1.38,1.627,-1.078,-0.678,7.698,-1.009,1.627,5.353,2.036,0,4.482,10.0,3.538,11.785,-0.902,1.388,0,0,0,OFFBOARD
64,OUTBOUND,6.5,7.901,-0.83,1.379,1.627,-1.078,-0.678,7.901,-1.03,1.627,5.411,1.878,1,4.392,10.0,3.524,12.047,-0.885,1.391,0,0,0,OFFBOARD
65,OUTBOUND,6.6,8.106,-0.851,1.379,1.627,-1.078,-0.678,8.106,-1.051,1.627,5.373,1.717,1,4.279,10.0,3.52,12.365,-0.865,1.393,0,0,0,OFFBOARD
66,OUTBOUND,6.7,8.309,-0.871,1.379,1.627,-1.078,-0.678,8.309,-1.07,1.627,5.269,1.548,1,4.039,10.0,3.511,12.722,-0.835,1.394,0,0,0,OFFBOARD
67,OUTBOUND,6.8,8.511,-0.887,1.379,1.627,-1.078,-0.678,8.511,-1.087,1.627,5.179,2.651,0,4.025,10.0,3.508,13.104,-0.859,1.394,0,0,0,OFFBOARD
68,OUTBOUND,6.9,8.714,-0.901,1.38,1.627,-1.078,-0.678,8.714,-1.101,1.627,5.223,2.86,0,4.489,10.0,3.509,13.436,-0.889,1.394,0,0,0,OFFBOARD
69,OUTBOUND,7.0,8.916,-0.91,1.381,1.627,-1.078,-0.678,8.916,-1.11,1.627,5.289,2.843,0,4.498,10.0,3.513,13.741,-0.916,1.393,0,0,0,OFFBOARD
70,OUTBOUND,7.11,9.117,-0.916,1.382,1.627,-1.078,-0.678,9.117,-1.116,1.627,5.315,2.838,0,4.469,10.0,3.518,14.025,-0.938,1.393,0,0,0,OFFBOARD
71,OUTBOUND,7.21,9.319,-0.92,1.383,1.627,-1.078,-0.678,9.319,-1.12,1.627,5.352,2.845,0,4.272,10.0,3.524,14.318,-0.958,1.393,0,0,0,OFFBOARD
72,OUTBOUND,7.31,9.523,-0.921,1.384,1.627,-1.078,-0.678,9.523,-1.121,1.627,5.33,2.819,0,4.074,10.0,3.529,14.607,-0.983,1.393,0,0,0,OFFBOARD
73,OUTBOUND,7.41,9.725,-0.922,1.385,1.627,-1.078,-0.678,9.725,-1.122,1.627,5.131,2.619,0,3.912,10.0,3.529,14.885,-1.0,1.394,0,0,0,OFFBOARD
74,OUTBOUND,7.51,9.929,-0.923,1.386,1.627,-1.078,-0.678,9.929,-1.123,1.627,5.086,2.586,0,3.9,10.0,3.539,15.156,-1.019,1.394,0,0,0,OFFBOARD
75,OUTBOUND,7.61,10.131,-0.925,1.387,1.627,-1.078,-0.678,10.131,-1.124,1.627,5.155,2.813,0,4.382,10.0,3.542,15.421,-1.045,1.394,0,0,0,OFFBOARD
76,OUTBOUND,7.71,10.333,-0.928,1.388,1.627,-1.078,-0.678,10.333,-1.128,1.627,5.257,2.806,0,4.395,10.0,3.544,15.713,-1.066,1.394,0,0,0,OFFBOARD
77,OUTBOUND,7.82,10.535,-0.934,1.389,1.627,-1.078,-0.678,10.535,-1.134,1.627,5.27,2.812,0,4.33,6.923,3.545,16.016,-1.084,1.394,0,0,0,OFFBOARD
78,OUTBOUND,7.92,10.737,-0.941,1.389,1.627,-1.078,-0.678,10.737,-1.141,1.627,5.276,2.813,0,4.128,6.721,3.545,16.229,-1.108,1.397,0,0,0,OFFBOARD
79,OUTBOUND,8.02,10.941,-0.951,1.39,1.627,-1.078,-0.678,10.941,-1.151,1.627,5.186,2.674,0,3.93,6.523,3.546,16.384,-1.121,1.405,0,0,0,OFFBOARD
80,OUTBOUND,8.12,11.143,-0.963,1.391,1.627,-1.078,-0.678,11.143,-1.162,1.627,5.043,2.533,0,3.84,6.321,3.547,16.496,-1.122,1.416,0,0,0,OFFBOARD
81,OUTBOUND,8.22,11.345,-0.976,1.392,1.627,-1.078,-0.678,11.345,-1.175,1.627,5.049,2.798,0,4.201,6.123,3.549,16.596,-1.124,1.429,0,0,0,OFFBOARD
82,OUTBOUND,8.32,11.549,-0.99,1.394,1.627,-1.078,-0.678,11.549,-1.19,1.627,5.204,2.811,0,4.239,5.921,3.553,16.696,-1.127,1.443,0,0,0,OFFBOARD
83,OUTBOUND,8.42,11.751,-1.005,1.396,1.627,-1.078,-0.678,11.751,-1.205,1.627,5.263,2.782,0,4.256,5.723,3.559,16.796,-1.129,1.457,0,0,0,OFFBOARD
84,OUTBOUND,8.52,11.953,-1.021,1.399,1.627,-1.078,-0.678,11.953,-1.221,1.627,5.269,2.748,0,4.186,5.523,3.564,16.896,-1.131,1.47,0,0,0,OFFBOARD
85,OUTBOUND,8.63,12.155,-1.037,1.404,1.627,-1.078,-0.678,12.155,-1.237,1.627,5.242,2.714,0,3.986,5.323,3.571,16.996,-1.139,1.483,0,0,0,OFFBOARD
86,OUTBOUND,8.73,12.357,-1.053,1.409,1.627,-1.078,-0.678,12.357,-1.253,1.627,5.042,2.53,0,3.786,5.123,3.588,17.096,-1.139,1.494,0,0,0,OFFBOARD
87,OUTBOUND,8.83,12.561,-1.068,1.415,1.627,-1.078,-0.678,12.561,-1.268,1.627,4.923,2.363,0,3.671,4.923,3.601,17.196,-1.129,1.502,0,0,0,OFFBOARD
88,OUTBOUND,8.93,12.761,-1.083,1.421,1.627,-1.078,-0.678,12.761,-1.283,1.627,4.723,2.336,0,4.016,4.723,3.616,17.296,-1.12,1.508,0,0,0,OFFBOARD
89,OUTBOUND,9.03,12.967,-1.096,1.429,1.627,-1.078,-0.678,12.967,-1.296,1.627,4.519,2.578,0,4.074,4.519,3.633,17.396,-1.121,1.51,0,0,0,OFFBOARD
90,OUTBOUND,9.13,13.165,-1.108,1.436,1.627,-1.078,-0.678,13.165,-1.308,1.627,4.257,2.577,0,4.034,4.257,3.656,17.496,-1.118,1.51,0,0,0,OFFBOARD
91,OUTBOUND,9.24,13.375,-1.119,1.444,1.627,-1.078,-0.678,13.375,-1.319,1.627,4.057,2.57,0,3.976,4.057,3.673,17.662,-1.108,1.511,0,0,0,OFFBOARD
92,OUTBOUND,9.34,13.579,-1.128,1.451,1.627,-1.078,-0.678,13.579,-1.328,1.627,3.855,2.518,0,3.774,3.855,3.691,17.911,-1.104,1.511,0,0,0,OFFBOARD
93,OUTBOUND,9.44,13.781,-1.136,1.458,1.627,-1.078,-0.678,13.781,-1.336,1.627,3.657,2.32,0,3.577,3.657,3.657,18.207,-1.094,1.51,0,0,0,OFFBOARD
94,OUTBOUND,9.54,13.985,-1.142,1.464,1.627,-1.078,-0.678,13.985,-1.342,1.627,3.455,2.206,0,3.46,3.455,3.455,18.542,-1.083,1.508,0,0,0,OFFBOARD
95,OUTBOUND,9.64,14.187,-1.146,1.47,1.627,-1.078,-0.678,14.187,-1.346,1.627,3.257,2.429,0,3.831,3.257,3.257,18.899,-1.091,1.504,0,0,0,OFFBOARD
96,OUTBOUND,9.74,14.389,-1.148,1.475,1.627,-1.078,-0.678,14.389,-1.348,1.627,3.057,2.418,0,3.896,3.057,3.057,19.242,-1.104,1.499,0,0,0,OFFBOARD
97,OUTBOUND,9.85,14.593,-1.148,1.48,1.627,-1.078,-0.678,14.593,-1.348,1.627,2.857,2.419,0,3.879,2.857,2.857,19.549,-1.118,1.493,0,0,0,OFFBOARD
98,OUTBOUND,9.95,14.795,-1.147,1.484,1.627,-1.078,-0.678,14.795,-1.347,1.627,2.657,2.43,0,3.833,2.657,2.657,19.873,-1.137,1.489,0,0,0,OFFBOARD
99,OUTBOUND,10.05,14.997,-1.145,1.486,1.627,-1.078,-0.678,14.997,-1.345,1.627,2.457,2.377,0,3.633,2.457,2.457,20.207,-1.205,1.487,0,0,0,OFFBOARD
100,OUTBOUND,10.15,15.199,-1.142,1.488,1.627,-1.078,-0.678,15.199,-1.342,1.627,2.257,2.182,0,3.433,2.257,2.257,20.428,-1.277,1.48,0,0,0,OFFBOARD
101,OUTBOUND,10.25,15.403,-1.14,1.49,1.627,-1.078,-0.678,15.403,-1.34,1.627,2.057,2.057,0,3.38,2.057,2.057,20.572,-1.347,1.47,0,0,0,OFFBOARD
102,OUTBOUND,10.35,15.605,-1.138,1.49,1.627,-1.078,-0.678,15.605,-1.338,1.627,1.855,1.855,1,3.793,1.855,1.855,20.672,-1.443,1.457,0,0,0,OFFBOARD
103,OUTBOUND,10.45,15.809,-1.138,1.49,1.627,-1.078,-0.678,15.809,-1.338,1.627,1.657,1.657,1,3.847,1.657,1.657,20.772,-1.637,1.442,0,0,0,OFFBOARD
104,OUTBOUND,10.56,16.011,-1.143,1.488,1.627,-1.078,-0.678,16.011,-1.343,1.627,1.457,1.457,1,3.85,1.457,1.457,20.986,-1.817,1.427,0,0,0,OFFBOARD
105,OUTBOUND,10.66,16.215,-1.153,1.486,1.627,-1.078,-0.678,16.215,-1.352,1.627,1.257,1.257,1,3.689,1.257,1.257,21.283,-1.998,1.411,0,0,0,OFFBOARD
106,OUTBOUND,10.76,16.417,-1.17,1.482,1.627,-1.078,-0.678,16.417,-1.37,1.627,1.055,1.055,1,3.487,1.055,1.055,21.633,-2.174,1.395,0,0,0,OFFBOARD
107,OUTBOUND,10.86,16.619,-1.198,1.477,1.627,-1.078,-0.678,16.619,-1.398,1.627,0.855,0.855,1,3.287,0.855,0.855,22.017,-2.353,1.379,0,0,0,OFFBOARD
108,OUTBOUND,10.96,16.821,-1.238,1.471,1.627,-1.078,-0.678,16.821,-1.437,1.627,0.657,0.657,1,3.133,0.657,0.657,22.424,-2.5,1.365,0,1,0,OFFBOARD
109,OUTBOUND,11.06,17.023,-1.292,1.463,1.627,-1.078,-0.678,17.023,-1.492,1.627,0.457,0.457,1,3.436,0.563,0.457,22.843,-2.5,1.351,0,1,0,OFFBOARD
110,OUTBOUND,11.16,17.229,-1.363,1.455,1.627,-1.078,-0.678,17.229,-1.563,1.627,0.274,0.255,1,3.419,0.638,0.255,23.252,-2.5,1.34,1,0,0,OFFBOARD
111,OUTBOUND,11.26,17.25,-1.417,1.444,1.627,-1.078,-0.678,17.25,-1.617,1.627,0.345,0.219,1,3.702,0.606,0.295,23.634,-2.5,1.331,1,0,0,OFFBOARD
112,OUTBOUND,11.37,17.267,-1.485,1.433,1.627,-1.078,-0.678,17.267,-1.685,1.627,0.333,0.184,1,4.899,0.376,0.303,23.999,-2.5,1.324,1,0,0,OFFBOARD
113,OUTBOUND,11.47,17.295,-1.563,1.422,1.627,-1.078,-0.678,17.295,-1.763,1.627,0.397,0.247,1,5.59,0.389,0.373,24.391,-2.5,1.328,1,0,0,OFFBOARD
114,OUTBOUND,11.57,17.342,-1.648,1.412,1.627,-1.078,-0.678,17.342,-1.848,1.627,0.476,0.311,1,0.49,0.463,0.456,24.67,-2.5,1.339,1,0,0,OFFBOARD
115,OUTBOUND,11.67,17.427,-1.741,1.402,1.627,-1.078,-0.678,17.427,-1.94,1.627,0.574,0.383,1,0.56,0.559,0.562,25.009,-2.5,1.346,0,1,0,OFFBOARD
116,OUTBOUND,11.77,17.548,-1.829,1.393,1.627,-1.078,-0.678,17.548,-2.029,1.627,0.684,0.461,1,0.657,0.669,0.684,25.387,-2.5,1.35,0,1,0,OFFBOARD
117,OUTBOUND,11.88,17.707,-1.91,1.386,1.627,-1.078,-0.678,17.706,-2.11,1.627,0.805,0.542,1,0.773,0.79,0.815,25.789,-2.5,1.354,0,1,0,OFFBOARD
118,OUTBOUND,11.98,17.901,-1.984,1.379,1.627,-1.078,-0.678,17.901,-2.184,1.627,2.71,0.625,1,6.516,3.714,2.173,26.204,-2.5,1.322,0,1,0,OFFBOARD
119,OUTBOUND,12.08,18.12,-2.05,1.373,1.627,-1.078,-0.678,18.12,-2.25,1.627,3.153,3.076,0,6.368,4.57,2.42,26.591,-2.471,1.292,0,0,0,OFFBOARD
120,OUTBOUND,12.18,18.358,-2.111,1.367,1.627,-1.078,-0.678,18.358,-2.311,1.627,3.827,3.684,0,6.067,6.114,2.777,26.897,-2.477,1.259,0,0,0,OFFBOARD
121,OUTBOUND,12.28,18.602,-2.169,1.36,1.627,-1.078,-0.678,18.602,-2.369,1.627,4.726,2.154,0,5.056,6.842,3.218,27.097,-2.441,1.224,0,0,0,OFFBOARD
122,OUTBOUND,12.38,18.851,-2.228,1.352,1.627,-1.078,-0.678,18.851,-2.427,1.627,5.499,1.57,1,3.46,6.677,3.668,27.227,-2.331,1.187,0,0,0,OFFBOARD
123,OUTBOUND,12.48,19.097,-2.291,1.341,1.627,-1.078,-0.678,19.096,-2.491,1.627,3.247,0.761,1,1.973,10.0,4.012,27.327,-2.124,1.15,0,1,0,OFFBOARD
124,OUTBOUND,12.59,19.34,-2.363,1.329,1.627,-1.078,-0.678,19.339,-2.563,1.627,1.737,0.541,1,1.717,2.951,4.114,27.427,-1.82,1.111,0,1,0,OFFBOARD
125,OUTBOUND,12.69,19.574,-2.445,1.315,1.627,-1.078,-0.678,19.574,-2.645,1.627,1.455,0.328,1,1.03,1.48,2.188,27.527,-1.47,1.072,1,0,0,OFFBOARD
126,OUTBOUND,12.79,19.623,-2.442,1.287,1.627,-1.078,-0.678,19.623,-2.642,1.627,1.27,0.248,1,0.946,1.375,1.353,27.725,-1.12,1.033,1,0,0,OFFBOARD
127,OUTBOUND,12.89,19.628,-2.422,1.259,1.627,-1.078,-0.678,19.628,-2.622,1.627,1.298,0.257,1,0.972,1.305,1.354,28.008,-0.77,0.994,1,0,0,OFFBOARD
128,OUTBOUND,12.99,19.635,-2.389,1.232,1.627,-1.078,-0.678,19.635,-2.589,1.627,1.162,0.323,1,1.22,1.201,1.029,28.343,-0.42,0.954,1,0,0,OFFBOARD
129,OUTBOUND,13.09,19.657,-2.333,1.205,1.627,-1.078,-0.678,19.657,-2.533,1.627,1.111,0.369,1,1.25,1.123,0.903,28.569,-0.132,0.915,0,1,0,OFFBOARD
130,OUTBOUND,13.19,19.709,-2.252,1.178,1.627,-1.078,-0.678,19.709,-2.452,1.627,0.927,0.614,1,1.248,1.183,0.791,28.718,0.102,0.875,0,1,0,OFFBOARD
131,OUTBOUND,13.29,19.799,-2.146,1.151,1.627,-1.078,-0.678,19.799,-2.346,1.627,1.01,0.721,1,1.217,1.177,0.926,28.818,0.315,0.835,0,1,0,OFFBOARD
132,OUTBOUND,13.39,19.93,-2.022,1.123,1.627,-1.078,-0.678,19.93,-2.222,1.627,1.338,0.808,1,1.353,1.279,1.203,28.918,0.519,0.795,0,0,0,OFFBOARD
133,OUTBOUND,13.5,20.097,-1.888,1.094,1.627,-1.078,-0.678,20.097,-2.087,1.627,1.655,0.903,1,1.975,1.63,1.461,29.018,0.717,0.825,0,0,0,OFFBOARD
134,OUTBOUND,13.6,20.295,-1.748,1.065,1.627,-1.078,-0.678,20.295,-1.948,1.627,2.063,1.073,1,2.049,2.132,1.791,29.118,0.919,0.855,0,0,0,OFFBOARD
135,OUTBOUND,13.7,20.506,-1.614,1.038,1.627,-1.078,-0.678,20.506,-1.814,1.627,2.603,1.315,1,2.586,2.716,2.08,29.218,1.133,0.885,0,0,0,OFFBOARD
136,OUTBOUND,13.8,20.735,-1.478,1.014,1.627,-1.078,-0.678,20.735,-1.678,1.627,3.007,1.571,1,2.905,3.029,2.385,29.318,1.361,0.915,0,0,0,OFFBOARD
137,OUTBOUND,13.9,20.961,-1.347,0.993,1.627,-1.078,-0.678,20.961,-1.547,1.627,3.941,1.971,1,3.344,3.958,2.793,29.418,1.572,0.946,0,0,0,OFFBOARD
138,OUTBOUND,14.0,21.186,-1.216,0.977,1.627,-1.078,-0.678,21.186,-1.416,1.627,4.539,2.241,0,3.737,4.973,2.974,29.518,1.757,0.976,0,0,0,OFFBOARD
139,OUTBOUND,14.11,21.406,-1.083,0.964,1.627,-1.078,-0.678,21.406,-1.283,1.627,4.775,2.364,0,4.15,5.988,2.99,29.618,1.868,1.006,0,0,0,OFFBOARD
140,OUTBOUND,14.21,21.618,-0.944,0.956,1.627,-1.078,-0.678,21.618,-1.144,1.627,4.541,2.894,0,4.537,10.0,2.877,29.718,1.905,1.036,0,0,0,OFFBOARD
141,OUTBOUND,14.31,21.827,-0.794,0.953,1.627,-1.078,-0.678,21.827,-0.994,1.627,4.16,3.054,0,5.254,10.0,2.725,29.818,1.885,1.066,0,0,0,OFFBOARD
142,OUTBOUND,14.41,22.03,-0.635,0.953,1.627,-1.078,-0.678,22.03,-0.835,1.627,3.866,3.355,0,5.297,10.0,2.596,29.918,1.82,1.096,0,0,0,OFFBOARD
143,OUTBOUND,14.51,22.234,-0.463,0.957,1.627,-1.078,-0.678,22.234,-0.663,1.627,3.708,3.268,0,5.888,10.0,2.521,30.018,1.732,1.126,0,0,0,OFFBOARD
144,OUTBOUND,14.61,22.436,-0.283,0.964,1.627,-1.078,-0.678,22.436,-0.482,1.627,3.683,3.315,0,6.015,10.0,2.504,30.118,1.634,1.156,0,0,0,OFFBOARD
145,OUTBOUND,14.71,22.637,-0.094,0.974,1.627,-1.078,-0.678,22.637,-0.294,1.627,3.776,3.503,0,5.869,10.0,2.535,30.263,1.54,1.186,0,0,0,OFFBOARD
146,OUTBOUND,14.81,22.839,0.099,0.987,1.627,-1.078,-0.678,22.838,-0.101,1.627,3.984,3.749,0,5.677,10.0,2.602,30.502,1.461,1.216,0,0,0,OFFBOARD
147,OUTBOUND,14.92,23.041,0.295,1.003,1.627,-1.078,-0.678,23.041,0.095,1.627,4.113,3.334,0,5.472,4.907,2.693,30.816,1.386,1.255,0,0,0,OFFBOARD
148,OUTBOUND,15.02,23.241,0.482,1.021,1.627,-1.078,-0.678,23.241,0.282,1.627,4.172,1.945,1,5.265,4.597,2.784,31.174,1.262,1.296,0,0,0,OFFBOARD
149,OUTBOUND,15.12,23.442,0.659,1.041,1.627,-1.078,-0.678,23.442,0.459,1.627,4.202,1.662,1,5.121,4.356,2.844,31.564,1.125,1.344,0,0,0,OFFBOARD
150,OUTBOUND,15.22,23.639,0.816,1.063,1.627,-1.078,-0.678,23.639,0.616,1.627,4.021,1.437,1,4.998,4.151,2.877,31.975,0.977,1.399,0,0,0,OFFBOARD
151,OUTBOUND,15.32,23.837,0.948,1.088,1.627,-1.078,-0.678,23.837,0.748,1.627,3.816,1.234,1,4.801,3.961,2.893,32.4,0.819,1.458,0,0,0,OFFBOARD
152,OUTBOUND,15.42,24.036,1.054,1.116,1.627,-1.078,-0.678,24.036,0.854,1.627,3.613,1.044,1,4.595,3.757,2.903,32.834,0.648,1.519,0,0,0,OFFBOARD
153,OUTBOUND,15.52,24.235,1.13,1.146,1.627,-1.078,-0.678,24.234,0.93,1.627,3.412,0.863,1,4.384,3.565,2.92,33.273,0.458,1.583,0,0,0,OFFBOARD
154,OUTBOUND,15.63,24.434,1.177,1.179,1.627,-1.078,-0.678,24.434,0.977,1.627,3.212,2.609,0,4.301,3.417,2.954,33.716,0.347,1.647,0,0,0,OFFBOARD
155,OUTBOUND,15.73,24.637,1.195,1.216,1.627,-1.078,-0.678,24.637,0.995,1.627,3.007,2.605,0,4.672,3.54,3.004,34.161,0.243,1.694,0,0,0,OFFBOARD
156,OUTBOUND,15.83,24.839,1.188,1.255,1.627,-1.078,-0.678,24.839,0.988,1.627,2.803,2.509,0,4.668,6.278,2.804,34.608,0.164,1.729,0,0,0,OFFBOARD
157,OUTBOUND,15.93,25.042,1.158,1.296,1.627,-1.078,-0.678,25.042,0.958,1.627,2.611,2.353,0,4.626,10.0,2.597,35.056,0.085,1.757,0,0,0,OFFBOARD
158,OUTBOUND,16.03,25.246,1.109,1.338,1.627,-1.078,-0.678,25.246,0.909,1.627,2.47,2.39,0,4.585,10.0,2.404,35.504,-0.021,1.786,0,0,0,OFFBOARD
159,OUTBOUND,16.13,25.449,1.046,1.38,1.627,-1.078,-0.678,25.449,0.846,1.627,2.616,2.152,0,4.341,10.0,2.246,35.907,-0.174,1.811,0,0,0,OFFBOARD
160,OUTBOUND,16.24,25.661,0.967,1.424,1.627,-1.078,-0.678,25.661,0.767,1.627,5.401,2.186,0,4.145,10.0,3.518,36.185,-0.328,1.824,0,0,0,OFFBOARD
161,OUTBOUND,16.34,25.866,0.883,1.466,1.627,-1.078,-0.678,25.866,0.683,1.627,5.397,2.3,0,3.952,10.0,3.786,36.367,-0.464,1.824,0,0,0,OFFBOARD
162,OUTBOUND,16.44,26.069,0.793,1.506,1.627,-1.078,-0.678,26.069,0.593,1.627,5.74,3.049,0,3.941,10.0,3.891,36.489,-0.557,1.823,0,0,0,OFFBOARD
163,OUTBOUND,16.54,26.273,0.697,1.544,1.627,-1.078,-0.678,26.273,0.497,1.627,5.888,3.202,0,4.411,10.0,3.98,36.589,-0.652,1.82,0,0,0,OFFBOARD
164,OUTBOUND,16.64,26.474,0.598,1.579,1.627,-1.078,-0.678,26.474,0.398,1.627,5.847,3.288,0,4.421,10.0,4.054,36.689,-0.744,1.814,0,0,0,OFFBOARD
165,OUTBOUND,16.74,26.674,0.495,1.611,1.627,-1.078,-0.678,26.674,0.295,1.627,5.658,3.117,0,4.392,10.0,4.112,36.789,-0.841,1.805,0,0,0,OFFBOARD
166,OUTBOUND,16.84,26.874,0.387,1.639,1.627,-1.078,-0.678,26.874,0.187,1.627,5.65,3.133,0,4.199,10.0,4.161,36.889,-0.936,1.791,0,0,0,OFFBOARD
167,OUTBOUND,16.94,27.074,0.275,1.664,1.627,-1.078,-0.678,27.074,0.075,1.627,6.026,3.575,0,4.027,10.0,4.201,36.989,-1.023,1.77,0,0,0,OFFBOARD
168,OUTBOUND,17.05,27.273,0.159,1.685,1.627,-1.078,-0.678,27.273,-0.041,1.627,6.14,3.712,0,3.995,6.945,4.237,37.089,-1.103,1.74,0,0,0,OFFBOARD
169,OUTBOUND,17.15,27.475,0.037,1.702,1.627,-1.078,-0.678,27.475,-0.163,1.627,6.116,3.595,0,4.327,6.741,4.268,37.189,-1.162,1.703,0,0,0,OFFBOARD
170,OUTBOUND,17.25,27.674,-0.087,1.715,1.627,-1.078,-0.678,27.674,-0.287,1.627,5.923,3.464,0,4.305,6.539,4.293,37.289,-1.217,1.661,0,0,0,OFFBOARD
171,OUTBOUND,17.35,27.876,-0.215,1.723,1.627,-1.078,-0.678,27.876,-0.414,1.627,5.731,3.296,0,4.24,6.336,4.31,37.389,-1.251,1.615,0,0,0,OFFBOARD
172,OUTBOUND,17.45,28.076,-0.342,1.726,1.627,-1.078,-0.678,28.076,-0.542,1.627,5.53,3.126,0,4.081,6.135,4.319,37.497,-1.27,1.567,0,0,0,OFFBOARD
173,OUTBOUND,17.55,28.277,-0.471,1.725,1.627,-1.078,-0.678,28.277,-0.671,1.627,5.33,2.956,0,3.925,5.934,4.318,37.635,-1.286,1.518,0,0,0,OFFBOARD
174,OUTBOUND,17.66,28.48,-0.599,1.718,1.627,-1.078,-0.678,28.479,-0.799,1.627,5.163,2.788,0,3.837,5.729,4.307,37.873,-1.288,1.471,0,0,0,OFFBOARD
175,OUTBOUND,17.76,28.681,-0.723,1.707,1.627,-1.078,-0.678,28.68,-0.923,1.627,5.028,2.633,0,3.674,5.533,4.288,38.161,-1.282,1.425,0,0,0,OFFBOARD
176,OUTBOUND,17.86,28.884,-0.843,1.692,1.627,-1.078,-0.678,28.884,-1.043,1.627,4.886,2.758,0,3.496,5.333,4.259,38.472,-1.273,1.382,0,0,0,OFFBOARD
177,OUTBOUND,17.96,29.085,-0.956,1.672,1.627,-1.078,-0.678,29.085,-1.156,1.627,4.75,2.631,0,3.451,5.134,4.22,38.828,-1.234,1.341,0,0,0,OFFBOARD
178,OUTBOUND,18.06,29.289,-1.062,1.649,1.627,-1.078,-0.678,29.289,-1.262,1.627,4.931,2.513,0,3.765,4.933,4.171,39.206,-1.17,1.305,0,0,0,OFFBOARD
179,OUTBOUND,18.16,29.491,-1.157,1.624,1.627,-1.078,-0.678,29.491,-1.357,1.627,4.734,2.409,0,3.796,4.735,4.115,39.585,-1.084,1.272,0,0,0,OFFBOARD
180,OUTBOUND,18.26,29.692,-1.241,1.596,1.627,-1.078,-0.678,29.692,-1.441,1.627,4.533,2.298,0,3.779,4.534,4.051,39.973,-0.978,1.242,0,0,0,OFFBOARD
181,OUTBOUND,18.37,29.898,-1.314,1.565,1.627,-1.078,-0.678,29.898,-1.514,1.627,4.336,2.199,0,3.703,4.337,3.985,40.372,-0.863,1.216,0,0,0,OFFBOARD
182,OUTBOUND,18.47,30.102,-1.372,1.534,1.627,-1.078,-0.678,30.102,-1.572,1.627,4.137,2.127,0,3.536,4.137,3.914,40.782,-0.739,1.194,0,0,0,OFFBOARD
183,OUTBOUND,18.57,30.302,-1.413,1.503,1.627,-1.078,-0.678,30.302,-1.613,1.627,3.938,2.069,0,3.338,3.938,3.84,41.205,-0.62,1.175,0,0,0,OFFBOARD
184,OUTBOUND,18.67,30.508,-1.438,1.47,1.627,-1.078,-0.678,30.508,-1.638,1.627,3.67,1.813,1,3.193,3.671,3.67,41.631,-0.514,1.162,0,0,0,OFFBOARD
185,OUTBOUND,18.77,30.71,-1.444,1.439,1.627,-1.078,-0.678,30.71,-1.644,1.627,3.471,1.807,1,3.735,3.471,3.471,42.057,-0.428,1.152,0,0,0,OFFBOARD
186,OUTBOUND,18.87,30.914,-1.432,1.408,1.627,-1.078,-0.678,30.914,-1.632,1.627,3.269,2.066,0,3.867,3.27,3.269,42.452,-0.375,1.147,0,0,0,OFFBOARD
187,OUTBOUND,18.98,31.116,-1.401,1.379,1.627,-1.078,-0.678,31.115,-1.601,1.627,3.072,2.133,0,3.729,3.072,3.072,42.816,-0.331,1.146,0,0,0,OFFBOARD
188,OUTBOUND,19.08,31.317,-1.352,1.352,1.627,-1.078,-0.678,31.317,-1.552,1.627,2.873,2.23,0,3.53,2.873,2.873,43.151,-0.297,1.148,0,0,0,OFFBOARD
189,OUTBOUND,19.18,31.521,-1.286,1.326,1.627,-1.078,-0.678,31.521,-1.486,1.627,2.673,2.091,0,4.069,2.673,2.673,43.427,-0.261,1.155,0,0,0,OFFBOARD
190,OUTBOUND,19.28,31.723,-1.208,1.302,1.627,-1.078,-0.678,31.723,-1.407,1.627,2.471,2.471,0,4.164,2.471,2.471,43.618,-0.23,1.165,0,0,0,OFFBOARD
191,OUTBOUND,19.38,31.924,-1.118,1.282,1.627,-1.078,-0.678,31.924,-1.318,1.627,2.273,2.273,0,2.274,2.274,2.274,43.742,-0.174,1.178,0,0,0,OFFBOARD
192,OUTBOUND,19.48,32.126,-1.022,1.264,1.627,-1.078,-0.678,32.126,-1.222,1.627,2.074,2.074,0,2.074,2.074,2.074,43.842,-0.109,1.193,0,0,0,OFFBOARD
193,OUTBOUND,19.58,32.33,-0.92,1.248,1.627,-1.078,-0.678,32.33,-1.12,1.627,1.874,1.874,1,1.874,1.874,1.875,43.942,0.008,1.211,0,0,0,OFFBOARD
194,OUTBOUND,19.68,32.532,-0.818,1.236,1.627,-1.078,-0.678,32.532,-1.018,1.627,1.674,1.674,1,1.674,1.674,1.675,44.101,0.196,1.231,0,0,0,OFFBOARD
195,OUTBOUND,19.79,32.736,-0.714,1.227,1.627,-1.078,-0.678,32.736,-0.914,1.627,1.928,1.474,1,1.947,1.71,1.723,44.344,0.427,1.252,0,0,0,OFFBOARD
196,OUTBOUND,19.89,32.938,-0.613,1.221,1.627,-1.078,-0.678,32.938,-0.813,1.627,2.487,1.275,1,4.444,2.189,2.191,44.621,0.674,1.274,0,0,0,OFFBOARD
197,OUTBOUND,19.99,33.143,-0.509,1.218,1.627,-1.078,-0.678,33.143,-0.709,1.627,4.776,1.075,1,5.094,10.0,3.05,44.831,0.893,1.297,0,0,0,OFFBOARD
198,OUTBOUND,20.09,33.345,-0.405,1.218,1.627,-1.078,-0.678,33.345,-0.604,1.627,4.717,1.167,1,5.297,10.0,3.137,45.124,1.07,1.319,0,0,0,OFFBOARD
199,OUTBOUND,20.19,33.547,-0.294,1.22,1.627,-1.078,-0.678,33.547,-0.494,1.627,4.67,1.354,1,5.099,10.0,3.146,45.471,1.178,1.342,0,0,0,OFFBOARD
200,OUTBOUND,20.29,33.749,-0.176,1.225,1.627,-1.078,-0.678,33.749,-0.376,1.627,4.645,1.551,1,5.006,10.0,3.157,45.829,1.201,1.363,0,0,0,OFFBOARD
201,OUTBOUND,20.39,33.953,-0.046,1.233,1.627,-1.078,-0.678,33.953,-0.246,1.627,4.656,3.572,0,5.332,10.0,3.173,46.218,1.14,1.384,0,0,0,OFFBOARD
202,OUTBOUND,20.5,34.156,0.092,1.242,1.627,-1.078,-0.678,34.155,-0.108,1.627,4.706,4.082,0,5.331,10.0,3.194,46.626,1.062,1.403,0,0,0,OFFBOARD
203,OUTBOUND,20.6,34.36,0.24,1.253,1.627,-1.078,-0.678,34.36,0.041,1.627,4.809,4.088,0,5.27,10.0,3.216,47.045,0.983,1.422,0,0,0,OFFBOARD
204,OUTBOUND,20.7,34.56,0.39,1.265,1.627,-1.078,-0.678,34.56,0.19,1.627,4.957,3.858,0,5.22,10.0,3.239,47.473,0.895,1.443,0,0,0,OFFBOARD
205,OUTBOUND,20.8,34.764,0.54,1.279,1.627,-1.078,-0.678,34.764,0.34,1.627,4.896,3.603,0,5.153,10.0,3.276,47.907,0.8,1.472,0,0,0,OFFBOARD
206,OUTBOUND,20.9,34.966,0.68,1.294,1.627,-1.078,-0.678,34.966,0.48,1.627,4.837,3.361,0,4.954,10.0,3.31,48.345,0.701,1.504,0,0,0,OFFBOARD
207,OUTBOUND,21.0,35.166,0.805,1.31,1.627,-1.078,-0.678,35.166,0.605,1.627,4.812,3.131,0,4.688,10.0,3.347,48.784,0.598,1.54,0,0,0,OFFBOARD
208,OUTBOUND,21.1,35.376,0.915,1.328,1.627,-1.078,-0.678,35.376,0.715,1.627,4.83,2.981,0,4.488,6.806,3.382,49.219,0.489,1.576,0,0,0,OFFBOARD
209,OUTBOUND,21.21,35.578,0.998,1.348,1.627,-1.078,-0.678,35.578,0.798,1.627,4.876,2.862,0,4.286,6.604,3.424,49.549,0.417,1.601,0,0,0,OFFBOARD
210,OUTBOUND,21.31,35.78,1.056,1.368,1.627,-1.078,-0.678,35.78,0.856,1.627,4.941,2.778,0,4.1,6.406,3.471,49.793,0.371,1.617,0,0,0,OFFBOARD
211,OUTBOUND,21.41,35.984,1.09,1.39,1.627,-1.078,-0.678,35.984,0.89,1.627,5.024,2.632,0,3.986,6.206,3.524,49.971,0.344,1.626,0,0,0,OFFBOARD
212,OUTBOUND,21.51,36.187,1.1,1.412,1.627,-1.078,-0.678,36.187,0.9,1.627,5.125,2.432,0,4.365,6.006,3.58,50.11,0.32,1.629,0,0,0,OFFBOARD
213,OUTBOUND,21.61,36.391,1.089,1.435,1.627,-1.078,-0.678,36.391,0.889,1.627,5.24,2.319,0,4.334,5.804,3.639,50.21,0.301,1.626,0,0,0,OFFBOARD
214,OUTBOUND,21.71,36.593,1.061,1.456,1.627,-1.078,-0.678,36.593,0.862,1.627,5.363,2.63,0,4.264,5.606,3.696,50.31,0.299,1.619,0,0,0,OFFBOARD
215,OUTBOUND,21.81,36.795,1.02,1.476,1.627,-1.078,-0.678,36.795,0.82,1.627,5.406,2.675,0,4.243,5.406,3.75,50.41,0.299,1.607,0,0,0,OFFBOARD
216,OUTBOUND,21.92,36.997,0.968,1.494,1.627,-1.078,-0.678,36.997,0.768,1.627,5.205,2.7,0,4.043,5.206,3.796,50.51,0.298,1.591,0,0,0,OFFBOARD
217,OUTBOUND,22.02,37.199,0.909,1.51,1.627,-1.078,-0.678,37.199,0.709,1.627,5.005,2.687,0,3.843,5.366,3.831,50.61,0.309,1.573,0,0,0,OFFBOARD
218,OUTBOUND,22.12,37.401,0.845,1.523,1.627,-1.078,-0.678,37.401,0.645,1.627,4.805,2.568,0,3.757,5.602,3.861,50.71,0.321,1.552,0,0,0,OFFBOARD
219,OUTBOUND,22.22,37.605,0.778,1.534,1.627,-1.078,-0.678,37.605,0.578,1.627,4.605,3.009,0,4.222,5.883,3.887,50.81,0.35,1.529,0,0,0,OFFBOARD
220,OUTBOUND,22.32,37.807,0.712,1.542,1.627,-1.078,-0.678,37.807,0.512,1.627,4.959,3.119,0,4.267,10.0,3.908,50.91,0.379,1.505,0,0,0,OFFBOARD
221,OUTBOUND,22.42,38.011,0.647,1.547,1.627,-1.078,-0.678,38.011,0.447,1.627,5.391,3.043,0,4.151,10.0,3.922,51.01,0.37,1.49,0,0,0,OFFBOARD
222,OUTBOUND,22.52,38.213,0.585,1.549,1.627,-1.078,-0.678,38.213,0.385,1.627,5.388,2.929,0,4.097,10.0,3.931,51.11,0.322,1.479,0,0,0,OFFBOARD
223,OUTBOUND,22.62,38.415,0.528,1.549,1.627,-1.078,-0.678,38.415,0.328,1.627,5.498,3.329,0,3.899,10.0,3.933,51.21,0.261,1.472,0,0,0,OFFBOARD
224,OUTBOUND,22.73,38.617,0.477,1.546,1.627,-1.078,-0.678,38.617,0.277,1.627,5.701,3.393,0,3.912,10.0,3.929,51.31,0.184,1.465,0,0,0,OFFBOARD
225,OUTBOUND,22.83,38.819,0.431,1.542,1.627,-1.078,-0.678,38.819,0.231,1.627,5.752,3.404,0,4.465,10.0,3.92,51.41,0.097,1.46,0,0,0,OFFBOARD
226,OUTBOUND,22.93,39.023,0.389,1.537,1.627,-1.078,-0.678,39.023,0.189,1.627,5.775,3.204,0,4.555,10.0,3.906,51.51,-0.004,1.458,0,0,0,OFFBOARD
227,OUTBOUND,23.03,39.225,0.351,1.531,1.627,-1.078,-0.678,39.225,0.151,1.627,5.611,3.004,0,4.355,10.0,3.891,51.61,-0.117,1.459,0,0,0,OFFBOARD
228,OUTBOUND,23.13,39.429,0.315,1.525,1.627,-1.078,-0.678,39.429,0.115,1.627,5.662,2.802,0,4.268,10.0,3.875,51.71,-0.238,1.46,0,0,0,OFFBOARD
229,OUTBOUND,23.23,39.629,0.279,1.518,1.627,-1.078,-0.678,39.629,0.079,1.627,5.877,2.605,0,4.65,10.0,3.86,51.81,-0.364,1.461,0,0,0,OFFBOARD
230,OUTBOUND,23.34,39.835,0.24,1.512,1.627,-1.078,-0.678,39.835,0.04,1.627,5.829,2.471,0,4.702,10.0,3.851,51.91,-0.5,1.464,0,0,0,OFFBOARD
231,OUTBOUND,23.44,40.037,0.197,1.506,1.627,-1.078,-0.678,40.037,-0.003,1.627,5.722,2.529,0,4.741,10.0,3.832,52.01,-0.634,1.469,0,0,0,OFFBOARD
232,OUTBOUND,23.54,40.239,0.148,1.501,1.627,-1.078,-0.678,40.239,-0.052,1.627,5.675,2.605,0,4.544,10.0,3.821,52.11,-0.765,1.475,0,0,0,OFFBOARD
233,OUTBOUND,23.64,40.443,0.091,1.496,1.627,-1.078,-0.678,40.443,-0.109,1.627,5.641,2.693,0,4.408,10.0,3.811,52.21,-0.876,1.481,0,0,0,OFFBOARD
234,OUTBOUND,23.74,40.647,0.026,1.492,1.627,-1.078,-0.678,40.647,-0.174,1.627,5.618,2.796,0,4.627,10.0,3.802,52.31,-0.976,1.486,0,0,0,OFFBOARD
235,OUTBOUND,23.84,40.849,-0.047,1.489,1.627,-1.078,-0.678,40.849,-0.247,1.627,5.61,3.946,0,4.781,10.0,3.794,52.41,-1.042,1.49,0,0,0,OFFBOARD
236,OUTBOUND,23.94,41.053,-0.13,1.487,1.627,-1.078,-0.678,41.053,-0.33,1.627,5.615,3.746,0,4.787,10.0,3.789,52.51,-1.103,1.494,0,0,0,OFFBOARD
237,OUTBOUND,24.04,41.255,-0.219,1.486,1.627,-1.078,-0.678,41.255,-0.419,1.627,5.635,3.568,0,4.774,10.0,3.784,52.61,-1.152,1.495,0,0,0,OFFBOARD
238,OUTBOUND,24.15,41.457,-0.314,1.485,1.627,-1.078,-0.678,41.457,-0.514,1.627,5.672,3.424,0,4.6,10.0,3.778,52.71,-1.195,1.494,0,0,0,OFFBOARD
239,OUTBOUND,24.25,41.661,-0.415,1.485,1.627,-1.078,-0.678,41.661,-0.615,1.627,5.658,3.277,0,4.402,10.0,3.775,52.81,-1.231,1.489,0,0,0,OFFBOARD
240,OUTBOUND,24.35,41.863,-0.518,1.485,1.627,-1.078,-0.678,41.863,-0.718,1.627,5.512,3.126,0,4.224,10.0,3.773,52.91,-1.258,1.48,0,0,0,OFFBOARD
241,OUTBOUND,24.45,42.065,-0.621,1.485,1.627,-1.078,-0.678,42.065,-0.821,1.627,5.471,2.975,0,4.132,10.0,3.773,53.01,-1.265,1.469,0,0,0,OFFBOARD
242,OUTBOUND,24.55,42.269,-0.723,1.484,1.627,-1.078,-0.678,42.269,-0.923,1.627,5.527,3.091,0,4.034,10.0,3.774,53.11,-1.27,1.456,0,0,0,OFFBOARD
243,OUTBOUND,24.65,42.471,-0.821,1.484,1.627,-1.078,-0.678,42.471,-1.021,1.627,5.589,2.971,0,4.33,10.0,3.775,53.21,-1.27,1.443,0,0,0,OFFBOARD
244,OUTBOUND,24.75,42.673,-0.915,1.482,1.627,-1.078,-0.678,42.673,-1.115,1.627,5.583,2.831,0,4.314,10.0,3.774,53.31,-1.268,1.428,0,0,0,OFFBOARD
245,OUTBOUND,24.86,42.877,-1.003,1.48,1.627,-1.078,-0.678,42.877,-1.203,1.627,5.544,2.692,0,4.228,10.0,3.771,53.41,-1.263,1.414,0,0,0,OFFBOARD
246,OUTBOUND,24.96,43.079,-1.082,1.476,1.627,-1.078,-0.678,43.079,-1.282,1.627,5.476,2.571,0,4.106,6.771,3.764,53.51,-1.25,1.4,0,0,0,OFFBOARD
247,OUTBOUND,25.06,43.281,-1.154,1.472,1.627,-1.078,-0.678,43.281,-1.354,1.627,5.314,2.474,0,4.007,6.571,3.754,53.61,-1.233,1.386,0,0,0,OFFBOARD
248,OUTBOUND,25.16,43.485,-1.218,1.466,1.627,-1.078,-0.678,43.485,-1.418,1.627,5.114,2.396,0,3.858,6.371,3.742,53.71,-1.209,1.373,0,0,0,OFFBOARD
249,OUTBOUND,25.26,43.687,-1.272,1.46,1.627,-1.078,-0.678,43.687,-1.472,1.627,4.912,2.331,0,3.656,6.169,3.727,53.81,-1.179,1.361,0,0,0,OFFBOARD
250,OUTBOUND,25.36,43.889,-1.317,1.452,1.627,-1.078,-0.678,43.889,-1.517,1.627,4.712,2.2,0,3.456,5.969,3.711,53.91,-1.148,1.35,0,0,0,OFFBOARD
251,OUTBOUND,25.46,44.093,-1.353,1.444,1.627,-1.078,-0.678,44.093,-1.553,1.627,4.514,2.002,0,3.258,5.771,3.693,54.01,-1.103,1.339,0,0,0,OFFBOARD
252,OUTBOUND,25.57,44.297,-1.379,1.436,1.627,-1.078,-0.678,44.297,-1.579,1.627,4.314,1.891,1,3.217,5.571,3.673,54.11,-1.049,1.33,0,0,0,OFFBOARD
253,OUTBOUND,25.67,44.501,-1.397,1.427,1.627,-1.078,-0.678,44.501,-1.597,1.627,4.277,2.115,0,3.695,5.371,3.652,54.232,-1.007,1.321,0,0,0,OFFBOARD
254,OUTBOUND,25.77,44.701,-1.405,1.417,1.627,-1.078,-0.678,44.701,-1.605,1.627,4.272,2.133,0,3.722,5.352,3.645,54.332,-0.973,1.314,0,0,0,OFFBOARD
255,OUTBOUND,25.87,44.907,-1.404,1.408,1.627,-1.078,-0.678,44.907,-1.604,1.627,4.903,2.165,0,3.646,6.084,3.6,54.432,-0.936,1.309,0,0,0,OFFBOARD
256,OUTBOUND,25.97,45.109,-1.394,1.398,1.627,-1.078,-0.678,45.109,-1.594,1.627,4.701,2.188,0,3.444,5.957,3.577,54.532,-0.898,1.305,0,0,0,OFFBOARD
257,OUTBOUND,26.07,45.313,-1.376,1.388,1.627,-1.078,-0.678,45.313,-1.576,1.627,4.503,1.99,1,3.27,5.759,3.554,54.632,-0.858,1.302,0,0,0,OFFBOARD
258,OUTBOUND,26.17,45.515,-1.351,1.379,1.627,-1.078,-0.678,45.515,-1.551,1.627,4.452,1.958,1,3.741,5.614,3.531,54.775,-0.819,1.3,0,0,0,OFFBOARD
259,OUTBOUND,26.28,45.717,-1.319,1.37,1.627,-1.078,-0.678,45.717,-1.519,1.627,5.055,2.248,0,3.937,6.444,3.509,54.933,-0.804,1.3,0,0,0,OFFBOARD
260,OUTBOUND,26.38,45.921,-1.281,1.362,1.627,-1.078,-0.678,45.921,-1.481,1.627,5.091,2.317,0,3.903,6.415,3.487,55.036,-0.787,1.301,0,0,0,OFFBOARD
261,OUTBOUND,26.48,46.123,-1.238,1.354,1.627,-1.078,-0.678,46.123,-1.438,1.627,5.093,2.346,0,3.837,6.349,3.48,55.136,-0.769,1.303,0,0,0,OFFBOARD
262,OUTBOUND,26.58,46.325,-1.192,1.347,1.627,-1.078,-0.678,46.325,-1.392,1.627,4.833,2.244,0,3.59,6.019,3.449,55.236,-0.759,1.307,0,0,0,OFFBOARD
263,OUTBOUND,26.68,46.529,-1.143,1.341,1.627,-1.078,-0.678,46.529,-1.343,1.627,4.923,2.552,0,4.156,5.821,3.433,55.336,-0.768,1.311,0,0,0,OFFBOARD
264,OUTBOUND,26.78,46.731,-1.093,1.336,1.627,-1.078,-0.678,46.731,-1.293,1.627,5.11,2.69,0,4.264,5.621,3.418,55.436,-0.781,1.316,0,0,0,OFFBOARD
265,OUTBOUND,26.88,46.933,-1.043,1.331,1.627,-1.078,-0.678,46.933,-1.243,1.627,5.135,2.751,0,4.159,5.421,3.409,55.536,-0.793,1.322,0,0,0,OFFBOARD
266,OUTBOUND,26.99,47.137,-0.994,1.328,1.627,-1.078,-0.678,47.137,-1.194,1.627,5.119,2.703,0,3.959,5.221,3.401,55.636,-0.811,1.329,0,0,0,OFFBOARD
267,OUTBOUND,27.09,47.339,-0.947,1.325,1.627,-1.078,-0.678,47.339,-1.147,1.627,5.015,2.588,0,3.952,5.021,3.395,55.736,-0.831,1.337,0,0,0,OFFBOARD
268,OUTBOUND,27.19,47.541,-0.904,1.323,1.627,-1.078,-0.678,47.541,-1.104,1.627,4.819,2.903,0,4.473,4.819,3.391,55.836,-0.862,1.345,0,0,0,OFFBOARD
269,OUTBOUND,27.29,47.745,-0.865,1.323,1.627,-1.078,-0.678,47.745,-1.065,1.627,4.619,2.993,0,4.444,4.619,3.39,55.936,-0.892,1.354,0,0,0,OFFBOARD
270,OUTBOUND,27.39,47.949,-0.831,1.323,1.627,-1.078,-0.678,47.949,-1.031,1.627,4.421,3.077,0,4.415,4.421,3.392,56.036,-0.93,1.364,0,0,0,OFFBOARD
271,OUTBOUND,27.49,48.151,-0.804,1.324,1.627,-1.078,-0.678,48.151,-1.003,1.627,4.221,2.959,0,4.215,4.221,3.395,56.136,-0.963,1.374,0,0,0,OFFBOARD
272,OUTBOUND,27.59,48.355,-0.782,1.327,1.627,-1.078,-0.678,48.355,-0.982,1.627,4.021,2.847,0,4.134,4.021,3.4,56.236,-0.993,1.383,0,0,0,OFFBOARD
273,OUTBOUND,27.7,48.557,-0.767,1.33,1.627,-1.078,-0.678,48.557,-0.967,1.627,3.821,3.136,0,4.575,3.821,3.407,56.336,-1.028,1.392,0,0,0,OFFBOARD
274,OUTBOUND,27.8,48.759,-0.759,1.334,1.627,-1.078,-0.678,48.759,-0.959,1.627,3.621,3.159,0,4.657,3.621,3.416,56.436,-1.058,1.401,0,0,0,OFFBOARD
275,OUTBOUND,27.9,48.959,-0.758,1.338,1.627,-1.078,-0.678,48.959,-0.958,1.627,3.417,3.194,0,4.667,3.417,3.417,56.536,-1.082,1.41,0,0,0,OFFBOARD
276,OUTBOUND,28.0,49.161,-0.763,1.343,1.627,-1.078,-0.678,49.161,-0.963,1.627,3.221,3.209,0,4.471,3.221,3.221,56.636,-1.098,1.42,0,0,0,OFFBOARD
277,OUTBOUND,28.1,49.367,-0.775,1.349,1.627,-1.078,-0.678,49.367,-0.975,1.627,3.062,3.015,0,4.271,3.021,3.021,56.736,-1.1,1.43,0,0,0,OFFBOARD
278,OUTBOUND,28.21,49.573,-0.792,1.356,1.627,-1.078,-0.678,49.573,-0.992,1.627,2.927,2.755,0,4.118,2.755,2.755,56.836,-1.08,1.442,0,0,0,OFFBOARD
279,OUTBOUND,28.31,49.775,-0.813,1.362,1.627,-1.078,-0.678,49.775,-1.013,1.627,2.791,2.555,0,4.517,2.572,2.555,56.936,-1.043,1.451,0,0,0,OFFBOARD
280,OUTBOUND,28.41,49.979,-0.839,1.37,1.627,-1.078,-0.678,49.979,-1.038,1.627,2.632,2.355,0,4.558,2.451,2.355,57.036,-0.986,1.458,0,0,0,OFFBOARD
281,OUTBOUND,28.51,50.183,-0.866,1.378,1.627,-1.078,-0.678,50.183,-1.066,1.627,2.46,2.155,0,4.533,2.323,2.155,57.136,-0.907,1.463,0,0,0,OFFBOARD
282,OUTBOUND,28.61,50.385,-0.894,1.385,1.627,-1.078,-0.678,50.385,-1.094,1.627,2.281,1.955,1,4.462,2.189,1.955,57.236,-0.805,1.465,0,0,0,OFFBOARD
283,OUTBOUND,28.71,50.589,-0.922,1.393,1.627,-1.078,-0.678,50.589,-1.121,1.627,2.109,1.755,1,4.262,2.066,1.782,57.336,-0.678,1.471,0,0,0,OFFBOARD
284,OUTBOUND,28.82,50.791,-0.945,1.401,1.627,-1.078,-0.678,50.791,-1.145,1.627,1.956,1.555,1,4.062,1.959,1.633,57.474,-0.525,1.477,0,0,0,OFFBOARD
285,OUTBOUND,28.92,50.995,-0.963,1.409,1.627,-1.078,-0.678,50.995,-1.163,1.627,1.833,1.355,1,3.905,1.885,1.514,57.667,-0.345,1.482,0,0,0,OFFBOARD
286,OUTBOUND,29.02,51.197,-0.973,1.416,1.627,-1.078,-0.678,51.197,-1.173,1.627,1.752,1.155,1,4.239,1.854,1.433,57.897,-0.137,1.486,0,0,0,OFFBOARD
287,OUTBOUND,29.12,51.401,-0.972,1.424,1.627,-1.078,-0.678,51.401,-1.172,1.627,1.723,0.955,1,4.402,1.88,1.397,58.124,0.095,1.488,0,0,0,OFFBOARD
288,OUTBOUND,29.22,51.603,-0.958,1.431,1.627,-1.078,-0.678,51.603,-1.158,1.627,1.754,0.755,1,4.492,5.774,1.414,58.363,0.346,1.486,0,1,0,OFFBOARD
289,OUTBOUND,29.32,51.805,-0.929,1.437,1.627,-1.078,-0.678,51.805,-1.129,1.627,5.259,0.651,1,4.316,6.931,1.491,58.675,0.576,1.481,0,1,0,OFFBOARD
290,OUTBOUND,29.42,52.009,-0.881,1.444,1.627,-1.078,-0.678,52.009,-1.081,1.627,5.252,0.724,1,4.118,10.0,3.521,59.024,0.792,1.475,0,1,0,OFFBOARD
291,OUTBOUND,29.53,52.211,-0.814,1.449,1.627,-1.078,-0.678,52.211,-1.014,1.627,5.25,0.829,1,4.13,10.0,3.671,59.398,0.938,1.466,0,0,0,OFFBOARD
292,OUTBOUND,29.63,52.415,-0.725,1.453,1.627,-1.078,-0.678,52.415,-0.925,1.627,5.259,0.968,1,4.694,10.0,3.681,59.794,0.99,1.456,0,0,0,OFFBOARD
293,OUTBOUND,29.73,52.617,-0.616,1.457,1.627,-1.078,-0.678,52.617,-0.816,1.627,5.282,3.197,0,4.608,10.0,3.692,60.055,0.942,1.445,0,0,0,OFFBOARD
294,OUTBOUND,29.83,52.819,-0.488,1.459,1.627,-1.078,-0.678,52.819,-0.688,1.627,5.326,3.318,0,4.535,10.0,3.704,60.226,0.886,1.435,0,0,0,OFFBOARD
295,OUTBOUND,29.93,53.023,-0.341,1.46,1.627,-1.078,-0.678,53.023,-0.541,1.627,5.402,3.234,0,4.374,10.0,3.716,60.339,0.832,1.427,0,0,0,OFFBOARD
296,OUTBOUND,30.03,53.225,-0.184,1.46,1.627,-1.078,-0.678,53.225,-0.384,1.627,5.516,3.768,0,4.314,10.0,3.723,60.439,0.768,1.419,0,0,0,OFFBOARD
297,OUTBOUND,30.13,53.429,-0.021,1.459,1.627,-1.078,-0.678,53.429,-0.221,1.627,5.668,3.974,0,4.784,10.0,3.712,60.539,0.693,1.41,0,0,0,OFFBOARD
298,OUTBOUND,30.24,53.631,0.14,1.457,1.627,-1.078,-0.678,53.631,-0.06,1.627,5.551,3.772,0,4.865,10.0,3.714,60.639,0.612,1.407,0,0,0,OFFBOARD
299,OUTBOUND,30.34,53.833,0.293,1.454,1.627,-1.078,-0.678,53.833,0.093,1.627,5.421,3.574,0,4.83,10.0,3.708,60.791,0.521,1.411,0,0,0,OFFBOARD
300,OUTBOUND,30.44,54.037,0.433,1.45,1.627,-1.078,-0.678,54.037,0.233,1.627,5.33,3.374,0,4.63,10.0,3.691,60.99,0.423,1.421,0,0,0,OFFBOARD
301,OUTBOUND,30.54,54.241,0.555,1.447,1.627,-1.078,-0.678,54.241,0.355,1.627,5.254,3.108,0,4.397,10.0,3.671,61.202,0.32,1.435,0,0,0,OFFBOARD
302,OUTBOUND,30.64,54.445,0.655,1.444,1.627,-1.078,-0.678,54.445,0.455,1.627,5.225,2.909,0,4.336,10.0,3.66,61.414,0.212,1.45,0,0,0,OFFBOARD
303,OUTBOUND,30.74,54.647,0.731,1.442,1.627,-1.078,-0.678,54.647,0.531,1.627,5.212,2.811,0,4.736,10.0,3.654,61.647,0.105,1.468,0,0,0,OFFBOARD
304,OUTBOUND,30.85,54.851,0.784,1.441,1.627,-1.078,-0.678,54.851,0.584,1.627,5.213,2.74,0,4.707,6.85,3.652,61.909,0.007,1.489,0,0,0,OFFBOARD
305,OUTBOUND,30.95,55.053,0.813,1.441,1.627,-1.078,-0.678,55.053,0.613,1.627,5.227,3.0,0,4.655,6.676,3.655,62.081,-0.046,1.5,0,0,0,OFFBOARD
306,OUTBOUND,31.05,55.257,0.821,1.443,1.627,-1.078,-0.678,55.257,0.622,1.627,5.251,2.978,0,4.621,6.49,3.662,62.193,-0.076,1.505,0,0,0,OFFBOARD
307,OUTBOUND,31.15,55.459,0.809,1.446,1.627,-1.078,-0.678,55.459,0.609,1.627,5.284,3.002,0,4.421,6.309,3.672,62.293,-0.09,1.505,0,0,0,OFFBOARD
308,OUTBOUND,31.25,55.661,0.779,1.45,1.627,-1.078,-0.678,55.661,0.579,1.627,5.332,2.964,0,4.221,6.136,3.686,62.393,-0.086,1.501,0,0,0,OFFBOARD
309,OUTBOUND,31.35,55.865,0.733,1.454,1.627,-1.078,-0.678,55.865,0.534,1.627,5.391,2.777,0,4.135,5.986,3.701,62.493,-0.079,1.494,0,0,0,OFFBOARD
310,OUTBOUND,31.45,56.067,0.676,1.458,1.627,-1.078,-0.678,56.067,0.476,1.627,5.461,3.164,0,4.661,5.949,3.716,62.593,-0.055,1.485,0,0,0,OFFBOARD
311,OUTBOUND,31.56,56.271,0.608,1.462,1.627,-1.078,-0.678,56.271,0.408,1.627,5.408,3.264,0,4.654,6.015,3.723,62.693,-0.03,1.474,0,0,0,OFFBOARD
312,OUTBOUND,31.66,56.473,0.534,1.466,1.627,-1.078,-0.678,56.473,0.334,1.627,5.144,3.396,0,4.577,10.0,3.728,62.793,0.004,1.461,0,0,0,OFFBOARD
313,OUTBOUND,31.76,56.675,0.458,1.468,1.627,-1.078,-0.678,56.675,0.258,1.627,4.944,3.221,0,4.377,10.0,3.732,62.893,-0.005,1.458,0,0,0,OFFBOARD
314,OUTBOUND,31.86,56.877,0.382,1.469,1.627,-1.078,-0.678,56.877,0.182,1.627,4.744,3.621,0,4.338,5.216,3.737,62.995,-0.033,1.459,0,0,0,OFFBOARD
315,OUTBOUND,31.96,57.079,0.308,1.47,1.627,-1.078,-0.678,57.079,0.108,1.627,4.544,3.748,0,4.73,5.045,3.741,63.095,-0.032,1.454,0,0,0,OFFBOARD
316,OUTBOUND,32.06,57.283,0.239,1.47,1.627,-1.078,-0.678,57.283,0.039,1.627,4.35,3.775,0,4.772,4.875,3.744,63.195,-0.012,1.447,0,0,0,OFFBOARD
317,OUTBOUND,32.16,57.485,0.176,1.47,1.627,-1.078,-0.678,57.485,-0.024,1.627,4.139,3.592,0,4.666,4.712,3.745,63.295,0.012,1.437,0,0,0,OFFBOARD
318,OUTBOUND,32.27,57.689,0.119,1.469,1.627,-1.078,-0.678,57.689,-0.081,1.627,3.943,3.943,0,4.57,4.557,3.744,63.395,0.044,1.428,0,0,0,OFFBOARD
319,OUTBOUND,32.37,57.893,0.068,1.467,1.627,-1.078,-0.678,57.893,-0.131,1.627,3.741,3.741,0,4.431,4.4,3.737,63.495,0.073,1.419,0,0,0,OFFBOARD
320,OUTBOUND,32.47,58.097,0.025,1.464,1.627,-1.078,-0.678,58.097,-0.175,1.627,3.543,3.543,0,4.325,4.248,3.543,63.595,0.091,1.411,0,0,0,OFFBOARD
321,OUTBOUND,32.57,58.297,-0.011,1.461,1.627,-1.078,-0.678,58.297,-0.211,1.627,3.343,3.343,0,4.709,4.098,3.343,63.695,0.098,1.402,0,0,0,OFFBOARD
322,OUTBOUND,32.67,58.499,-0.041,1.457,1.627,-1.078,-0.678,58.499,-0.241,1.627,3.144,3.144,0,4.835,3.954,3.143,63.795,0.083,1.391,0,0,0,OFFBOARD
323,OUTBOUND,32.77,58.703,-0.063,1.452,1.627,-1.078,-0.678,58.703,-0.263,1.627,2.96,2.944,0,4.889,3.814,2.942,63.895,0.054,1.381,0,0,0,OFFBOARD
324,OUTBOUND,32.88,58.907,-0.079,1.447,1.627,-1.078,-0.678,58.907,-0.279,1.627,2.723,2.675,0,4.621,10.0,2.681,63.995,-0.001,1.371,0,0,0,OFFBOARD
325,OUTBOUND,32.98,59.111,-0.088,1.441,1.627,-1.078,-0.678,59.111,-0.288,1.627,2.553,2.475,0,4.525,10.0,2.494,64.095,-0.099,1.367,0,0,0,OFFBOARD
326,OUTBOUND,33.08,59.315,-0.092,1.435,1.627,-1.078,-0.678,59.315,-0.292,1.627,2.387,2.276,0,4.878,10.0,2.31,64.195,-0.209,1.362,0,0,0,OFFBOARD
327,OUTBOUND,33.18,59.517,-0.091,1.429,1.627,-1.078,-0.678,59.517,-0.291,1.627,2.23,2.08,0,4.943,10.0,2.126,64.295,-0.333,1.358,0,0,0,OFFBOARD
328,OUTBOUND,33.28,59.721,-0.09,1.422,1.627,-1.078,-0.678,59.721,-0.289,1.627,2.141,1.975,1,4.944,10.0,2.005,64.395,-0.464,1.355,0,0,0,OFFBOARD
329,OUTBOUND,33.38,59.923,-0.089,1.415,1.627,-1.078,-0.678,59.923,-0.289,1.627,2.039,1.94,1,4.878,10.0,1.772,64.566,-0.586,1.362,0,0,0,OFFBOARD
330,OUTBOUND,33.49,60.127,-0.092,1.409,1.627,-1.078,-0.678,60.127,-0.292,1.627,5.173,1.972,1,4.678,10.0,1.619,64.834,-0.688,1.378,0,0,0,OFFBOARD
331,OUTBOUND,33.59,60.329,-0.102,1.403,1.627,-1.078,-0.678,60.329,-0.302,1.627,5.302,2.371,0,4.586,10.0,1.506,65.165,-0.65,1.4,0,0,0,OFFBOARD
332,OUTBOUND,33.69,60.533,-0.122,1.399,1.627,-1.078,-0.678,60.533,-0.322,1.627,5.258,2.202,0,4.912,10.0,1.507,65.468,-0.589,1.422,0,0,0,OFFBOARD
333,OUTBOUND,33.79,60.735,-0.151,1.396,1.627,-1.078,-0.678,60.735,-0.351,1.627,5.251,2.031,0,4.957,10.0,3.531,65.753,-0.512,1.444,0,0,0,OFFBOARD
334,OUTBOUND,33.89,60.939,-0.191,1.395,1.627,-1.078,-0.678,60.939,-0.391,1.627,5.284,1.858,1,4.965,10.0,3.568,65.997,-0.398,1.468,0,0,0,OFFBOARD
335,OUTBOUND,33.99,61.141,-0.237,1.396,1.627,-1.078,-0.678,61.141,-0.437,1.627,5.359,1.685,1,4.934,10.0,3.564,66.313,-0.267,1.496,0,0,0,OFFBOARD
336,OUTBOUND,34.09,61.345,-0.287,1.4,1.627,-1.078,-0.678,61.345,-0.487,1.627,5.464,1.518,1,4.732,10.0,3.561,66.675,-0.119,1.525,0,0,0,OFFBOARD
337,OUTBOUND,34.19,61.547,-0.336,1.405,1.627,-1.078,-0.678,61.547,-0.536,1.627,5.377,1.376,1,4.559,10.0,3.583,67.069,0.043,1.555,0,0,0,OFFBOARD
338,OUTBOUND,34.3,61.749,-0.378,1.413,1.627,-1.078,-0.678,61.749,-0.578,1.627,5.302,1.231,1,4.541,10.0,3.604,67.482,0.221,1.585,0,0,0,OFFBOARD
339,OUTBOUND,34.4,61.953,-0.409,1.423,1.627,-1.078,-0.678,61.953,-0.609,1.627,5.262,1.077,1,4.859,10.0,3.621,67.908,0.416,1.613,0,0,0,OFFBOARD
340,OUTBOUND,34.5,62.155,-0.425,1.436,1.627,-1.078,-0.678,62.155,-0.625,1.627,5.25,0.923,1,4.869,10.0,3.641,68.342,0.566,1.64,0,0,0,OFFBOARD
341,OUTBOUND,34.6,62.361,-0.423,1.45,1.627,-1.078,-0.678,62.361,-0.623,1.627,5.265,0.773,1,4.78,10.0,3.669,68.781,0.731,1.666,0,1,0,OFFBOARD
342,OUTBOUND,34.7,62.563,-0.401,1.466,1.627,-1.078,-0.678,62.563,-0.601,1.627,5.304,0.648,1,4.649,10.0,3.703,69.225,0.8,1.689,0,1,0,OFFBOARD
343,OUTBOUND,34.81,62.769,-0.357,1.484,1.627,-1.078,-0.678,62.769,-0.557,1.627,5.364,3.334,0,4.565,10.0,3.744,69.595,0.741,1.699,0,0,0,OFFBOARD
344,OUTBOUND,34.91,62.973,-0.294,1.503,1.627,-1.078,-0.678,62.973,-0.494,1.627,5.48,3.286,0,4.324,10.0,3.807,69.836,0.696,1.702,0,0,0,OFFBOARD
345,OUTBOUND,35.01,63.175,-0.214,1.522,1.627,-1.078,-0.678,63.175,-0.414,1.627,5.607,3.7,0,4.181,10.0,3.86,69.993,0.65,1.697,0,0,0,OFFBOARD
346,OUTBOUND,35.11,63.377,-0.121,1.54,1.627,-1.078,-0.678,63.377,-0.321,1.627,5.767,3.812,0,4.157,10.0,3.911,70.098,0.59,1.686,0,0,0,OFFBOARD
347,OUTBOUND,35.21,63.579,-0.02,1.558,1.627,-1.078,-0.678,63.579,-0.22,1.627,5.956,3.724,0,4.583,10.0,3.946,70.198,0.523,1.672,0,0,0,OFFBOARD
348,OUTBOUND,35.31,63.783,0.085,1.574,1.627,-1.078,-0.678,63.783,-0.115,1.627,6.037,3.586,0,4.597,10.0,3.982,70.298,0.438,1.657,0,0,0,OFFBOARD
349,OUTBOUND,35.41,63.985,0.187,1.588,1.627,-1.078,-0.678,63.985,-0.013,1.627,5.858,3.402,0,4.58,10.0,4.024,70.398,0.341,1.642,0,0,0,OFFBOARD
350,OUTBOUND,35.52,64.189,0.282,1.6,1.627,-1.078,-0.678,64.189,0.082,1.627,5.829,3.243,0,4.38,10.0,4.053,70.498,0.234,1.623,0,0,0,OFFBOARD
351,OUTBOUND,35.62,64.391,0.365,1.61,1.627,-1.078,-0.678,64.391,0.166,1.627,5.915,3.111,0,4.18,10.0,4.07,70.598,0.12,1.6,0,0,0,OFFBOARD
352,OUTBOUND,35.72,64.593,0.435,1.616,1.627,-1.078,-0.678,64.593,0.235,1.627,5.9,3.282,0,4.072,10.0,4.082,70.698,0.004,1.575,0,0,0,OFFBOARD
353,OUTBOUND,35.82,64.797,0.488,1.62,1.627,-1.078,-0.678,64.797,0.289,1.627,5.891,3.148,0,4.268,10.0,4.089,70.798,-0.12,1.548,0,0,0,OFFBOARD
354,OUTBOUND,35.92,64.999,0.524,1.621,1.627,-1.078,-0.678,64.999,0.324,1.627,5.886,2.992,0,4.415,10.0,4.092,70.898,-0.253,1.522,0,0,0,OFFBOARD
355,OUTBOUND,36.02,65.203,0.542,1.62,1.627,-1.078,-0.678,65.203,0.342,1.627,5.879,2.835,0,4.414,10.0,4.089,70.998,-0.395,1.498,0,0,0,OFFBOARD
356,OUTBOUND,36.12,65.405,0.541,1.615,1.627,-1.078,-0.678,65.405,0.341,1.627,5.693,2.684,0,4.428,10.0,4.08,71.098,-0.544,1.475,0,0,0,OFFBOARD
357,OUTBOUND,36.23,65.607,0.523,1.609,1.627,-1.078,-0.678,65.607,0.323,1.627,5.53,2.533,0,4.237,10.0,4.066,71.198,-0.697,1.453,0,0,0,OFFBOARD
358,OUTBOUND,36.33,65.811,0.486,1.599,1.627,-1.078,-0.678,65.811,0.286,1.627,5.829,2.392,0,4.059,10.0,4.047,71.298,-0.83,1.428,0,0,0,OFFBOARD
359,OUTBOUND,36.43,66.013,0.432,1.588,1.627,-1.078,-0.678,66.013,0.232,1.627,5.802,2.309,0,4.402,10.0,4.024,71.398,-0.97,1.404,0,0,0,OFFBOARD
360,OUTBOUND,36.53,66.215,0.361,1.576,1.627,-1.078,-0.678,66.215,0.162,1.627,5.773,3.441,0,4.582,10.0,3.996,71.498,-1.074,1.381,0,0,0,OFFBOARD
361,OUTBOUND,36.63,66.417,0.275,1.561,1.627,-1.078,-0.678,66.417,0.075,1.627,5.742,3.437,0,4.652,10.0,3.966,71.598,-1.172,1.364,0,0,0,OFFBOARD
362,OUTBOUND,36.73,66.619,0.173,1.546,1.627,-1.078,-0.678,66.619,-0.026,1.627,5.714,3.356,0,4.491,6.845,3.932,71.698,-1.271,1.35,0,0,0,OFFBOARD
363,OUTBOUND,36.83,66.823,0.057,1.529,1.627,-1.078,-0.678,66.823,-0.142,1.627,5.692,3.834,0,4.332,6.228,3.898,71.798,-1.318,1.337,0,0,0,OFFBOARD
364,OUTBOUND,36.93,67.025,-0.069,1.511,1.627,-1.078,-0.678,67.025,-0.269,1.627,5.645,4.049,0,4.5,5.554,3.86,71.898,-1.324,1.324,0,0,0,OFFBOARD
365,OUTBOUND,37.04,67.229,-0.205,1.494,1.627,-1.078,-0.678,67.229,-0.405,1.627,5.325,3.893,0,4.748,5.005,3.818,71.998,-1.318,1.311,0,0,0,OFFBOARD
366,OUTBOUND,37.14,67.431,-0.346,1.476,1.627,-1.078,-0.678,67.431,-0.546,1.627,4.803,3.691,0,4.723,4.803,3.771,72.098,-1.299,1.299,0,0,0,OFFBOARD
367,OUTBOUND,37.24,67.633,-0.489,1.459,1.627,-1.078,-0.678,67.633,-0.689,1.627,4.605,3.493,0,4.582,4.605,3.721,72.198,-1.291,1.289,0,0,0,OFFBOARD
368,OUTBOUND,37.34,67.837,-0.632,1.441,1.627,-1.078,-0.678,67.837,-0.832,1.627,4.339,3.227,0,4.456,4.339,3.677,72.298,-1.286,1.283,0,0,0,OFFBOARD
369,OUTBOUND,37.44,68.039,-0.768,1.424,1.627,-1.078,-0.678,68.039,-0.968,1.627,4.139,3.027,0,4.283,4.139,3.642,72.398,-1.284,1.278,0,0,0,OFFBOARD
370,OUTBOUND,37.54,68.243,-0.897,1.408,1.627,-1.078,-0.678,68.243,-1.097,1.627,3.939,2.827,0,4.083,3.939,3.602,72.498,-1.282,1.276,0,0,0,OFFBOARD
371,OUTBOUND,37.64,68.445,-1.014,1.393,1.627,-1.078,-0.678,68.445,-1.214,1.627,3.739,2.627,0,3.937,3.739,3.563,72.598,-1.274,1.277,0,0,0,OFFBOARD
372,OUTBOUND,37.75,68.649,-1.119,1.378,1.627,-1.078,-0.678,68.649,-1.319,1.627,3.539,2.427,0,3.831,3.539,3.527,72.698,-1.258,1.28,0,0,0,OFFBOARD
373,OUTBOUND,37.85,68.851,-1.21,1.365,1.627,-1.078,-0.678,68.851,-1.41,1.627,3.339,2.227,0,4.097,3.339,3.339,72.798,-1.232,1.284,0,0,0,OFFBOARD
374,OUTBOUND,37.95,69.055,-1.287,1.354,1.627,-1.078,-0.678,69.055,-1.487,1.627,3.139,2.107,0,4.051,3.139,3.139,72.898,-1.197,1.289,0,0,0,OFFBOARD
375,OUTBOUND,38.05,69.257,-1.35,1.343,1.627,-1.078,-0.678,69.257,-1.55,1.627,2.937,2.018,0,4.011,2.937,2.937,72.998,-1.163,1.296,0,0,0,OFFBOARD
376,OUTBOUND,38.15,69.459,-1.4,1.334,1.627,-1.078,-0.678,69.459,-1.6,1.627,2.739,2.218,0,3.942,2.739,2.739,73.098,-1.141,1.303,0,0,0,OFFBOARD
377,OUTBOUND,38.25,69.663,-1.438,1.327,1.627,-1.078,-0.678,69.663,-1.638,1.627,2.539,2.166,0,3.833,2.539,2.539,73.198,-1.116,1.311,0,0,0,OFFBOARD
378,OUTBOUND,38.35,69.865,-1.464,1.321,1.627,-1.078,-0.678,69.865,-1.664,1.627,2.339,2.145,0,3.447,2.339,2.339,73.298,-1.084,1.319,0,0,0,OFFBOARD
379,OUTBOUND,38.45,70.067,-1.479,1.317,1.627,-1.078,-0.678,70.067,-1.679,1.627,2.139,2.139,0,2.139,2.139,2.139,73.451,-1.024,1.328,0,0,0,OFFBOARD
380,OUTBOUND,38.56,70.269,-1.484,1.314,1.627,-1.078,-0.678,70.269,-1.684,1.627,2.069,2.069,0,2.069,2.069,2.069,73.687,-0.963,1.337,0,0,0,OFFBOARD
381,OUTBOUND,38.66,70.471,-1.479,1.312,1.627,-1.078,-0.678,70.471,-1.679,1.627,1.739,1.739,1,1.739,1.739,1.739,73.988,-0.93,1.346,0,0,0,OFFBOARD
382,OUTBOUND,38.76,70.675,-1.465,1.312,1.627,-1.078,-0.678,70.675,-1.665,1.627,1.539,1.539,1,1.539,1.539,1.539,74.341,-0.848,1.362,0,0,0,OFFBOARD
383,OUTBOUND,38.86,70.877,-1.443,1.313,1.627,-1.078,-0.678,70.877,-1.642,1.627,1.337,1.337,1,1.337,1.337,1.337,74.727,-0.702,1.383,0,0,0,OFFBOARD
384,OUTBOUND,38.96,71.079,-1.412,1.316,1.627,-1.078,-0.678,71.079,-1.612,1.627,1.139,1.139,1,1.139,1.139,1.139,75.135,-0.525,1.41,0,0,0,OFFBOARD
385,OUTBOUND,39.06,71.281,-1.373,1.32,1.627,-1.078,-0.678,71.281,-1.573,1.627,0.939,0.939,1,0.939,0.939,0.939,75.556,-0.254,1.442,0,0,0,OFFBOARD
386,OUTBOUND,39.16,71.483,-1.326,1.326,1.627,-1.078,-0.678,71.483,-1.526,1.627,0.739,0.739,1,0.739,0.739,0.739,75.987,0.049,1.477,0,1,0,OFFBOARD
387,OUTBOUND,39.26,71.687,-1.269,1.334,1.627,-1.078,-0.678,71.687,-1.469,1.627,0.539,0.539,1,0.539,0.539,0.539,76.422,0.267,1.514,0,1,0,OFFBOARD
388,OUTBOUND,39.37,71.889,-1.201,1.344,1.627,-1.078,-0.678,71.889,-1.401,1.627,0.339,0.339,1,0.339,0.339,0.339,76.862,0.502,1.55,1,0,0,OFFBOARD
389,OUTBOUND,39.47,71.996,-1.132,1.349,1.627,-1.078,-0.678,71.996,-1.332,1.627,0.171,0.171,1,0.171,0.171,0.171,77.305,0.852,1.587,1,0,0,OFFBOARD
390,OUTBOUND,39.57,72.02,-1.063,1.352,1.627,-1.078,-0.678,72.02,-1.263,1.627,0.145,0.145,1,0.145,0.145,0.146,77.305,1.202,1.625,1,0,0,OFFBOARD
391,OUTBOUND,39.67,72.047,-0.986,1.365,1.627,-1.078,-0.678,72.047,-1.186,1.627,0.131,0.131,1,0.13,0.133,0.137,77.305,1.489,1.662,1,0,0,OFFBOARD
392,OUTBOUND,39.77,72.077,-0.914,1.385,1.627,-1.078,-0.678,72.077,-1.114,1.627,0.197,0.138,1,0.196,0.192,0.189,77.75,1.644,1.696,1,0,0,OFFBOARD
393,OUTBOUND,39.88,72.118,-0.856,1.407,1.627,-1.078,-0.678,72.118,-1.056,1.627,0.221,0.163,1,0.214,0.217,0.22,78.197,1.771,1.725,1,0,0,OFFBOARD
394,OUTBOUND,39.98,72.177,-0.821,1.427,1.627,-1.078,-0.678,72.177,-1.021,1.627,0.219,0.172,1,0.211,0.22,0.23,78.645,1.88,1.748,1,0,0,OFFBOARD
395,OUTBOUND,40.08,72.248,-0.805,1.443,1.627,-1.078,-0.678,72.248,-1.005,1.627,0.202,0.168,1,0.193,0.208,0.226,79.094,1.977,1.767,1,0,0,OFFBOARD
396,OUTBOUND,40.18,72.319,-0.812,1.453,1.627,-1.078,-0.678,72.319,-1.012,1.627,0.174,0.156,1,0.166,0.184,0.206,79.543,2.065,1.785,1,0,0,OFFBOARD
397,OUTBOUND,40.28,72.387,-0.838,1.457,1.627,-1.078,-0.678,72.387,-1.038,1.627,0.141,0.137,1,0.134,0.151,0.174,79.543,2.145,1.801,1,0,0,OFFBOARD
398,OUTBOUND,40.38,72.442,-0.83,1.465,1.627,-1.078,-0.678,72.442,-1.03,1.627,0.142,0.136,1,0.134,0.154,0.181,79.543,2.221,1.816,1,0,0,OFFBOARD
399,OUTBOUND,40.48,72.486,-0.823,1.476,1.627,-1.078,-0.678,72.486,-1.023,1.627,0.154,0.141,1,0.145,0.168,0.2,79.993,2.294,1.828,1,0,0,OFFBOARD
400,OUTBOUND,40.59,72.524,-0.825,1.49,1.627,-1.078,-0.678,72.524,-1.025,1.627,0.159,0.142,1,0.148,0.173,0.21,80.442,2.365,1.838,1,0,0,OFFBOARD
401,OUTBOUND,40.69,72.559,-0.833,1.508,1.627,-1.078,-0.678,72.559,-1.033,1.627,0.16,0.139,1,0.147,0.178,0.225,80.892,2.432,1.845,1,0,0,OFFBOARD
402,OUTBOUND,40.79,72.596,-0.849,1.53,1.627,-1.078,-0.678,72.596,-1.049,1.627,0.155,0.133,1,0.141,0.177,0.239,81.342,2.493,1.847,1,0,0,OFFBOARD
403,OUTBOUND,40.89,72.635,-0.877,1.557,1.627,-1.078,-0.678,72.635,-1.077,1.627,0.146,0.122,1,0.129,0.173,0.266,81.342,2.5,1.842,1,0,0,OFFBOARD
404,OUTBOUND,40.99,72.676,-0.929,1.591,1.627,-1.078,-0.678,72.676,-1.129,1.627,0.121,0.098,1,0.102,0.156,0.346,81.342,2.499,1.826,1,0,0,OFFBOARD
405,OUTBOUND,41.09,72.705,-0.956,1.631,1.627,-1.078,-0.678,72.705,-1.156,1.627,0.143,0.113,1,0.107,0.249,2.16,81.342,2.465,1.799,1,0,0,OFFBOARD
406,OUTBOUND,41.19,72.702,-0.967,1.661,1.627,-1.078,-0.678,72.702,-1.167,1.627,0.222,0.194,1,0.137,2.588,2.534,81.792,2.437,1.764,1,0,0,OFFBOARD
407,OUTBOUND,41.3,72.674,-0.963,1.643,1.627,-1.078,-0.678,72.674,-1.163,1.627,0.095,0.091,1,0.068,0.158,2.865,81.792,2.405,1.729,1,0,0,OFFBOARD
408,OUTBOUND,41.4,72.672,-0.953,1.619,1.627,-1.078,-0.678,72.672,-1.153,1.627,0.068,0.063,1,0.053,0.096,2.941,81.792,2.39,1.695,1,0,0,OFFBOARD
409,OUTBOUND,41.5,72.686,-0.953,1.616,1.627,-1.078,-0.678,72.686,-1.153,1.627,0.082,0.073,1,0.065,0.121,3.164,81.792,2.394,1.661,1,0,0,OFFBOARD
410,OUTBOUND,41.6,72.709,-0.963,1.627,1.627,-1.078,-0.678,72.709,-1.163,1.627,0.123,0.107,1,0.089,0.222,3.445,81.792,2.415,1.625,1,0,0,OFFBOARD
411,OUTBOUND,41.7,72.713,-0.969,1.643,1.627,-1.078,-0.678,72.713,-1.169,1.627,0.188,0.177,1,0.116,4.086,4.012,82.242,2.453,1.585,1,0,0,OFFBOARD
412,OUTBOUND,41.8,72.7,-0.964,1.625,1.627,-1.078,-0.678,72.7,-1.164,1.627,0.101,0.1,1,0.07,0.177,4.511,82.242,2.459,1.547,1,0,0,OFFBOARD
413,OUTBOUND,41.9,72.709,-0.963,1.618,1.627,-1.078,-0.678,72.709,-1.163,1.627,0.105,0.097,1,0.076,0.182,4.799,82.242,2.483,1.511,1,0,0,OFFBOARD
414,OUTBOUND,42.0,72.722,-0.966,1.623,1.627,-1.078,-0.678,72.722,-1.166,1.627,0.172,0.156,1,0.111,5.639,5.429,82.692,2.5,1.473,1,0,0,OFFBOARD
415,OUTBOUND,42.11,72.717,-0.969,1.628,1.627,-1.078,-0.678,72.716,-1.169,1.627,0.121,0.118,1,0.081,0.237,6.778,82.692,2.5,1.434,1,0,0,OFFBOARD
416,OUTBOUND,42.21,72.723,-0.968,1.623,1.627,-1.078,-0.678,72.723,-1.168,1.627,0.148,0.141,1,0.096,0.331,10.0,82.692,2.5,1.396,1,0,0,OFFBOARD
417,OUTBOUND,42.31,72.724,-0.968,1.621,1.627,-1.078,-0.678,72.724,-1.168,1.627,0.13,0.123,1,0.087,0.264,6.596,82.692,2.5,1.366,1,0,0,OFFBOARD
418,OUTBOUND,42.41,72.729,-0.969,1.622,1.627,-1.078,-0.678,72.729,-1.169,1.627,0.131,0.127,1,0.086,0.273,5.325,82.692,2.5,1.334,1,0,0,OFFBOARD
419,OUTBOUND,42.51,72.732,-0.969,1.622,1.627,-1.078,-0.678,72.732,-1.169,1.627,0.134,0.13,1,0.087,0.281,5.058,82.692,2.5,1.3,1,0,0,OFFBOARD
420,OUTBOUND,42.62,72.737,-0.969,1.62,1.627,-1.078,-0.678,72.737,-1.169,1.627,0.132,0.128,1,0.086,0.275,4.151,82.692,2.5,1.265,1,0,0,OFFBOARD
421,OUTBOUND,42.72,72.74,-0.97,1.619,1.627,-1.078,-0.678,72.74,-1.17,1.627,0.131,0.128,1,0.086,0.274,3.91,82.692,2.5,1.229,1,0,0,OFFBOARD
422,OUTBOUND,42.82,72.74,-0.97,1.619,1.627,-1.078,-0.678,72.74,-1.17,1.627,0.131,0.128,1,0.086,0.273,3.879,82.692,2.5,1.193,1,0,0,OFFBOARD
423,OUTBOUND,42.92,72.74,-0.97,1.619,1.627,-1.078,-0.678,72.74,-1.17,1.627,0.131,0.128,1,0.085,0.273,3.866,82.692,2.5,1.156,1,0,0,OFFBOARD
424,OUTBOUND,43.02,72.741,-0.97,1.618,1.627,-1.078,-0.678,72.741,-1.17,1.627,0.131,0.128,1,0.085,0.273,3.856,82.692,2.5,1.119,1,0,0,OFFBOARD
425,OUTBOUND,43.12,72.741,-0.97,1.618,1.627,-1.078,-0.678,72.741,-1.17,1.627,0.131,0.128,1,0.085,0.273,3.841,82.692,2.5,1.082,1,0,0,OFFBOARD
426,OUTBOUND,43.22,72.741,-0.97,1.618,1.627,-1.078,-0.678,72.741,-1.17,1.627,0.131,0.128,1,0.086,0.273,3.83,82.692,2.5,1.045,1,0,0,OFFBOARD
427,OUTBOUND,43.33,72.741,-0.97,1.617,1.627,-1.078,-0.678,72.741,-1.17,1.627,0.131,0.128,1,0.085,0.273,3.819,82.692,2.5,1.008,1,0,0,OFFBOARD
428,OUTBOUND,43.43,72.741,-0.97,1.617,1.627,-1.078,-0.678,72.741,-1.17,1.627,0.131,0.128,1,0.085,0.272,3.808,82.692,2.5,0.971,1,0,0,OFFBOARD
429,OUTBOUND,43.53,72.741,-0.97,1.616,1.627,-1.078,-0.678,72.741,-1.17,1.627,0.131,0.128,1,0.085,0.272,3.799,82.692,2.5,0.934,1,0,0,OFFBOARD
430,OUTBOUND,43.63,72.741,-0.97,1.616,1.627,-1.078,-0.678,72.741,-1.17,1.627,0.131,0.128,1,0.085,0.273,3.788,82.692,2.5,0.896,1,0,0,OFFBOARD
431,OUTBOUND,43.73,72.742,-0.97,1.616,1.627,-1.078,-0.678,72.742,-1.17,1.627,0.131,0.128,1,0.085,0.273,3.778,82.692,2.5,0.859,1,0,0,OFFBOARD
432,OUTBOUND,43.83,72.742,-0.97,1.615,1.627,-1.078,-0.678,72.742,-1.17,1.627,0.131,0.128,1,0.085,0.272,3.766,82.692,2.5,0.822,1,0,0,OFFBOARD
433,OUTBOUND,43.93,72.742,-0.97,1.615,1.627,-1.078,-0.678,72.742,-1.17,1.627,0.131,0.128,1,0.085,0.273,3.756,82.692,2.5,0.785,1,0,0,OFFBOARD
434,OUTBOUND,44.04,72.742,-0.97,1.614,1.627,-1.078,-0.678,72.742,-1.17,1.627,0.131,0.128,1,0.085,0.272,3.744,82.692,2.5,0.749,1,0,0,OFFBOARD
435,OUTBOUND,44.14,72.742,-0.97,1.614,1.627,-1.078,-0.678,72.742,-1.17,1.627,0.131,0.128,1,0.085,0.273,3.732,82.692,2.5,0.712,1,0,0,OFFBOARD
436,OUTBOUND,44.24,72.742,-0.97,1.614,1.627,-1.078,-0.678,72.742,-1.17,1.627,0.131,0.128,1,0.086,0.273,3.722,82.692,2.5,0.675,1,0,0,OFFBOARD
437,OUTBOUND,44.34,72.743,-0.97,1.613,1.627,-1.078,-0.678,72.743,-1.17,1.627,0.131,0.128,1,0.085,0.272,3.706,82.692,2.5,0.638,1,0,0,OFFBOARD
438,OUTBOUND,44.44,72.743,-0.97,1.613,1.627,-1.078,-0.678,72.743,-1.17,1.627,0.131,0.128,1,0.085,0.273,3.695,82.692,2.5,0.602,1,0,0,OFFBOARD
439,OUTBOUND,44.54,72.743,-0.97,1.612,1.627,-1.078,-0.678,72.743,-1.17,1.627,0.131,0.128,1,0.086,0.273,3.688,82.692,2.5,0.6,1,0,0,OFFBOARD
440,OUTBOUND,44.64,72.743,-0.97,1.612,1.627,-1.078,-0.678,72.743,-1.17,1.627,0.131,0.128,1,0.085,0.273,3.674,82.692,2.5,0.6,1,0,0,OFFBOARD
441,OUTBOUND,44.75,72.743,-0.97,1.612,1.627,-1.078,-0.678,72.743,-1.17,1.627,0.131,0.128,1,0.085,0.273,3.664,82.692,2.5,0.6,1,0,0,OFFBOARD
442,OUTBOUND,44.85,72.743,-0.97,1.611,1.627,-1.078,-0.678,72.743,-1.17,1.627,0.131,0.128,1,0.086,0.273,3.656,82.692,2.5,0.6,1,0,0,OFFBOARD
443,OUTBOUND,44.95,72.743,-0.97,1.611,1.627,-1.078,-0.678,72.743,-1.17,1.627,0.131,0.128,1,0.085,0.273,3.644,82.692,2.5,0.6,1,0,0,OFFBOARD
444,OUTBOUND,45.05,72.744,-0.97,1.61,1.627,-1.078,-0.678,72.744,-1.17,1.627,0.131,0.128,1,0.086,0.273,3.633,82.692,2.5,0.6,1,0,0,OFFBOARD
445,OUTBOUND,45.15,72.744,-0.97,1.61,1.627,-1.078,-0.678,72.744,-1.17,1.627,0.131,0.128,1,0.085,0.273,3.623,82.692,2.5,0.6,1,0,0,OFFBOARD
446,OUTBOUND,45.25,72.744,-0.97,1.609,1.627,-1.078,-0.678,72.744,-1.17,1.627,0.131,0.128,1,0.085,0.272,3.615,82.692,2.5,0.6,1,0,0,OFFBOARD
447,OUTBOUND,45.35,72.744,-0.97,1.609,1.627,-1.078,-0.678,72.744,-1.17,1.627,0.131,0.128,1,0.085,0.273,3.602,82.692,2.5,0.6,1,0,0,OFFBOARD
448,OUTBOUND,45.45,72.744,-0.97,1.609,1.627,-1.078,-0.678,72.744,-1.17,1.627,0.131,0.128,1,0.085,0.272,3.591,82.692,2.5,0.6,1,0,0,OFFBOARD
449,OUTBOUND,45.56,72.744,-0.97,1.608,1.627,-1.078,-0.678,72.744,-1.17,1.627,0.131,0.128,1,0.086,0.273,3.575,82.692,2.5,0.6,1,0,0,OFFBOARD
450,OUTBOUND,45.66,72.744,-0.97,1.608,1.627,-1.078,-0.678,72.744,-1.17,1.627,0.131,0.128,1,0.085,0.272,3.56,82.692,2.5,0.6,1,0,0,OFFBOARD
451,OUTBOUND,45.76,72.745,-0.97,1.607,1.627,-1.078,-0.678,72.744,-1.17,1.627,0.131,0.128,1,0.085,0.273,3.549,82.692,2.5,0.6,1,0,0,OFFBOARD
452,OUTBOUND,45.86,72.745,-0.97,1.607,1.627,-1.078,-0.678,72.745,-1.17,1.627,0.131,0.128,1,0.085,0.273,3.525,82.692,2.5,0.6,1,0,0,OFFBOARD
453,OUTBOUND,45.96,72.745,-0.97,1.607,1.627,-1.078,-0.678,72.745,-1.17,1.627,0.131,0.128,1,0.085,0.272,3.499,82.692,2.5,0.6,1,0,0,OFFBOARD
454,OUTBOUND,46.06,72.745,-0.97,1.606,1.627,-1.078,-0.678,72.745,-1.17,1.627,0.131,0.128,1,0.086,0.273,3.458,82.692,2.5,0.6,1,0,0,OFFBOARD
455,OUTBOUND,46.16,72.745,-0.97,1.606,1.627,-1.078,-0.678,72.745,-1.17,1.627,0.131,0.128,1,0.086,0.273,3.409,82.692,2.5,0.6,1,0,0,OFFBOARD
456,OUTBOUND,46.27,72.745,-0.97,1.605,1.627,-1.078,-0.678,72.745,-1.17,1.627,0.131,0.128,1,0.085,0.273,3.368,82.692,2.5,0.6,1,0,0,OFFBOARD
457,OUTBOUND,46.37,72.746,-0.97,1.605,1.627,-1.078,-0.678,72.745,-1.17,1.627,0.131,0.128,1,0.085,0.273,3.333,82.692,2.5,0.6,1,0,0,OFFBOARD
458,OUTBOUND,46.47,72.746,-0.97,1.605,1.627,-1.078,-0.678,72.746,-1.17,1.627,0.131,0.128,1,0.085,0.273,3.282,82.692,2.5,0.6,1,0,0,OFFBOARD
459,OUTBOUND,46.57,72.746,-0.97,1.604,1.627,-1.078,-0.678,72.746,-1.17,1.627,0.131,0.128,1,0.085,0.273,3.266,82.692,2.5,0.6,1,0,0,OFFBOARD
460,OUTBOUND,46.67,72.746,-0.97,1.604,1.627,-1.078,-0.678,72.746,-1.17,1.627,0.131,0.128,1,0.085,0.273,3.256,82.692,2.5,0.6,1,0,0,OFFBOARD
461,OUTBOUND,46.77,72.746,-0.97,1.603,1.627,-1.078,-0.678,72.746,-1.17,1.627,0.131,0.128,1,0.085,0.273,3.249,82.692,2.5,0.6,1,0,0,OFFBOARD
462,OUTBOUND,46.88,72.746,-0.97,1.603,1.627,-1.078,-0.678,72.746,-1.17,1.627,0.131,0.128,1,0.085,0.273,3.239,82.692,2.5,0.6,1,0,0,OFFBOARD
463,OUTBOUND,46.98,72.746,-0.97,1.603,1.627,-1.078,-0.678,72.746,-1.17,1.627,0.131,0.128,1,0.085,0.272,3.232,82.692,2.5,0.6,1,0,0,OFFBOARD
464,OUTBOUND,47.08,72.746,-0.97,1.602,1.627,-1.078,-0.678,72.746,-1.17,1.627,0.131,0.128,1,0.085,0.273,3.223,82.692,2.5,0.6,1,0,0,OFFBOARD
465,OUTBOUND,47.18,72.747,-0.97,1.602,1.627,-1.078,-0.678,72.747,-1.17,1.627,0.131,0.128,1,0.085,0.273,3.219,82.692,2.5,0.6,1,0,0,OFFBOARD
466,OUTBOUND,47.28,72.747,-0.97,1.601,1.627,-1.078,-0.678,72.747,-1.17,1.627,0.131,0.128,1,0.085,0.272,3.21,82.692,2.5,0.6,1,0,0,OFFBOARD
467,OUTBOUND,47.38,72.747,-0.97,1.601,1.627,-1.078,-0.678,72.747,-1.17,1.627,0.131,0.128,1,0.085,0.273,3.204,82.692,2.5,0.6,1,0,0,OFFBOARD
468,OUTBOUND,47.48,72.747,-0.97,1.601,1.627,-1.078,-0.678,72.747,-1.17,1.627,0.131,0.128,1,0.085,0.272,3.198,82.692,2.5,0.6,1,0,0,OFFBOARD
469,OUTBOUND,47.59,72.747,-0.97,1.6,1.627,-1.078,-0.678,72.747,-1.17,1.627,0.131,0.128,1,0.086,0.273,3.192,82.692,2.5,0.6,1,0,0,OFFBOARD
470,OUTBOUND,47.69,72.747,-0.97,1.6,1.627,-1.078,-0.678,72.747,-1.17,1.627,0.131,0.128,1,0.085,0.273,3.185,82.692,2.5,0.6,1,0,0,OFFBOARD
471,OUTBOUND,47.79,72.747,-0.97,1.599,1.627,-1.078,-0.678,72.747,-1.17,1.627,0.131,0.128,1,0.085,0.273,3.179,82.692,2.5,0.6,1,0,0,OFFBOARD
472,OUTBOUND,47.89,72.747,-0.97,1.599,1.627,-1.078,-0.678,72.747,-1.17,1.627,0.131,0.128,1,0.085,0.273,3.17,82.692,2.5,0.6,1,0,0,OFFBOARD
473,OUTBOUND,47.99,72.748,-0.97,1.598,1.627,-1.078,-0.678,72.748,-1.17,1.627,0.131,0.128,1,0.085,0.273,3.164,82.692,2.5,0.6,1,0,0,OFFBOARD
474,OUTBOUND,48.09,72.748,-0.97,1.598,1.627,-1.078,-0.678,72.748,-1.17,1.627,0.131,0.128,1,0.085,0.273,3.158,82.692,2.5,0.6,1,0,0,OFFBOARD
475,OUTBOUND,48.19,72.748,-0.97,1.598,1.627,-1.078,-0.678,72.748,-1.17,1.627,0.131,0.128,1,0.086,0.273,3.151,82.692,2.5,0.6,1,0,0,OFFBOARD
476,OUTBOUND,48.3,72.748,-0.97,1.597,1.627,-1.078,-0.678,72.748,-1.17,1.627,0.131,0.128,1,0.085,0.273,3.143,82.692,2.5,0.6,1,0,0,OFFBOARD
477,OUTBOUND,48.4,72.748,-0.97,1.597,1.627,-1.078,-0.678,72.748,-1.17,1.627,0.131,0.128,1,0.085,0.273,3.137,82.692,2.5,0.6,1,0,0,OFFBOARD
478,OUTBOUND,48.5,72.748,-0.97,1.596,1.627,-1.078,-0.678,72.748,-1.17,1.627,0.131,0.128,1,0.086,0.273,3.129,82.692,2.5,0.6,1,0,0,OFFBOARD
479,OUTBOUND,48.6,72.748,-0.97,1.596,1.627,-1.078,-0.678,72.748,-1.17,1.627,0.131,0.128,1,0.086,0.273,3.12,82.692,2.5,0.6,1,0,0,OFFBOARD
480,OUTBOUND,48.7,72.749,-0.97,1.596,1.627,-1.078,-0.678,72.749,-1.17,1.627,0.131,0.128,1,0.085,0.273,3.112,82.692,2.5,0.6,1,0,0,OFFBOARD
481,OUTBOUND,48.8,72.749,-0.97,1.595,1.627,-1.078,-0.678,72.749,-1.17,1.627,0.131,0.128,1,0.085,0.273,3.11,82.692,2.5,0.6,1,0,0,OFFBOARD
482,OUTBOUND,48.9,72.749,-0.97,1.595,1.627,-1.078,-0.678,72.749,-1.17,1.627,0.131,0.128,1,0.085,0.272,3.111,82.692,2.5,0.6,1,0,0,OFFBOARD
483,OUTBOUND,49.01,72.749,-0.97,1.594,1.627,-1.078,-0.678,72.749,-1.17,1.627,0.131,0.128,1,0.085,0.273,3.112,82.692,2.5,0.6,1,0,0,OFFBOARD
484,OUTBOUND,49.11,72.749,-0.97,1.594,1.627,-1.078,-0.678,72.749,-1.17,1.627,0.131,0.128,1,0.086,0.273,3.113,82.692,2.5,0.6,1,0,0,OFFBOARD
485,OUTBOUND,49.21,72.749,-0.97,1.593,1.627,-1.078,-0.678,72.749,-1.17,1.627,0.131,0.128,1,0.085,0.273,3.113,82.692,2.5,0.6,1,0,0,OFFBOARD
486,OUTBOUND,49.31,72.749,-0.97,1.593,1.627,-1.078,-0.678,72.749,-1.17,1.627,0.131,0.128,1,0.085,0.273,3.114,82.692,2.5,0.6,1,0,0,OFFBOARD
487,OUTBOUND,49.41,72.749,-0.97,1.593,1.627,-1.078,-0.678,72.749,-1.17,1.627,0.131,0.128,1,0.086,0.273,3.114,82.692,2.5,0.6,1,0,0,OFFBOARD
488,OUTBOUND,49.52,72.75,-0.97,1.592,1.627,-1.078,-0.678,72.75,-1.17,1.627,0.131,0.128,1,0.085,0.273,3.115,82.692,2.5,0.6,1,0,0,OFFBOARD
489,OUTBOUND,49.62,72.75,-0.97,1.592,1.627,-1.078,-0.678,72.75,-1.17,1.627,0.131,0.128,1,0.085,0.273,3.116,82.692,2.5,0.6,1,0,0,OFFBOARD
490,OUTBOUND,49.72,72.75,-0.97,1.591,1.627,-1.078,-0.678,72.75,-1.17,1.627,0.131,0.128,1,0.085,0.272,3.116,82.692,2.5,0.6,1,0,0,OFFBOARD
491,OUTBOUND,49.82,72.75,-0.97,1.591,1.627,-1.078,-0.678,72.75,-1.17,1.627,0.131,0.128,1,0.085,0.273,3.116,82.692,2.5,0.6,1,0,0,OFFBOARD
492,OUTBOUND,49.92,72.75,-0.97,1.591,1.627,-1.078,-0.678,72.75,-1.17,1.627,0.131,0.128,1,0.085,0.273,3.116,82.692,2.5,0.6,1,0,0,OFFBOARD
493,OUTBOUND,50.02,72.75,-0.97,1.59,1.627,-1.078,-0.678,72.75,-1.17,1.627,0.131,0.128,1,0.085,0.273,3.117,82.692,2.5,0.6,1,0,0,OFFBOARD
494,OUTBOUND,50.12,72.75,-0.97,1.59,1.627,-1.078,-0.678,72.75,-1.17,1.627,0.131,0.128,1,0.085,0.273,3.118,82.692,2.5,0.6,1,0,0,OFFBOARD
495,OUTBOUND,50.23,72.751,-0.97,1.589,1.627,-1.078,-0.678,72.751,-1.17,1.627,0.131,0.128,1,0.085,0.272,3.118,82.692,2.5,0.6,1,0,0,OFFBOARD
496,OUTBOUND,50.33,72.751,-0.97,1.589,1.627,-1.078,-0.678,72.751,-1.17,1.627,0.131,0.128,1,0.085,0.273,3.118,82.692,2.5,0.6,1,0,0,OFFBOARD
497,OUTBOUND,50.43,72.751,-0.97,1.588,1.627,-1.078,-0.678,72.751,-1.17,1.627,0.131,0.128,1,0.086,0.273,3.118,82.692,2.5,0.6,1,0,0,OFFBOARD
498,OUTBOUND,50.53,72.751,-0.97,1.588,1.627,-1.078,-0.678,72.751,-1.17,1.627,0.131,0.128,1,0.085,0.273,3.119,82.692,2.5,0.6,1,0,0,OFFBOARD
499,OUTBOUND,50.63,72.751,-0.97,1.588,1.627,-1.078,-0.678,72.751,-1.17,1.627,0.131,0.128,1,0.085,0.272,3.119,82.692,2.5,0.6,1,0,0,OFFBOARD
500,OUTBOUND,50.73,72.751,-0.97,1.587,1.627,-1.078,-0.678,72.751,-1.17,1.627,0.131,0.128,1,0.085,0.273,3.119,82.692,2.5,0.6,1,0,0,OFFBOARD
501,OUTBOUND,50.83,72.751,-0.97,1.587,1.627,-1.078,-0.678,72.751,-1.17,1.627,0.131,0.128,1,0.085,0.273,3.119,82.692,2.5,0.6,1,0,0,OFFBOARD
502,OUTBOUND,50.94,72.751,-0.97,1.586,1.627,-1.078,-0.678,72.751,-1.17,1.627,0.131,0.128,1,0.085,0.273,3.119,82.692,2.5,0.6,1,0,0,OFFBOARD
503,OUTBOUND,51.04,72.752,-0.97,1.586,1.627,-1.078,-0.678,72.751,-1.17,1.627,0.131,0.128,1,0.085,0.272,3.119,82.692,2.5,0.6,1,0,0,OFFBOARD
504,OUTBOUND,51.14,72.752,-0.97,1.585,1.627,-1.078,-0.678,72.752,-1.17,1.627,0.131,0.128,1,0.085,0.273,3.119,82.692,2.5,0.6,1,0,0,OFFBOARD
505,OUTBOUND,51.24,72.752,-0.97,1.585,1.627,-1.078,-0.678,72.752,-1.17,1.627,0.131,0.128,1,0.085,0.273,3.119,82.692,2.5,0.6,1,0,0,OFFBOARD
506,OUTBOUND,51.34,72.752,-0.97,1.585,1.627,-1.078,-0.678,72.752,-1.17,1.627,0.131,0.128,1,0.085,0.273,3.119,82.692,2.5,0.6,1,0,0,OFFBOARD
507,OUTBOUND,51.44,72.752,-0.97,1.584,1.627,-1.078,-0.678,72.752,-1.17,1.627,0.131,0.128,1,0.085,0.273,3.118,82.692,2.5,0.6,1,0,0,OFFBOARD
508,OUTBOUND,51.54,72.752,-0.97,1.584,1.627,-1.078,-0.678,72.752,-1.17,1.627,0.131,0.128,1,0.085,0.272,3.116,82.692,2.5,0.6,1,0,0,OFFBOARD
509,OUTBOUND,51.65,72.752,-0.97,1.583,1.627,-1.078,-0.678,72.752,-1.17,1.627,0.131,0.128,1,0.085,0.273,3.113,82.692,2.5,0.6,1,0,0,OFFBOARD
510,OUTBOUND,51.75,72.752,-0.97,1.583,1.627,-1.078,-0.678,72.752,-1.17,1.627,0.131,0.128,1,0.085,0.273,3.111,82.692,2.5,0.6,1,0,0,OFFBOARD
511,OUTBOUND,51.85,72.753,-0.97,1.583,1.627,-1.078,-0.678,72.752,-1.17,1.627,0.131,0.128,1,0.085,0.273,3.106,82.692,2.5,0.6,1,0,0,OFFBOARD
512,OUTBOUND,51.95,72.753,-0.97,1.582,1.627,-1.078,-0.678,72.753,-1.17,1.627,0.131,0.128,1,0.085,0.273,3.099,82.692,2.5,0.6,1,0,0,OFFBOARD
513,OUTBOUND,52.05,72.753,-0.97,1.582,1.627,-1.078,-0.678,72.753,-1.17,1.627,0.131,0.128,1,0.085,0.273,3.093,82.692,2.5,0.6,1,0,0,OFFBOARD
514,OUTBOUND,52.15,72.753,-0.97,1.581,1.627,-1.078,-0.678,72.753,-1.17,1.627,0.131,0.128,1,0.085,0.273,3.084,82.692,2.5,0.6,1,0,0,OFFBOARD
515,OUTBOUND,52.25,72.753,-0.97,1.581,1.627,-1.078,-0.678,72.753,-1.17,1.627,0.131,0.128,1,0.085,0.273,3.077,82.692,2.5,0.6,1,0,0,OFFBOARD
516,OUTBOUND,52.35,72.753,-0.97,1.58,1.627,-1.078,-0.678,72.753,-1.17,1.627,0.131,0.128,1,0.085,0.273,3.071,82.692,2.5,0.6,1,0,0,OFFBOARD
517,OUTBOUND,52.46,72.753,-0.97,1.58,1.627,-1.078,-0.678,72.753,-1.17,1.627,0.131,0.128,1,0.085,0.273,3.066,82.692,2.5,0.6,1,0,0,OFFBOARD
518,OUTBOUND,52.56,72.753,-0.97,1.58,1.627,-1.078,-0.678,72.753,-1.17,1.627,0.131,0.128,1,0.085,0.273,3.06,82.692,2.5,0.6,1,0,0,OFFBOARD
519,OUTBOUND,52.66,72.754,-0.97,1.579,1.627,-1.078,-0.678,72.754,-1.17,1.627,0.131,0.128,1,0.085,0.273,3.053,82.692,2.5,0.6,1,0,0,OFFBOARD
520,OUTBOUND,52.76,72.754,-0.97,1.579,1.627,-1.078,-0.678,72.754,-1.17,1.627,0.131,0.128,1,0.085,0.273,3.046,82.692,2.5,0.6,1,0,0,OFFBOARD
521,OUTBOUND,52.86,72.754,-0.97,1.578,1.627,-1.078,-0.678,72.754,-1.17,1.627,0.131,0.128,1,0.085,0.273,3.039,82.692,2.5,0.6,1,0,0,OFFBOARD
522,OUTBOUND,52.96,72.754,-0.97,1.578,1.627,-1.078,-0.678,72.754,-1.17,1.627,0.131,0.128,1,0.085,0.273,3.033,82.692,2.5,0.6,1,0,0,OFFBOARD
523,OUTBOUND,53.07,72.754,-0.97,1.578,1.627,-1.078,-0.678,72.754,-1.17,1.627,0.131,0.128,1,0.085,0.273,3.025,82.692,2.5,0.6,1,0,0,OFFBOARD
524,OUTBOUND,53.17,72.754,-0.97,1.577,1.627,-1.078,-0.678,72.754,-1.17,1.627,0.131,0.128,1,0.085,0.273,3.018,82.692,2.5,0.6,1,0,0,OFFBOARD
525,OUTBOUND,53.27,72.754,-0.97,1.577,1.627,-1.078,-0.678,72.754,-1.17,1.627,0.131,0.128,1,0.085,0.273,3.01,82.692,2.5,0.6,1,0,0,OFFBOARD
526,OUTBOUND,53.37,72.755,-0.97,1.576,1.627,-1.078,-0.678,72.755,-1.17,1.627,0.131,0.128,1,0.085,0.273,3.003,82.692,2.5,0.6,1,0,0,OFFBOARD
527,OUTBOUND,53.47,72.755,-0.97,1.576,1.627,-1.078,-0.678,72.755,-1.17,1.627,0.131,0.128,1,0.085,0.273,2.999,82.692,2.5,0.6,1,0,0,OFFBOARD
528,OUTBOUND,53.57,72.755,-0.97,1.576,1.627,-1.078,-0.678,72.755,-1.17,1.627,0.131,0.128,1,0.085,0.273,2.993,82.692,2.5,0.6,1,0,0,OFFBOARD
529,OUTBOUND,53.67,72.755,-0.97,1.575,1.627,-1.078,-0.678,72.755,-1.17,1.627,0.131,0.128,1,0.085,0.273,2.987,82.692,2.5,0.6,1,0,0,OFFBOARD
530,OUTBOUND,53.78,72.755,-0.97,1.575,1.627,-1.078,-0.678,72.755,-1.17,1.627,0.131,0.128,1,0.085,0.273,2.98,82.692,2.5,0.6,1,0,0,OFFBOARD
531,OUTBOUND,53.88,72.755,-0.97,1.574,1.627,-1.078,-0.678,72.755,-1.17,1.627,0.131,0.128,1,0.085,0.273,2.973,82.692,2.5,0.6,1,0,0,OFFBOARD
532,OUTBOUND,53.98,72.755,-0.97,1.574,1.627,-1.078,-0.678,72.755,-1.17,1.627,0.131,0.128,1,0.085,0.273,2.966,82.692,2.5,0.6,1,0,0,OFFBOARD
533,OUTBOUND,54.08,72.756,-0.97,1.574,1.627,-1.078,-0.678,72.755,-1.17,1.627,0.131,0.128,1,0.085,0.273,2.96,82.692,2.5,0.6,1,0,0,OFFBOARD
534,OUTBOUND,54.18,72.756,-0.97,1.573,1.627,-1.078,-0.678,72.756,-1.17,1.627,0.131,0.128,1,0.085,0.273,2.954,82.692,2.5,0.6,1,0,0,OFFBOARD
535,OUTBOUND,54.28,72.756,-0.97,1.573,1.627,-1.078,-0.678,72.756,-1.17,1.627,0.131,0.128,1,0.085,0.273,2.949,82.692,2.5,0.6,1,0,0,OFFBOARD
536,OUTBOUND,54.39,72.756,-0.97,1.572,1.627,-1.078,-0.678,72.756,-1.17,1.627,0.131,0.128,1,0.086,0.273,2.943,82.692,2.5,0.6,1,0,0,OFFBOARD
537,OUTBOUND,54.49,72.756,-0.97,1.572,1.627,-1.078,-0.678,72.756,-1.17,1.627,0.131,0.128,1,0.085,0.273,2.937,82.692,2.5,0.6,1,0,0,OFFBOARD
538,OUTBOUND,54.59,72.756,-0.97,1.572,1.627,-1.078,-0.678,72.756,-1.17,1.627,0.131,0.128,1,0.085,0.273,2.932,82.692,2.5,0.6,1,0,0,OFFBOARD
539,OUTBOUND,54.69,72.756,-0.97,1.571,1.627,-1.078,-0.678,72.756,-1.17,1.627,0.131,0.128,1,0.085,0.273,2.927,82.692,2.5,0.6,1,0,0,OFFBOARD
540,OUTBOUND,54.79,72.756,-0.97,1.571,1.627,-1.078,-0.678,72.756,-1.17,1.627,0.131,0.128,1,0.085,0.273,2.921,82.692,2.5,0.6,1,0,0,OFFBOARD
541,OUTBOUND,54.89,72.757,-0.97,1.57,1.627,-1.078,-0.678,72.757,-1.17,1.627,0.131,0.128,1,0.085,0.273,2.914,82.692,2.5,0.6,1,0,0,OFFBOARD
542,OUTBOUND,54.99,72.757,-0.97,1.57,1.627,-1.078,-0.678,72.757,-1.17,1.627,0.131,0.128,1,0.085,0.273,2.904,82.692,2.5,0.6,1,0,0,OFFBOARD
543,OUTBOUND,55.1,72.757,-0.97,1.57,1.627,-1.078,-0.678,72.757,-1.17,1.627,0.131,0.128,1,0.085,0.273,2.898,82.692,2.5,0.6,1,0,0,OFFBOARD
544,OUTBOUND,55.2,72.757,-0.97,1.569,1.627,-1.078,-0.678,72.757,-1.17,1.627,0.131,0.128,1,0.085,0.273,2.894,82.692,2.5,0.6,1,0,0,OFFBOARD
545,OUTBOUND,55.3,72.757,-0.97,1.569,1.627,-1.078,-0.678,72.757,-1.17,1.627,0.131,0.128,1,0.085,0.273,2.889,82.692,2.5,0.6,1,0,0,OFFBOARD
546,OUTBOUND,55.4,72.757,-0.97,1.568,1.627,-1.078,-0.678,72.757,-1.17,1.627,0.131,0.128,1,0.086,0.274,2.884,82.692,2.5,0.6,1,0,0,OFFBOARD
547,OUTBOUND,55.5,72.757,-0.97,1.568,1.627,-1.078,-0.678,72.757,-1.17,1.627,0.131,0.128,1,0.085,0.273,2.879,82.692,2.5,0.6,1,0,0,OFFBOARD
548,OUTBOUND,55.6,72.758,-0.97,1.567,1.627,-1.078,-0.678,72.757,-1.17,1.627,0.131,0.128,1,0.086,0.273,2.874,82.692,2.5,0.6,1,0,0,OFFBOARD
549,OUTBOUND,55.7,72.758,-0.97,1.567,1.627,-1.078,-0.678,72.758,-1.17,1.627,0.131,0.128,1,0.085,0.273,2.869,82.692,2.5,0.6,1,0,0,OFFBOARD
550,OUTBOUND,55.81,72.758,-0.97,1.567,1.627,-1.078,-0.678,72.758,-1.17,1.627,0.131,0.128,1,0.085,0.273,2.865,82.692,2.5,0.6,1,0,0,OFFBOARD
551,OUTBOUND,55.91,72.758,-0.97,1.566,1.627,-1.078,-0.678,72.758,-1.17,1.627,0.131,0.128,1,0.085,0.273,2.857,82.692,2.5,0.6,1,0,0,OFFBOARD
552,OUTBOUND,56.01,72.758,-0.97,1.566,1.627,-1.078,-0.678,72.758,-1.17,1.627,0.131,0.128,1,0.085,0.273,2.852,82.692,2.5,0.6,1,0,0,OFFBOARD
553,OUTBOUND,56.11,72.758,-0.97,1.565,1.627,-1.078,-0.678,72.758,-1.17,1.627,0.131,0.128,1,0.085,0.273,2.847,82.692,2.5,0.6,1,0,0,OFFBOARD
554,OUTBOUND,56.21,72.758,-0.97,1.565,1.627,-1.078,-0.678,72.758,-1.17,1.627,0.131,0.128,1,0.085,0.273,2.841,82.692,2.5,0.6,1,0,0,OFFBOARD
555,OUTBOUND,56.31,72.758,-0.97,1.565,1.627,-1.078,-0.678,72.758,-1.17,1.627,0.131,0.128,1,0.085,0.273,2.836,82.692,2.5,0.6,1,0,0,OFFBOARD
556,OUTBOUND,56.42,72.759,-0.97,1.564,1.627,-1.078,-0.678,72.759,-1.17,1.627,0.131,0.128,1,0.085,0.273,2.832,82.692,2.5,0.6,1,0,0,OFFBOARD
557,OUTBOUND,56.52,72.759,-0.97,1.564,1.627,-1.078,-0.678,72.759,-1.17,1.627,0.131,0.128,1,0.085,0.273,2.827,82.692,2.5,0.6,1,0,0,OFFBOARD
558,OUTBOUND,56.62,72.759,-0.97,1.563,1.627,-1.078,-0.678,72.759,-1.17,1.627,0.131,0.128,1,0.085,0.273,2.823,82.692,2.5,0.6,1,0,0,OFFBOARD
559,OUTBOUND,56.72,72.759,-0.97,1.563,1.627,-1.078,-0.678,72.759,-1.17,1.627,0.131,0.128,1,0.085,0.273,2.82,82.692,2.5,0.6,1,0,0,OFFBOARD
560,OUTBOUND,56.82,72.759,-0.97,1.562,1.627,-1.078,-0.678,72.759,-1.17,1.627,0.131,0.128,1,0.085,0.273,2.815,82.692,2.5,0.6,1,0,0,OFFBOARD
561,OUTBOUND,56.92,72.759,-0.97,1.562,1.627,-1.078,-0.678,72.759,-1.17,1.627,0.131,0.128,1,0.085,0.273,2.81,82.692,2.5,0.6,1,0,0,OFFBOARD
562,OUTBOUND,57.03,72.759,-0.97,1.562,1.627,-1.078,-0.678,72.759,-1.17,1.627,0.131,0.128,1,0.085,0.273,2.806,82.692,2.5,0.6,1,0,0,OFFBOARD
563,OUTBOUND,57.13,72.76,-0.97,1.561,1.627,-1.078,-0.678,72.76,-1.17,1.627,0.131,0.128,1,0.085,0.274,2.766,82.692,2.5,0.6,1,0,0,OFFBOARD
564,OUTBOUND,57.23,72.76,-0.97,1.561,1.627,-1.078,-0.678,72.76,-1.17,1.627,0.131,0.128,1,0.085,0.274,2.755,82.692,2.5,0.6,1,0,0,OFFBOARD
565,OUTBOUND,57.33,72.761,-0.97,1.56,1.627,-1.078,-0.678,72.76,-1.17,1.627,0.131,0.128,1,0.085,0.274,2.751,82.692,2.5,0.6,1,0,0,OFFBOARD
566,OUTBOUND,57.43,72.761,-0.97,1.56,1.627,-1.078,-0.678,72.761,-1.17,1.627,0.131,0.128,1,0.085,0.274,2.747,82.692,2.5,0.6,1,0,0,OFFBOARD
567,OUTBOUND,57.53,72.761,-0.97,1.56,1.627,-1.078,-0.678,72.761,-1.17,1.627,0.131,0.128,1,0.085,0.274,2.743,82.692,2.5,0.6,1,0,0,OFFBOARD
568,OUTBOUND,57.63,72.761,-0.97,1.559,1.627,-1.078,-0.678,72.761,-1.17,1.627,0.131,0.128,1,0.085,0.274,2.738,82.692,2.5,0.6,1,0,0,OFFBOARD
569,OUTBOUND,57.74,72.761,-0.97,1.559,1.627,-1.078,-0.678,72.761,-1.17,1.627,0.131,0.128,1,0.086,0.275,2.735,82.692,2.5,0.6,1,0,0,OFFBOARD
570,OUTBOUND,57.84,72.761,-0.97,1.558,1.627,-1.078,-0.678,72.761,-1.17,1.627,0.131,0.128,1,0.085,0.274,2.731,82.692,2.5,0.6,1,0,0,OFFBOARD
571,OUTBOUND,57.94,72.761,-0.97,1.558,1.627,-1.078,-0.678,72.761,-1.17,1.627,0.131,0.128,1,0.085,0.274,2.726,82.692,2.5,0.6,1,0,0,OFFBOARD
572,OUTBOUND,58.04,72.761,-0.97,1.557,1.627,-1.078,-0.678,72.761,-1.17,1.627,0.131,0.128,1,0.085,0.274,2.722,82.692,2.5,0.6,1,0,0,OFFBOARD
573,OUTBOUND,58.14,72.762,-0.97,1.557,1.627,-1.078,-0.678,72.761,-1.17,1.627,0.131,0.128,1,0.085,0.274,2.719,82.692,2.5,0.6,1,0,0,OFFBOARD
574,OUTBOUND,58.24,72.762,-0.97,1.557,1.627,-1.078,-0.678,72.762,-1.17,1.627,0.131,0.128,1,0.085,0.274,2.715,82.692,2.5,0.6,1,0,0,OFFBOARD
575,OUTBOUND,58.34,72.762,-0.97,1.556,1.627,-1.078,-0.678,72.762,-1.17,1.627,0.131,0.128,1,0.085,0.274,2.71,82.692,2.5,0.6,1,0,0,OFFBOARD
576,OUTBOUND,58.45,72.762,-0.97,1.556,1.627,-1.078,-0.678,72.762,-1.17,1.627,0.131,0.128,1,0.086,0.275,2.707,82.692,2.5,0.6,1,0,0,OFFBOARD
577,OUTBOUND,58.55,72.762,-0.97,1.556,1.627,-1.078,-0.678,72.762,-1.17,1.627,0.131,0.128,1,0.086,0.275,2.703,82.692,2.5,0.6,1,0,0,OFFBOARD
578,OUTBOUND,58.65,72.762,-0.97,1.555,1.627,-1.078,-0.678,72.762,-1.17,1.627,0.131,0.128,1,0.085,0.274,2.698,82.692,2.5,0.6,1,0,0,OFFBOARD
579,OUTBOUND,58.75,72.762,-0.97,1.555,1.627,-1.078,-0.678,72.762,-1.17,1.627,0.131,0.128,1,0.085,0.274,2.693,82.692,2.5,0.6,1,0,0,OFFBOARD
580,OUTBOUND,58.85,72.762,-0.97,1.554,1.627,-1.078,-0.678,72.762,-1.17,1.627,0.131,0.128,1,0.085,0.274,2.69,82.692,2.5,0.6,1,0,0,OFFBOARD
581,OUTBOUND,58.95,72.763,-0.97,1.554,1.627,-1.078,-0.678,72.763,-1.17,1.627,0.131,0.128,1,0.086,0.275,2.685,82.692,2.5,0.6,1,0,0,OFFBOARD
582,OUTBOUND,59.05,72.763,-0.97,1.553,1.627,-1.078,-0.678,72.763,-1.17,1.627,0.131,0.128,1,0.085,0.275,2.681,82.692,2.5,0.6,1,0,0,OFFBOARD
583,OUTBOUND,59.16,72.763,-0.97,1.553,1.627,-1.078,-0.678,72.763,-1.17,1.627,0.131,0.128,1,0.085,0.274,2.678,82.692,2.5,0.6,1,0,0,OFFBOARD
584,OUTBOUND,59.26,72.763,-0.97,1.553,1.627,-1.078,-0.678,72.763,-1.17,1.627,0.131,0.128,1,0.085,0.274,2.674,82.692,2.5,0.6,1,0,0,OFFBOARD
585,OUTBOUND,59.36,72.763,-0.97,1.552,1.627,-1.078,-0.678,72.763,-1.17,1.627,0.131,0.128,1,0.086,0.275,2.668,82.692,2.5,0.6,1,0,0,OFFBOARD
586,OUTBOUND,59.46,72.763,-0.97,1.552,1.627,-1.078,-0.678,72.763,-1.17,1.627,0.131,0.128,1,0.085,0.275,2.664,82.692,2.5,0.6,1,0,0,OFFBOARD
587,OUTBOUND,59.56,72.763,-0.97,1.551,1.627,-1.078,-0.678,72.763,-1.17,1.627,0.131,0.128,1,0.085,0.274,2.661,82.692,2.5,0.6,1,0,0,OFFBOARD
588,OUTBOUND,59.66,72.764,-0.97,1.551,1.627,-1.078,-0.678,72.764,-1.17,1.627,0.131,0.128,1,0.086,0.275,2.655,82.692,2.5,0.6,1,0,0,OFFBOARD
589,OUTBOUND,59.76,72.764,-0.97,1.551,1.627,-1.078,-0.678,72.764,-1.17,1.627,0.131,0.128,1,0.085,0.275,2.651,82.692,2.5,0.6,1,0,0,OFFBOARD
590,OUTBOUND,59.87,72.764,-0.97,1.55,1.627,-1.078,-0.678,72.764,-1.17,1.627,0.131,0.128,1,0.085,0.275,2.648,82.692,2.5,0.6,1,0,0,OFFBOARD
591,OUTBOUND,59.97,72.764,-0.97,1.55,1.627,-1.078,-0.678,72.764,-1.17,1.627,0.131,0.128,1,0.085,0.274,2.644,82.692,2.5,0.6,1,0,0,OFFBOARD
592,OUTBOUND,60.07,72.764,-0.97,1.549,1.627,-1.078,-0.678,72.764,-1.17,1.627,0.131,0.128,1,0.085,0.274,2.642,82.692,2.5,0.6,1,0,0,OFFBOARD
593,OUTBOUND,60.17,72.764,-0.97,1.549,1.627,-1.078,-0.678,72.764,-1.17,1.627,0.131,0.128,1,0.085,0.275,2.637,82.692,2.5,0.6,1,0,0,OFFBOARD
594,OUTBOUND,60.27,72.764,-0.97,1.549,1.627,-1.078,-0.678,72.764,-1.17,1.627,0.131,0.128,1,0.085,0.274,2.634,82.692,2.5,0.6,1,0,0,OFFBOARD
595,OUTBOUND,60.37,72.765,-0.97,1.548,1.627,-1.078,-0.678,72.765,-1.17,1.627,0.131,0.128,1,0.085,0.275,2.629,82.692,2.5,0.6,1,0,0,OFFBOARD
596,OUTBOUND,60.47,72.765,-0.97,1.548,1.627,-1.078,-0.678,72.765,-1.17,1.627,0.131,0.128,1,0.085,0.275,2.625,82.692,2.5,0.6,1,0,0,OFFBOARD
597,OUTBOUND,60.57,72.765,-0.97,1.547,1.627,-1.078,-0.678,72.765,-1.17,1.627,0.131,0.128,1,0.086,0.275,2.622,82.692,2.5,0.6,1,0,0,OFFBOARD
598,OUTBOUND,60.68,72.765,-0.97,1.547,1.627,-1.078,-0.678,72.765,-1.17,1.627,0.131,0.128,1,0.085,0.275,2.616,82.692,2.5,0.6,1,0,0,OFFBOARD
599,OUTBOUND,60.78,72.765,-0.97,1.547,1.627,-1.078,-0.678,72.765,-1.17,1.627,0.131,0.128,1,0.085,0.275,2.61,82.692,2.5,0.6,1,0,0,OFFBOARD
600,OUTBOUND,60.88,72.765,-0.97,1.546,1.627,-1.078,-0.678,72.765,-1.17,1.627,0.131,0.128,1,0.086,0.275,2.606,82.692,2.5,0.6,1,0,0,OFFBOARD
601,OUTBOUND,60.99,72.766,-0.97,1.546,1.627,-1.078,-0.678,72.766,-1.17,1.627,0.131,0.128,1,0.085,0.275,2.599,82.692,2.5,0.6,1,0,0,OFFBOARD
602,OUTBOUND,61.09,72.766,-0.97,1.545,1.627,-1.078,-0.678,72.766,-1.17,1.627,0.131,0.128,1,0.085,0.275,2.594,82.692,2.5,0.6,1,0,0,OFFBOARD
603,OUTBOUND,61.19,72.766,-0.97,1.545,1.627,-1.078,-0.678,72.766,-1.17,1.627,0.131,0.128,1,0.085,0.275,2.587,82.692,2.5,0.6,1,0,0,OFFBOARD
604,OUTBOUND,61.29,72.766,-0.97,1.545,1.627,-1.078,-0.678,72.766,-1.17,1.627,0.131,0.128,1,0.085,0.275,2.579,82.692,2.5,0.6,1,0,0,OFFBOARD
605,OUTBOUND,61.4,72.766,-0.97,1.544,1.627,-1.078,-0.678,72.766,-1.17,1.627,0.131,0.128,1,0.085,0.276,2.571,82.692,2.5,0.6,1,0,0,OFFBOARD
606,OUTBOUND,61.5,72.766,-0.97,1.544,1.627,-1.078,-0.678,72.766,-1.17,1.627,0.131,0.128,1,0.085,0.275,2.556,82.692,2.5,0.6,1,0,0,OFFBOARD
607,OUTBOUND,61.6,72.766,-0.97,1.543,1.627,-1.078,-0.678,72.766,-1.17,1.627,0.131,0.128,1,0.085,0.275,2.541,82.692,2.5,0.6,1,0,0,OFFBOARD
608,OUTBOUND,61.7,72.767,-0.97,1.543,1.627,-1.078,-0.678,72.767,-1.17,1.627,0.131,0.128,1,0.085,0.275,2.522,82.692,2.5,0.6,1,0,0,OFFBOARD
609,OUTBOUND,61.8,72.767,-0.97,1.543,1.627,-1.078,-0.678,72.767,-1.17,1.627,0.131,0.128,1,0.085,0.275,2.514,82.692,2.5,0.6,1,0,0,OFFBOARD
610,OUTBOUND,61.9,72.767,-0.97,1.542,1.627,-1.078,-0.678,72.767,-1.17,1.627,0.131,0.128,1,0.086,0.277,2.476,82.692,2.5,0.6,1,0,0,OFFBOARD
611,OUTBOUND,62.0,72.767,-0.97,1.542,1.627,-1.078,-0.678,72.767,-1.17,1.627,0.131,0.128,1,0.085,0.275,2.447,82.692,2.5,0.6,1,0,0,OFFBOARD
612,OUTBOUND,62.11,72.767,-0.97,1.542,1.627,-1.078,-0.678,72.767,-1.17,1.627,0.131,0.128,1,0.086,0.276,2.425,82.692,2.5,0.6,1,0,0,OFFBOARD
613,OUTBOUND,62.21,72.767,-0.97,1.541,1.627,-1.078,-0.678,72.767,-1.17,1.627,0.131,0.128,1,0.085,0.276,2.398,82.692,2.5,0.6,1,0,0,OFFBOARD
614,OUTBOUND,62.31,72.768,-0.97,1.541,1.627,-1.078,-0.678,72.768,-1.17,1.627,0.131,0.128,1,0.085,0.276,2.388,82.692,2.5,0.6,1,0,0,OFFBOARD
615,OUTBOUND,62.41,72.768,-0.97,1.54,1.627,-1.078,-0.678,72.768,-1.17,1.627,0.131,0.128,1,0.086,0.277,2.377,82.692,2.5,0.6,1,0,0,OFFBOARD
616,OUTBOUND,62.51,72.768,-0.97,1.54,1.627,-1.078,-0.678,72.768,-1.17,1.627,0.131,0.128,1,0.085,0.276,2.371,82.692,2.5,0.6,1,0,0,OFFBOARD
617,OUTBOUND,62.61,72.768,-0.97,1.54,1.627,-1.078,-0.678,72.768,-1.17,1.627,0.131,0.128,1,0.085,0.276,2.366,82.692,2.5,0.6,1,0,0,OFFBOARD
618,OUTBOUND,62.71,72.768,-0.97,1.539,1.627,-1.078,-0.678,72.768,-1.17,1.627,0.131,0.128,1,0.085,0.276,2.362,82.692,2.5,0.6,1,0,0,OFFBOARD
619,OUTBOUND,62.82,72.769,-0.97,1.539,1.627,-1.078,-0.678,72.769,-1.17,1.627,0.131,0.128,1,0.086,0.277,2.355,82.692,2.5,0.6,1,0,0,OFFBOARD
620,OUTBOUND,62.92,72.769,-0.97,1.538,1.627,-1.078,-0.678,72.769,-1.17,1.627,0.131,0.128,1,0.086,0.277,2.351,82.692,2.5,0.6,1,0,0,OFFBOARD
621,OUTBOUND,63.02,72.769,-0.97,1.538,1.627,-1.078,-0.678,72.769,-1.17,1.627,0.131,0.128,1,0.085,0.276,2.347,82.692,2.5,0.6,1,0,0,OFFBOARD
622,OUTBOUND,63.12,72.769,-0.97,1.538,1.627,-1.078,-0.678,72.769,-1.17,1.627,0.131,0.128,1,0.085,0.276,2.343,82.692,2.5,0.6,1,0,0,OFFBOARD
623,OUTBOUND,63.22,72.769,-0.97,1.537,1.627,-1.078,-0.678,72.769,-1.17,1.627,0.131,0.128,1,0.085,0.277,2.34,82.692,2.5,0.6,1,0,0,OFFBOARD
624,OUTBOUND,63.32,72.769,-0.97,1.537,1.627,-1.078,-0.678,72.769,-1.17,1.627,0.131,0.128,1,0.085,0.277,2.335,82.692,2.5,0.6,1,0,0,OFFBOARD
625,OUTBOUND,63.42,72.77,-0.97,1.536,1.627,-1.078,-0.678,72.77,-1.17,1.627,0.131,0.128,1,0.085,0.277,2.332,82.692,2.5,0.6,1,0,0,OFFBOARD
626,OUTBOUND,63.53,72.77,-0.97,1.536,1.627,-1.078,-0.678,72.77,-1.17,1.627,0.131,0.128,1,0.085,0.277,2.327,82.692,2.5,0.6,1,0,0,OFFBOARD
627,OUTBOUND,63.63,72.77,-0.97,1.536,1.627,-1.078,-0.678,72.77,-1.17,1.627,0.131,0.128,1,0.085,0.276,2.324,82.692,2.5,0.6,1,0,0,OFFBOARD
628,OUTBOUND,63.73,72.77,-0.97,1.535,1.627,-1.078,-0.678,72.77,-1.17,1.627,0.131,0.128,1,0.086,0.277,2.321,82.692,2.5,0.6,1,0,0,OFFBOARD
629,OUTBOUND,63.83,72.77,-0.97,1.535,1.627,-1.078,-0.678,72.77,-1.17,1.627,0.131,0.128,1,0.086,0.277,2.317,82.692,2.5,0.6,1,0,0,OFFBOARD
630,OUTBOUND,63.93,72.77,-0.97,1.534,1.627,-1.078,-0.678,72.77,-1.17,1.627,0.131,0.128,1,0.085,0.277,2.313,82.692,2.5,0.6,1,0,0,OFFBOARD
631,OUTBOUND,64.03,72.771,-0.97,1.534,1.627,-1.078,-0.678,72.77,-1.17,1.627,0.131,0.128,1,0.086,0.277,2.31,82.692,2.5,0.6,1,0,0,OFFBOARD
632,OUTBOUND,64.13,72.771,-0.97,1.534,1.627,-1.078,-0.678,72.771,-1.17,1.627,0.131,0.128,1,0.086,0.278,2.306,82.692,2.5,0.6,1,0,0,OFFBOARD
633,OUTBOUND,64.24,72.771,-0.97,1.533,1.627,-1.078,-0.678,72.771,-1.17,1.627,0.131,0.128,1,0.085,0.277,2.302,82.692,2.5,0.6,1,0,0,OFFBOARD
634,OUTBOUND,64.34,72.771,-0.97,1.533,1.627,-1.078,-0.678,72.771,-1.17,1.627,0.131,0.128,1,0.085,0.277,2.291,82.692,2.5,0.6,1,0,0,OFFBOARD
635,OUTBOUND,64.44,72.772,-0.97,1.532,1.627,-1.078,-0.678,72.772,-1.17,1.627,0.131,0.128,1,0.085,0.279,2.284,82.692,2.5,0.6,1,0,0,OFFBOARD
636,OUTBOUND,64.54,72.772,-0.97,1.532,1.627,-1.078,-0.678,72.772,-1.17,1.627,0.131,0.128,1,0.085,0.279,2.274,82.692,2.5,0.6,1,0,0,OFFBOARD
637,OUTBOUND,64.64,72.773,-0.97,1.532,1.627,-1.078,-0.678,72.773,-1.17,1.627,0.131,0.128,1,0.085,0.28,2.277,82.692,2.5,0.6,1,0,0,OFFBOARD
638,OUTBOUND,64.74,72.773,-0.97,1.531,1.627,-1.078,-0.678,72.773,-1.17,1.627,0.131,0.128,1,0.086,0.281,2.279,82.692,2.5,0.6,1,0,0,OFFBOARD
639,OUTBOUND,64.84,72.773,-0.97,1.531,1.627,-1.078,-0.678,72.773,-1.17,1.627,0.131,0.128,1,0.086,0.281,2.281,82.692,2.5,0.6,1,0,0,OFFBOARD
640,OUTBOUND,64.95,72.774,-0.97,1.531,1.627,-1.078,-0.678,72.774,-1.17,1.627,0.131,0.128,1,0.085,0.281,2.282,82.692,2.5,0.6,1,0,0,OFFBOARD
641,OUTBOUND,65.05,72.774,-0.97,1.53,1.627,-1.078,-0.678,72.774,-1.17,1.627,0.131,0.128,1,0.085,0.28,2.283,82.692,2.5,0.6,1,0,0,OFFBOARD
642,OUTBOUND,65.15,72.774,-0.97,1.53,1.627,-1.078,-0.678,72.774,-1.17,1.627,0.131,0.128,1,0.085,0.282,2.286,82.692,2.5,0.6,1,0,0,OFFBOARD
643,OUTBOUND,65.25,72.775,-0.97,1.53,1.627,-1.078,-0.678,72.775,-1.17,1.627,0.131,0.128,1,0.085,0.282,2.289,82.692,2.5,0.6,1,0,0,OFFBOARD
644,OUTBOUND,65.35,72.775,-0.97,1.529,1.627,-1.078,-0.678,72.775,-1.17,1.627,0.131,0.128,1,0.086,0.283,2.29,82.692,2.5,0.6,1,0,0,OFFBOARD
645,OUTBOUND,65.45,72.776,-0.97,1.529,1.627,-1.078,-0.678,72.776,-1.17,1.627,0.131,0.128,1,0.086,0.284,2.292,82.692,2.5,0.6,1,0,0,OFFBOARD
646,OUTBOUND,65.56,72.776,-0.97,1.528,1.627,-1.078,-0.678,72.776,-1.17,1.627,0.131,0.128,1,0.085,0.284,2.292,82.692,2.5,0.6,1,0,0,OFFBOARD
647,OUTBOUND,65.66,72.777,-0.97,1.528,1.627,-1.078,-0.678,72.777,-1.17,1.627,0.131,0.128,1,0.086,0.288,2.293,82.692,2.5,0.6,1,0,0,OFFBOARD
648,OUTBOUND,65.76,72.778,-0.97,1.527,1.627,-1.078,-0.678,72.778,-1.17,1.627,0.131,0.128,1,0.085,0.292,2.29,82.692,2.5,0.6,1,0,0,OFFBOARD
649,OUTBOUND,65.86,72.78,-0.97,1.526,1.627,-1.078,-0.678,72.78,-1.17,1.627,0.131,0.128,1,0.086,0.313,2.277,82.692,2.5,0.6,1,0,0,OFFBOARD
650,OUTBOUND,65.96,72.782,-0.97,1.525,1.627,-1.078,-0.678,72.782,-1.17,1.627,0.132,0.129,1,0.086,1.973,2.255,82.692,2.5,0.6,1,0,0,OFFBOARD
651,OUTBOUND,66.06,72.782,-0.97,1.525,1.627,-1.078,-0.678,72.782,-1.17,1.627,0.131,0.128,1,0.086,1.962,2.246,82.692,2.5,0.6,1,0,0,OFFBOARD
652,OUTBOUND,66.16,72.784,-0.97,1.524,1.627,-1.078,-0.678,72.784,-1.17,1.627,0.132,0.129,1,0.086,1.962,2.229,82.692,2.5,0.6,1,0,0,OFFBOARD
653,OUTBOUND,66.27,72.787,-0.97,1.521,1.627,-1.078,-0.678,72.787,-1.169,1.627,0.144,0.141,1,0.092,1.976,2.198,82.692,2.5,0.6,1,0,0,OFFBOARD
654,OUTBOUND,66.37,72.791,-0.969,1.518,1.627,-1.078,-0.678,72.791,-1.169,1.627,0.168,0.167,1,0.104,1.953,2.166,83.142,2.5,0.6,1,0,0,OFFBOARD
655,OUTBOUND,66.47,72.793,-0.969,1.516,1.627,-1.078,-0.678,72.793,-1.169,1.627,0.194,0.194,1,0.115,1.954,2.155,83.592,2.44,0.6,1,0,0,OFFBOARD
656,OUTBOUND,66.57,72.794,-0.969,1.515,1.627,-1.078,-0.678,72.794,-1.169,1.627,0.214,0.214,1,0.124,1.96,2.146,84.042,2.33,0.6,1,0,0,OFFBOARD
657,OUTBOUND,66.67,72.794,-0.969,1.515,1.627,-1.078,-0.678,72.794,-1.169,1.627,0.204,0.204,1,0.12,1.941,2.137,84.492,2.269,0.6,1,0,0,OFFBOARD
658,OUTBOUND,66.77,72.794,-0.969,1.514,1.627,-1.078,-0.678,72.794,-1.169,1.627,0.203,0.203,1,0.12,1.938,2.133,84.942,2.207,0.6,1,0,0,OFFBOARD
659,OUTBOUND,66.87,72.795,-0.969,1.514,1.627,-1.078,-0.678,72.795,-1.169,1.627,0.203,0.203,1,0.119,1.93,2.125,85.392,2.145,0.6,1,0,0,OFFBOARD
660,OUTBOUND,66.98,72.795,-0.969,1.513,1.627,-1.078,-0.678,72.795,-1.169,1.627,0.203,0.203,1,0.12,1.924,2.119,85.842,2.082,0.6,1,0,0,OFFBOARD
661,OUTBOUND,67.08,72.796,-0.969,1.513,1.627,-1.078,-0.678,72.796,-1.169,1.627,0.206,0.206,1,0.121,1.919,2.114,86.292,1.969,0.6,1,0,0,OFFBOARD
662,OUTBOUND,67.18,72.796,-0.969,1.512,1.627,-1.078,-0.678,72.796,-1.169,1.627,0.205,0.205,1,0.12,1.911,2.105,86.742,1.857,0.6,1,0,0,OFFBOARD
663,OUTBOUND,67.28,72.797,-0.969,1.511,1.627,-1.078,-0.678,72.797,-1.169,1.627,0.204,0.204,1,0.12,1.9,2.096,87.192,1.749,0.6,1,0,0,OFFBOARD
664,OUTBOUND,67.38,72.798,-0.969,1.51,1.627,-1.078,-0.678,72.798,-1.169,1.627,0.205,0.205,1,0.12,1.889,2.084,87.642,1.638,0.6,1,0,0,OFFBOARD
665,OUTBOUND,67.48,72.8,-0.969,1.509,1.627,-1.078,-0.678,72.8,-1.169,1.627,0.209,0.209,1,0.122,1.871,2.059,88.092,1.526,0.6,1,0,0,OFFBOARD
666,OUTBOUND,67.59,72.802,-0.968,1.506,1.627,-1.078,-0.678,72.802,-1.168,1.627,1.825,0.236,1,0.133,1.85,1.895,88.542,1.417,0.6,1,0,0,OFFBOARD
667,OUTBOUND,67.69,72.806,-0.967,1.499,1.627,-1.078,-0.678,72.806,-1.167,1.627,1.616,1.514,1,0.172,1.747,1.79,88.992,1.516,0.6,0,0,0,OFFBOARD
668,OUTBOUND,67.79,72.81,-0.966,1.491,1.627,-1.078,-0.678,72.81,-1.166,1.627,1.623,1.563,1,1.486,1.769,1.773,89.442,1.625,0.6,0,0,0,OFFBOARD
669,OUTBOUND,67.89,72.811,-0.965,1.486,1.627,-1.078,-0.678,72.811,-1.165,1.627,1.664,1.599,1,1.514,1.805,1.795,89.892,1.728,0.6,0,0,0,OFFBOARD
670,OUTBOUND,67.99,72.813,-0.964,1.483,1.627,-1.078,-0.678,72.813,-1.164,1.627,1.685,1.632,1,1.531,1.828,1.81,90.342,1.832,0.6,0,0,0,OFFBOARD
671,OUTBOUND,68.09,72.814,-0.964,1.48,1.627,-1.078,-0.678,72.814,-1.164,1.627,1.697,1.651,1,1.546,1.847,1.82,90.792,1.936,0.6,0,0,0,OFFBOARD
672,OUTBOUND,68.19,72.815,-0.964,1.475,1.627,-1.078,-0.678,72.815,-1.164,1.627,1.71,1.666,1,1.561,1.868,1.83,91.242,2.042,0.6,0,0,0,OFFBOARD
673,OUTBOUND,68.3,72.819,-0.963,1.464,1.627,-1.078,-0.678,72.819,-1.163,1.627,1.777,1.721,1,1.632,1.888,1.883,91.692,2.16,0.6,0,0,0,OFFBOARD
674,OUTBOUND,68.4,72.821,-0.959,1.455,1.627,-1.078,-0.678,72.821,-1.159,1.627,1.864,1.824,1,1.698,1.88,2.34,92.142,2.27,0.6,0,0,0,OFFBOARD
675,OUTBOUND,68.5,72.821,-0.963,1.46,1.627,-1.078,-0.678,72.821,-1.163,1.627,1.808,1.762,1,1.656,1.875,2.248,92.592,2.378,0.6,0,0,0,OFFBOARD
676,OUTBOUND,68.6,72.823,-0.963,1.456,1.627,-1.078,-0.678,72.823,-1.163,1.627,1.811,1.798,1,1.67,1.873,2.328,93.042,2.479,0.6,0,0,0,OFFBOARD
677,OUTBOUND,68.7,72.825,-0.963,1.455,1.627,-1.078,-0.678,72.825,-1.163,1.627,1.82,1.809,1,1.677,1.881,2.337,93.492,2.5,0.601,0,0,0,OFFBOARD
678,OUTBOUND,68.8,72.826,-0.964,1.454,1.627,-1.078,-0.678,72.826,-1.164,1.627,1.843,1.82,1,1.681,1.889,2.344,93.942,2.5,0.601,0,0,0,OFFBOARD
679,OUTBOUND,68.9,72.826,-0.964,1.454,1.627,-1.078,-0.678,72.826,-1.164,1.627,1.846,1.823,1,1.682,1.889,2.346,94.392,2.5,0.601,0,0,0,OFFBOARD
680,OUTBOUND,69.0,72.826,-0.964,1.454,1.627,-1.078,-0.678,72.826,-1.164,1.627,1.848,1.823,1,1.682,1.89,2.347,94.842,2.5,0.601,0,0,0,OFFBOARD
681,OUTBOUND,69.11,72.826,-0.964,1.454,1.627,-1.078,-0.678,72.826,-1.164,1.627,1.849,1.824,1,1.683,1.89,2.347,95.291,2.5,0.6,0,0,0,OFFBOARD
682,OUTBOUND,69.21,72.826,-0.964,1.454,1.627,-1.078,-0.678,72.826,-1.164,1.627,1.851,1.825,1,1.683,1.89,2.347,95.741,2.5,0.6,0,0,0,OFFBOARD
683,OUTBOUND,69.31,72.827,-0.964,1.454,1.627,-1.078,-0.678,72.826,-1.164,1.627,1.853,1.825,1,1.683,1.89,2.348,96.191,2.5,0.6,0,0,0,OFFBOARD
684,OUTBOUND,69.41,72.826,-0.964,1.454,1.627,-1.078,-0.678,72.826,-1.164,1.627,1.855,1.826,1,1.683,1.891,2.348,96.641,2.5,0.6,0,0,0,OFFBOARD
685,OUTBOUND,69.51,72.827,-0.964,1.454,1.627,-1.078,-0.678,72.826,-1.164,1.627,1.856,1.827,1,1.683,1.891,2.348,97.091,2.5,0.6,0,0,0,OFFBOARD
686,OUTBOUND,69.61,72.826,-0.964,1.454,1.627,-1.078,-0.678,72.826,-1.164,1.627,1.858,1.828,1,1.683,1.891,2.349,97.541,2.5,0.6,0,0,0,OFFBOARD
687,OUTBOUND,69.72,72.827,-0.964,1.454,1.627,-1.078,-0.678,72.826,-1.164,1.627,1.859,1.828,1,1.684,1.891,2.349,97.991,2.5,0.6,0,0,0,OFFBOARD
688,OUTBOUND,69.82,72.827,-0.964,1.454,1.627,-1.078,-0.678,72.827,-1.164,1.627,1.861,1.829,1,1.684,1.892,2.349,98.441,2.5,0.6,0,0,0,OFFBOARD
689,OUTBOUND,69.92,72.827,-0.964,1.454,1.627,-1.078,-0.678,72.827,-1.164,1.627,1.859,1.83,1,1.684,1.892,2.35,98.891,2.5,0.6,0,0,0,OFFBOARD
690,OUTBOUND,70.02,72.827,-0.964,1.454,1.627,-1.078,-0.678,72.827,-1.164,1.627,1.858,1.83,1,1.684,1.893,2.35,99.341,2.5,0.6,0,0,0,OFFBOARD
691,OUTBOUND,70.12,72.827,-0.964,1.453,1.627,-1.078,-0.678,72.827,-1.164,1.627,1.857,1.831,1,1.684,1.893,2.35,99.791,2.5,0.6,0,0,0,OFFBOARD
692,OUTBOUND,70.22,72.827,-0.964,1.453,1.627,-1.078,-0.678,72.827,-1.164,1.627,1.856,1.832,1,1.685,1.893,2.35,100.0,2.5,0.6,0,0,0,OFFBOARD
693,OUTBOUND,70.33,72.827,-0.964,1.453,1.627,-1.078,-0.678,72.827,-1.164,1.627,1.856,1.832,1,1.685,1.893,2.351,100.0,2.5,0.6,0,0,0,OFFBOARD
694,OUTBOUND,70.43,72.827,-0.964,1.453,1.627,-1.078,-0.678,72.827,-1.164,1.627,1.854,1.833,1,1.685,1.894,2.351,100.0,2.5,0.6,0,0,0,OFFBOARD
695,OUTBOUND,70.53,72.827,-0.964,1.453,1.627,-1.078,-0.678,72.827,-1.164,1.627,1.853,1.833,1,1.685,1.894,2.351,100.0,2.5,0.601,0,0,0,OFFBOARD
696,OUTBOUND,70.63,72.827,-0.964,1.453,1.627,-1.078,-0.678,72.827,-1.164,1.627,1.853,1.834,1,1.685,1.894,2.351,100.0,2.5,0.602,0,0,0,OFFBOARD
697,OUTBOUND,70.73,72.827,-0.964,1.453,1.627,-1.078,-0.678,72.827,-1.164,1.627,1.852,1.834,1,1.685,1.894,2.351,100.0,2.5,0.604,0,0,0,OFFBOARD
698,OUTBOUND,70.83,72.827,-0.964,1.453,1.627,-1.078,-0.678,72.827,-1.164,1.627,1.852,1.834,1,1.685,1.894,2.352,100.0,2.5,0.605,0,0,0,OFFBOARD
699,OUTBOUND,70.93,72.827,-0.964,1.453,1.627,-1.078,-0.678,72.827,-1.164,1.627,1.85,1.836,1,1.686,1.895,2.352,100.0,2.5,0.606,0,0,0,OFFBOARD
700,OUTBOUND,71.03,72.827,-0.964,1.453,1.627,-1.078,-0.678,72.827,-1.164,1.627,1.849,1.837,1,1.686,1.895,2.352,100.0,2.5,0.607,0,0,0,OFFBOARD
701,OUTBOUND,71.14,72.827,-0.964,1.453,1.627,-1.078,-0.678,72.827,-1.164,1.627,1.848,1.837,1,1.686,1.895,2.353,100.0,2.5,0.609,0,0,0,OFFBOARD
702,OUTBOUND,71.24,72.827,-0.964,1.453,1.627,-1.078,-0.678,72.827,-1.164,1.627,1.848,1.838,1,1.686,1.895,2.353,100.0,2.5,0.609,0,0,0,OFFBOARD
703,OUTBOUND,71.34,72.827,-0.964,1.453,1.627,-1.078,-0.678,72.827,-1.164,1.627,1.847,1.838,1,1.686,1.896,2.353,100.0,2.5,0.611,0,0,0,OFFBOARD
704,OUTBOUND,71.44,72.827,-0.964,1.453,1.627,-1.078,-0.678,72.827,-1.164,1.627,1.847,1.839,1,1.686,1.896,2.353,100.0,2.5,0.613,0,0,0,OFFBOARD
705,OUTBOUND,71.54,72.827,-0.964,1.453,1.627,-1.078,-0.678,72.827,-1.164,1.627,1.846,1.839,1,1.686,1.896,2.353,100.0,2.5,0.614,0,0,0,OFFBOARD
706,OUTBOUND,71.64,72.827,-0.964,1.452,1.627,-1.078,-0.678,72.827,-1.164,1.627,1.845,1.84,1,1.686,1.896,2.354,100.0,2.5,0.615,0,0,0,OFFBOARD
707,OUTBOUND,71.74,72.827,-0.964,1.452,1.627,-1.078,-0.678,72.827,-1.164,1.627,1.845,1.84,1,1.686,1.896,2.354,100.0,2.5,0.617,0,0,0,OFFBOARD
708,OUTBOUND,71.85,72.827,-0.964,1.452,1.627,-1.078,-0.678,72.827,-1.164,1.627,1.844,1.841,1,1.686,1.897,2.354,100.0,2.5,0.618,0,0,0,OFFBOARD
709,OUTBOUND,71.95,72.827,-0.964,1.452,1.627,-1.078,-0.678,72.827,-1.164,1.627,1.843,1.842,1,1.687,1.897,2.354,100.0,2.5,0.62,0,0,0,OFFBOARD
710,OUTBOUND,72.05,72.827,-0.964,1.452,1.627,-1.078,-0.678,72.827,-1.164,1.627,1.843,1.842,1,1.687,1.897,2.354,100.0,2.5,0.622,0,0,0,OFFBOARD
711,OUTBOUND,72.15,72.827,-0.964,1.452,1.627,-1.078,-0.678,72.827,-1.164,1.627,1.842,1.842,1,1.687,1.897,2.354,100.0,2.5,0.624,0,0,0,OFFBOARD
712,OUTBOUND,72.25,72.827,-0.964,1.452,1.627,-1.078,-0.678,72.827,-1.164,1.627,1.842,1.842,1,1.687,1.897,2.354,100.0,2.5,0.627,0,0,0,OFFBOARD
713,OUTBOUND,72.35,72.827,-0.964,1.452,1.627,-1.078,-0.678,72.827,-1.164,1.627,1.84,1.84,1,1.687,1.898,2.355,100.0,2.5,0.629,0,0,0,OFFBOARD
714,OUTBOUND,72.45,72.827,-0.964,1.452,1.627,-1.078,-0.678,72.827,-1.164,1.627,1.84,1.84,1,1.687,1.898,2.355,100.0,2.5,0.63,0,0,0,OFFBOARD
715,OUTBOUND,72.56,72.827,-0.964,1.452,1.627,-1.078,-0.678,72.827,-1.164,1.627,1.839,1.839,1,1.687,1.898,2.355,100.0,2.5,0.632,0,0,0,OFFBOARD
716,OUTBOUND,72.66,72.827,-0.964,1.452,1.627,-1.078,-0.678,72.827,-1.164,1.627,1.838,1.838,1,1.687,1.898,2.356,100.0,2.5,0.634,0,0,0,OFFBOARD
717,OUTBOUND,72.76,72.827,-0.964,1.452,1.627,-1.078,-0.678,72.827,-1.164,1.627,1.838,1.838,1,1.687,1.899,2.355,100.0,2.5,0.634,0,0,0,OFFBOARD
718,OUTBOUND,72.86,72.827,-0.964,1.452,1.627,-1.078,-0.678,72.827,-1.164,1.627,1.837,1.837,1,1.688,1.899,2.356,100.0,2.5,0.635,0,0,0,OFFBOARD
719,OUTBOUND,72.96,72.827,-0.964,1.452,1.627,-1.078,-0.678,72.827,-1.164,1.627,1.837,1.837,1,1.688,1.899,2.356,100.0,2.5,0.635,0,0,0,OFFBOARD
720,OUTBOUND,73.06,72.827,-0.964,1.451,1.627,-1.078,-0.678,72.827,-1.164,1.627,1.836,1.836,1,1.688,1.899,2.356,100.0,2.5,0.635,0,0,0,OFFBOARD
721,OUTBOUND,73.17,72.827,-0.964,1.451,1.627,-1.078,-0.678,72.827,-1.164,1.627,1.835,1.835,1,1.688,1.899,2.357,100.0,2.5,0.635,0,0,0,OFFBOARD
722,OUTBOUND,73.27,72.827,-0.964,1.451,1.627,-1.078,-0.678,72.827,-1.164,1.627,1.834,1.834,1,1.688,1.9,2.357,100.0,2.5,0.635,0,0,0,OFFBOARD
723,OUTBOUND,73.37,72.827,-0.964,1.451,1.627,-1.078,-0.678,72.827,-1.164,1.627,1.834,1.834,1,1.688,1.9,2.357,100.0,2.5,0.636,0,0,0,OFFBOARD
724,OUTBOUND,73.47,72.827,-0.964,1.451,1.627,-1.078,-0.678,72.827,-1.164,1.627,1.833,1.833,1,1.688,1.9,2.357,100.0,2.5,0.637,0,0,0,OFFBOARD
725,OUTBOUND,73.57,72.827,-0.964,1.451,1.627,-1.078,-0.678,72.827,-1.164,1.627,1.833,1.833,1,1.688,1.9,2.358,100.0,2.5,0.638,0,0,0,OFFBOARD
726,OUTBOUND,73.67,72.827,-0.964,1.451,1.627,-1.078,-0.678,72.827,-1.164,1.627,1.832,1.832,1,1.688,1.9,2.357,100.0,2.5,0.64,0,0,0,OFFBOARD
727,OUTBOUND,73.77,72.827,-0.964,1.451,1.627,-1.078,-0.678,72.827,-1.164,1.627,1.832,1.832,1,1.688,1.901,2.358,100.0,2.5,0.643,0,0,0,OFFBOARD
728,OUTBOUND,73.88,72.827,-0.964,1.451,1.627,-1.078,-0.678,72.827,-1.164,1.627,1.831,1.831,1,1.689,1.901,2.357,100.0,2.5,0.644,0,0,0,OFFBOARD
729,OUTBOUND,73.98,72.827,-0.964,1.451,1.627,-1.078,-0.678,72.827,-1.164,1.627,1.831,1.831,1,1.689,1.901,2.358,100.0,2.5,0.645,0,0,0,OFFBOARD
730,OUTBOUND,74.08,72.827,-0.964,1.451,1.627,-1.078,-0.678,72.827,-1.164,1.627,1.83,1.83,1,1.689,1.901,2.358,100.0,2.5,0.647,0,0,0,OFFBOARD
731,OUTBOUND,74.18,72.827,-0.964,1.451,1.627,-1.078,-0.678,72.827,-1.164,1.627,1.83,1.83,1,1.689,1.901,2.358,100.0,2.5,0.649,0,0,0,OFFBOARD
732,OUTBOUND,74.28,72.827,-0.964,1.451,1.627,-1.078,-0.678,72.827,-1.164,1.627,1.83,1.83,1,1.689,1.901,2.358,100.0,2.5,0.651,0,0,0,OFFBOARD
733,OUTBOUND,74.38,72.827,-0.964,1.451,1.627,-1.078,-0.678,72.827,-1.164,1.627,1.829,1.829,1,1.689,1.902,2.358,100.0,2.5,0.652,0,0,0,OFFBOARD
734,OUTBOUND,74.49,72.827,-0.964,1.451,1.627,-1.078,-0.678,72.827,-1.164,1.627,1.829,1.829,1,1.689,1.902,2.359,100.0,2.5,0.652,0,0,0,OFFBOARD
735,OUTBOUND,74.59,72.827,-0.964,1.451,1.627,-1.078,-0.678,72.827,-1.164,1.627,1.829,1.829,1,1.689,1.902,2.359,100.0,2.5,0.653,0,0,0,OFFBOARD
736,OUTBOUND,74.69,72.827,-0.964,1.45,1.627,-1.078,-0.678,72.827,-1.164,1.627,1.829,1.829,1,1.689,1.902,2.359,100.0,2.5,0.654,0,0,0,OFFBOARD
737,OUTBOUND,74.79,72.827,-0.964,1.45,1.627,-1.078,-0.678,72.827,-1.164,1.627,1.829,1.829,1,1.689,1.902,2.359,100.0,2.5,0.655,0,0,0,OFFBOARD
738,OUTBOUND,74.89,72.827,-0.964,1.45,1.627,-1.078,-0.678,72.827,-1.164,1.627,1.829,1.829,1,1.689,1.902,2.359,100.0,2.5,0.655,0,0,0,OFFBOARD
739,OUTBOUND,74.99,72.827,-0.964,1.45,1.627,-1.078,-0.678,72.827,-1.164,1.627,1.829,1.829,1,1.689,1.902,2.359,100.0,2.5,0.656,0,0,0,OFFBOARD
740,OUTBOUND,75.09,72.827,-0.964,1.45,1.627,-1.078,-0.678,72.827,-1.164,1.627,1.829,1.829,1,1.689,1.903,2.359,100.0,2.5,0.657,0,0,0,OFFBOARD
741,OUTBOUND,75.2,72.827,-0.964,1.45,1.627,-1.078,-0.678,72.827,-1.164,1.627,1.83,1.83,1,1.689,1.903,2.359,100.0,2.5,0.659,0,0,0,OFFBOARD
742,OUTBOUND,75.3,72.827,-0.964,1.45,1.627,-1.078,-0.678,72.827,-1.164,1.627,1.83,1.83,1,1.689,1.903,2.36,100.0,2.5,0.661,0,0,0,OFFBOARD
743,OUTBOUND,75.4,72.827,-0.964,1.45,1.627,-1.078,-0.678,72.827,-1.164,1.627,1.83,1.83,1,1.689,1.903,2.359,100.0,2.5,0.662,0,0,0,OFFBOARD
744,OUTBOUND,75.5,72.828,-0.964,1.45,1.627,-1.078,-0.678,72.827,-1.164,1.627,1.831,1.831,1,1.689,1.903,2.36,100.0,2.5,0.663,0,0,0,OFFBOARD
745,OUTBOUND,75.6,72.828,-0.964,1.45,1.627,-1.078,-0.678,72.827,-1.164,1.627,1.831,1.831,1,1.689,1.903,2.359,100.0,2.5,0.663,0,0,0,OFFBOARD
746,OUTBOUND,75.7,72.828,-0.964,1.45,1.627,-1.078,-0.678,72.828,-1.164,1.627,1.831,1.831,1,1.689,1.903,2.36,100.0,2.5,0.665,0,0,0,OFFBOARD
747,OUTBOUND,75.8,72.828,-0.964,1.45,1.627,-1.078,-0.678,72.828,-1.164,1.627,1.831,1.831,1,1.689,1.904,2.36,100.0,2.5,0.666,0,0,0,OFFBOARD
748,OUTBOUND,75.9,72.828,-0.964,1.45,1.627,-1.078,-0.678,72.828,-1.164,1.627,1.832,1.832,1,1.689,1.904,2.36,100.0,2.5,0.668,0,0,0,OFFBOARD
749,OUTBOUND,76.01,72.828,-0.964,1.45,1.627,-1.078,-0.678,72.828,-1.164,1.627,1.832,1.832,1,1.689,1.904,2.36,100.0,2.5,0.67,0,0,0,OFFBOARD
750,OUTBOUND,76.11,72.828,-0.964,1.45,1.627,-1.078,-0.678,72.828,-1.164,1.627,1.833,1.833,1,1.689,1.904,2.36,100.0,2.5,0.673,0,0,0,OFFBOARD
751,OUTBOUND,76.21,72.828,-0.964,1.45,1.627,-1.078,-0.678,72.828,-1.164,1.627,1.833,1.833,1,1.69,1.904,2.36,100.0,2.5,0.675,0,0,0,OFFBOARD
752,OUTBOUND,76.31,72.828,-0.964,1.45,1.627,-1.078,-0.678,72.828,-1.164,1.627,1.833,1.833,1,1.689,1.904,2.36,100.0,2.5,0.676,0,0,0,OFFBOARD
753,OUTBOUND,76.41,72.828,-0.964,1.449,1.627,-1.078,-0.678,72.828,-1.164,1.627,1.834,1.834,1,1.69,1.904,2.36,100.0,2.5,0.675,0,0,0,OFFBOARD
754,OUTBOUND,76.51,72.828,-0.964,1.449,1.627,-1.078,-0.678,72.828,-1.164,1.627,1.834,1.834,1,1.69,1.905,2.361,100.0,2.5,0.676,0,0,0,OFFBOARD
755,OUTBOUND,76.61,72.828,-0.964,1.449,1.627,-1.078,-0.678,72.828,-1.164,1.627,1.835,1.835,1,1.69,1.905,2.361,100.0,2.5,0.676,0,0,0,OFFBOARD
756,OUTBOUND,76.72,72.828,-0.964,1.449,1.627,-1.078,-0.678,72.828,-1.164,1.627,1.836,1.836,1,1.69,1.905,2.361,100.0,2.5,0.676,0,0,0,OFFBOARD
757,OUTBOUND,76.82,72.828,-0.964,1.449,1.627,-1.078,-0.678,72.828,-1.164,1.627,1.836,1.836,1,1.69,1.905,2.36,100.0,2.5,0.676,0,0,0,OFFBOARD
758,OUTBOUND,76.92,72.828,-0.964,1.449,1.627,-1.078,-0.678,72.828,-1.164,1.627,1.836,1.836,1,1.69,1.905,2.361,100.0,2.5,0.676,0,0,0,OFFBOARD
759,OUTBOUND,77.02,72.828,-0.964,1.449,1.627,-1.078,-0.678,72.828,-1.164,1.627,1.837,1.837,1,1.689,1.905,2.36,100.0,2.5,0.676,0,0,0,OFFBOARD
760,OUTBOUND,77.12,72.828,-0.964,1.449,1.627,-1.078,-0.678,72.828,-1.164,1.627,1.837,1.837,1,1.69,1.905,2.361,100.0,2.5,0.676,0,0,0,OFFBOARD
761,OUTBOUND,77.22,72.828,-0.964,1.449,1.627,-1.078,-0.678,72.828,-1.164,1.627,1.838,1.838,1,1.69,1.905,2.361,100.0,2.5,0.677,0,0,0,OFFBOARD
762,OUTBOUND,77.33,72.828,-0.964,1.449,1.627,-1.078,-0.678,72.828,-1.164,1.627,1.838,1.838,1,1.69,1.905,2.361,100.0,2.5,0.676,0,0,0,OFFBOARD
763,OUTBOUND,77.43,72.828,-0.964,1.449,1.627,-1.078,-0.678,72.828,-1.164,1.627,1.839,1.839,1,1.689,1.906,2.361,100.0,2.5,0.677,0,0,0,OFFBOARD
764,OUTBOUND,77.53,72.828,-0.964,1.449,1.627,-1.078,-0.678,72.828,-1.164,1.627,1.839,1.839,1,1.69,1.906,2.361,100.0,2.5,0.678,0,0,0,OFFBOARD
765,OUTBOUND,77.63,72.828,-0.964,1.449,1.627,-1.078,-0.678,72.828,-1.164,1.627,1.84,1.84,1,1.69,1.906,2.361,100.0,2.5,0.679,0,0,0,OFFBOARD
766,OUTBOUND,77.73,72.828,-0.964,1.449,1.627,-1.078,-0.678,72.828,-1.164,1.627,1.84,1.84,1,1.69,1.906,2.361,100.0,2.5,0.681,0,0,0,OFFBOARD
767,OUTBOUND,77.83,72.828,-0.964,1.449,1.627,-1.078,-0.678,72.828,-1.164,1.627,1.841,1.841,1,1.69,1.906,2.361,100.0,2.5,0.682,0,0,0,OFFBOARD
768,OUTBOUND,77.93,72.828,-0.964,1.449,1.627,-1.078,-0.678,72.828,-1.164,1.627,1.841,1.841,1,1.69,1.906,2.361,100.0,2.5,0.685,0,0,0,OFFBOARD
769,OUTBOUND,78.04,72.828,-0.964,1.449,1.627,-1.078,-0.678,72.828,-1.164,1.627,1.842,1.842,1,1.69,1.906,2.361,100.0,2.5,0.687,0,0,0,OFFBOARD
770,OUTBOUND,78.14,72.828,-0.964,1.448,1.627,-1.078,-0.678,72.828,-1.164,1.627,1.843,1.843,1,1.689,1.906,2.361,100.0,2.5,0.688,0,0,0,OFFBOARD
771,OUTBOUND,78.24,72.828,-0.964,1.448,1.627,-1.078,-0.678,72.828,-1.164,1.627,1.843,1.843,1,1.689,1.906,2.361,100.0,2.5,0.688,0,0,0,OFFBOARD
772,OUTBOUND,78.34,72.828,-0.964,1.448,1.627,-1.078,-0.678,72.828,-1.164,1.627,1.844,1.844,1,1.689,1.906,2.361,100.0,2.5,0.689,0,0,0,OFFBOARD
773,OUTBOUND,78.44,72.828,-0.964,1.448,1.627,-1.078,-0.678,72.828,-1.164,1.627,1.844,1.844,1,1.689,1.906,2.361,100.0,2.5,0.69,0,0,0,OFFBOARD
774,OUTBOUND,78.54,72.828,-0.964,1.448,1.627,-1.078,-0.678,72.828,-1.164,1.627,1.846,1.846,1,1.689,1.906,2.361,100.0,2.5,0.691,0,0,0,OFFBOARD
775,OUTBOUND,78.64,72.828,-0.964,1.448,1.627,-1.078,-0.678,72.828,-1.164,1.627,1.847,1.847,1,1.689,1.906,2.361,100.0,2.5,0.692,0,0,0,OFFBOARD
776,OUTBOUND,78.75,72.829,-0.964,1.448,1.627,-1.078,-0.678,72.828,-1.164,1.627,1.848,1.848,1,1.689,1.906,2.361,100.0,2.5,0.693,0,0,0,OFFBOARD
777,OUTBOUND,78.85,72.829,-0.964,1.448,1.627,-1.078,-0.678,72.828,-1.164,1.627,1.848,1.848,1,1.689,1.907,2.361,100.0,2.5,0.694,0,0,0,OFFBOARD
778,OUTBOUND,78.95,72.829,-0.964,1.448,1.627,-1.078,-0.678,72.829,-1.164,1.627,1.849,1.849,1,1.689,1.907,2.361,100.0,2.5,0.696,0,0,0,OFFBOARD
779,OUTBOUND,79.05,72.829,-0.964,1.448,1.627,-1.078,-0.678,72.829,-1.164,1.627,1.85,1.85,1,1.689,1.907,2.361,100.0,2.5,0.696,0,0,0,OFFBOARD
780,OUTBOUND,79.15,72.829,-0.964,1.448,1.627,-1.078,-0.678,72.829,-1.164,1.627,1.851,1.851,1,1.689,1.907,2.361,100.0,2.5,0.697,0,0,0,OFFBOARD
781,OUTBOUND,79.25,72.829,-0.964,1.448,1.627,-1.078,-0.678,72.829,-1.164,1.627,1.851,1.851,1,1.689,1.907,2.361,100.0,2.5,0.699,0,0,0,OFFBOARD
782,OUTBOUND,79.36,72.829,-0.964,1.448,1.627,-1.078,-0.678,72.829,-1.164,1.627,1.853,1.853,1,1.689,1.907,2.361,100.0,2.5,0.7,0,0,0,OFFBOARD
783,OUTBOUND,79.46,72.829,-0.964,1.448,1.627,-1.078,-0.678,72.829,-1.164,1.627,1.854,1.854,1,1.689,1.907,2.361,100.0,2.5,0.702,0,0,0,OFFBOARD
784,OUTBOUND,79.56,72.829,-0.964,1.448,1.627,-1.078,-0.678,72.829,-1.164,1.627,1.854,1.854,1,1.689,1.907,2.361,100.0,2.5,0.703,0,0,0,OFFBOARD
785,OUTBOUND,79.66,72.829,-0.964,1.448,1.627,-1.078,-0.678,72.829,-1.164,1.627,1.855,1.855,1,1.689,1.907,2.361,100.0,2.5,0.705,0,0,0,OFFBOARD
786,OUTBOUND,79.76,72.829,-0.964,1.448,1.627,-1.078,-0.678,72.829,-1.164,1.627,1.856,1.856,1,1.689,1.907,2.361,100.0,2.5,0.706,0,0,0,OFFBOARD
787,OUTBOUND,79.86,72.829,-0.964,1.448,1.627,-1.078,-0.678,72.829,-1.164,1.627,1.856,1.856,1,1.689,1.907,2.361,100.0,2.5,0.708,0,0,0,OFFBOARD
788,OUTBOUND,79.97,72.829,-0.964,1.448,1.627,-1.078,-0.678,72.829,-1.164,1.627,1.857,1.857,1,1.689,1.907,2.361,100.0,2.5,0.708,0,0,0,OFFBOARD
789,OUTBOUND,80.07,72.829,-0.964,1.447,1.627,-1.078,-0.678,72.829,-1.164,1.627,1.858,1.858,1,1.689,1.907,2.361,100.0,2.5,0.708,0,0,0,OFFBOARD
790,OUTBOUND,80.17,72.829,-0.964,1.447,1.627,-1.078,-0.678,72.829,-1.164,1.627,1.859,1.859,1,1.688,1.907,2.361,100.0,2.5,0.709,0,0,0,OFFBOARD
791,OUTBOUND,80.27,72.829,-0.964,1.447,1.627,-1.078,-0.678,72.829,-1.164,1.627,1.859,1.859,1,1.689,1.907,2.361,100.0,2.5,0.71,0,0,0,OFFBOARD
792,OUTBOUND,80.37,72.829,-0.964,1.447,1.627,-1.078,-0.678,72.829,-1.164,1.627,1.86,1.858,1,1.688,1.907,2.36,100.0,2.5,0.712,0,0,0,OFFBOARD
793,OUTBOUND,80.47,72.829,-0.964,1.447,1.627,-1.078,-0.678,72.829,-1.164,1.627,1.861,1.857,1,1.688,1.907,2.36,100.0,2.5,0.714,0,0,0,OFFBOARD
794,OUTBOUND,80.57,72.829,-0.964,1.447,1.627,-1.078,-0.678,72.829,-1.164,1.627,1.863,1.855,1,1.688,1.907,2.36,100.0,2.5,0.715,0,0,0,OFFBOARD
795,OUTBOUND,80.68,72.829,-0.964,1.447,1.627,-1.078,-0.678,72.829,-1.164,1.627,1.864,1.853,1,1.688,1.907,2.36,100.0,2.5,0.717,0,0,0,OFFBOARD
796,OUTBOUND,80.78,72.829,-0.964,1.447,1.627,-1.078,-0.678,72.829,-1.164,1.627,1.865,1.852,1,1.688,1.907,2.36,100.0,2.5,0.717,0,0,0,OFFBOARD
797,OUTBOUND,80.88,72.829,-0.964,1.447,1.627,-1.078,-0.678,72.829,-1.164,1.627,1.866,1.85,1,1.688,1.907,2.36,100.0,2.5,0.717,0,0,0,OFFBOARD
798,OUTBOUND,80.98,72.829,-0.964,1.447,1.627,-1.078,-0.678,72.829,-1.164,1.627,1.867,1.849,1,1.688,1.907,2.36,100.0,2.5,0.718,0,0,0,OFFBOARD
799,OUTBOUND,81.08,72.829,-0.964,1.447,1.627,-1.078,-0.678,72.829,-1.164,1.627,1.867,1.848,1,1.688,1.907,2.36,100.0,2.5,0.719,0,0,0,OFFBOARD
800,OUTBOUND,81.18,72.829,-0.964,1.447,1.627,-1.078,-0.678,72.829,-1.164,1.627,1.865,1.845,1,1.688,1.907,2.36,100.0,2.5,0.719,0,0,0,OFFBOARD
801,OUTBOUND,81.28,72.829,-0.964,1.447,1.627,-1.078,-0.678,72.829,-1.164,1.627,1.864,1.844,1,1.688,1.907,2.36,100.0,2.5,0.719,0,0,0,OFFBOARD
802,OUTBOUND,81.39,72.829,-0.964,1.447,1.627,-1.078,-0.678,72.829,-1.164,1.627,1.863,1.842,1,1.688,1.907,2.36,100.0,2.5,0.719,0,0,0,OFFBOARD
803,OUTBOUND,81.49,72.829,-0.964,1.447,1.627,-1.078,-0.678,72.829,-1.164,1.627,1.862,1.841,1,1.688,1.907,2.36,100.0,2.5,0.719,0,0,0,OFFBOARD
804,OUTBOUND,81.59,72.829,-0.964,1.447,1.627,-1.078,-0.678,72.829,-1.164,1.627,1.861,1.84,1,1.688,1.907,2.36,100.0,2.5,0.72,0,0,0,OFFBOARD
805,OUTBOUND,81.69,72.829,-0.964,1.447,1.627,-1.078,-0.678,72.829,-1.164,1.627,1.859,1.837,1,1.687,1.907,2.359,100.0,2.5,0.721,0,0,0,OFFBOARD
806,OUTBOUND,81.79,72.829,-0.964,1.447,1.627,-1.078,-0.678,72.829,-1.164,1.627,1.859,1.836,1,1.687,1.907,2.359,100.0,2.5,0.72,0,0,0,OFFBOARD
807,OUTBOUND,81.89,72.829,-0.964,1.447,1.627,-1.078,-0.678,72.829,-1.164,1.627,1.857,1.835,1,1.687,1.907,2.359,100.0,2.5,0.72,0,0,0,OFFBOARD
808,OUTBOUND,82.0,72.829,-0.964,1.447,1.627,-1.078,-0.678,72.829,-1.164,1.627,1.855,1.831,1,1.687,1.907,2.359,100.0,2.5,0.72,0,0,0,OFFBOARD
809,OUTBOUND,82.1,72.829,-0.964,1.447,1.627,-1.078,-0.678,72.829,-1.164,1.627,1.854,1.83,1,1.687,1.907,2.359,100.0,2.5,0.719,0,0,0,OFFBOARD
810,OUTBOUND,82.2,72.829,-0.964,1.447,1.627,-1.078,-0.678,72.829,-1.164,1.627,1.853,1.829,1,1.687,1.907,2.359,100.0,2.5,0.718,0,0,0,OFFBOARD
811,OUTBOUND,82.3,72.829,-0.964,1.447,1.627,-1.078,-0.678,72.829,-1.164,1.627,1.852,1.827,1,1.687,1.907,2.359,100.0,2.5,0.717,0,0,0,OFFBOARD
812,OUTBOUND,82.4,72.83,-0.964,1.447,1.627,-1.078,-0.678,72.829,-1.164,1.627,1.852,1.826,1,1.687,1.907,2.359,100.0,2.5,0.715,0,0,0,OFFBOARD
813,OUTBOUND,82.5,72.83,-0.964,1.447,1.627,-1.078,-0.678,72.83,-1.164,1.627,1.85,1.824,1,1.687,1.907,2.359,100.0,2.5,0.713,0,0,0,OFFBOARD
814,OUTBOUND,82.6,72.83,-0.964,1.446,1.627,-1.078,-0.678,72.83,-1.164,1.627,1.849,1.822,1,1.686,1.907,2.359,100.0,2.5,0.71,0,0,0,OFFBOARD
815,OUTBOUND,82.71,72.83,-0.964,1.446,1.627,-1.078,-0.678,72.83,-1.164,1.627,1.848,1.82,1,1.686,1.907,2.358,100.0,2.5,0.708,0,0,0,OFFBOARD
816,OUTBOUND,82.81,72.83,-0.964,1.446,1.627,-1.078,-0.678,72.83,-1.164,1.627,1.847,1.819,1,1.686,1.907,2.358,100.0,2.5,0.705,0,0,0,OFFBOARD
817,OUTBOUND,82.91,72.83,-0.964,1.446,1.627,-1.078,-0.678,72.83,-1.164,1.627,1.846,1.818,1,1.686,1.907,2.358,100.0,2.5,0.703,0,0,0,OFFBOARD
818,OUTBOUND,83.01,72.83,-0.964,1.446,1.627,-1.078,-0.678,72.83,-1.164,1.627,1.845,1.817,1,1.686,1.907,2.358,100.0,2.5,0.702,0,0,0,OFFBOARD
819,OUTBOUND,83.11,72.83,-0.964,1.446,1.627,-1.078,-0.678,72.83,-1.164,1.627,1.844,1.815,1,1.686,1.906,2.358,100.0,2.5,0.701,0,0,0,OFFBOARD
820,OUTBOUND,83.21,72.83,-0.964,1.446,1.627,-1.078,-0.678,72.83,-1.164,1.627,1.843,1.814,1,1.686,1.906,2.358,100.0,2.5,0.699,0,0,0,OFFBOARD
821,OUTBOUND,83.31,72.83,-0.964,1.446,1.627,-1.078,-0.678,72.83,-1.164,1.627,1.843,1.814,1,1.686,1.906,2.357,100.0,2.5,0.697,0,0,0,OFFBOARD
822,OUTBOUND,83.41,72.83,-0.964,1.446,1.627,-1.078,-0.678,72.83,-1.164,1.627,1.842,1.813,1,1.686,1.906,2.357,100.0,2.5,0.695,0,0,0,OFFBOARD
823,OUTBOUND,83.52,72.83,-0.964,1.446,1.627,-1.078,-0.678,72.83,-1.164,1.627,1.841,1.812,1,1.685,1.906,2.357,100.0,2.5,0.693,0,0,0,OFFBOARD
824,OUTBOUND,83.62,72.83,-0.964,1.446,1.627,-1.078,-0.678,72.83,-1.164,1.627,1.841,1.811,1,1.685,1.906,2.357,100.0,2.5,0.692,0,0,0,OFFBOARD
825,OUTBOUND,83.72,72.83,-0.964,1.446,1.627,-1.078,-0.678,72.83,-1.164,1.627,1.84,1.81,1,1.685,1.906,2.357,100.0,2.5,0.69,0,0,0,OFFBOARD
826,OUTBOUND,83.82,72.83,-0.964,1.446,1.627,-1.078,-0.678,72.83,-1.164,1.627,1.839,1.81,1,1.685,1.906,2.357,100.0,2.5,0.688,0,0,0,OFFBOARD
827,OUTBOUND,83.92,72.83,-0.964,1.446,1.627,-1.078,-0.678,72.83,-1.164,1.627,1.838,1.809,1,1.685,1.906,2.356,100.0,2.5,0.686,0,0,0,OFFBOARD
828,OUTBOUND,84.02,72.83,-0.964,1.446,1.627,-1.078,-0.678,72.83,-1.164,1.627,1.837,1.808,1,1.685,1.906,2.356,100.0,2.5,0.684,0,0,0,OFFBOARD
829,OUTBOUND,84.13,72.83,-0.964,1.446,1.627,-1.078,-0.678,72.83,-1.164,1.627,1.837,1.807,1,1.685,1.906,2.356,100.0,2.5,0.682,0,0,0,OFFBOARD
830,OUTBOUND,84.23,72.83,-0.964,1.446,1.627,-1.078,-0.678,72.83,-1.164,1.627,1.836,1.806,1,1.685,1.906,2.356,100.0,2.5,0.68,0,0,0,OFFBOARD
831,OUTBOUND,84.33,72.83,-0.964,1.446,1.627,-1.078,-0.678,72.83,-1.164,1.627,1.835,1.806,1,1.685,1.906,2.356,100.0,2.5,0.678,0,0,0,OFFBOARD
832,OUTBOUND,84.43,72.83,-0.964,1.446,1.627,-1.078,-0.678,72.83,-1.164,1.627,1.834,1.805,1,1.684,1.906,2.356,100.0,2.5,0.676,0,0,0,OFFBOARD
833,OUTBOUND,84.53,72.831,-0.964,1.446,1.627,-1.078,-0.678,72.83,-1.164,1.627,1.834,1.804,1,1.684,1.906,2.355,100.0,2.5,0.674,0,0,0,OFFBOARD
834,OUTBOUND,84.63,72.831,-0.964,1.446,1.627,-1.078,-0.678,72.831,-1.164,1.627,1.833,1.804,1,1.684,1.906,2.355,100.0,2.5,0.672,0,0,0,OFFBOARD
835,OUTBOUND,84.74,72.831,-0.964,1.446,1.627,-1.078,-0.678,72.831,-1.164,1.627,1.833,1.803,1,1.684,1.905,2.355,100.0,2.5,0.671,0,0,0,OFFBOARD
836,OUTBOUND,84.84,72.831,-0.964,1.446,1.627,-1.078,-0.678,72.831,-1.164,1.627,1.832,1.802,1,1.684,1.905,2.355,100.0,2.5,0.668,0,0,0,OFFBOARD
837,OUTBOUND,84.94,72.831,-0.964,1.446,1.627,-1.078,-0.678,72.831,-1.164,1.627,1.831,1.802,1,1.684,1.905,2.355,100.0,2.5,0.666,0,0,0,OFFBOARD
838,OUTBOUND,85.04,72.831,-0.964,1.446,1.627,-1.078,-0.678,72.831,-1.164,1.627,1.831,1.802,1,1.684,1.905,2.355,100.0,2.5,0.664,0,0,0,OFFBOARD
839,OUTBOUND,85.14,72.831,-0.964,1.446,1.627,-1.078,-0.678,72.831,-1.164,1.627,1.83,1.801,1,1.684,1.905,2.355,100.0,2.5,0.661,0,0,0,OFFBOARD
840,OUTBOUND,85.24,72.831,-0.964,1.446,1.627,-1.078,-0.678,72.831,-1.164,1.627,1.83,1.801,1,1.683,1.905,2.354,100.0,2.5,0.658,0,0,0,OFFBOARD
841,OUTBOUND,85.34,72.831,-0.964,1.446,1.627,-1.078,-0.678,72.831,-1.164,1.627,1.829,1.8,1,1.683,1.905,2.354,100.0,2.5,0.656,0,0,0,OFFBOARD
842,OUTBOUND,85.44,72.831,-0.964,1.445,1.627,-1.078,-0.678,72.831,-1.164,1.627,1.829,1.8,1,1.683,1.905,2.354,100.0,2.5,0.653,0,0,0,OFFBOARD
843,OUTBOUND,85.55,72.831,-0.964,1.445,1.627,-1.078,-0.678,72.831,-1.164,1.627,1.828,1.8,1,1.683,1.905,2.354,100.0,2.5,0.651,0,0,0,OFFBOARD
844,OUTBOUND,85.65,72.831,-0.964,1.445,1.627,-1.078,-0.678,72.831,-1.164,1.627,1.828,1.799,1,1.683,1.905,2.354,100.0,2.5,0.648,0,0,0,OFFBOARD
845,OUTBOUND,85.75,72.831,-0.964,1.445,1.627,-1.078,-0.678,72.831,-1.164,1.627,1.827,1.799,1,1.683,1.905,2.353,100.0,2.5,0.645,0,0,0,OFFBOARD
846,OUTBOUND,85.85,72.831,-0.964,1.445,1.627,-1.078,-0.678,72.831,-1.164,1.627,1.826,1.799,1,1.682,1.905,2.353,100.0,2.5,0.642,0,0,0,OFFBOARD
847,OUTBOUND,85.95,72.831,-0.964,1.445,1.627,-1.078,-0.678,72.831,-1.164,1.627,1.826,1.798,1,1.682,1.904,2.353,100.0,2.5,0.639,0,0,0,OFFBOARD
848,OUTBOUND,86.05,72.831,-0.964,1.445,1.627,-1.078,-0.678,72.831,-1.164,1.627,1.825,1.798,1,1.682,1.904,2.353,100.0,2.5,0.635,0,0,0,OFFBOARD
849,OUTBOUND,86.15,72.831,-0.964,1.445,1.627,-1.078,-0.678,72.831,-1.164,1.627,1.825,1.798,1,1.682,1.904,2.353,100.0,2.5,0.631,0,0,0,OFFBOARD
850,OUTBOUND,86.26,72.831,-0.964,1.445,1.627,-1.078,-0.678,72.831,-1.164,1.627,1.825,1.798,1,1.682,1.904,2.352,100.0,2.5,0.627,0,0,0,OFFBOARD
851,OUTBOUND,86.36,72.831,-0.964,1.445,1.627,-1.078,-0.678,72.831,-1.164,1.627,1.824,1.798,1,1.682,1.904,2.352,100.0,2.5,0.623,0,0,0,OFFBOARD
852,OUTBOUND,86.46,72.832,-0.964,1.445,1.627,-1.078,-0.678,72.831,-1.164,1.627,1.823,1.798,1,1.682,1.904,2.352,100.0,2.5,0.62,0,0,0,OFFBOARD
853,OUTBOUND,86.56,72.832,-0.964,1.445,1.627,-1.078,-0.678,72.832,-1.164,1.627,1.823,1.797,1,1.681,1.904,2.352,100.0,2.5,0.617,0,0,0,OFFBOARD
854,OUTBOUND,86.66,72.832,-0.964,1.445,1.627,-1.078,-0.678,72.832,-1.164,1.627,1.822,1.797,1,1.681,1.904,2.352,100.0,2.5,0.614,0,0,0,OFFBOARD
855,OUTBOUND,86.76,72.832,-0.964,1.445,1.627,-1.078,-0.678,72.832,-1.164,1.627,1.822,1.797,1,1.681,1.904,2.351,100.0,2.5,0.611,0,0,0,OFFBOARD
856,OUTBOUND,86.87,72.832,-0.964,1.445,1.627,-1.078,-0.678,72.832,-1.164,1.627,1.822,1.797,1,1.681,1.903,2.351,100.0,2.5,0.608,0,0,0,OFFBOARD
857,OUTBOUND,86.97,72.832,-0.964,1.445,1.627,-1.078,-0.678,72.832,-1.164,1.627,1.821,1.797,1,1.681,1.903,2.351,100.0,2.5,0.605,0,0,0,OFFBOARD
858,OUTBOUND,87.07,72.832,-0.964,1.445,1.627,-1.078,-0.678,72.832,-1.164,1.627,1.821,1.797,1,1.681,1.903,2.351,100.0,2.5,0.601,0,0,0,OFFBOARD
859,OUTBOUND,87.17,72.832,-0.964,1.445,1.627,-1.078,-0.678,72.832,-1.164,1.627,1.821,1.796,1,1.681,1.903,2.35,100.0,2.5,0.6,0,0,0,OFFBOARD
860,OUTBOUND,87.27,72.832,-0.964,1.445,1.627,-1.078,-0.678,72.832,-1.164,1.627,1.821,1.797,1,1.681,1.903,2.35,100.0,2.5,0.6,0,0,0,OFFBOARD
861,OUTBOUND,87.37,72.832,-0.964,1.445,1.627,-1.078,-0.678,72.832,-1.164,1.627,1.821,1.797,1,1.68,1.903,2.35,100.0,2.5,0.6,0,0,0,OFFBOARD
862,OUTBOUND,87.48,72.832,-0.964,1.445,1.627,-1.078,-0.678,72.832,-1.164,1.627,1.821,1.797,1,1.68,1.903,2.35,100.0,2.5,0.6,0,0,0,OFFBOARD
863,OUTBOUND,87.58,72.832,-0.964,1.445,1.627,-1.078,-0.678,72.832,-1.164,1.627,1.821,1.797,1,1.68,1.902,2.35,100.0,2.5,0.6,0,0,0,OFFBOARD
864,OUTBOUND,87.68,72.832,-0.964,1.445,1.627,-1.078,-0.678,72.832,-1.164,1.627,1.821,1.797,1,1.68,1.902,2.349,100.0,2.5,0.6,0,0,0,OFFBOARD
865,OUTBOUND,87.78,72.832,-0.964,1.445,1.627,-1.078,-0.678,72.832,-1.164,1.627,1.821,1.797,1,1.679,1.902,2.349,100.0,2.5,0.6,0,0,0,OFFBOARD
866,OUTBOUND,87.88,72.833,-0.964,1.445,1.627,-1.078,-0.678,72.833,-1.164,1.627,1.821,1.797,1,1.679,1.902,2.348,100.0,2.5,0.6,0,0,0,OFFBOARD
867,OUTBOUND,87.98,72.833,-0.964,1.445,1.627,-1.078,-0.678,72.833,-1.164,1.627,1.821,1.797,1,1.679,1.902,2.349,100.0,2.5,0.6,0,0,0,OFFBOARD
868,OUTBOUND,88.08,72.833,-0.964,1.445,1.627,-1.078,-0.678,72.833,-1.164,1.627,1.822,1.797,1,1.679,1.902,2.348,100.0,2.5,0.6,0,0,0,OFFBOARD
869,OUTBOUND,88.19,72.833,-0.964,1.445,1.627,-1.078,-0.678,72.833,-1.164,1.627,1.821,1.797,1,1.679,1.901,2.348,100.0,2.5,0.6,0,0,0,OFFBOARD
870,OUTBOUND,88.29,72.833,-0.964,1.445,1.627,-1.078,-0.678,72.833,-1.164,1.627,1.821,1.797,1,1.679,1.901,2.348,100.0,2.5,0.6,0,0,0,OFFBOARD
871,OUTBOUND,88.39,72.833,-0.964,1.445,1.627,-1.078,-0.678,72.833,-1.164,1.627,1.822,1.797,1,1.678,1.901,2.347,100.0,2.5,0.6,0,0,0,OFFBOARD
872,OUTBOUND,88.49,72.833,-0.964,1.445,1.627,-1.078,-0.678,72.833,-1.164,1.627,1.822,1.798,1,1.678,1.901,2.346,100.0,2.5,0.6,0,0,0,OFFBOARD
873,OUTBOUND,88.59,72.833,-0.964,1.445,1.627,-1.078,-0.678,72.833,-1.164,1.627,1.822,1.798,1,1.678,1.901,2.346,100.0,2.5,0.6,0,0,0,OFFBOARD
874,OUTBOUND,88.69,72.833,-0.964,1.445,1.627,-1.078,-0.678,72.833,-1.164,1.627,1.822,1.798,1,1.678,1.901,2.346,100.0,2.5,0.6,0,0,0,OFFBOARD
875,OUTBOUND,88.79,72.833,-0.964,1.445,1.627,-1.078,-0.678,72.833,-1.164,1.627,1.823,1.798,1,1.678,1.9,2.346,100.0,2.5,0.6,0,0,0,OFFBOARD
876,OUTBOUND,88.9,72.833,-0.964,1.445,1.627,-1.078,-0.678,72.833,-1.164,1.627,1.823,1.799,1,1.678,1.9,2.345,100.0,2.5,0.6,0,0,0,OFFBOARD
877,OUTBOUND,89.0,72.833,-0.964,1.445,1.627,-1.078,-0.678,72.833,-1.164,1.627,1.823,1.799,1,1.679,1.9,2.345,100.0,2.5,0.6,0,0,0,OFFBOARD
878,OUTBOUND,89.1,72.834,-0.964,1.445,1.627,-1.078,-0.678,72.834,-1.164,1.627,1.823,1.799,1,1.679,1.9,2.344,100.0,2.5,0.6,0,0,0,OFFBOARD
879,OUTBOUND,89.2,72.834,-0.964,1.445,1.627,-1.078,-0.678,72.834,-1.164,1.627,1.824,1.8,1,1.679,1.9,2.344,100.0,2.5,0.6,0,0,0,OFFBOARD
880,OUTBOUND,89.3,72.834,-0.964,1.445,1.627,-1.078,-0.678,72.834,-1.164,1.627,1.824,1.8,1,1.679,1.899,2.344,100.0,2.5,0.6,0,0,0,OFFBOARD
881,OUTBOUND,89.41,72.834,-0.964,1.445,1.627,-1.078,-0.678,72.834,-1.164,1.627,1.824,1.8,1,1.679,1.899,2.344,100.0,2.5,0.6,0,0,0,OFFBOARD
882,OUTBOUND,89.51,72.834,-0.964,1.445,1.627,-1.078,-0.678,72.834,-1.164,1.627,1.824,1.801,1,1.68,1.899,2.343,100.0,2.5,0.6,0,0,0,OFFBOARD
883,OUTBOUND,89.61,72.834,-0.964,1.445,1.627,-1.078,-0.678,72.834,-1.164,1.627,1.825,1.801,1,1.679,1.899,2.343,100.0,2.5,0.6,0,0,0,OFFBOARD
884,OUTBOUND,89.71,72.834,-0.964,1.445,1.627,-1.078,-0.678,72.834,-1.164,1.627,1.825,1.801,1,1.68,1.899,2.343,100.0,2.5,0.6,0,0,0,OFFBOARD
885,OUTBOUND,89.81,72.834,-0.964,1.445,1.627,-1.078,-0.678,72.834,-1.164,1.627,1.825,1.802,1,1.68,1.899,2.342,100.0,2.5,0.6,0,0,0,OFFBOARD
886,OUTBOUND,89.91,72.834,-0.964,1.445,1.627,-1.078,-0.678,72.834,-1.164,1.627,1.826,1.802,1,1.68,1.898,2.342,100.0,2.5,0.6,0,0,0,OFFBOARD
887,OUTBOUND,90.01,72.834,-0.964,1.444,1.627,-1.078,-0.678,72.834,-1.164,1.627,1.825,1.803,1,1.681,1.898,2.341,100.0,2.5,0.6,0,0,0,OFFBOARD
888,OUTBOUND,90.11,72.834,-0.964,1.444,1.627,-1.078,-0.678,72.834,-1.164,1.627,1.826,1.803,1,1.681,1.898,2.341,100.0,2.5,0.6,0,0,0,OFFBOARD
889,OUTBOUND,90.22,72.835,-0.964,1.444,1.627,-1.078,-0.678,72.835,-1.164,1.627,1.827,1.804,1,1.682,1.898,2.341,100.0,2.5,0.6,0,0,0,OFFBOARD
890,OUTBOUND,90.32,72.835,-0.964,1.444,1.627,-1.078,-0.678,72.835,-1.164,1.627,1.827,1.804,1,1.681,1.898,2.34,100.0,2.5,0.6,0,0,0,OFFBOARD
891,OUTBOUND,90.42,72.835,-0.964,1.444,1.627,-1.078,-0.678,72.835,-1.164,1.627,1.827,1.805,1,1.682,1.898,2.34,100.0,2.5,0.6,0,0,0,OFFBOARD
892,OUTBOUND,90.52,72.835,-0.964,1.444,1.627,-1.078,-0.678,72.835,-1.164,1.627,1.827,1.805,1,1.682,1.897,2.34,100.0,2.5,0.6,0,0,0,OFFBOARD
893,OUTBOUND,90.62,72.835,-0.964,1.444,1.627,-1.078,-0.678,72.835,-1.164,1.627,1.828,1.805,1,1.683,1.897,2.34,100.0,2.5,0.6,0,0,0,OFFBOARD
894,OUTBOUND,90.72,72.835,-0.964,1.444,1.627,-1.078,-0.678,72.835,-1.164,1.627,1.828,1.806,1,1.683,1.897,2.339,100.0,2.5,0.6,0,0,0,OFFBOARD
895,OUTBOUND,90.83,72.835,-0.964,1.444,1.627,-1.078,-0.678,72.835,-1.164,1.627,1.828,1.806,1,1.683,1.897,2.339,100.0,2.5,0.6,0,0,0,OFFBOARD
896,OUTBOUND,90.93,72.835,-0.964,1.444,1.627,-1.078,-0.678,72.835,-1.164,1.627,1.83,1.806,1,1.684,1.897,2.339,100.0,2.5,0.6,0,0,0,OFFBOARD
897,OUTBOUND,91.03,72.835,-0.964,1.444,1.627,-1.078,-0.678,72.835,-1.164,1.627,1.83,1.808,1,1.684,1.896,2.338,100.0,2.5,0.6,0,0,0,OFFBOARD
898,OUTBOUND,91.13,72.835,-0.964,1.444,1.627,-1.078,-0.678,72.835,-1.164,1.627,1.829,1.809,1,1.684,1.896,2.338,100.0,2.5,0.6,0,0,0,OFFBOARD
899,OUTBOUND,91.23,72.836,-0.964,1.444,1.627,-1.078,-0.678,72.836,-1.164,1.627,1.831,1.808,1,1.685,1.896,2.337,100.0,2.5,0.6,0,0,0,OFFBOARD
900,OUTBOUND,91.33,72.836,-0.964,1.444,1.627,-1.078,-0.678,72.836,-1.164,1.627,1.831,1.809,1,1.685,1.896,2.337,100.0,2.5,0.6,0,0,0,OFFBOARD
901,OUTBOUND,91.44,72.836,-0.964,1.444,1.627,-1.078,-0.678,72.836,-1.164,1.627,1.831,1.81,1,1.685,1.896,2.337,100.0,2.5,0.6,0,0,0,OFFBOARD
902,OUTBOUND,91.54,72.836,-0.964,1.444,1.627,-1.078,-0.678,72.836,-1.164,1.627,1.833,1.81,1,1.687,1.895,2.336,100.0,2.5,0.6,0,0,0,OFFBOARD
903,OUTBOUND,91.64,72.836,-0.964,1.444,1.627,-1.078,-0.678,72.836,-1.164,1.627,1.833,1.811,1,1.687,1.895,2.336,100.0,2.5,0.6,0,0,0,OFFBOARD
904,OUTBOUND,91.74,72.836,-0.964,1.444,1.627,-1.078,-0.678,72.836,-1.164,1.627,1.835,1.81,1,1.686,1.895,2.335,100.0,2.5,0.6,0,0,0,OFFBOARD
905,OUTBOUND,91.84,72.836,-0.964,1.444,1.627,-1.078,-0.678,72.836,-1.164,1.627,1.835,1.812,1,1.688,1.895,2.335,100.0,2.5,0.6,0,0,0,OFFBOARD
906,OUTBOUND,91.94,72.836,-0.964,1.444,1.627,-1.078,-0.678,72.836,-1.164,1.627,1.835,1.812,1,1.688,1.895,2.335,100.0,2.5,0.6,0,0,0,OFFBOARD
907,OUTBOUND,92.04,72.836,-0.964,1.444,1.627,-1.078,-0.678,72.836,-1.164,1.627,1.836,1.813,1,1.688,1.895,2.335,100.0,2.5,0.6,0,0,0,OFFBOARD
908,OUTBOUND,92.14,72.836,-0.964,1.444,1.627,-1.078,-0.678,72.836,-1.164,1.627,1.836,1.814,1,1.689,1.895,2.334,100.0,2.5,0.6,0,0,0,OFFBOARD
909,OUTBOUND,92.25,72.836,-0.964,1.444,1.627,-1.078,-0.678,72.836,-1.164,1.627,1.836,1.815,1,1.689,1.894,2.334,100.0,2.5,0.6,0,0,0,OFFBOARD
910,OUTBOUND,92.35,72.837,-0.964,1.444,1.627,-1.078,-0.678,72.836,-1.164,1.627,1.838,1.816,1,1.69,1.894,2.334,100.0,2.5,0.6,0,0,0,OFFBOARD
911,OUTBOUND,92.45,72.837,-0.964,1.444,1.627,-1.078,-0.678,72.837,-1.164,1.627,1.838,1.818,1,1.69,1.894,2.333,100.0,2.5,0.6,0,0,0,OFFBOARD
912,OUTBOUND,92.55,72.837,-0.964,1.444,1.627,-1.078,-0.678,72.837,-1.164,1.627,1.838,1.819,1,1.691,1.894,2.333,100.0,2.5,0.6,0,0,0,OFFBOARD
913,OUTBOUND,92.65,72.837,-0.964,1.444,1.627,-1.078,-0.678,72.837,-1.164,1.627,1.84,1.82,1,1.692,1.894,2.333,100.0,2.5,0.6,0,0,0,OFFBOARD
914,OUTBOUND,92.75,72.837,-0.964,1.444,1.627,-1.078,-0.678,72.837,-1.164,1.627,1.84,1.822,1,1.692,1.894,2.332,100.0,2.5,0.6,0,0,0,OFFBOARD
915,OUTBOUND,92.85,72.837,-0.964,1.444,1.627,-1.078,-0.678,72.837,-1.164,1.627,1.842,1.823,1,1.693,1.894,2.332,100.0,2.5,0.6,0,0,0,OFFBOARD
916,OUTBOUND,92.96,72.837,-0.964,1.444,1.627,-1.078,-0.678,72.837,-1.164,1.627,1.842,1.824,1,1.693,1.893,2.332,100.0,2.5,0.6,0,0,0,OFFBOARD
917,OUTBOUND,93.06,72.837,-0.964,1.444,1.627,-1.078,-0.678,72.837,-1.164,1.627,1.844,1.825,1,1.694,1.893,2.331,100.0,2.5,0.6,0,0,0,OFFBOARD
918,OUTBOUND,93.16,72.837,-0.964,1.444,1.627,-1.078,-0.678,72.837,-1.164,1.627,1.845,1.828,1,1.695,1.893,2.331,100.0,2.5,0.6,0,0,0,OFFBOARD
919,OUTBOUND,93.26,72.837,-0.964,1.444,1.627,-1.078,-0.678,72.837,-1.164,1.627,1.845,1.828,1,1.696,1.893,2.331,100.0,2.5,0.6,0,0,0,OFFBOARD
920,OUTBOUND,93.36,72.838,-0.964,1.444,1.627,-1.078,-0.678,72.837,-1.164,1.627,1.846,1.83,1,1.697,1.893,2.331,100.0,2.5,0.6,0,0,0,OFFBOARD
921,OUTBOUND,93.47,72.838,-0.964,1.444,1.627,-1.078,-0.678,72.838,-1.164,1.627,1.847,1.831,1,1.697,1.893,2.33,100.0,2.5,0.6,0,0,0,OFFBOARD
922,OUTBOUND,93.57,72.838,-0.964,1.444,1.627,-1.078,-0.678,72.838,-1.164,1.627,1.848,1.833,1,1.698,1.892,2.33,100.0,2.5,0.6,0,0,0,OFFBOARD
923,OUTBOUND,93.67,72.838,-0.964,1.444,1.627,-1.078,-0.678,72.838,-1.164,1.627,1.849,1.832,1,1.698,1.892,2.329,100.0,2.5,0.6,0,0,0,OFFBOARD
924,OUTBOUND,93.77,72.838,-0.964,1.444,1.627,-1.078,-0.678,72.838,-1.164,1.627,1.849,1.831,1,1.699,1.892,2.329,100.0,2.5,0.6,0,0,0,OFFBOARD
925,OUTBOUND,93.87,72.838,-0.964,1.444,1.627,-1.078,-0.678,72.838,-1.164,1.627,1.851,1.83,1,1.699,1.892,2.329,100.0,2.5,0.6,0,0,0,OFFBOARD
926,OUTBOUND,93.97,72.838,-0.964,1.444,1.627,-1.078,-0.678,72.838,-1.164,1.627,1.851,1.828,1,1.7,1.892,2.329,100.0,2.5,0.6,0,0,0,OFFBOARD
927,OUTBOUND,94.07,72.838,-0.964,1.444,1.627,-1.078,-0.678,72.838,-1.164,1.627,1.853,1.827,1,1.701,1.892,2.328,100.0,2.5,0.6,0,0,0,OFFBOARD
928,OUTBOUND,94.18,72.838,-0.964,1.444,1.627,-1.078,-0.678,72.838,-1.164,1.627,1.855,1.825,1,1.702,1.892,2.328,100.0,2.5,0.6,0,0,0,OFFBOARD
929,OUTBOUND,94.28,72.838,-0.964,1.444,1.627,-1.078,-0.678,72.838,-1.164,1.627,1.856,1.824,1,1.703,1.891,2.328,100.0,2.5,0.6,0,0,0,OFFBOARD
930,OUTBOUND,94.38,72.838,-0.964,1.444,1.627,-1.078,-0.678,72.838,-1.164,1.627,1.857,1.822,1,1.704,1.891,2.327,100.0,2.5,0.6,0,0,0,OFFBOARD
931,OUTBOUND,94.48,72.839,-0.964,1.444,1.627,-1.078,-0.678,72.839,-1.164,1.627,1.859,1.822,1,1.704,1.891,2.327,100.0,2.5,0.6,0,0,0,OFFBOARD
932,OUTBOUND,94.58,72.839,-0.964,1.444,1.627,-1.078,-0.678,72.839,-1.164,1.627,1.859,1.821,1,1.706,1.891,2.327,100.0,2.5,0.6,0,0,0,OFFBOARD
933,OUTBOUND,94.68,72.839,-0.964,1.444,1.627,-1.078,-0.678,72.839,-1.164,1.627,1.859,1.821,1,1.706,1.891,2.327,100.0,2.5,0.6,0,0,0,OFFBOARD
934,OUTBOUND,94.78,72.839,-0.964,1.444,1.627,-1.078,-0.678,72.839,-1.164,1.627,1.862,1.818,1,1.707,1.891,2.326,100.0,2.5,0.6,0,0,0,OFFBOARD
935,OUTBOUND,94.89,72.839,-0.964,1.444,1.627,-1.078,-0.678,72.839,-1.164,1.627,1.864,1.818,1,1.708,1.891,2.326,100.0,2.5,0.6,0,0,0,OFFBOARD
936,OUTBOUND,94.99,72.839,-0.964,1.444,1.627,-1.078,-0.678,72.839,-1.164,1.627,1.865,1.817,1,1.709,1.891,2.326,100.0,2.5,0.6,0,0,0,OFFBOARD
937,OUTBOUND,95.09,72.839,-0.964,1.444,1.627,-1.078,-0.678,72.839,-1.164,1.627,1.867,1.816,1,1.71,1.89,2.325,100.0,2.5,0.6,0,0,0,OFFBOARD
938,OUTBOUND,95.19,72.839,-0.964,1.444,1.627,-1.078,-0.678,72.839,-1.164,1.627,1.868,1.814,1,1.711,1.89,2.325,100.0,2.5,0.6,0,0,0,OFFBOARD
939,OUTBOUND,95.29,72.839,-0.964,1.444,1.627,-1.078,-0.678,72.839,-1.164,1.627,1.871,1.813,1,1.712,1.89,2.325,100.0,2.5,0.6,0,0,0,OFFBOARD
940,OUTBOUND,95.39,72.839,-0.964,1.444,1.627,-1.078,-0.678,72.839,-1.164,1.627,1.872,1.812,1,1.714,1.89,2.324,100.0,2.5,0.6,0,0,0,OFFBOARD
941,OUTBOUND,95.5,72.839,-0.964,1.444,1.627,-1.078,-0.678,72.839,-1.164,1.627,1.874,1.811,1,1.714,1.89,2.324,100.0,2.5,0.6,0,0,0,OFFBOARD
942,OUTBOUND,95.6,72.84,-0.964,1.444,1.627,-1.078,-0.678,72.84,-1.164,1.627,1.877,1.809,1,1.717,1.89,2.324,100.0,2.5,0.6,0,0,0,OFFBOARD
943,OUTBOUND,95.7,72.84,-0.964,1.444,1.627,-1.078,-0.678,72.84,-1.164,1.627,1.877,1.808,1,1.718,1.889,2.323,100.0,2.5,0.6,0,0,0,OFFBOARD
944,OUTBOUND,95.8,72.84,-0.964,1.444,1.627,-1.078,-0.678,72.84,-1.164,1.627,1.878,1.807,1,1.72,1.889,2.323,100.0,2.5,0.6,0,0,0,OFFBOARD
945,OUTBOUND,95.9,72.84,-0.964,1.444,1.627,-1.078,-0.678,72.84,-1.164,1.627,1.878,1.806,1,1.721,1.889,2.322,100.0,2.5,0.6,0,0,0,OFFBOARD
946,OUTBOUND,96.0,72.84,-0.964,1.444,1.627,-1.078,-0.678,72.84,-1.164,1.627,1.878,1.805,1,1.723,1.889,2.322,100.0,2.5,0.6,0,0,0,OFFBOARD
947,OUTBOUND,96.11,72.84,-0.964,1.444,1.627,-1.078,-0.678,72.84,-1.164,1.627,1.878,1.804,1,1.724,1.889,2.321,100.0,2.5,0.6,0,0,0,OFFBOARD
948,OUTBOUND,96.21,72.84,-0.964,1.444,1.627,-1.078,-0.678,72.84,-1.164,1.627,1.879,1.803,1,1.727,1.889,2.321,100.0,2.5,0.6,0,0,0,OFFBOARD
949,OUTBOUND,96.31,72.84,-0.964,1.444,1.627,-1.078,-0.678,72.84,-1.164,1.627,1.879,1.802,1,1.728,1.889,2.32,100.0,2.5,0.6,0,0,0,OFFBOARD
950,OUTBOUND,96.41,72.84,-0.964,1.444,1.627,-1.078,-0.678,72.84,-1.164,1.627,1.879,1.801,1,1.73,1.888,2.321,100.0,2.5,0.6,0,0,0,OFFBOARD
951,OUTBOUND,96.51,72.841,-0.964,1.444,1.627,-1.078,-0.678,72.841,-1.164,1.627,1.879,1.8,1,1.731,1.888,2.321,100.0,2.5,0.6,0,0,0,OFFBOARD
952,OUTBOUND,96.61,72.841,-0.964,1.444,1.627,-1.078,-0.678,72.841,-1.164,1.627,1.879,1.8,1,1.733,1.888,2.321,100.0,2.5,0.6,0,0,0,OFFBOARD
953,OUTBOUND,96.71,72.841,-0.964,1.444,1.627,-1.078,-0.678,72.841,-1.164,1.627,1.879,1.798,1,1.736,1.888,2.32,100.0,2.5,0.6,0,0,0,OFFBOARD
954,OUTBOUND,96.81,72.841,-0.964,1.444,1.627,-1.078,-0.678,72.841,-1.164,1.627,1.879,1.798,1,1.738,1.888,2.321,100.0,2.5,0.6,0,0,0,OFFBOARD
955,OUTBOUND,96.92,72.841,-0.964,1.444,1.627,-1.078,-0.678,72.841,-1.164,1.627,1.879,1.797,1,1.74,1.888,2.321,100.0,2.5,0.6,0,0,0,OFFBOARD
956,OUTBOUND,97.02,72.841,-0.964,1.444,1.627,-1.078,-0.678,72.841,-1.164,1.627,1.88,1.796,1,1.742,1.888,2.321,100.0,2.5,0.6,0,0,0,OFFBOARD
957,OUTBOUND,97.12,72.841,-0.964,1.444,1.627,-1.078,-0.678,72.841,-1.164,1.627,1.88,1.795,1,1.744,1.888,2.321,100.0,2.5,0.6,0,0,0,OFFBOARD
958,OUTBOUND,97.22,72.841,-0.964,1.444,1.627,-1.078,-0.678,72.841,-1.164,1.627,1.88,1.794,1,1.747,1.887,2.321,100.0,2.5,0.6,0,0,0,OFFBOARD
959,OUTBOUND,97.32,72.841,-0.964,1.444,1.627,-1.078,-0.678,72.841,-1.164,1.627,1.88,1.793,1,1.749,1.887,2.321,100.0,2.5,0.6,0,0,0,OFFBOARD
960,OUTBOUND,97.42,72.842,-0.964,1.444,1.627,-1.078,-0.678,72.842,-1.164,1.627,1.88,1.792,1,1.751,1.887,2.321,100.0,2.5,0.6,0,0,0,OFFBOARD
961,OUTBOUND,97.52,72.842,-0.964,1.444,1.627,-1.078,-0.678,72.842,-1.164,1.627,1.88,1.792,1,1.752,1.887,2.322,100.0,2.5,0.6,0,0,0,OFFBOARD
962,OUTBOUND,97.63,72.842,-0.964,1.444,1.627,-1.078,-0.678,72.842,-1.164,1.627,1.881,1.791,1,1.756,1.887,2.322,100.0,2.5,0.6,0,0,0,OFFBOARD
963,OUTBOUND,97.73,72.842,-0.964,1.444,1.627,-1.078,-0.678,72.842,-1.164,1.627,1.881,1.79,1,1.758,1.887,2.322,100.0,2.5,0.6,0,0,0,OFFBOARD
964,OUTBOUND,97.83,72.842,-0.964,1.444,1.627,-1.078,-0.678,72.842,-1.164,1.627,1.881,1.79,1,1.76,1.887,2.322,100.0,2.5,0.6,0,0,0,OFFBOARD
965,OUTBOUND,97.93,72.842,-0.964,1.444,1.627,-1.078,-0.678,72.842,-1.164,1.627,1.881,1.789,1,1.763,1.887,2.322,100.0,2.5,0.6,0,0,0,OFFBOARD
966,OUTBOUND,98.03,72.842,-0.964,1.444,1.627,-1.078,-0.678,72.842,-1.164,1.627,1.881,1.788,1,1.766,1.887,2.322,100.0,2.5,0.6,0,0,0,OFFBOARD
967,OUTBOUND,98.13,72.842,-0.964,1.444,1.627,-1.078,-0.678,72.842,-1.164,1.627,1.881,1.787,1,1.77,1.886,2.323,100.0,2.5,0.6,0,0,0,OFFBOARD
968,OUTBOUND,98.24,72.842,-0.964,1.444,1.627,-1.078,-0.678,72.842,-1.164,1.627,1.881,1.787,1,1.772,1.886,2.322,100.0,2.5,0.6,0,0,0,OFFBOARD
969,OUTBOUND,98.34,72.842,-0.964,1.444,1.627,-1.078,-0.678,72.842,-1.164,1.627,1.882,1.786,1,1.776,1.886,2.323,100.0,2.5,0.6,0,0,0,OFFBOARD
970,OUTBOUND,98.44,72.843,-0.964,1.444,1.627,-1.078,-0.678,72.842,-1.164,1.627,1.882,1.785,1,1.779,1.886,2.323,100.0,2.5,0.6,0,0,0,OFFBOARD
971,OUTBOUND,98.54,72.843,-0.964,1.444,1.627,-1.078,-0.678,72.843,-1.164,1.627,1.882,1.785,1,1.782,1.886,2.323,100.0,2.5,0.6,0,0,0,OFFBOARD
972,OUTBOUND,98.64,72.843,-0.964,1.444,1.627,-1.078,-0.678,72.843,-1.164,1.627,1.882,1.784,1,1.787,1.886,2.323,100.0,2.5,0.6,0,0,0,OFFBOARD
973,OUTBOUND,98.74,72.843,-0.964,1.444,1.627,-1.078,-0.678,72.843,-1.164,1.627,1.883,1.784,1,1.789,1.886,2.323,100.0,2.5,0.6,0,0,0,OFFBOARD
974,OUTBOUND,98.84,72.843,-0.964,1.444,1.627,-1.078,-0.678,72.843,-1.164,1.627,1.883,1.784,1,1.791,1.886,2.324,100.0,2.5,0.6,0,0,0,OFFBOARD
975,OUTBOUND,98.94,72.843,-0.964,1.444,1.627,-1.078,-0.678,72.843,-1.164,1.627,1.883,1.783,1,1.792,1.886,2.324,100.0,2.5,0.6,0,0,0,OFFBOARD
976,OUTBOUND,99.05,72.843,-0.964,1.444,1.627,-1.078,-0.678,72.843,-1.164,1.627,1.883,1.783,1,1.794,1.886,2.324,100.0,2.5,0.6,0,0,0,OFFBOARD
977,OUTBOUND,99.15,72.843,-0.964,1.444,1.627,-1.078,-0.678,72.843,-1.164,1.627,1.884,1.783,1,1.795,1.886,2.325,100.0,2.5,0.6,0,0,0,OFFBOARD
978,OUTBOUND,99.25,72.843,-0.964,1.444,1.627,-1.078,-0.678,72.843,-1.164,1.627,1.884,1.783,1,1.796,1.886,2.325,100.0,2.5,0.6,0,0,0,OFFBOARD
979,OUTBOUND,99.35,72.844,-0.964,1.444,1.627,-1.078,-0.678,72.843,-1.164,1.627,1.884,1.783,1,1.798,1.885,2.325,100.0,2.5,0.6,0,0,0,OFFBOARD
980,OUTBOUND,99.45,72.844,-0.964,1.444,1.627,-1.078,-0.678,72.844,-1.164,1.627,1.884,1.783,1,1.798,1.885,2.325,100.0,2.5,0.6,0,0,0,OFFBOARD
981,OUTBOUND,99.55,72.844,-0.964,1.444,1.627,-1.078,-0.678,72.844,-1.164,1.627,1.885,1.783,1,1.799,1.885,2.326,100.0,2.5,0.6,0,0,0,OFFBOARD
982,OUTBOUND,99.65,72.844,-0.964,1.443,1.627,-1.078,-0.678,72.844,-1.164,1.627,1.885,1.783,1,1.8,1.885,2.326,100.0,2.5,0.6,0,0,0,OFFBOARD
983,OUTBOUND,99.76,72.844,-0.964,1.443,1.627,-1.078,-0.678,72.844,-1.164,1.627,1.886,1.783,1,1.801,1.885,2.327,100.0,2.5,0.6,0,0,0,OFFBOARD
984,OUTBOUND,99.86,72.844,-0.964,1.443,1.627,-1.078,-0.678,72.844,-1.164,1.627,1.886,1.783,1,1.802,1.885,2.327,100.0,2.5,0.6,0,0,0,OFFBOARD
985,OUTBOUND,99.96,72.844,-0.964,1.443,1.627,-1.078,-0.678,72.844,-1.164,1.627,1.886,1.783,1,1.802,1.885,2.327,100.0,2.5,0.6,0,0,0,OFFBOARD
986,OUTBOUND,100.06,72.844,-0.964,1.443,1.627,-1.078,-0.678,72.844,-1.164,1.627,1.886,1.783,1,1.803,1.885,2.328,100.0,2.5,0.6,0,0,0,OFFBOARD
987,OUTBOUND,100.16,72.844,-0.964,1.443,1.627,-1.078,-0.678,72.844,-1.164,1.627,1.886,1.783,1,1.804,1.885,2.328,100.0,2.5,0.6,0,0,0,OFFBOARD
988,OUTBOUND,100.26,72.845,-0.964,1.443,1.627,-1.078,-0.678,72.844,-1.164,1.627,1.886,1.783,1,1.805,1.885,2.329,100.0,2.5,0.6,0,0,0,OFFBOARD
989,OUTBOUND,100.36,72.845,-0.964,1.443,1.627,-1.078,-0.678,72.845,-1.164,1.627,1.887,1.783,1,1.806,1.885,2.329,100.0,2.5,0.6,0,0,0,OFFBOARD
990,OUTBOUND,100.47,72.845,-0.964,1.443,1.627,-1.078,-0.678,72.845,-1.164,1.627,1.887,1.783,1,1.806,1.885,2.33,100.0,2.5,0.6,0,0,0,OFFBOARD
991,OUTBOUND,100.57,72.845,-0.964,1.443,1.627,-1.078,-0.678,72.845,-1.164,1.627,1.887,1.783,1,1.807,1.885,2.33,100.0,2.5,0.6,0,0,0,OFFBOARD
992,OUTBOUND,100.67,72.845,-0.964,1.444,1.627,-1.078,-0.678,72.845,-1.164,1.627,1.887,1.783,1,1.807,1.885,2.331,100.0,2.5,0.6,0,0,0,OFFBOARD
993,OUTBOUND,100.77,72.845,-0.964,1.444,1.627,-1.078,-0.678,72.845,-1.164,1.627,1.887,1.783,1,1.808,1.885,2.331,100.0,2.5,0.6,0,0,0,OFFBOARD
994,OUTBOUND,100.87,72.845,-0.964,1.443,1.627,-1.078,-0.678,72.845,-1.164,1.627,1.887,1.783,1,1.808,1.885,2.332,100.0,2.5,0.6,0,0,0,OFFBOARD
995,OUTBOUND,100.97,72.845,-0.964,1.443,1.627,-1.078,-0.678,72.845,-1.164,1.627,1.887,1.783,1,1.809,1.885,2.332,100.0,2.5,0.6,0,0,0,OFFBOARD
996,OUTBOUND,101.07,72.845,-0.964,1.443,1.627,-1.078,-0.678,72.845,-1.164,1.627,1.887,1.783,1,1.81,1.885,2.333,100.0,2.5,0.6,0,0,0,OFFBOARD
997,OUTBOUND,101.17,72.845,-0.964,1.443,1.627,-1.078,-0.678,72.845,-1.164,1.627,1.888,1.783,1,1.81,1.885,2.334,100.0,2.5,0.6,0,0,0,OFFBOARD
998,OUTBOUND,101.28,72.846,-0.964,1.444,1.627,-1.078,-0.678,72.846,-1.164,1.627,1.888,1.783,1,1.811,1.885,2.334,100.0,2.5,0.6,0,0,0,OFFBOARD
999,OUTBOUND,101.38,72.846,-0.964,1.444,1.627,-1.078,-0.678,72.846,-1.164,1.627,1.888,1.783,1,1.812,1.885,2.335,100.0,2.5,0.6,0,0,0,OFFBOARD
1000,OUTBOUND,101.48,72.846,-0.964,1.443,1.627,-1.078,-0.678,72.846,-1.164,1.627,1.888,1.784,1,1.812,1.885,2.335,100.0,2.5,0.6,0,0,0,OFFBOARD
1001,OUTBOUND,101.58,72.846,-0.964,1.443,1.627,-1.078,-0.678,72.846,-1.164,1.627,1.889,1.784,1,1.813,1.885,2.336,100.0,2.5,0.6,0,0,0,OFFBOARD
1002,OUTBOUND,101.68,72.846,-0.964,1.444,1.627,-1.078,-0.678,72.846,-1.164,1.627,1.889,1.784,1,1.813,1.885,2.336,100.0,2.5,0.6,0,0,0,OFFBOARD
1003,OUTBOUND,101.78,72.846,-0.964,1.444,1.627,-1.078,-0.678,72.846,-1.164,1.627,1.889,1.784,1,1.814,1.885,2.336,100.0,2.5,0.6,0,0,0,OFFBOARD
1004,OUTBOUND,101.88,72.846,-0.964,1.443,1.627,-1.078,-0.678,72.846,-1.164,1.627,1.889,1.784,1,1.814,1.886,2.337,100.0,2.5,0.6,0,0,0,OFFBOARD
1005,OUTBOUND,101.98,72.846,-0.964,1.444,1.627,-1.078,-0.678,72.846,-1.164,1.627,1.889,1.784,1,1.815,1.886,2.337,100.0,2.5,0.6,0,0,0,OFFBOARD
1006,OUTBOUND,102.09,72.846,-0.964,1.444,1.627,-1.078,-0.678,72.846,-1.164,1.627,1.89,1.784,1,1.816,1.886,2.338,100.0,2.5,0.6,0,0,0,OFFBOARD
1007,OUTBOUND,102.19,72.847,-0.964,1.444,1.627,-1.078,-0.678,72.847,-1.164,1.627,1.89,1.784,1,1.816,1.886,2.338,100.0,2.5,0.6,0,0,0,OFFBOARD
1008,OUTBOUND,102.29,72.847,-0.964,1.443,1.627,-1.078,-0.678,72.847,-1.164,1.627,1.89,1.785,1,1.816,1.886,2.338,100.0,2.5,0.6,0,0,0,OFFBOARD
1009,OUTBOUND,102.39,72.847,-0.964,1.443,1.627,-1.078,-0.678,72.847,-1.164,1.627,1.89,1.785,1,1.817,1.886,2.338,100.0,2.5,0.6,0,0,0,OFFBOARD
1010,OUTBOUND,102.49,72.847,-0.964,1.443,1.627,-1.078,-0.678,72.847,-1.164,1.627,1.891,1.785,1,1.817,1.886,2.339,100.0,2.5,0.6,0,0,0,OFFBOARD
1011,OUTBOUND,102.59,72.847,-0.964,1.444,1.627,-1.078,-0.678,72.847,-1.164,1.627,1.891,1.785,1,1.818,1.886,2.339,100.0,2.5,0.6,0,0,0,OFFBOARD
1012,OUTBOUND,102.7,72.847,-0.964,1.444,1.627,-1.078,-0.678,72.847,-1.164,1.627,1.892,1.785,1,1.818,1.886,2.339,100.0,2.5,0.6,0,0,0,OFFBOARD
1013,OUTBOUND,102.8,72.847,-0.964,1.444,1.627,-1.078,-0.678,72.847,-1.164,1.627,1.892,1.786,1,1.819,1.887,2.34,100.0,2.5,0.6,0,0,0,OFFBOARD
1014,OUTBOUND,102.9,72.847,-0.964,1.444,1.627,-1.078,-0.678,72.847,-1.164,1.627,1.892,1.786,1,1.819,1.887,2.34,100.0,2.5,0.6,0,0,0,OFFBOARD
1015,OUTBOUND,103.0,72.847,-0.964,1.444,1.627,-1.078,-0.678,72.847,-1.164,1.627,1.893,1.786,1,1.82,1.887,2.34,100.0,2.5,0.6,0,0,0,OFFBOARD
1016,OUTBOUND,103.1,72.848,-0.964,1.444,1.627,-1.078,-0.678,72.848,-1.164,1.627,1.893,1.787,1,1.82,1.887,2.341,100.0,2.5,0.6,0,0,0,OFFBOARD
1017,OUTBOUND,103.2,72.848,-0.964,1.444,1.627,-1.078,-0.678,72.848,-1.164,1.627,1.893,1.787,1,1.82,1.887,2.341,100.0,2.5,0.6,0,0,0,OFFBOARD
1018,OUTBOUND,103.31,72.848,-0.964,1.444,1.627,-1.078,-0.678,72.848,-1.164,1.627,1.894,1.787,1,1.82,1.887,2.341,100.0,2.5,0.6,0,0,0,OFFBOARD
1019,OUTBOUND,103.41,72.848,-0.964,1.444,1.627,-1.078,-0.678,72.848,-1.164,1.627,1.894,1.788,1,1.82,1.887,2.342,100.0,2.5,0.6,0,0,0,OFFBOARD
1020,OUTBOUND,103.51,72.848,-0.964,1.444,1.627,-1.078,-0.678,72.848,-1.164,1.627,1.895,1.788,1,1.82,1.888,2.342,100.0,2.5,0.6,0,0,0,OFFBOARD
1021,OUTBOUND,103.61,72.848,-0.964,1.444,1.627,-1.078,-0.678,72.848,-1.164,1.627,1.895,1.788,1,1.82,1.888,2.342,100.0,2.5,0.6,0,0,0,OFFBOARD
1022,OUTBOUND,103.71,72.848,-0.964,1.444,1.627,-1.078,-0.678,72.848,-1.164,1.627,1.895,1.788,1,1.82,1.888,2.343,100.0,2.5,0.6,0,0,0,OFFBOARD
1023,OUTBOUND,103.81,72.848,-0.964,1.444,1.627,-1.078,-0.678,72.848,-1.164,1.627,1.896,1.789,1,1.82,1.888,2.343,100.0,2.5,0.6,0,0,0,OFFBOARD
1024,OUTBOUND,103.91,72.849,-0.964,1.444,1.627,-1.078,-0.678,72.848,-1.164,1.627,1.896,1.789,1,1.82,1.888,2.344,100.0,2.5,0.6,0,0,0,OFFBOARD
1025,OUTBOUND,104.02,72.849,-0.964,1.444,1.627,-1.078,-0.678,72.849,-1.164,1.627,1.897,1.79,1,1.82,1.889,2.344,100.0,2.5,0.6,0,0,0,OFFBOARD
1026,OUTBOUND,104.12,72.849,-0.964,1.444,1.627,-1.078,-0.678,72.849,-1.164,1.627,1.897,1.79,1,1.82,1.889,2.345,100.0,2.5,0.6,0,0,0,OFFBOARD
1027,OUTBOUND,104.22,72.849,-0.964,1.444,1.627,-1.078,-0.678,72.849,-1.164,1.627,1.898,1.79,1,1.82,1.889,2.345,100.0,2.5,0.6,0,0,0,OFFBOARD
1028,OUTBOUND,104.32,72.849,-0.964,1.444,1.627,-1.078,-0.678,72.849,-1.164,1.627,1.898,1.791,1,1.82,1.889,2.346,100.0,2.5,0.6,0,0,0,OFFBOARD
1029,OUTBOUND,104.42,72.849,-0.964,1.444,1.627,-1.078,-0.678,72.849,-1.164,1.627,1.899,1.789,1,1.82,1.889,2.346,100.0,2.5,0.6,0,0,0,OFFBOARD
1030,OUTBOUND,104.52,72.849,-0.964,1.444,1.627,-1.078,-0.678,72.849,-1.164,1.627,1.9,1.786,1,1.82,1.89,2.347,100.0,2.5,0.6,0,0,0,OFFBOARD
1031,OUTBOUND,104.62,72.849,-0.964,1.444,1.627,-1.078,-0.678,72.849,-1.164,1.627,1.9,1.784,1,1.82,1.89,2.348,100.0,2.5,0.6,0,0,0,OFFBOARD
1032,OUTBOUND,104.73,72.849,-0.964,1.444,1.627,-1.078,-0.678,72.849,-1.164,1.627,1.901,1.782,1,1.82,1.89,2.348,100.0,2.5,0.6,0,0,0,OFFBOARD
1033,OUTBOUND,104.83,72.849,-0.964,1.444,1.627,-1.078,-0.678,72.849,-1.164,1.627,1.902,1.78,1,1.821,1.891,2.349,100.0,2.5,0.6,0,0,0,OFFBOARD
1034,OUTBOUND,104.93,72.85,-0.964,1.444,1.627,-1.078,-0.678,72.85,-1.164,1.627,1.902,1.779,1,1.821,1.891,2.35,100.0,2.5,0.6,0,0,0,OFFBOARD
1035,OUTBOUND,105.03,72.85,-0.964,1.444,1.627,-1.078,-0.678,72.85,-1.164,1.627,1.903,1.777,1,1.821,1.891,2.351,100.0,2.5,0.6,0,0,0,OFFBOARD
1036,OUTBOUND,105.13,72.85,-0.964,1.444,1.627,-1.078,-0.678,72.85,-1.164,1.627,1.904,1.775,1,1.821,1.892,2.352,100.0,2.5,0.6,0,0,0,OFFBOARD
1037,OUTBOUND,105.23,72.85,-0.964,1.444,1.627,-1.078,-0.678,72.85,-1.164,1.627,1.904,1.774,1,1.821,1.892,2.353,100.0,2.5,0.6,0,0,0,OFFBOARD
1038,OUTBOUND,105.34,72.85,-0.964,1.444,1.627,-1.078,-0.678,72.85,-1.164,1.627,1.905,1.772,1,1.821,1.893,2.354,100.0,2.5,0.6,0,0,0,OFFBOARD
1039,OUTBOUND,105.44,72.85,-0.964,1.444,1.627,-1.078,-0.678,72.85,-1.164,1.627,1.906,1.77,1,1.821,1.893,2.355,100.0,2.5,0.6,0,0,0,OFFBOARD
1040,OUTBOUND,105.54,72.85,-0.964,1.444,1.627,-1.078,-0.678,72.85,-1.164,1.627,1.907,1.768,1,1.821,1.893,2.356,100.0,2.5,0.6,0,0,0,OFFBOARD
1041,OUTBOUND,105.64,72.85,-0.964,1.444,1.627,-1.078,-0.678,72.85,-1.164,1.627,1.907,1.768,1,1.821,1.894,2.357,100.0,2.5,0.6,0,0,0,OFFBOARD
1042,OUTBOUND,105.74,72.85,-0.964,1.444,1.627,-1.078,-0.678,72.85,-1.164,1.627,1.908,1.767,1,1.821,1.894,2.358,100.0,2.5,0.6,0,0,0,OFFBOARD
1043,OUTBOUND,105.84,72.851,-0.964,1.444,1.627,-1.078,-0.678,72.851,-1.164,1.627,1.909,1.765,1,1.821,1.894,2.359,100.0,2.5,0.6,0,0,0,OFFBOARD
1044,OUTBOUND,105.94,72.851,-0.964,1.444,1.627,-1.078,-0.678,72.851,-1.164,1.627,1.91,1.764,1,1.821,1.895,2.36,100.0,2.5,0.6,0,0,0,OFFBOARD
1045,OUTBOUND,106.05,72.851,-0.964,1.444,1.627,-1.078,-0.678,72.851,-1.164,1.627,1.91,1.763,1,1.821,1.895,2.361,100.0,2.5,0.6,0,0,0,OFFBOARD
1046,OUTBOUND,106.15,72.851,-0.964,1.444,1.627,-1.078,-0.678,72.851,-1.164,1.627,1.911,1.761,1,1.821,1.896,2.362,100.0,2.5,0.6,0,0,0,OFFBOARD
1047,OUTBOUND,106.25,72.851,-0.964,1.444,1.627,-1.078,-0.678,72.851,-1.164,1.627,1.912,1.76,1,1.821,1.896,2.363,100.0,2.5,0.6,0,0,0,OFFBOARD
1048,OUTBOUND,106.35,72.851,-0.964,1.444,1.627,-1.078,-0.678,72.851,-1.164,1.627,1.912,1.759,1,1.821,1.896,2.364,100.0,2.5,0.6,0,0,0,OFFBOARD
1049,OUTBOUND,106.45,72.851,-0.964,1.444,1.627,-1.078,-0.678,72.851,-1.164,1.627,1.913,1.758,1,1.821,1.897,2.365,100.0,2.5,0.6,0,0,0,OFFBOARD
1050,OUTBOUND,106.55,72.851,-0.964,1.444,1.627,-1.078,-0.678,72.851,-1.164,1.627,1.914,1.757,1,1.821,1.897,2.367,100.0,2.5,0.6,0,0,0,OFFBOARD
1051,OUTBOUND,106.66,72.851,-0.964,1.444,1.627,-1.078,-0.678,72.851,-1.164,1.627,1.915,1.756,1,1.821,1.898,2.369,100.0,2.5,0.6,0,0,0,OFFBOARD
1052,OUTBOUND,106.76,72.852,-0.964,1.444,1.627,-1.078,-0.678,72.851,-1.164,1.627,1.916,1.755,1,1.822,1.898,2.37,100.0,2.5,0.6,0,0,0,OFFBOARD
1053,OUTBOUND,106.86,72.852,-0.964,1.444,1.627,-1.078,-0.678,72.852,-1.164,1.627,1.917,1.754,1,1.821,1.899,2.371,100.0,2.5,0.6,0,0,0,OFFBOARD
1054,OUTBOUND,106.96,72.852,-0.964,1.444,1.627,-1.078,-0.678,72.852,-1.164,1.627,1.918,1.753,1,1.822,1.899,2.373,100.0,2.5,0.6,0,0,0,OFFBOARD
1055,OUTBOUND,107.06,72.852,-0.964,1.444,1.627,-1.078,-0.678,72.852,-1.164,1.627,1.919,1.751,1,1.822,1.9,2.375,100.0,2.5,0.6,0,0,0,OFFBOARD
1056,OUTBOUND,107.16,72.852,-0.964,1.444,1.627,-1.078,-0.678,72.852,-1.164,1.627,1.92,1.75,1,1.822,1.901,2.378,100.0,2.5,0.6,0,0,0,OFFBOARD
1057,OUTBOUND,107.26,72.852,-0.964,1.444,1.627,-1.078,-0.678,72.852,-1.164,1.627,1.921,1.749,1,1.822,1.901,2.38,100.0,2.5,0.6,0,0,0,OFFBOARD
1058,OUTBOUND,107.37,72.852,-0.964,1.444,1.627,-1.078,-0.678,72.852,-1.164,1.627,1.921,1.748,1,1.822,1.902,2.381,100.0,2.5,0.6,0,0,0,OFFBOARD
1059,OUTBOUND,107.47,72.852,-0.964,1.444,1.627,-1.078,-0.678,72.852,-1.164,1.627,1.922,1.747,1,1.822,1.903,2.384,100.0,2.5,0.6,0,0,0,OFFBOARD
1060,OUTBOUND,107.57,72.852,-0.964,1.444,1.627,-1.078,-0.678,72.852,-1.164,1.627,1.923,1.746,1,1.822,1.903,2.386,100.0,2.5,0.6,0,0,0,OFFBOARD
1061,OUTBOUND,107.67,72.852,-0.964,1.444,1.627,-1.078,-0.678,72.852,-1.164,1.627,1.924,1.745,1,1.822,1.904,2.388,100.0,2.5,0.6,0,0,0,OFFBOARD
1062,OUTBOUND,107.77,72.853,-0.964,1.444,1.627,-1.078,-0.678,72.853,-1.164,1.627,1.925,1.743,1,1.823,1.905,2.4,100.0,2.5,0.6,0,0,0,OFFBOARD
1063,OUTBOUND,107.87,72.853,-0.964,1.444,1.627,-1.078,-0.678,72.853,-1.164,1.627,1.925,1.743,1,1.822,1.905,2.4,100.0,2.5,0.6,0,0,0,OFFBOARD
1064,OUTBOUND,107.98,72.853,-0.964,1.444,1.627,-1.078,-0.678,72.853,-1.164,1.627,1.927,1.742,1,1.822,1.906,2.407,100.0,2.5,0.6,0,0,0,OFFBOARD
1065,OUTBOUND,108.08,72.853,-0.964,1.444,1.627,-1.078,-0.678,72.853,-1.164,1.627,1.927,1.741,1,1.822,1.906,2.413,100.0,2.5,0.6,0,0,0,OFFBOARD
1066,OUTBOUND,108.18,72.853,-0.964,1.444,1.627,-1.078,-0.678,72.853,-1.164,1.627,1.928,1.74,1,1.822,1.907,2.417,100.0,2.5,0.6,0,0,0,OFFBOARD
1067,OUTBOUND,108.28,72.853,-0.964,1.444,1.627,-1.078,-0.678,72.853,-1.164,1.627,1.929,1.74,1,1.822,1.908,2.422,100.0,2.5,0.6,0,0,0,OFFBOARD
1068,OUTBOUND,108.38,72.853,-0.964,1.444,1.627,-1.078,-0.678,72.853,-1.164,1.627,1.93,1.739,1,1.822,1.909,2.426,100.0,2.5,0.6,0,0,0,OFFBOARD
1069,OUTBOUND,108.48,72.853,-0.964,1.444,1.627,-1.078,-0.678,72.853,-1.164,1.627,1.931,1.738,1,1.822,1.909,2.43,100.0,2.5,0.6,0,0,0,OFFBOARD
1070,OUTBOUND,108.58,72.853,-0.964,1.444,1.627,-1.078,-0.678,72.853,-1.164,1.627,1.931,1.737,1,1.823,1.91,2.433,100.0,2.5,0.6,0,0,0,OFFBOARD
1071,OUTBOUND,108.69,72.854,-0.964,1.444,1.627,-1.078,-0.678,72.854,-1.164,1.627,1.932,1.736,1,1.823,1.911,2.436,100.0,2.5,0.6,0,0,0,OFFBOARD
1072,OUTBOUND,108.79,72.854,-0.964,1.444,1.627,-1.078,-0.678,72.854,-1.164,1.627,1.933,1.736,1,1.823,1.911,2.438,100.0,2.5,0.6,0,0,0,OFFBOARD
1073,OUTBOUND,108.89,72.854,-0.964,1.444,1.627,-1.078,-0.678,72.854,-1.164,1.627,1.934,1.735,1,1.823,1.912,2.44,100.0,2.5,0.6,0,0,0,OFFBOARD
1074,OUTBOUND,108.99,72.854,-0.964,1.444,1.627,-1.078,-0.678,72.854,-1.164,1.627,1.934,1.735,1,1.823,1.913,2.442,100.0,2.5,0.6,0,0,0,OFFBOARD
1075,OUTBOUND,109.09,72.854,-0.964,1.444,1.627,-1.078,-0.678,72.854,-1.164,1.627,1.935,1.734,1,1.823,1.914,2.445,100.0,2.5,0.6,0,0,0,OFFBOARD
1076,OUTBOUND,109.19,72.854,-0.964,1.444,1.627,-1.078,-0.678,72.854,-1.164,1.627,1.936,1.733,1,1.823,1.915,2.448,100.0,2.5,0.6,0,0,0,OFFBOARD
1077,OUTBOUND,109.29,72.854,-0.964,1.444,1.627,-1.078,-0.678,72.854,-1.164,1.627,1.936,1.732,1,1.823,1.916,2.45,100.0,2.5,0.6,0,0,0,OFFBOARD
1078,OUTBOUND,109.4,72.854,-0.964,1.444,1.627,-1.078,-0.678,72.854,-1.164,1.627,1.937,1.731,1,1.823,1.917,2.453,100.0,2.5,0.6,0,0,0,OFFBOARD
1079,OUTBOUND,109.5,72.854,-0.964,1.444,1.627,-1.078,-0.678,72.854,-1.164,1.627,1.938,1.73,1,1.823,1.918,2.456,100.0,2.5,0.6,0,0,0,OFFBOARD
1080,OUTBOUND,109.6,72.855,-0.964,1.444,1.627,-1.078,-0.678,72.854,-1.164,1.627,1.939,1.729,1,1.824,1.919,2.458,100.0,2.5,0.6,0,0,0,OFFBOARD
1081,OUTBOUND,109.7,72.855,-0.964,1.444,1.627,-1.078,-0.678,72.855,-1.164,1.627,1.94,1.729,1,1.823,1.92,2.461,100.0,2.5,0.6,0,0,0,OFFBOARD
1082,OUTBOUND,109.8,72.855,-0.964,1.444,1.627,-1.078,-0.678,72.855,-1.164,1.627,1.941,1.728,1,1.823,1.922,2.463,100.0,2.5,0.601,0,0,0,OFFBOARD
1083,OUTBOUND,109.9,72.855,-0.964,1.444,1.627,-1.078,-0.678,72.855,-1.164,1.627,1.941,1.728,1,1.823,1.923,2.465,100.0,2.5,0.6,0,0,0,OFFBOARD
1084,OUTBOUND,110.01,72.855,-0.964,1.444,1.627,-1.078,-0.678,72.855,-1.164,1.627,1.942,1.726,1,1.824,1.925,2.467,100.0,2.5,0.6,0,0,0,OFFBOARD
1085,OUTBOUND,110.11,72.855,-0.964,1.444,1.627,-1.078,-0.678,72.855,-1.164,1.627,1.943,1.726,1,1.824,1.925,2.469,100.0,2.5,0.6,0,0,0,OFFBOARD
1086,OUTBOUND,110.21,72.855,-0.964,1.444,1.627,-1.078,-0.678,72.855,-1.164,1.627,1.943,1.726,1,1.824,1.927,2.47,100.0,2.5,0.6,0,0,0,OFFBOARD
1087,OUTBOUND,110.31,72.855,-0.964,1.444,1.627,-1.078,-0.678,72.855,-1.164,1.627,1.944,1.726,1,1.824,1.928,2.471,100.0,2.5,0.6,0,0,0,OFFBOARD
1088,OUTBOUND,110.41,72.855,-0.964,1.444,1.627,-1.078,-0.678,72.855,-1.164,1.627,1.945,1.725,1,1.824,1.929,2.472,100.0,2.5,0.6,0,0,0,OFFBOARD
1089,OUTBOUND,110.51,72.855,-0.964,1.444,1.627,-1.078,-0.678,72.855,-1.164,1.627,1.945,1.725,1,1.824,1.93,2.474,100.0,2.5,0.6,0,0,0,OFFBOARD
1090,OUTBOUND,110.61,72.856,-0.964,1.444,1.627,-1.078,-0.678,72.855,-1.164,1.627,1.946,1.724,1,1.824,1.932,2.474,100.0,2.5,0.6,0,0,0,OFFBOARD
1091,OUTBOUND,110.71,72.856,-0.964,1.444,1.627,-1.078,-0.678,72.856,-1.164,1.627,1.947,1.724,1,1.824,1.934,2.476,100.0,2.5,0.6,0,0,0,OFFBOARD
1092,OUTBOUND,110.81,72.856,-0.964,1.444,1.627,-1.078,-0.678,72.856,-1.164,1.627,1.947,1.724,1,1.824,1.935,2.477,100.0,2.5,0.6,0,0,0,OFFBOARD
1093,OUTBOUND,110.92,72.856,-0.964,1.444,1.627,-1.078,-0.678,72.856,-1.164,1.627,1.948,1.723,1,1.824,1.936,2.477,100.0,2.5,0.6,0,0,0,OFFBOARD
1094,OUTBOUND,111.02,72.856,-0.964,1.444,1.627,-1.078,-0.678,72.856,-1.164,1.627,1.949,1.723,1,1.824,1.937,2.478,100.0,2.5,0.6,0,0,0,OFFBOARD
1095,OUTBOUND,111.12,72.856,-0.964,1.444,1.627,-1.078,-0.678,72.856,-1.164,1.627,1.949,1.723,1,1.824,1.939,2.479,100.0,2.5,0.6,0,0,0,OFFBOARD
1096,OUTBOUND,111.22,72.856,-0.964,1.444,1.627,-1.078,-0.678,72.856,-1.164,1.627,1.95,1.722,1,1.825,1.942,2.479,100.0,2.5,0.6,0,0,0,OFFBOARD
1097,OUTBOUND,111.32,72.856,-0.964,1.444,1.627,-1.078,-0.678,72.856,-1.164,1.627,1.951,1.723,1,1.824,1.942,2.481,100.0,2.5,0.6,0,0,0,OFFBOARD
1098,OUTBOUND,111.42,72.857,-0.964,1.444,1.627,-1.078,-0.678,72.856,-1.164,1.627,1.952,1.721,1,1.825,1.946,2.481,100.0,2.5,0.6,0,0,0,OFFBOARD
1099,OUTBOUND,111.52,72.856,-0.964,1.444,1.627,-1.078,-0.678,72.856,-1.164,1.627,1.952,1.721,1,1.825,1.947,2.481,100.0,2.5,0.6,0,0,0,OFFBOARD
1100,OUTBOUND,111.63,72.857,-0.964,1.444,1.627,-1.078,-0.678,72.857,-1.164,1.627,1.953,1.721,1,1.826,1.95,2.481,100.0,2.5,0.6,0,0,0,OFFBOARD
1101,OUTBOUND,111.73,72.857,-0.964,1.444,1.627,-1.078,-0.678,72.857,-1.164,1.627,1.954,1.722,1,1.825,1.948,2.483,100.0,2.5,0.6,0,0,0,OFFBOARD
1102,OUTBOUND,111.83,72.857,-0.964,1.444,1.627,-1.078,-0.678,72.857,-1.164,1.627,1.955,1.721,1,1.825,1.952,2.483,100.0,2.5,0.601,0,0,0,OFFBOARD
1103,OUTBOUND,111.93,72.857,-0.964,1.444,1.627,-1.078,-0.678,72.857,-1.164,1.627,1.956,1.721,1,1.825,1.952,2.484,100.0,2.5,0.603,0,0,0,OFFBOARD
1104,OUTBOUND,112.03,72.857,-0.964,1.444,1.627,-1.078,-0.678,72.857,-1.164,1.627,1.956,1.721,1,1.825,1.954,2.484,100.0,2.5,0.604,0,0,0,OFFBOARD
1105,OUTBOUND,112.14,72.857,-0.964,1.444,1.627,-1.078,-0.678,72.857,-1.164,1.627,1.957,1.721,1,1.825,1.956,2.484,100.0,2.5,0.605,0,0,0,OFFBOARD
1106,OUTBOUND,112.24,72.857,-0.964,1.444,1.627,-1.078,-0.678,72.857,-1.164,1.627,1.958,1.72,1,1.826,1.96,2.484,100.0,2.5,0.606,0,0,0,OFFBOARD
1107,OUTBOUND,112.34,72.857,-0.964,1.444,1.627,-1.078,-0.678,72.857,-1.164,1.627,1.959,1.72,1,1.826,1.962,2.484,100.0,2.5,0.607,0,0,0,OFFBOARD
1108,OUTBOUND,112.44,72.858,-0.964,1.444,1.627,-1.078,-0.678,72.858,-1.164,1.627,1.96,1.72,1,1.826,1.964,2.484,100.0,2.5,0.607,0,0,0,OFFBOARD
1109,OUTBOUND,112.54,72.858,-0.964,1.444,1.627,-1.078,-0.678,72.858,-1.164,1.627,1.961,1.72,1,1.826,1.966,2.485,100.0,2.5,0.607,0,0,0,OFFBOARD
1110,OUTBOUND,112.64,72.858,-0.964,1.444,1.627,-1.078,-0.678,72.858,-1.164,1.627,1.961,1.72,1,1.826,1.968,2.485,100.0,2.5,0.607,0,0,0,OFFBOARD
1111,OUTBOUND,112.75,72.858,-0.964,1.444,1.627,-1.078,-0.678,72.858,-1.164,1.627,1.962,1.72,1,1.826,1.97,2.484,100.0,2.5,0.608,0,0,0,OFFBOARD
1112,OUTBOUND,112.85,72.858,-0.964,1.444,1.627,-1.078,-0.678,72.858,-1.164,1.627,1.963,1.72,1,1.826,1.974,2.484,100.0,2.5,0.61,0,0,0,OFFBOARD
1113,OUTBOUND,112.95,72.858,-0.964,1.444,1.627,-1.078,-0.678,72.858,-1.164,1.627,1.964,1.72,1,1.826,1.976,2.485,100.0,2.5,0.612,0,0,0,OFFBOARD
1114,OUTBOUND,113.05,72.858,-0.964,1.444,1.627,-1.078,-0.678,72.858,-1.164,1.627,1.965,1.719,1,1.827,1.982,2.484,100.0,2.5,0.614,0,0,0,OFFBOARD
1115,OUTBOUND,113.15,72.858,-0.964,1.444,1.627,-1.078,-0.678,72.858,-1.164,1.627,1.967,1.72,1,1.826,1.981,2.486,100.0,2.5,0.616,0,0,0,OFFBOARD
1116,OUTBOUND,113.25,72.858,-0.964,1.444,1.627,-1.078,-0.678,72.858,-1.164,1.627,1.968,1.719,1,1.827,1.988,2.484,100.0,2.5,0.619,0,0,0,OFFBOARD
1117,OUTBOUND,113.35,72.859,-0.964,1.444,1.627,-1.078,-0.678,72.859,-1.164,1.627,1.969,1.719,1,1.827,1.991,2.484,100.0,2.5,0.621,0,0,0,OFFBOARD
1118,OUTBOUND,113.46,72.859,-0.964,1.444,1.627,-1.078,-0.678,72.859,-1.164,1.627,1.969,1.719,1,1.827,1.997,2.484,100.0,2.5,0.623,0,0,0,OFFBOARD
1119,OUTBOUND,113.56,72.859,-0.964,1.444,1.627,-1.078,-0.678,72.859,-1.164,1.627,1.97,1.719,1,1.827,2.0,2.484,100.0,2.5,0.625,0,0,0,OFFBOARD
1120,OUTBOUND,113.66,72.859,-0.964,1.444,1.627,-1.078,-0.678,72.859,-1.164,1.627,1.972,1.719,1,1.826,1.998,2.485,100.0,2.5,0.627,0,0,0,OFFBOARD
1121,OUTBOUND,113.76,72.859,-0.964,1.445,1.627,-1.078,-0.678,72.859,-1.164,1.627,1.973,1.719,1,1.826,2.007,2.484,100.0,2.5,0.629,0,0,0,OFFBOARD
1122,OUTBOUND,113.86,72.859,-0.964,1.444,1.627,-1.078,-0.678,72.859,-1.164,1.627,1.975,1.719,1,1.826,2.012,2.484,100.0,2.5,0.632,0,0,0,OFFBOARD
1123,OUTBOUND,113.96,72.859,-0.964,1.445,1.627,-1.078,-0.678,72.859,-1.164,1.627,1.976,1.719,1,1.826,2.018,2.484,100.0,2.5,0.635,0,0,0,OFFBOARD
1124,OUTBOUND,114.06,72.86,-0.964,1.445,1.627,-1.078,-0.678,72.86,-1.164,1.627,1.978,1.719,1,1.825,2.028,2.484,100.0,2.5,0.638,0,0,0,OFFBOARD
1125,OUTBOUND,114.17,72.86,-0.964,1.445,1.627,-1.078,-0.678,72.86,-1.164,1.627,1.98,1.719,1,1.825,2.035,2.484,100.0,2.5,0.639,0,0,0,OFFBOARD
1126,OUTBOUND,114.27,72.86,-0.964,1.445,1.627,-1.078,-0.678,72.86,-1.164,1.627,1.983,1.719,1,1.825,2.045,2.484,100.0,2.5,0.64,0,0,0,OFFBOARD
1127,OUTBOUND,114.37,72.86,-0.964,1.445,1.627,-1.078,-0.678,72.86,-1.164,1.627,1.99,1.719,1,1.824,2.051,2.486,100.0,2.5,0.641,0,0,0,OFFBOARD
1128,OUTBOUND,114.47,72.86,-0.964,1.445,1.627,-1.078,-0.678,72.86,-1.164,1.627,1.991,1.719,1,1.824,2.063,2.485,100.0,2.5,0.642,0,0,0,OFFBOARD
1129,OUTBOUND,114.57,72.86,-0.964,1.445,1.627,-1.078,-0.678,72.86,-1.164,1.627,1.993,1.719,1,1.824,2.082,2.484,100.0,2.5,0.642,0,0,0,OFFBOARD
1130,OUTBOUND,114.67,72.86,-0.964,1.445,1.627,-1.078,-0.678,72.86,-1.164,1.627,1.998,1.719,1,1.823,2.087,2.485,100.0,2.5,0.642,0,0,0,OFFBOARD
1131,OUTBOUND,114.78,72.86,-0.964,1.445,1.627,-1.078,-0.678,72.86,-1.164,1.627,2.003,1.719,1,1.823,2.091,2.484,100.0,2.5,0.644,0,0,0,OFFBOARD
1132,OUTBOUND,114.88,72.861,-0.964,1.445,1.627,-1.078,-0.678,72.861,-1.164,1.627,2.006,1.719,1,1.823,2.092,2.484,100.0,2.5,0.645,0,0,0,OFFBOARD
1133,OUTBOUND,114.98,72.861,-0.964,1.445,1.627,-1.078,-0.678,72.861,-1.164,1.627,2.014,1.719,1,1.823,2.094,2.485,100.0,2.5,0.647,0,0,0,OFFBOARD
1134,OUTBOUND,115.08,72.861,-0.964,1.445,1.627,-1.078,-0.678,72.861,-1.164,1.627,2.018,1.719,1,1.822,2.096,2.485,100.0,2.5,0.649,0,0,0,OFFBOARD
1135,OUTBOUND,115.18,72.861,-0.964,1.445,1.627,-1.078,-0.678,72.861,-1.164,1.627,2.025,1.719,1,1.822,2.098,2.485,100.0,2.5,0.65,0,0,0,OFFBOARD
1136,OUTBOUND,115.28,72.861,-0.964,1.445,1.627,-1.078,-0.678,72.861,-1.164,1.627,2.032,1.719,1,1.822,2.098,2.485,100.0,2.5,0.65,0,0,0,OFFBOARD
1137,OUTBOUND,115.38,72.861,-0.964,1.445,1.627,-1.078,-0.678,72.861,-1.164,1.627,2.047,1.719,1,1.822,2.099,2.485,100.0,2.5,0.65,0,0,0,OFFBOARD
1138,OUTBOUND,115.49,72.861,-0.964,1.445,1.627,-1.078,-0.678,72.861,-1.164,1.627,2.057,1.719,1,1.821,2.1,2.485,100.0,2.5,0.649,0,0,0,OFFBOARD
1139,OUTBOUND,115.59,72.861,-0.964,1.445,1.627,-1.078,-0.678,72.861,-1.164,1.627,2.067,1.72,1,1.821,2.102,2.485,100.0,2.5,0.649,0,0,0,OFFBOARD
1140,OUTBOUND,115.69,72.862,-0.964,1.445,1.627,-1.078,-0.678,72.862,-1.164,1.627,2.067,1.72,1,1.821,2.103,2.485,100.0,2.5,0.651,0,0,0,OFFBOARD
1141,OUTBOUND,115.79,72.862,-0.964,1.445,1.627,-1.078,-0.678,72.862,-1.164,1.627,2.066,1.717,1,1.821,2.104,2.485,100.0,2.5,0.652,0,0,0,OFFBOARD
1142,OUTBOUND,115.89,72.862,-0.964,1.445,1.627,-1.078,-0.678,72.862,-1.164,1.627,2.064,1.715,1,1.821,2.105,2.485,100.0,2.5,0.654,0,0,0,OFFBOARD
1143,OUTBOUND,115.99,72.862,-0.964,1.445,1.627,-1.078,-0.678,72.862,-1.164,1.627,2.063,1.713,1,1.82,2.105,2.485,100.0,2.5,0.656,0,0,0,OFFBOARD
1144,OUTBOUND,116.09,72.862,-0.964,1.445,1.627,-1.078,-0.678,72.862,-1.164,1.627,2.062,1.711,1,1.82,2.106,2.485,100.0,2.5,0.658,0,0,0,OFFBOARD
1145,OUTBOUND,116.19,72.862,-0.964,1.445,1.627,-1.078,-0.678,72.862,-1.164,1.627,2.06,1.708,1,1.82,2.106,2.485,100.0,2.5,0.66,0,0,0,OFFBOARD
1146,OUTBOUND,116.3,72.862,-0.964,1.445,1.627,-1.078,-0.678,72.862,-1.164,1.627,2.059,1.706,1,1.82,2.107,2.485,100.0,2.5,0.662,0,0,0,OFFBOARD
1147,OUTBOUND,116.4,72.863,-0.964,1.445,1.627,-1.078,-0.678,72.862,-1.164,1.627,2.057,1.703,1,1.819,2.108,2.486,100.0,2.5,0.665,0,0,0,OFFBOARD
1148,OUTBOUND,116.5,72.863,-0.964,1.445,1.627,-1.078,-0.678,72.863,-1.164,1.627,2.056,1.701,1,1.819,2.109,2.486,100.0,2.5,0.667,0,0,0,OFFBOARD
1149,OUTBOUND,116.6,72.863,-0.964,1.445,1.627,-1.078,-0.678,72.863,-1.164,1.627,2.056,1.7,1,1.819,2.11,2.486,100.0,2.5,0.669,0,0,0,OFFBOARD
1150,OUTBOUND,116.7,72.863,-0.964,1.445,1.627,-1.078,-0.678,72.863,-1.164,1.627,2.054,1.698,1,1.819,2.11,2.486,100.0,2.5,0.671,0,0,0,OFFBOARD
1151,OUTBOUND,116.8,72.863,-0.964,1.445,1.627,-1.078,-0.678,72.863,-1.164,1.627,2.053,1.695,1,1.818,2.111,2.486,100.0,2.5,0.673,0,0,0,OFFBOARD
1152,OUTBOUND,116.91,72.863,-0.964,1.445,1.627,-1.078,-0.678,72.863,-1.164,1.627,2.052,1.694,1,1.818,2.111,2.486,100.0,2.5,0.674,0,0,0,OFFBOARD
1153,OUTBOUND,117.01,72.863,-0.964,1.445,1.627,-1.078,-0.678,72.863,-1.164,1.627,2.05,1.692,1,1.818,2.112,2.486,100.0,2.5,0.676,0,0,0,OFFBOARD
1154,OUTBOUND,117.11,72.863,-0.964,1.445,1.627,-1.078,-0.678,72.863,-1.164,1.627,2.049,1.69,1,1.818,2.113,2.486,100.0,2.5,0.678,0,0,0,OFFBOARD
1155,OUTBOUND,117.21,72.864,-0.964,1.445,1.627,-1.078,-0.678,72.864,-1.164,1.627,2.049,1.689,1,1.818,2.114,2.487,100.0,2.5,0.682,0,0,0,OFFBOARD
1156,OUTBOUND,117.31,72.864,-0.964,1.445,1.627,-1.078,-0.678,72.864,-1.164,1.627,2.048,1.688,1,1.817,2.114,2.487,100.0,2.5,0.685,0,0,0,OFFBOARD
1157,OUTBOUND,117.41,72.864,-0.964,1.445,1.627,-1.078,-0.678,72.864,-1.164,1.627,2.047,1.686,1,1.817,2.114,2.487,100.0,2.5,0.688,0,0,0,OFFBOARD
1158,OUTBOUND,117.51,72.864,-0.964,1.446,1.627,-1.078,-0.678,72.864,-1.164,1.627,2.046,1.685,1,1.817,2.115,2.487,100.0,2.5,0.69,0,0,0,OFFBOARD
1159,OUTBOUND,117.62,72.864,-0.964,1.446,1.627,-1.078,-0.678,72.864,-1.164,1.627,2.044,1.682,1,1.817,2.115,2.487,100.0,2.5,0.692,0,0,0,OFFBOARD
1160,OUTBOUND,117.72,72.864,-0.964,1.446,1.627,-1.078,-0.678,72.864,-1.164,1.627,2.043,1.681,1,1.816,2.116,2.488,100.0,2.5,0.694,0,0,0,OFFBOARD
1161,OUTBOUND,117.82,72.865,-0.964,1.446,1.627,-1.078,-0.678,72.864,-1.164,1.627,2.041,1.679,1,1.816,2.117,2.488,100.0,2.5,0.697,0,0,0,OFFBOARD
1162,OUTBOUND,117.92,72.865,-0.964,1.446,1.627,-1.078,-0.678,72.865,-1.164,1.627,2.04,1.678,1,1.816,2.117,2.488,100.0,2.5,0.7,0,0,0,OFFBOARD
1163,OUTBOUND,118.02,72.865,-0.964,1.446,1.627,-1.078,-0.678,72.865,-1.164,1.627,2.039,1.677,1,1.816,2.118,2.488,100.0,2.5,0.703,0,0,0,OFFBOARD
1164,OUTBOUND,118.12,72.865,-0.964,1.446,1.627,-1.078,-0.678,72.865,-1.164,1.627,2.038,1.675,1,1.816,2.118,2.488,100.0,2.5,0.705,0,0,0,OFFBOARD
1165,OUTBOUND,118.22,72.865,-0.964,1.446,1.627,-1.078,-0.678,72.865,-1.164,1.627,2.036,1.674,1,1.816,2.119,2.488,100.0,2.5,0.709,0,0,0,OFFBOARD
1166,OUTBOUND,118.32,72.865,-0.964,1.446,1.627,-1.078,-0.678,72.865,-1.164,1.627,2.035,1.673,1,1.815,2.119,2.488,100.0,2.5,0.713,0,0,0,OFFBOARD
1167,OUTBOUND,118.43,72.865,-0.964,1.446,1.627,-1.078,-0.678,72.865,-1.164,1.627,2.034,1.672,1,1.815,2.119,2.489,100.0,2.5,0.717,0,0,0,OFFBOARD
1168,OUTBOUND,118.53,72.865,-0.964,1.446,1.627,-1.078,-0.678,72.865,-1.164,1.627,2.032,1.671,1,1.815,2.12,2.489,100.0,2.5,0.721,0,0,0,OFFBOARD
1169,OUTBOUND,118.63,72.865,-0.964,1.446,-0.0,0.002,0.0,72.865,-1.164,0.0,2.03,1.669,1,1.815,2.121,2.489,100.0,2.5,0.724,0,0,0,OFFBOARD
1170,OUTBOUND,118.73,72.866,-0.964,1.446,-0.0,0.002,0.0,72.866,-1.164,0.0,2.028,1.668,1,1.815,2.121,2.489,100.0,2.5,0.735,0,0,0,OFFBOARD
1171,OUTBOUND,118.83,72.866,-0.964,1.446,-0.0,0.002,0.0,72.866,-1.164,0.0,2.026,1.667,1,1.815,2.122,2.489,100.0,2.494,0.751,0,0,0,OFFBOARD
1172,OUTBOUND,118.93,72.866,-0.964,1.446,-0.0,0.002,0.0,72.866,-1.164,0.0,2.024,1.665,1,1.814,2.122,2.489,100.0,2.484,0.771,0,0,0,OFFBOARD
1173,OUTBOUND,119.04,72.866,-0.964,1.446,-0.0,0.002,0.0,72.866,-1.164,0.0,2.023,1.664,1,1.814,2.122,2.49,100.0,2.472,0.793,0,0,0,OFFBOARD
1174,OUTBOUND,119.14,72.866,-0.964,1.446,-0.0,0.002,0.0,72.866,-1.164,0.0,2.021,1.663,1,1.814,2.122,2.49,100.0,2.455,0.816,0,0,0,OFFBOARD
1175,OUTBOUND,119.24,72.866,-0.964,1.446,-0.0,0.002,0.0,72.866,-1.164,0.0,2.019,1.662,1,1.814,2.123,2.49,100.0,2.439,0.841,0,0,0,OFFBOARD
1176,OUTBOUND,119.34,72.867,-0.964,1.446,-0.0,0.002,0.0,72.866,-1.164,0.0,2.017,1.66,1,1.814,2.123,2.49,100.0,2.418,0.867,0,0,0,OFFBOARD
1177,OUTBOUND,119.44,72.867,-0.964,1.446,-0.0,0.002,0.0,72.867,-1.164,0.0,2.015,1.659,1,1.814,2.123,2.49,100.0,2.396,0.893,0,0,0,OFFBOARD
1178,OUTBOUND,119.54,72.867,-0.964,1.446,-0.0,0.002,0.0,72.867,-1.164,0.0,2.014,1.658,1,1.814,2.124,2.491,100.0,2.373,0.92,0,0,0,OFFBOARD
1179,OUTBOUND,119.65,72.867,-0.964,1.446,-0.0,0.002,0.0,72.867,-1.164,0.0,2.013,1.656,1,1.814,2.124,2.491,100.0,2.351,0.947,0,0,0,OFFBOARD
1180,OUTBOUND,119.75,72.867,-0.964,1.446,-0.0,0.002,0.0,72.867,-1.164,0.0,2.012,1.656,1,1.814,2.124,2.491,100.0,2.325,0.974,0,0,0,OFFBOARD
1181,OUTBOUND,119.85,72.867,-0.964,1.446,-0.0,0.002,0.0,72.867,-1.164,0.0,2.011,1.655,1,1.814,2.124,2.491,100.0,2.298,1.002,0,0,0,OFFBOARD
1182,OUTBOUND,119.95,72.867,-0.964,1.447,-0.0,0.002,0.0,72.867,-1.164,0.0,2.01,1.654,1,1.814,2.125,2.491,100.0,2.271,1.029,0,0,0,OFFBOARD
1183,OUTBOUND,120.05,72.867,-0.964,1.447,-0.0,0.002,0.0,72.867,-1.164,0.0,2.008,1.652,1,1.813,2.125,2.491,100.0,2.246,1.057,0,0,0,OFFBOARD
1184,OUTBOUND,120.15,72.868,-0.964,1.447,-0.0,0.002,0.0,72.868,-1.164,0.0,2.007,1.652,1,1.813,2.125,2.491,100.0,2.221,1.084,0,0,0,OFFBOARD
1185,OUTBOUND,120.25,72.868,-0.964,1.447,-0.0,0.002,0.0,72.868,-1.164,0.0,2.006,1.651,1,1.813,2.125,2.491,100.0,2.196,1.112,0,0,0,OFFBOARD
1186,OUTBOUND,120.36,72.868,-0.964,1.447,-0.0,0.002,0.0,72.868,-1.164,0.0,2.005,1.65,1,1.813,2.126,2.491,100.0,2.169,1.139,0,0,0,OFFBOARD
1187,OUTBOUND,120.46,72.868,-0.964,1.447,-0.0,0.002,0.0,72.868,-1.164,0.0,2.004,1.649,1,1.813,2.126,2.491,100.0,2.143,1.167,0,0,0,OFFBOARD
1188,OUTBOUND,120.56,72.868,-0.964,1.447,-0.0,0.002,0.0,72.868,-1.164,0.0,2.003,1.648,1,1.813,2.126,2.492,100.0,2.116,1.195,0,0,0,OFFBOARD
1189,OUTBOUND,120.66,72.868,-0.964,1.447,-0.0,0.002,0.0,72.868,-1.164,0.0,2.002,1.648,1,1.813,2.126,2.492,100.0,2.086,1.222,0,0,0,OFFBOARD
1190,OUTBOUND,120.76,72.868,-0.964,1.447,-0.0,0.002,0.0,72.868,-1.164,0.0,2.001,1.647,1,1.813,2.126,2.492,100.0,2.057,1.25,0,0,0,OFFBOARD
1191,OUTBOUND,120.86,72.869,-0.964,1.447,-0.0,0.002,0.0,72.869,-1.164,0.0,2.0,1.647,1,1.813,2.126,2.492,100.0,2.029,1.277,0,0,0,OFFBOARD
1192,OUTBOUND,120.96,72.869,-0.964,1.447,-0.0,0.002,0.0,72.869,-1.164,0.0,1.999,1.646,1,1.813,2.126,2.492,100.0,1.997,1.305,0,0,0,OFFBOARD
1193,OUTBOUND,121.07,72.869,-0.964,1.447,-0.0,0.002,0.0,72.869,-1.164,0.0,1.998,1.646,1,1.813,2.127,2.492,100.0,1.965,1.333,0,0,0,OFFBOARD
1194,OUTBOUND,121.17,72.869,-0.964,1.447,-0.0,0.002,0.0,72.869,-1.164,0.0,1.997,1.645,1,1.813,2.127,2.492,100.0,1.933,1.36,0,0,0,OFFBOARD
1195,OUTBOUND,121.27,72.869,-0.964,1.447,-0.0,0.002,0.0,72.869,-1.164,0.0,1.997,1.645,1,1.813,2.127,2.492,100.0,1.901,1.388,0,0,0,OFFBOARD
1196,OUTBOUND,121.37,72.869,-0.964,1.447,-0.0,0.002,0.0,72.869,-1.164,0.0,1.996,1.644,1,1.813,2.127,2.493,100.0,1.871,1.415,0,0,0,OFFBOARD
1197,OUTBOUND,121.47,72.869,-0.964,1.448,-0.0,0.002,0.0,72.869,-1.164,0.0,1.995,1.644,1,1.813,2.127,2.492,100.0,1.839,1.443,0,0,0,OFFBOARD
1198,OUTBOUND,121.57,72.87,-0.964,1.448,-0.0,0.002,0.0,72.869,-1.164,0.0,1.995,1.644,1,1.813,2.127,2.493,100.0,1.805,1.47,0,0,0,OFFBOARD
1199,OUTBOUND,121.67,72.87,-0.964,1.448,-0.0,0.002,0.0,72.87,-1.164,0.0,1.994,1.643,1,1.813,2.127,2.493,100.0,1.771,1.498,0,0,0,OFFBOARD
1200,OUTBOUND,121.78,72.87,-0.964,1.448,-0.0,0.002,0.0,72.87,-1.164,0.0,1.993,1.642,1,1.813,2.128,2.493,100.0,1.738,1.526,0,0,0,OFFBOARD
1201,OUTBOUND,121.88,72.87,-0.964,1.448,-0.0,0.002,0.0,72.87,-1.164,0.0,1.992,1.642,1,1.813,2.128,2.493,100.0,1.702,1.553,0,0,0,OFFBOARD
1202,OUTBOUND,121.98,72.87,-0.964,1.448,-0.0,0.002,0.0,72.87,-1.164,0.0,1.992,1.642,1,1.813,2.128,2.493,100.0,1.668,1.581,0,0,0,OFFBOARD
1203,OUTBOUND,122.08,72.87,-0.964,1.448,-0.0,0.002,0.0,72.87,-1.164,0.0,1.991,1.641,1,1.813,2.128,2.493,100.0,1.631,1.608,0,0,0,OFFBOARD
1204,OUTBOUND,122.18,72.87,-0.964,1.448,-0.0,0.002,0.0,72.87,-1.164,0.0,1.991,1.641,1,1.813,2.128,2.493,100.0,1.594,1.636,0,0,0,OFFBOARD
1205,OUTBOUND,122.28,72.87,-0.964,1.448,-0.0,0.002,0.0,72.87,-1.164,0.0,1.991,1.641,1,1.813,2.128,2.493,100.0,1.557,1.663,0,0,0,OFFBOARD
1206,OUTBOUND,122.39,72.871,-0.964,1.448,-0.0,0.002,0.0,72.871,-1.164,0.0,1.99,1.64,1,1.814,2.128,2.493,100.0,1.521,1.69,0,0,0,OFFBOARD
1207,OUTBOUND,122.49,72.871,-0.964,1.448,-0.0,0.002,0.0,72.871,-1.164,0.0,1.989,1.64,1,1.814,2.128,2.493,100.0,1.484,1.718,0,0,0,OFFBOARD
1208,OUTBOUND,122.59,72.871,-0.964,1.449,-0.0,0.002,0.0,72.871,-1.164,0.0,1.989,1.64,1,1.814,2.129,2.494,100.0,1.449,1.745,0,0,0,OFFBOARD
1209,OUTBOUND,122.69,72.871,-0.964,1.449,-0.0,0.002,0.0,72.871,-1.164,0.0,1.989,1.639,1,1.814,2.128,2.493,100.0,1.412,1.773,0,0,0,OFFBOARD
1210,OUTBOUND,122.79,72.871,-0.964,1.449,-0.0,0.002,0.0,72.871,-1.164,0.0,1.988,1.639,1,1.814,2.129,2.494,100.0,1.376,1.8,0,0,0,OFFBOARD
1211,OUTBOUND,122.89,72.871,-0.964,1.449,-0.0,0.002,0.0,72.871,-1.164,0.0,1.988,1.639,1,1.814,2.129,2.494,100.0,1.343,1.827,0,0,0,OFFBOARD
1212,OUTBOUND,122.99,72.871,-0.964,1.449,-0.0,0.002,0.0,72.871,-1.164,0.0,1.988,1.639,1,1.814,2.129,2.494,100.0,1.311,1.855,0,0,0,OFFBOARD
1213,OUTBOUND,123.09,72.871,-0.964,1.449,-0.0,0.002,0.0,72.871,-1.164,0.0,1.988,1.638,1,1.814,2.129,2.494,100.0,1.276,1.882,0,0,0,OFFBOARD
1214,OUTBOUND,123.19,72.872,-0.964,1.449,-0.0,0.002,0.0,72.872,-1.164,0.0,1.987,1.638,1,1.814,2.129,2.494,100.0,1.243,1.91,0,0,0,OFFBOARD
1215,OUTBOUND,123.3,72.872,-0.964,1.449,-0.0,0.002,0.0,72.872,-1.164,0.0,1.987,1.638,1,1.814,2.129,2.494,100.0,1.214,1.937,0,0,0,OFFBOARD
1216,OUTBOUND,123.4,72.872,-0.964,1.449,-0.0,0.002,0.0,72.872,-1.164,0.0,1.986,1.637,1,1.814,2.129,2.494,100.0,1.181,1.964,0,0,0,OFFBOARD
1217,OUTBOUND,123.5,72.872,-0.964,1.45,-0.0,0.002,0.0,72.872,-1.164,0.0,1.986,1.637,1,1.814,2.129,2.494,100.0,1.15,1.991,0,0,0,OFFBOARD
1218,OUTBOUND,123.6,72.872,-0.964,1.45,-0.0,0.002,0.0,72.872,-1.164,0.0,1.986,1.637,1,1.814,2.13,2.494,100.0,1.115,2.019,0,0,0,OFFBOARD
1219,OUTBOUND,123.7,72.872,-0.964,1.45,-0.0,0.002,0.0,72.872,-1.164,0.0,1.986,1.637,1,1.814,2.13,2.494,100.0,1.082,2.046,0,0,0,OFFBOARD
1220,OUTBOUND,123.81,72.872,-0.964,1.45,-0.0,0.002,0.0,72.872,-1.164,0.0,1.986,1.636,1,1.814,2.13,2.494,100.0,1.047,2.073,0,0,0,OFFBOARD
1221,OUTBOUND,123.91,72.873,-0.964,1.45,-0.0,0.002,0.0,72.873,-1.164,0.0,1.985,1.636,1,1.814,2.13,2.494,100.0,1.012,2.1,0,0,0,OFFBOARD
1222,OUTBOUND,124.01,72.873,-0.964,1.45,-0.0,0.002,0.0,72.873,-1.164,0.0,1.985,1.636,1,1.814,2.13,2.494,100.0,0.978,2.128,0,0,0,OFFBOARD
1223,OUTBOUND,124.11,72.873,-0.964,1.45,-0.0,0.002,0.0,72.873,-1.164,0.0,1.985,1.636,1,1.814,2.13,2.494,100.0,0.946,2.155,0,0,0,OFFBOARD
1224,OUTBOUND,124.21,72.873,-0.964,1.45,-0.0,0.002,0.0,72.873,-1.164,0.0,1.985,1.636,1,1.814,2.13,2.494,100.0,0.918,2.182,0,0,0,OFFBOARD
1225,OUTBOUND,124.31,72.873,-0.964,1.451,-0.0,0.002,0.0,72.873,-1.164,0.0,1.985,1.636,1,1.814,2.13,2.494,100.0,0.89,2.209,0,0,0,OFFBOARD
1226,OUTBOUND,124.41,72.873,-0.964,1.451,-0.0,0.002,0.0,72.873,-1.164,0.0,1.985,1.635,1,1.815,2.13,2.494,100.0,0.863,2.236,0,0,0,OFFBOARD
1227,OUTBOUND,124.52,72.873,-0.964,1.451,-0.0,0.002,0.0,72.873,-1.164,0.0,1.984,1.635,1,1.815,2.131,2.494,100.0,0.837,2.263,0,0,0,OFFBOARD
1228,OUTBOUND,124.62,72.873,-0.964,1.451,-0.0,0.002,0.0,72.873,-1.164,0.0,1.984,1.635,1,1.815,2.131,2.494,100.0,0.812,2.29,0,0,0,OFFBOARD
1229,OUTBOUND,124.72,72.874,-0.964,1.451,-0.0,0.002,0.0,72.873,-1.164,0.0,1.984,1.635,1,1.815,2.131,2.494,100.0,0.785,2.317,0,0,0,OFFBOARD
1230,OUTBOUND,124.82,72.874,-0.964,1.451,-0.0,0.002,0.0,72.874,-1.164,0.0,1.984,1.635,1,1.815,2.131,2.494,100.0,0.759,2.344,0,0,0,OFFBOARD
1231,OUTBOUND,124.92,72.874,-0.964,1.451,-0.0,0.002,0.0,72.874,-1.164,0.0,1.984,1.635,1,1.815,2.131,2.494,100.0,0.733,2.371,0,0,0,OFFBOARD
1232,OUTBOUND,125.02,72.874,-0.964,1.451,-0.0,0.002,0.0,72.874,-1.164,0.0,1.984,1.635,1,1.815,2.131,2.494,100.0,0.705,2.398,0,0,0,OFFBOARD
1233,OUTBOUND,125.12,72.874,-0.964,1.451,-0.0,0.002,0.0,72.874,-1.164,0.0,1.984,1.635,1,1.815,2.131,2.494,100.0,0.681,2.426,0,0,0,OFFBOARD
1234,OUTBOUND,125.23,72.874,-0.964,1.452,-0.0,0.002,0.0,72.874,-1.164,0.0,1.984,1.635,1,1.815,2.131,2.494,100.0,0.655,2.452,0,0,0,OFFBOARD
1235,OUTBOUND,125.33,72.874,-0.964,1.452,-0.0,0.002,0.0,72.874,-1.164,0.0,1.984,1.635,1,1.815,2.131,2.494,100.0,0.63,2.479,0,0,0,OFFBOARD
1236,OUTBOUND,125.43,72.874,-0.964,1.452,-0.0,0.002,0.0,72.874,-1.164,0.0,1.984,1.635,1,1.815,2.131,2.494,100.0,0.602,2.506,0,0,0,OFFBOARD
1237,OUTBOUND,125.53,72.874,-0.964,1.452,-0.0,0.002,0.0,72.874,-1.164,0.0,1.983,1.634,1,1.815,2.131,2.494,100.0,0.575,2.533,0,0,0,OFFBOARD
1238,OUTBOUND,125.63,72.875,-0.964,1.452,-0.0,0.002,0.0,72.875,-1.164,0.0,1.984,1.635,1,1.815,2.131,2.494,100.0,0.551,2.56,0,0,0,OFFBOARD
1239,OUTBOUND,125.73,72.875,-0.964,1.452,-0.0,0.002,0.0,72.875,-1.164,0.0,1.984,1.635,1,1.816,2.131,2.494,100.0,0.527,2.587,0,0,0,OFFBOARD
1240,OUTBOUND,125.83,72.875,-0.964,1.452,-0.0,0.002,0.0,72.875,-1.164,0.0,1.984,1.635,1,1.816,2.131,2.495,100.0,0.505,2.614,0,0,0,OFFBOARD
1241,OUTBOUND,125.94,72.875,-0.964,1.453,-0.0,0.002,0.0,72.875,-1.164,0.0,1.984,1.635,1,1.816,2.131,2.495,100.0,0.483,2.641,0,0,0,OFFBOARD
1242,OUTBOUND,126.04,72.875,-0.964,1.453,-0.0,0.002,0.0,72.875,-1.164,0.0,1.984,1.635,1,1.816,2.131,2.495,100.0,0.459,2.668,0,0,0,OFFBOARD
1243,OUTBOUND,126.14,72.875,-0.964,1.453,-0.0,0.002,0.0,72.875,-1.164,0.0,1.984,1.635,1,1.816,2.131,2.495,100.0,0.434,2.695,0,0,0,OFFBOARD
1244,OUTBOUND,126.24,72.875,-0.964,1.453,-0.0,0.002,0.0,72.875,-1.164,0.0,1.984,1.635,1,1.816,2.131,2.494,100.0,0.413,2.722,0,0,0,OFFBOARD
1245,OUTBOUND,126.34,72.876,-0.964,1.453,-0.0,0.002,0.0,72.875,-1.164,0.0,1.983,1.636,1,1.817,2.131,2.494,100.0,0.39,2.749,0,0,0,OFFBOARD
1246,OUTBOUND,126.44,72.876,-0.964,1.453,-0.0,0.002,0.0,72.876,-1.164,0.0,1.984,1.636,1,1.817,2.131,2.495,100.0,0.368,2.775,0,0,0,OFFBOARD
1247,OUTBOUND,126.55,72.876,-0.964,1.453,-0.0,0.002,0.0,72.876,-1.164,0.0,1.984,1.636,1,1.817,2.132,2.495,100.0,0.347,2.802,0,0,0,OFFBOARD
1248,OUTBOUND,126.65,72.876,-0.964,1.454,-0.0,0.002,0.0,72.876,-1.164,0.0,1.984,1.636,1,1.817,2.132,2.495,100.0,0.325,2.829,0,0,0,OFFBOARD
1249,OUTBOUND,126.75,72.876,-0.964,1.454,-0.0,0.002,0.0,72.876,-1.164,0.0,1.984,1.637,1,1.817,2.132,2.495,100.0,0.302,2.856,0,0,0,OFFBOARD
1250,OUTBOUND,126.85,72.876,-0.964,1.454,-0.0,0.002,0.0,72.876,-1.164,0.0,1.984,1.637,1,1.817,2.132,2.495,100.0,0.278,2.882,0,0,0,OFFBOARD
1251,OUTBOUND,126.95,72.876,-0.964,1.454,-0.0,0.002,0.0,72.876,-1.164,0.0,1.985,1.637,1,1.817,2.132,2.495,100.0,0.25,2.909,0,0,0,OFFBOARD
1252,OUTBOUND,127.05,72.876,-0.964,1.454,-0.0,0.002,0.0,72.876,-1.164,0.0,1.985,1.637,1,1.817,2.132,2.494,100.0,0.223,2.936,0,0,0,OFFBOARD
1253,OUTBOUND,127.15,72.877,-0.964,1.454,-0.0,0.002,0.0,72.877,-1.164,0.0,1.986,1.638,1,1.817,2.132,2.494,100.0,0.196,2.962,0,0,0,OFFBOARD
1254,OUTBOUND,127.26,72.877,-0.964,1.455,-0.0,0.002,0.0,72.877,-1.164,0.0,1.987,1.638,1,1.817,2.132,2.494,100.0,0.17,2.989,0,0,0,OFFBOARD
1255,OUTBOUND,127.36,72.877,-0.964,1.455,-0.0,0.002,0.0,72.877,-1.164,0.0,1.988,1.639,1,1.817,2.132,2.494,100.0,0.146,3.015,0,0,0,OFFBOARD
1256,OUTBOUND,127.46,72.877,-0.964,1.455,-0.0,0.002,0.0,72.877,-1.164,0.0,1.989,1.639,1,1.818,2.132,2.494,100.0,0.123,3.042,0,0,0,OFFBOARD
1257,OUTBOUND,127.56,72.877,-0.964,1.455,-0.0,0.002,0.0,72.877,-1.164,0.0,1.99,1.64,1,1.818,2.132,2.494,100.0,0.101,3.068,0,0,0,OFFBOARD
1258,OUTBOUND,127.66,72.877,-0.964,1.455,-0.0,0.002,0.0,72.877,-1.164,0.0,1.99,1.641,1,1.818,2.132,2.494,100.0,0.078,3.095,0,0,0,OFFBOARD
1259,OUTBOUND,127.76,72.877,-0.964,1.455,-0.0,0.002,0.0,72.877,-1.164,0.0,1.991,1.641,1,1.818,2.132,2.494,100.0,0.052,3.121,0,0,0,OFFBOARD
1260,OUTBOUND,127.87,72.878,-0.964,1.456,-0.0,0.002,0.0,72.878,-1.164,0.0,1.992,1.642,1,1.818,2.132,2.494,100.0,0.024,3.148,0,0,0,OFFBOARD
1261,OUTBOUND,127.97,72.878,-0.964,1.456,-0.0,0.002,0.0,72.878,-1.164,0.0,1.993,1.642,1,1.818,2.132,2.494,100.0,0.001,3.174,0,0,0,OFFBOARD
1262,OUTBOUND,128.07,72.878,-0.964,1.456,-0.0,0.002,0.0,72.878,-1.164,0.0,1.994,1.643,1,1.818,2.133,2.494,100.0,-0.022,3.201,0,0,0,OFFBOARD
1263,OUTBOUND,128.17,72.878,-0.964,1.456,-0.0,0.002,0.0,72.878,-1.164,0.0,1.995,1.644,1,1.818,2.133,2.494,100.0,-0.046,3.227,0,0,0,OFFBOARD
1264,OUTBOUND,128.27,72.878,-0.964,1.456,-0.0,0.002,0.0,72.878,-1.164,0.0,1.996,1.645,1,1.818,2.133,2.494,100.0,-0.068,3.253,0,0,0,OFFBOARD
1265,OUTBOUND,128.37,72.878,-0.964,1.456,-0.0,0.002,0.0,72.878,-1.164,0.0,1.997,1.645,1,1.818,2.133,2.494,100.0,-0.088,3.28,0,0,0,OFFBOARD
1266,OUTBOUND,128.48,72.878,-0.964,1.457,-0.0,0.002,0.0,72.878,-1.164,0.0,1.998,1.647,1,1.818,2.133,2.494,100.0,-0.107,3.306,0,0,0,OFFBOARD
1267,OUTBOUND,128.58,72.879,-0.964,1.457,-0.0,0.002,0.0,72.879,-1.164,0.0,1.999,1.648,1,1.818,2.133,2.494,100.0,-0.128,3.332,0,0,0,OFFBOARD
1268,OUTBOUND,128.68,72.879,-0.964,1.457,-0.0,0.002,0.0,72.879,-1.164,0.0,2.001,1.649,1,1.818,2.133,2.494,100.0,-0.152,3.359,0,0,0,OFFBOARD
1269,OUTBOUND,128.78,72.879,-0.964,1.457,-0.0,0.002,0.0,72.879,-1.164,0.0,2.002,1.651,1,1.819,2.133,2.494,100.0,-0.177,3.385,0,0,0,OFFBOARD
1270,OUTBOUND,128.88,72.879,-0.964,1.457,-0.0,0.002,0.0,72.879,-1.164,0.0,2.003,1.652,1,1.819,2.133,2.494,100.0,-0.199,3.411,0,0,0,OFFBOARD
1271,OUTBOUND,128.98,72.879,-0.964,1.457,-0.0,0.002,0.0,72.879,-1.164,0.0,2.004,1.654,1,1.819,2.133,2.494,100.0,-0.225,3.437,0,0,0,OFFBOARD
1272,OUTBOUND,129.09,72.879,-0.964,1.458,-0.0,0.002,0.0,72.879,-1.164,0.0,2.005,1.655,1,1.819,2.133,2.494,100.0,-0.247,3.464,0,0,0,OFFBOARD
1273,OUTBOUND,129.19,72.879,-0.964,1.458,-0.0,0.002,0.0,72.879,-1.164,0.0,2.006,1.656,1,1.819,2.133,2.494,100.0,-0.263,3.49,0,0,0,OFFBOARD
1274,OUTBOUND,129.29,72.88,-0.964,1.458,-0.0,0.002,0.0,72.88,-1.164,0.0,2.007,1.658,1,1.819,2.134,2.494,100.0,-0.282,3.516,0,0,0,OFFBOARD
1275,OUTBOUND,129.39,72.88,-0.964,1.458,-0.0,0.002,0.0,72.88,-1.164,0.0,2.009,1.66,1,1.819,2.134,2.494,100.0,-0.298,3.542,0,0,0,OFFBOARD
1276,OUTBOUND,129.49,72.88,-0.964,1.458,-0.0,0.002,0.0,72.88,-1.164,0.0,2.009,1.661,1,1.819,2.133,2.493,100.0,-0.318,3.568,0,0,0,OFFBOARD
1277,OUTBOUND,129.59,72.88,-0.964,1.459,-0.0,0.002,0.0,72.88,-1.164,0.0,2.011,1.663,1,1.819,2.134,2.494,100.0,-0.341,3.594,0,0,0,OFFBOARD
1278,OUTBOUND,129.69,72.88,-0.964,1.459,-0.0,0.002,0.0,72.88,-1.164,0.0,2.012,1.664,1,1.819,2.134,2.493,100.0,-0.364,3.62,0,0,0,OFFBOARD
1279,OUTBOUND,129.8,72.88,-0.964,1.459,-0.0,0.002,0.0,72.88,-1.164,0.0,2.013,1.666,1,1.819,2.134,2.493,100.0,-0.385,3.646,0,0,0,OFFBOARD
1280,OUTBOUND,129.9,72.88,-0.964,1.459,-0.0,0.002,0.0,72.88,-1.164,0.0,2.014,1.666,1,1.819,2.134,2.493,100.0,-0.408,3.672,0,0,0,OFFBOARD
1281,OUTBOUND,130.0,72.881,-0.964,1.459,-0.0,0.002,0.0,72.881,-1.164,0.0,2.015,1.667,1,1.819,2.134,2.493,100.0,-0.431,3.698,0,0,0,OFFBOARD
1282,OUTBOUND,130.1,72.881,-0.964,1.459,-0.0,0.002,0.0,72.881,-1.164,0.0,2.016,1.668,1,1.819,2.134,2.493,100.0,-0.452,3.724,0,0,0,OFFBOARD
1283,OUTBOUND,130.2,72.881,-0.964,1.46,-0.0,0.002,0.0,72.881,-1.164,0.0,2.017,1.668,1,1.819,2.134,2.493,100.0,-0.473,3.75,0,0,0,OFFBOARD
1284,OUTBOUND,130.3,72.881,-0.964,1.46,-0.0,0.002,0.0,72.881,-1.164,0.0,2.019,1.669,1,1.819,2.134,2.493,100.0,-0.492,3.776,0,0,0,OFFBOARD
1285,OUTBOUND,130.4,72.881,-0.964,1.46,-0.0,0.002,0.0,72.881,-1.164,0.0,2.021,1.669,1,1.819,2.134,2.493,100.0,-0.509,3.802,0,0,0,OFFBOARD
1286,OUTBOUND,130.51,72.881,-0.964,1.46,-0.0,0.002,0.0,72.881,-1.164,0.0,2.022,1.67,1,1.819,2.134,2.493,100.0,-0.528,3.827,0,0,0,OFFBOARD
1287,OUTBOUND,130.61,72.882,-0.964,1.46,-0.0,0.002,0.0,72.881,-1.164,0.0,2.024,1.67,1,1.819,2.134,2.493,100.0,-0.545,3.853,0,0,0,OFFBOARD
1288,OUTBOUND,130.71,72.882,-0.964,1.461,-0.0,0.002,0.0,72.882,-1.164,0.0,2.025,1.67,1,1.819,2.134,2.493,100.0,-0.568,3.879,0,0,0,OFFBOARD
1289,OUTBOUND,130.81,72.882,-0.964,1.461,-0.0,0.002,0.0,72.882,-1.164,0.0,2.025,1.671,1,1.82,2.134,2.493,100.0,-0.593,3.905,0,0,0,OFFBOARD
1290,OUTBOUND,130.91,72.882,-0.964,1.461,-0.0,0.002,0.0,72.882,-1.164,0.0,2.023,1.671,1,1.82,2.135,2.493,100.0,-0.617,3.93,0,0,0,OFFBOARD
1291,OUTBOUND,131.01,72.882,-0.964,1.461,-0.0,0.002,0.0,72.882,-1.164,0.0,2.022,1.671,1,1.819,2.135,2.493,100.0,-0.644,3.956,0,0,0,OFFBOARD
1292,OUTBOUND,131.12,72.882,-0.964,1.462,-0.0,0.002,0.0,72.882,-1.164,0.0,2.02,1.671,1,1.82,2.135,2.493,100.0,-0.67,3.982,0,0,0,OFFBOARD
1293,OUTBOUND,131.22,72.883,-0.964,1.462,-0.0,0.002,0.0,72.882,-1.164,0.0,2.018,1.672,1,1.82,2.135,2.493,100.0,-0.696,4.007,0,0,0,OFFBOARD
1294,OUTBOUND,131.32,72.883,-0.964,1.462,-0.0,0.002,0.0,72.883,-1.164,0.0,2.016,1.672,1,1.82,2.135,2.492,100.0,-0.724,4.033,0,0,0,OFFBOARD
1295,OUTBOUND,131.42,72.883,-0.964,1.462,-0.0,0.002,0.0,72.883,-1.164,0.0,2.015,1.672,1,1.82,2.135,2.492,100.0,-0.752,4.058,0,0,0,OFFBOARD
1296,OUTBOUND,131.52,72.883,-0.964,1.462,-0.0,0.002,0.0,72.883,-1.164,0.0,2.013,1.672,1,1.82,2.135,2.492,100.0,-0.778,4.084,0,0,0,OFFBOARD
1297,OUTBOUND,131.62,72.883,-0.964,1.463,-0.0,0.002,0.0,72.883,-1.164,0.0,2.012,1.673,1,1.82,2.135,2.492,100.0,-0.8,4.109,0,0,0,OFFBOARD
1298,OUTBOUND,131.72,72.883,-0.964,1.463,-0.0,0.002,0.0,72.883,-1.164,0.0,2.01,1.673,1,1.82,2.135,2.492,100.0,-0.823,4.135,0,0,0,OFFBOARD
1299,OUTBOUND,131.82,72.883,-0.964,1.463,-0.0,0.002,0.0,72.883,-1.164,0.0,2.009,1.673,1,1.82,2.135,2.492,100.0,-0.848,4.16,0,0,0,OFFBOARD
1300,OUTBOUND,131.93,72.884,-0.964,1.463,-0.0,0.002,0.0,72.884,-1.164,0.0,2.007,1.674,1,1.82,2.135,2.492,100.0,-0.871,4.185,0,0,0,OFFBOARD
1301,OUTBOUND,132.03,72.884,-0.964,1.463,-0.0,0.002,0.0,72.884,-1.164,0.0,2.005,1.674,1,1.82,2.135,2.492,100.0,-0.891,4.211,0,0,0,OFFBOARD
1302,OUTBOUND,132.13,72.884,-0.964,1.464,-0.0,0.002,0.0,72.884,-1.164,0.0,2.004,1.674,1,1.82,2.135,2.492,100.0,-0.912,4.236,0,0,0,OFFBOARD
1303,OUTBOUND,132.23,72.884,-0.964,1.464,-0.0,0.002,0.0,72.884,-1.164,0.0,2.003,1.674,1,1.82,2.135,2.491,100.0,-0.933,4.261,0,0,0,OFFBOARD
1304,OUTBOUND,132.33,72.884,-0.964,1.464,-0.0,0.002,0.0,72.884,-1.164,0.0,2.002,1.674,1,1.82,2.135,2.491,100.0,-0.955,4.287,0,0,0,OFFBOARD
1305,OUTBOUND,132.43,72.884,-0.964,1.464,-0.0,0.002,0.0,72.884,-1.164,0.0,2.001,1.675,1,1.82,2.136,2.492,100.0,-0.979,4.312,0,0,0,OFFBOARD
1306,OUTBOUND,132.53,72.884,-0.964,1.464,-0.0,0.002,0.0,72.884,-1.164,0.0,2.0,1.675,1,1.82,2.136,2.491,100.0,-1.005,4.337,0,0,0,OFFBOARD
1307,OUTBOUND,132.63,72.885,-0.964,1.465,-0.0,0.002,0.0,72.885,-1.164,0.0,1.999,1.675,1,1.82,2.136,2.491,100.0,-1.028,4.362,0,0,0,OFFBOARD
1308,OUTBOUND,132.74,72.885,-0.964,1.465,-0.0,0.002,0.0,72.885,-1.164,0.0,1.998,1.675,1,1.82,2.136,2.491,100.0,-1.052,4.387,0,0,0,OFFBOARD
1309,OUTBOUND,132.84,72.885,-0.964,1.465,-0.0,0.002,0.0,72.885,-1.164,0.0,1.997,1.675,1,1.82,2.136,2.491,100.0,-1.077,4.413,0,0,0,OFFBOARD
1310,OUTBOUND,132.94,72.885,-0.964,1.465,-0.0,0.002,0.0,72.885,-1.164,0.0,1.996,1.675,1,1.82,2.136,2.491,100.0,-1.104,4.438,0,0,0,OFFBOARD
1311,OUTBOUND,133.04,72.885,-0.964,1.465,-0.0,0.002,0.0,72.885,-1.164,0.0,1.995,1.675,1,1.82,2.136,2.491,100.0,-1.129,4.463,0,0,0,OFFBOARD
1312,OUTBOUND,133.14,72.885,-0.964,1.466,-0.0,0.002,0.0,72.885,-1.164,0.0,1.994,1.674,1,1.82,2.136,2.491,100.0,-1.156,4.488,0,0,0,OFFBOARD
1313,OUTBOUND,133.24,72.886,-0.964,1.466,-0.0,0.002,0.0,72.886,-1.164,0.0,1.993,1.674,1,1.82,2.136,2.491,100.0,-1.185,4.5,0,0,0,OFFBOARD
1314,OUTBOUND,133.35,72.886,-0.964,1.466,-0.0,0.002,0.0,72.886,-1.164,0.0,1.992,1.674,1,1.82,2.136,2.491,100.0,-1.213,4.5,0,0,0,OFFBOARD
1315,OUTBOUND,133.45,72.886,-0.964,1.466,-0.0,0.002,0.0,72.886,-1.164,0.0,1.991,1.674,1,1.82,2.136,2.491,100.0,-1.244,4.5,0,0,0,OFFBOARD
1316,OUTBOUND,133.55,72.886,-0.964,1.467,-0.0,0.002,0.0,72.886,-1.164,0.0,1.99,1.673,1,1.82,2.136,2.49,100.0,-1.274,4.5,0,0,0,OFFBOARD
1317,OUTBOUND,133.65,72.886,-0.964,1.467,-0.0,0.002,0.0,72.886,-1.164,0.0,1.989,1.673,1,1.82,2.136,2.49,100.0,-1.301,4.5,0,0,0,OFFBOARD
1318,OUTBOUND,133.75,72.886,-0.964,1.467,-0.0,0.002,0.0,72.886,-1.164,0.0,1.988,1.673,1,1.82,2.136,2.49,100.0,-1.331,4.5,0,0,0,OFFBOARD
1319,OUTBOUND,133.85,72.887,-0.964,1.467,-0.0,0.002,0.0,72.887,-1.164,0.0,1.987,1.672,1,1.82,2.136,2.49,100.0,-1.359,4.5,0,0,0,OFFBOARD
1320,OUTBOUND,133.95,72.887,-0.964,1.468,-0.0,0.002,0.0,72.887,-1.164,0.0,1.986,1.672,1,1.82,2.136,2.49,100.0,-1.383,4.5,0,0,0,OFFBOARD
1321,OUTBOUND,134.06,72.887,-0.964,1.468,-0.0,0.002,0.0,72.887,-1.164,0.0,1.986,1.671,1,1.819,2.136,2.49,100.0,-1.408,4.5,0,0,0,OFFBOARD
1322,OUTBOUND,134.16,72.887,-0.964,1.468,-0.0,0.002,0.0,72.887,-1.164,0.0,1.985,1.671,1,1.819,2.136,2.49,100.0,-1.432,4.5,0,0,0,OFFBOARD
1323,OUTBOUND,134.26,72.887,-0.964,1.468,-0.0,0.002,0.0,72.887,-1.164,0.0,1.984,1.671,1,1.819,2.136,2.489,100.0,-1.455,4.5,0,0,0,OFFBOARD
1324,OUTBOUND,134.36,72.888,-0.964,1.469,-0.0,0.002,0.0,72.887,-1.164,0.0,1.984,1.67,1,1.819,2.136,2.49,100.0,-1.479,4.5,0,0,0,OFFBOARD
1325,OUTBOUND,134.46,72.888,-0.964,1.469,-0.0,0.002,0.0,72.888,-1.164,0.0,1.983,1.67,1,1.819,2.136,2.489,100.0,-1.504,4.5,0,0,0,OFFBOARD
1326,OUTBOUND,134.56,72.888,-0.964,1.469,-0.0,0.002,0.0,72.888,-1.164,0.0,1.982,1.67,1,1.819,2.136,2.489,100.0,-1.529,4.5,0,0,0,OFFBOARD
1327,OUTBOUND,134.66,72.888,-0.964,1.469,-0.0,0.002,0.0,72.888,-1.164,0.0,1.982,1.669,1,1.819,2.136,2.489,100.0,-1.553,4.5,0,0,0,OFFBOARD
1328,OUTBOUND,134.76,72.888,-0.964,1.469,-0.0,0.002,0.0,72.888,-1.164,0.0,1.981,1.669,1,1.819,2.136,2.489,100.0,-1.575,4.5,0,0,0,OFFBOARD
1329,OUTBOUND,134.87,72.888,-0.964,1.47,-0.0,0.002,0.0,72.888,-1.164,0.0,1.98,1.668,1,1.819,2.136,2.489,100.0,-1.6,4.5,0,0,0,OFFBOARD
1330,OUTBOUND,134.97,72.889,-0.964,1.47,-0.0,0.002,0.0,72.889,-1.164,0.0,1.98,1.668,1,1.819,2.136,2.489,100.0,-1.628,4.5,0,0,0,OFFBOARD
1331,OUTBOUND,135.07,72.889,-0.964,1.47,-0.0,0.002,0.0,72.889,-1.164,0.0,1.979,1.668,1,1.819,2.136,2.488,100.0,-1.653,4.5,0,0,0,OFFBOARD
1332,OUTBOUND,135.17,72.889,-0.964,1.47,-0.0,0.002,0.0,72.889,-1.164,0.0,1.979,1.667,1,1.819,2.136,2.488,100.0,-1.677,4.5,0,0,0,OFFBOARD
1333,OUTBOUND,135.27,72.889,-0.964,1.471,-0.0,0.002,0.0,72.889,-1.164,0.0,1.978,1.667,1,1.819,2.136,2.488,100.0,-1.698,4.5,0,0,0,OFFBOARD
1334,OUTBOUND,135.37,72.889,-0.964,1.471,-0.0,0.002,0.0,72.889,-1.164,0.0,1.977,1.666,1,1.819,2.136,2.488,100.0,-1.72,4.5,0,0,0,OFFBOARD
1335,OUTBOUND,135.47,72.889,-0.964,1.471,-0.0,0.002,0.0,72.889,-1.164,0.0,1.977,1.666,1,1.819,2.136,2.487,100.0,-1.744,4.5,0,0,0,OFFBOARD
1336,OUTBOUND,135.58,72.89,-0.964,1.471,-0.0,0.002,0.0,72.89,-1.164,0.0,1.977,1.666,1,1.819,2.136,2.488,100.0,-1.769,4.5,0,0,0,OFFBOARD
1337,OUTBOUND,135.68,72.89,-0.964,1.472,-0.0,0.002,0.0,72.89,-1.164,0.0,1.975,1.665,1,1.818,2.136,2.487,100.0,-1.794,4.5,0,0,0,OFFBOARD
1338,OUTBOUND,135.78,72.89,-0.964,1.472,-0.0,0.002,0.0,72.89,-1.164,0.0,1.976,1.665,1,1.818,2.136,2.487,100.0,-1.823,4.5,0,0,0,OFFBOARD
1339,OUTBOUND,135.88,72.89,-0.964,1.472,-0.0,0.002,0.0,72.89,-1.164,0.0,1.975,1.665,1,1.818,2.137,2.487,100.0,-1.848,4.5,0,0,0,OFFBOARD
1340,OUTBOUND,135.98,72.89,-0.964,1.472,-0.0,0.002,0.0,72.89,-1.164,0.0,1.974,1.664,1,1.818,2.136,2.487,100.0,-1.875,4.5,0,0,0,OFFBOARD
1341,OUTBOUND,136.08,72.891,-0.964,1.473,-0.0,0.002,0.0,72.891,-1.164,0.0,1.974,1.664,1,1.818,2.137,2.487,100.0,-1.897,4.5,0,0,0,OFFBOARD
1342,OUTBOUND,136.18,72.891,-0.964,1.473,-0.0,0.002,0.0,72.891,-1.164,0.0,1.974,1.663,1,1.818,2.137,2.487,100.0,-1.92,4.5,0,0,0,OFFBOARD
1343,OUTBOUND,136.29,72.891,-0.964,1.473,-0.0,0.002,0.0,72.891,-1.164,0.0,1.973,1.663,1,1.818,2.137,2.487,100.0,-1.945,4.5,0,0,0,OFFBOARD
1344,OUTBOUND,136.39,72.891,-0.964,1.473,-0.0,0.002,0.0,72.891,-1.164,0.0,1.973,1.662,1,1.818,2.137,2.486,100.0,-1.973,4.5,0,0,0,OFFBOARD
1345,OUTBOUND,136.49,72.891,-0.964,1.474,-0.0,0.002,0.0,72.891,-1.164,0.0,1.972,1.662,1,1.818,2.136,2.486,100.0,-2.002,4.5,0,0,0,OFFBOARD
1346,OUTBOUND,136.59,72.892,-0.964,1.474,-0.0,0.002,0.0,72.892,-1.164,0.0,1.972,1.662,1,1.818,2.137,2.486,100.0,-2.025,4.5,0,0,0,OFFBOARD
1347,OUTBOUND,136.69,72.892,-0.964,1.474,-0.0,0.002,0.0,72.892,-1.164,0.0,1.971,1.661,1,1.818,2.137,2.486,100.0,-2.048,4.5,0,0,0,OFFBOARD
1348,OUTBOUND,136.79,72.892,-0.964,1.474,-0.0,0.002,0.0,72.892,-1.164,0.0,1.971,1.661,1,1.818,2.136,2.486,100.0,-2.073,4.5,0,0,0,OFFBOARD
1349,OUTBOUND,136.89,72.892,-0.964,1.475,-0.0,0.002,0.0,72.892,-1.164,0.0,1.971,1.661,1,1.817,2.136,2.486,100.0,-2.097,4.5,0,0,0,OFFBOARD
1350,OUTBOUND,137.0,72.892,-0.964,1.475,-0.0,0.002,0.0,72.892,-1.164,0.0,1.97,1.66,1,1.817,2.136,2.485,100.0,-2.12,4.5,0,0,0,OFFBOARD
1351,OUTBOUND,137.1,72.893,-0.964,1.475,-0.0,0.002,0.0,72.892,-1.164,0.0,1.97,1.66,1,1.817,2.136,2.485,100.0,-2.145,4.5,0,0,0,OFFBOARD
1352,OUTBOUND,137.2,72.893,-0.964,1.475,-0.0,0.002,0.0,72.893,-1.164,0.0,1.97,1.66,1,1.817,2.137,2.485,100.0,-2.17,4.5,0,0,0,OFFBOARD
1353,OUTBOUND,137.3,72.893,-0.964,1.475,-0.0,0.002,0.0,72.893,-1.164,0.0,1.969,1.659,1,1.817,2.137,2.485,100.0,-2.195,4.5,0,0,0,OFFBOARD
1354,OUTBOUND,137.4,72.893,-0.964,1.476,-0.0,0.002,0.0,72.893,-1.164,0.0,1.969,1.659,1,1.817,2.137,2.485,100.0,-2.221,4.5,0,0,0,OFFBOARD
1355,OUTBOUND,137.5,72.893,-0.964,1.476,-0.0,0.002,0.0,72.893,-1.164,0.0,1.969,1.659,1,1.817,2.137,2.485,100.0,-2.249,4.5,0,0,0,OFFBOARD
1356,OUTBOUND,137.6,72.893,-0.964,1.476,-0.0,0.002,0.0,72.893,-1.164,0.0,1.968,1.658,1,1.817,2.137,2.485,100.0,-2.278,4.5,0,0,0,OFFBOARD
1357,OUTBOUND,137.71,72.894,-0.964,1.476,-0.0,0.002,0.0,72.894,-1.164,0.0,1.968,1.658,1,1.817,2.136,2.484,100.0,-2.309,4.5,0,0,0,OFFBOARD
1358,OUTBOUND,137.81,72.894,-0.964,1.477,-0.0,0.002,0.0,72.894,-1.164,0.0,1.968,1.658,1,1.817,2.137,2.484,100.0,-2.335,4.5,0,0,0,OFFBOARD
1359,OUTBOUND,137.91,72.894,-0.964,1.477,-0.0,0.002,0.0,72.894,-1.164,0.0,1.968,1.658,1,1.816,2.137,2.484,100.0,-2.361,4.5,0,0,0,OFFBOARD
1360,OUTBOUND,138.01,72.894,-0.964,1.477,-0.0,0.002,0.0,72.894,-1.164,0.0,1.967,1.657,1,1.816,2.137,2.484,100.0,-2.391,4.5,0,0,0,OFFBOARD
1361,OUTBOUND,138.11,72.894,-0.964,1.477,-0.0,0.002,0.0,72.894,-1.164,0.0,1.966,1.657,1,1.816,2.137,2.483,100.0,-2.42,4.5,0,0,0,OFFBOARD
1362,OUTBOUND,138.21,72.895,-0.964,1.477,-0.0,0.002,0.0,72.895,-1.164,0.0,1.967,1.657,1,1.816,2.137,2.484,100.0,-2.451,4.5,0,0,0,OFFBOARD
1363,OUTBOUND,138.32,72.895,-0.964,1.478,-0.0,0.002,0.0,72.895,-1.164,0.0,1.966,1.656,1,1.816,2.137,2.483,100.0,-2.48,4.5,0,0,0,OFFBOARD
1364,OUTBOUND,138.42,72.895,-0.964,1.478,-0.0,0.002,0.0,72.895,-1.164,0.0,1.966,1.656,1,1.816,2.137,2.483,100.0,-2.5,4.5,0,0,0,OFFBOARD
1365,OUTBOUND,138.52,72.895,-0.964,1.478,-0.0,0.002,0.0,72.895,-1.164,0.0,1.966,1.656,1,1.816,2.137,2.483,100.0,-2.5,4.5,0,0,0,OFFBOARD
1366,OUTBOUND,138.62,72.895,-0.964,1.478,-0.0,0.002,0.0,72.895,-1.164,0.0,1.965,1.656,1,1.815,2.137,2.483,100.0,-2.5,4.5,0,0,0,OFFBOARD
1367,OUTBOUND,138.72,72.896,-0.964,1.479,-0.0,0.002,0.0,72.895,-1.164,0.0,1.965,1.655,1,1.815,2.137,2.482,100.0,-2.5,4.5,0,0,0,OFFBOARD
1368,OUTBOUND,138.82,72.896,-0.964,1.479,-0.0,0.002,0.0,72.896,-1.164,0.0,1.965,1.655,1,1.815,2.137,2.482,100.0,-2.5,4.5,0,0,0,OFFBOARD
1369,OUTBOUND,138.92,72.896,-0.964,1.479,-0.0,0.002,0.0,72.896,-1.164,0.0,1.965,1.655,1,1.815,2.136,2.482,100.0,-2.5,4.5,0,0,0,OFFBOARD
1370,OUTBOUND,139.03,72.896,-0.964,1.479,-0.0,0.002,0.0,72.896,-1.164,0.0,1.965,1.655,1,1.815,2.137,2.482,100.0,-2.5,4.5,0,0,0,OFFBOARD
1371,OUTBOUND,139.13,72.896,-0.964,1.48,-0.0,0.002,0.0,72.896,-1.164,0.0,1.965,1.654,1,1.815,2.137,2.482,100.0,-2.5,4.5,0,0,0,OFFBOARD
1372,OUTBOUND,139.23,72.896,-0.964,1.48,-0.0,0.002,0.0,72.896,-1.164,0.0,1.966,1.654,1,1.815,2.137,2.482,100.0,-2.5,4.5,0,0,0,OFFBOARD
1373,OUTBOUND,139.33,72.897,-0.964,1.48,-0.0,0.002,0.0,72.897,-1.164,0.0,1.966,1.654,1,1.815,2.137,2.481,100.0,-2.5,4.5,0,0,0,OFFBOARD
1374,OUTBOUND,139.43,72.897,-0.964,1.48,-0.0,0.002,0.0,72.897,-1.164,0.0,1.966,1.654,1,1.814,2.137,2.481,100.0,-2.5,4.5,0,0,0,OFFBOARD
1375,OUTBOUND,139.53,72.897,-0.964,1.481,-0.0,0.002,0.0,72.897,-1.164,0.0,1.967,1.654,1,1.814,2.137,2.481,100.0,-2.5,4.5,0,0,0,OFFBOARD
1376,OUTBOUND,139.63,72.897,-0.964,1.481,-0.0,0.002,0.0,72.897,-1.164,0.0,1.967,1.654,1,1.814,2.136,2.48,100.0,-2.5,4.5,0,0,0,OFFBOARD
1377,OUTBOUND,139.74,72.898,-0.964,1.481,-0.0,0.002,0.0,72.897,-1.164,0.0,1.968,1.654,1,1.814,2.137,2.481,100.0,-2.5,4.5,0,0,0,OFFBOARD
1378,OUTBOUND,139.84,72.898,-0.964,1.481,-0.0,0.002,0.0,72.898,-1.164,0.0,1.968,1.654,1,1.814,2.136,2.48,100.0,-2.5,4.5,0,0,0,OFFBOARD
1379,OUTBOUND,139.94,72.898,-0.964,1.482,-0.0,0.002,0.0,72.898,-1.164,0.0,1.969,1.654,1,1.813,2.136,2.48,100.0,-2.5,4.5,0,0,0,OFFBOARD
1380,OUTBOUND,140.04,72.898,-0.964,1.482,-0.0,0.002,0.0,72.898,-1.164,0.0,1.969,1.653,1,1.813,2.136,2.48,100.0,-2.5,4.5,0,0,0,OFFBOARD
1381,OUTBOUND,140.14,72.898,-0.964,1.482,-0.0,0.002,0.0,72.898,-1.164,0.0,1.97,1.653,1,1.813,2.136,2.479,100.0,-2.5,4.5,0,0,0,OFFBOARD
1382,OUTBOUND,140.24,72.899,-0.964,1.482,-0.0,0.002,0.0,72.898,-1.164,0.0,1.97,1.653,1,1.813,2.136,2.479,100.0,-2.5,4.5,0,0,0,OFFBOARD
1383,OUTBOUND,140.35,72.899,-0.964,1.483,-0.0,0.002,0.0,72.899,-1.164,0.0,1.971,1.653,1,1.813,2.136,2.479,100.0,-2.5,4.5,0,0,0,OFFBOARD
1384,OUTBOUND,140.45,72.899,-0.964,1.483,-0.0,0.002,0.0,72.899,-1.164,0.0,1.972,1.653,1,1.813,2.136,2.479,100.0,-2.5,4.5,0,0,0,OFFBOARD
1385,OUTBOUND,140.55,72.899,-0.964,1.483,-0.0,0.002,0.0,72.899,-1.164,0.0,1.972,1.653,1,1.812,2.136,2.479,100.0,-2.5,4.5,0,0,0,OFFBOARD
1386,OUTBOUND,140.65,72.899,-0.964,1.483,-0.0,0.002,0.0,72.899,-1.164,0.0,1.973,1.653,1,1.812,2.136,2.479,100.0,-2.5,4.5,0,0,0,OFFBOARD
1387,OUTBOUND,140.75,72.9,-0.964,1.484,-0.0,0.002,0.0,72.899,-1.164,0.0,1.974,1.653,1,1.812,2.136,2.478,100.0,-2.5,4.5,0,0,0,OFFBOARD
1388,OUTBOUND,140.85,72.9,-0.964,1.484,-0.0,0.002,0.0,72.9,-1.164,0.0,1.975,1.654,1,1.812,2.136,2.478,100.0,-2.5,4.5,0,0,0,OFFBOARD
1389,OUTBOUND,140.95,72.9,-0.964,1.484,-0.0,0.002,0.0,72.9,-1.164,0.0,1.975,1.654,1,1.812,2.136,2.478,100.0,-2.5,4.5,0,0,0,OFFBOARD
1390,OUTBOUND,141.06,72.9,-0.964,1.484,-0.0,0.002,0.0,72.9,-1.164,0.0,1.976,1.654,1,1.812,2.136,2.478,100.0,-2.5,4.5,0,0,0,OFFBOARD
1391,OUTBOUND,141.16,72.9,-0.964,1.484,-0.0,0.002,0.0,72.9,-1.164,0.0,1.976,1.654,1,1.811,2.136,2.478,100.0,-2.5,4.5,0,0,0,OFFBOARD
1392,OUTBOUND,141.26,72.9,-0.964,1.485,-0.0,0.002,0.0,72.9,-1.164,0.0,1.976,1.654,1,1.811,2.136,2.477,100.0,-2.5,4.5,0,0,0,OFFBOARD
1393,OUTBOUND,141.36,72.901,-0.964,1.485,-0.0,0.002,0.0,72.901,-1.164,0.0,1.978,1.654,1,1.811,2.136,2.477,100.0,-2.5,4.5,0,0,0,OFFBOARD
1394,OUTBOUND,141.46,72.901,-0.964,1.485,-0.0,0.002,0.0,72.901,-1.164,0.0,1.978,1.654,1,1.811,2.136,2.477,100.0,-2.5,4.5,0,0,0,OFFBOARD
1395,OUTBOUND,141.56,72.901,-0.964,1.485,-0.0,0.002,0.0,72.901,-1.164,0.0,1.978,1.654,1,1.81,2.135,2.475,100.0,-2.5,4.5,0,0,0,OFFBOARD
1396,OUTBOUND,141.66,72.901,-0.964,1.486,-0.0,0.002,0.0,72.901,-1.164,0.0,1.98,1.654,1,1.81,2.136,2.476,100.0,-2.5,4.5,0,0,0,OFFBOARD
1397,OUTBOUND,141.76,72.901,-0.964,1.486,-0.0,0.002,0.0,72.901,-1.164,0.0,1.98,1.654,1,1.81,2.136,2.476,100.0,-2.5,4.5,0,0,0,OFFBOARD
1398,OUTBOUND,141.87,72.902,-0.964,1.486,-0.0,0.002,0.0,72.902,-1.164,0.0,1.981,1.654,1,1.81,2.136,2.476,100.0,-2.5,4.5,0,0,0,OFFBOARD
1399,OUTBOUND,141.97,72.902,-0.964,1.486,-0.0,0.002,0.0,72.902,-1.164,0.0,1.982,1.654,1,1.81,2.136,2.476,100.0,-2.5,4.5,0,0,0,OFFBOARD
1400,OUTBOUND,142.07,72.902,-0.964,1.486,-0.0,0.002,0.0,72.902,-1.164,0.0,1.982,1.654,1,1.809,2.136,2.476,100.0,-2.5,4.5,0,0,0,OFFBOARD
1401,OUTBOUND,142.17,72.902,-0.964,1.487,-0.0,0.002,0.0,72.902,-1.164,0.0,1.983,1.655,1,1.809,2.136,2.475,100.0,-2.5,4.5,0,0,0,OFFBOARD
1402,OUTBOUND,142.27,72.902,-0.964,1.487,-0.0,0.002,0.0,72.902,-1.164,0.0,1.984,1.655,1,1.809,2.135,2.474,100.0,-2.5,4.5,0,0,0,OFFBOARD
1403,OUTBOUND,142.37,72.903,-0.964,1.487,-0.0,0.002,0.0,72.903,-1.164,0.0,1.984,1.655,1,1.809,2.135,2.474,100.0,-2.5,4.5,0,0,0,OFFBOARD
1404,OUTBOUND,142.47,72.903,-0.964,1.487,-0.0,0.002,0.0,72.903,-1.164,0.0,1.985,1.655,1,1.809,2.136,2.475,100.0,-2.5,4.5,0,0,0,OFFBOARD
1405,OUTBOUND,142.58,72.903,-0.964,1.488,-0.0,0.002,0.0,72.903,-1.164,0.0,1.985,1.655,1,1.808,2.135,2.473,100.0,-2.5,4.5,0,0,0,OFFBOARD
1406,OUTBOUND,142.68,72.903,-0.964,1.488,-0.0,0.002,0.0,72.903,-1.164,0.0,1.987,1.655,1,1.808,2.135,2.474,100.0,-2.5,4.5,0,0,0,OFFBOARD
1407,OUTBOUND,142.78,72.903,-0.964,1.488,-0.0,0.002,0.0,72.903,-1.164,0.0,1.987,1.656,1,1.808,2.136,2.474,100.0,-2.5,4.5,0,0,0,OFFBOARD
1408,OUTBOUND,142.88,72.904,-0.964,1.488,-0.0,0.002,0.0,72.904,-1.164,0.0,1.986,1.656,1,1.808,2.136,2.474,100.0,-2.5,4.5,0,0,0,OFFBOARD
1409,OUTBOUND,142.98,72.904,-0.964,1.488,-0.0,0.002,0.0,72.904,-1.164,0.0,1.984,1.656,1,1.807,2.135,2.473,100.0,-2.5,4.5,0,0,0,OFFBOARD
1410,OUTBOUND,143.08,72.904,-0.964,1.489,-0.0,0.002,0.0,72.904,-1.164,0.0,1.983,1.656,1,1.806,2.135,2.472,100.0,-2.5,4.5,0,0,0,OFFBOARD
1411,OUTBOUND,143.19,72.904,-0.964,1.489,-0.0,0.002,0.0,72.904,-1.164,0.0,1.982,1.657,1,1.807,2.135,2.472,100.0,-2.5,4.5,0,0,0,OFFBOARD
1412,OUTBOUND,143.29,72.904,-0.964,1.489,-0.0,0.002,0.0,72.904,-1.164,0.0,1.981,1.657,1,1.807,2.135,2.473,100.0,-2.5,4.5,0,0,0,OFFBOARD
1413,OUTBOUND,143.39,72.905,-0.964,1.489,-0.0,0.002,0.0,72.905,-1.164,0.0,1.98,1.657,1,1.806,2.135,2.472,100.0,-2.5,4.5,0,0,0,OFFBOARD
1414,OUTBOUND,143.49,72.905,-0.964,1.489,-0.0,0.002,0.0,72.905,-1.164,0.0,1.979,1.658,1,1.806,2.135,2.472,100.0,-2.5,4.5,0,0,0,OFFBOARD
1415,OUTBOUND,143.59,72.905,-0.964,1.49,-0.0,0.002,0.0,72.905,-1.164,0.0,1.978,1.658,1,1.806,2.135,2.471,100.0,-2.5,4.5,0,0,0,OFFBOARD
1416,OUTBOUND,143.69,72.905,-0.964,1.49,-0.0,0.002,0.0,72.905,-1.164,0.0,1.976,1.658,1,1.805,2.135,2.471,100.0,-2.5,4.5,0,0,0,OFFBOARD
1417,OUTBOUND,143.79,72.905,-0.964,1.49,-0.0,0.002,0.0,72.905,-1.164,0.0,1.975,1.659,1,1.805,2.135,2.471,100.0,-2.5,4.5,0,0,0,OFFBOARD
1418,OUTBOUND,143.9,72.906,-0.964,1.49,-0.0,0.002,0.0,72.905,-1.164,0.0,1.974,1.659,1,1.805,2.135,2.471,100.0,-2.5,4.5,0,0,0,OFFBOARD
1419,OUTBOUND,144.0,72.906,-0.964,1.49,-0.0,0.002,0.0,72.906,-1.164,0.0,1.973,1.659,1,1.805,2.135,2.47,100.0,-2.5,4.5,0,0,0,OFFBOARD
1420,OUTBOUND,144.1,72.906,-0.964,1.491,-0.0,0.002,0.0,72.906,-1.164,0.0,1.971,1.659,1,1.804,2.135,2.469,100.0,-2.5,4.5,0,0,0,OFFBOARD
1421,OUTBOUND,144.2,72.906,-0.964,1.491,-0.0,0.002,0.0,72.906,-1.164,0.0,1.97,1.66,1,1.804,2.135,2.47,100.0,-2.5,4.5,0,0,0,OFFBOARD
1422,OUTBOUND,144.3,72.906,-0.964,1.491,-0.0,0.002,0.0,72.906,-1.164,0.0,1.969,1.661,1,1.804,2.135,2.47,100.0,-2.5,4.5,0,0,0,OFFBOARD
1423,OUTBOUND,144.4,72.907,-0.964,1.491,-0.0,0.002,0.0,72.907,-1.164,0.0,1.967,1.661,1,1.803,2.134,2.469,100.0,-2.5,4.5,0,0,0,OFFBOARD
1424,OUTBOUND,144.51,72.907,-0.964,1.492,-0.0,0.002,0.0,72.907,-1.164,0.0,1.966,1.661,1,1.803,2.134,2.469,100.0,-2.5,4.5,0,0,0,OFFBOARD
1425,OUTBOUND,144.61,72.907,-0.964,1.492,-0.0,0.002,0.0,72.907,-1.164,0.0,1.965,1.662,1,1.803,2.134,2.469,100.0,-2.5,4.5,0,0,0,OFFBOARD
1426,OUTBOUND,144.71,72.907,-0.964,1.492,-0.0,0.002,0.0,72.907,-1.164,0.0,1.963,1.662,1,1.802,2.134,2.468,100.0,-2.5,4.5,0,0,0,OFFBOARD
1427,OUTBOUND,144.81,72.907,-0.964,1.492,-0.0,0.002,0.0,72.907,-1.164,0.0,1.962,1.662,1,1.802,2.134,2.468,100.0,-2.5,4.5,0,0,0,OFFBOARD
1428,OUTBOUND,144.91,72.908,-0.964,1.493,-0.0,0.002,0.0,72.908,-1.164,0.0,1.961,1.663,1,1.801,2.134,2.467,100.0,-2.5,4.5,0,0,0,OFFBOARD
1429,OUTBOUND,145.01,72.908,-0.964,1.493,-0.0,0.002,0.0,72.908,-1.164,0.0,1.959,1.663,1,1.801,2.134,2.467,100.0,-2.5,4.5,0,0,0,OFFBOARD
1430,OUTBOUND,145.12,72.908,-0.964,1.493,-0.0,0.002,0.0,72.908,-1.164,0.0,1.958,1.664,1,1.801,2.134,2.467,100.0,-2.5,4.5,0,0,0,OFFBOARD
1431,OUTBOUND,145.22,72.908,-0.964,1.493,-0.0,0.002,0.0,72.908,-1.164,0.0,1.956,1.665,1,1.801,2.134,2.466,100.0,-2.5,4.5,0,0,0,OFFBOARD
1432,OUTBOUND,145.32,72.908,-0.964,1.493,-0.0,0.002,0.0,72.908,-1.164,0.0,1.955,1.665,1,1.8,2.133,2.466,100.0,-2.5,4.5,0,0,0,OFFBOARD
1433,OUTBOUND,145.42,72.909,-0.964,1.494,-0.0,0.002,0.0,72.909,-1.164,0.0,1.954,1.666,1,1.8,2.134,2.466,100.0,-2.5,4.5,0,0,0,OFFBOARD
1434,OUTBOUND,145.52,72.909,-0.964,1.494,-0.0,0.002,0.0,72.909,-1.164,0.0,1.952,1.666,1,1.799,2.133,2.465,100.0,-2.5,4.5,0,0,0,OFFBOARD
1435,OUTBOUND,145.62,72.909,-0.964,1.494,-0.0,0.002,0.0,72.909,-1.164,0.0,1.952,1.667,1,1.799,2.133,2.465,100.0,-2.5,4.5,0,0,0,OFFBOARD
1436,OUTBOUND,145.72,72.909,-0.964,1.494,-0.0,0.002,0.0,72.909,-1.164,0.0,1.95,1.668,1,1.799,2.133,2.464,100.0,-2.5,4.5,0,0,0,OFFBOARD
1437,OUTBOUND,145.82,72.909,-0.964,1.494,-0.0,0.002,0.0,72.909,-1.164,0.0,1.95,1.668,1,1.799,2.133,2.465,100.0,-2.5,4.5,0,0,0,OFFBOARD
1438,OUTBOUND,145.93,72.91,-0.964,1.494,-0.0,0.002,0.0,72.91,-1.164,0.0,1.948,1.669,1,1.798,2.133,2.464,100.0,-2.5,4.5,0,0,0,OFFBOARD
1439,OUTBOUND,146.03,72.91,-0.964,1.495,-0.0,0.002,0.0,72.91,-1.164,0.0,1.947,1.67,1,1.798,2.133,2.464,100.0,-2.5,4.5,0,0,0,OFFBOARD
1440,OUTBOUND,146.13,72.91,-0.964,1.495,-0.0,0.002,0.0,72.91,-1.164,0.0,1.946,1.671,1,1.797,2.133,2.463,100.0,-2.5,4.5,0,0,0,OFFBOARD
1441,OUTBOUND,146.23,72.91,-0.964,1.495,-0.0,0.002,0.0,72.91,-1.164,0.0,1.945,1.672,1,1.797,2.133,2.463,100.0,-2.5,4.5,0,0,0,OFFBOARD
1442,OUTBOUND,146.33,72.91,-0.964,1.495,-0.0,0.002,0.0,72.91,-1.164,0.0,1.944,1.673,1,1.797,2.133,2.463,100.0,-2.5,4.5,0,0,0,OFFBOARD
1443,OUTBOUND,146.43,72.911,-0.964,1.496,-0.0,0.002,0.0,72.911,-1.164,0.0,1.944,1.673,1,1.796,2.133,2.463,100.0,-2.5,4.5,0,0,0,OFFBOARD
1444,OUTBOUND,146.54,72.911,-0.964,1.496,-0.0,0.002,0.0,72.911,-1.164,0.0,1.943,1.674,1,1.796,2.133,2.462,100.0,-2.5,4.5,0,0,0,OFFBOARD
1445,OUTBOUND,146.64,72.911,-0.964,1.496,-0.0,0.002,0.0,72.911,-1.164,0.0,1.942,1.675,1,1.796,2.132,2.462,100.0,-2.5,4.5,0,0,0,OFFBOARD
1446,OUTBOUND,146.74,72.911,-0.964,1.496,-0.0,0.002,0.0,72.911,-1.164,0.0,1.941,1.675,1,1.795,2.132,2.462,100.0,-2.5,4.5,0,0,0,OFFBOARD
1447,OUTBOUND,146.84,72.911,-0.964,1.496,-0.0,0.002,0.0,72.911,-1.164,0.0,1.94,1.676,1,1.795,2.133,2.461,100.0,-2.5,4.5,0,0,0,OFFBOARD
1448,OUTBOUND,146.94,72.912,-0.964,1.497,-0.0,0.002,0.0,72.912,-1.164,0.0,1.939,1.677,1,1.794,2.133,2.46,100.0,-2.5,4.5,0,0,0,OFFBOARD
1449,OUTBOUND,147.04,72.912,-0.964,1.497,-0.0,0.002,0.0,72.912,-1.164,0.0,1.938,1.677,1,1.794,2.132,2.46,100.0,-2.5,4.5,0,0,0,OFFBOARD
1450,OUTBOUND,147.14,72.912,-0.964,1.497,-0.0,0.002,0.0,72.912,-1.164,0.0,1.938,1.678,1,1.794,2.132,2.46,100.0,-2.5,4.5,0,0,0,OFFBOARD
1451,OUTBOUND,147.25,72.912,-0.964,1.497,-0.0,0.002,0.0,72.912,-1.164,0.0,1.937,1.679,1,1.794,2.132,2.46,100.0,-2.5,4.5,0,0,0,OFFBOARD
1452,OUTBOUND,147.35,72.912,-0.964,1.497,-0.0,0.002,0.0,72.912,-1.164,0.0,1.935,1.679,1,1.793,2.132,2.458,100.0,-2.5,4.5,0,0,0,OFFBOARD
1453,OUTBOUND,147.45,72.913,-0.964,1.498,-0.0,0.002,0.0,72.913,-1.164,0.0,1.934,1.68,1,1.792,2.13,2.457,100.0,-2.5,4.5,0,0,0,OFFBOARD
1454,OUTBOUND,147.55,72.913,-0.964,1.498,-0.0,0.002,0.0,72.913,-1.164,0.0,1.933,1.681,1,1.792,2.131,2.457,100.0,-2.5,4.5,0,0,0,OFFBOARD
1455,OUTBOUND,147.65,72.913,-0.964,1.498,-0.0,0.002,0.0,72.913,-1.164,0.0,1.933,1.682,1,1.792,2.131,2.458,100.0,-2.5,4.5,0,0,0,OFFBOARD
1456,OUTBOUND,147.75,72.913,-0.964,1.498,-0.0,0.002,0.0,72.913,-1.164,0.0,1.933,1.683,1,1.791,2.131,2.457,100.0,-2.5,4.5,0,0,0,OFFBOARD
1457,OUTBOUND,147.85,72.914,-0.964,1.498,-0.0,0.002,0.0,72.913,-1.164,0.0,1.932,1.683,1,1.791,2.131,2.456,100.0,-2.5,4.5,0,0,0,OFFBOARD
1458,OUTBOUND,147.95,72.914,-0.964,1.499,-0.0,0.002,0.0,72.914,-1.164,0.0,1.931,1.684,1,1.791,2.131,2.456,100.0,-2.5,4.5,0,0,0,OFFBOARD
1459,OUTBOUND,148.06,72.914,-0.964,1.499,-0.0,0.002,0.0,72.914,-1.164,0.0,1.931,1.685,1,1.79,2.131,2.456,100.0,-2.5,4.5,0,0,0,OFFBOARD
1460,OUTBOUND,148.16,72.914,-0.964,1.499,-0.0,0.002,0.0,72.914,-1.164,0.0,1.93,1.686,1,1.79,2.131,2.456,100.0,-2.5,4.5,0,0,0,OFFBOARD
1461,OUTBOUND,148.26,72.914,-0.964,1.499,-0.0,0.002,0.0,72.914,-1.164,0.0,1.929,1.686,1,1.79,2.131,2.455,100.0,-2.5,4.5,0,0,0,OFFBOARD
1462,OUTBOUND,148.36,72.915,-0.964,1.5,-0.0,0.002,0.0,72.915,-1.164,0.0,1.929,1.687,1,1.789,2.131,2.455,100.0,-2.5,4.5,0,0,0,OFFBOARD
1463,OUTBOUND,148.46,72.915,-0.964,1.5,-0.0,0.002,0.0,72.915,-1.164,0.0,1.928,1.688,1,1.789,2.13,2.454,100.0,-2.5,4.5,0,0,0,OFFBOARD
1464,OUTBOUND,148.56,72.915,-0.964,1.5,-0.0,0.002,0.0,72.915,-1.164,0.0,1.927,1.688,1,1.788,2.13,2.453,100.0,-2.5,4.5,0,0,0,OFFBOARD
1465,OUTBOUND,148.66,72.915,-0.964,1.5,-0.0,0.002,0.0,72.915,-1.164,0.0,1.926,1.688,1,1.787,2.129,2.452,100.0,-2.5,4.5,0,0,0,OFFBOARD
1466,OUTBOUND,148.77,72.915,-0.964,1.5,-0.0,0.002,0.0,72.915,-1.164,0.0,1.926,1.689,1,1.788,2.13,2.453,100.0,-2.5,4.5,0,0,0,OFFBOARD
1467,OUTBOUND,148.87,72.916,-0.964,1.501,-0.0,0.002,0.0,72.916,-1.164,0.0,1.925,1.69,1,1.786,2.129,2.451,100.0,-2.5,4.5,0,0,0,OFFBOARD
1468,OUTBOUND,148.97,72.916,-0.964,1.501,-0.0,0.002,0.0,72.916,-1.164,0.0,1.925,1.691,1,1.787,2.129,2.452,100.0,-2.5,4.5,0,0,0,OFFBOARD
1469,OUTBOUND,149.07,72.916,-0.964,1.501,-0.0,0.002,0.0,72.916,-1.164,0.0,1.924,1.692,1,1.786,2.129,2.451,100.0,-2.5,4.5,0,0,0,OFFBOARD
1470,OUTBOUND,149.17,72.916,-0.964,1.501,-0.0,0.002,0.0,72.916,-1.164,0.0,1.924,1.692,1,1.786,2.129,2.451,100.0,-2.5,4.5,0,0,0,OFFBOARD
1471,OUTBOUND,149.27,72.917,-0.964,1.502,-0.0,0.002,0.0,72.917,-1.164,0.0,1.922,1.692,1,1.785,2.128,2.449,100.0,-2.5,4.5,0,0,0,OFFBOARD
1472,OUTBOUND,149.37,72.917,-0.964,1.502,-0.0,0.002,0.0,72.917,-1.164,0.0,1.922,1.694,1,1.785,2.129,2.45,100.0,-2.5,4.5,0,0,0,OFFBOARD
1473,OUTBOUND,149.48,72.917,-0.964,1.502,-0.0,0.002,0.0,72.917,-1.164,0.0,1.922,1.695,1,1.785,2.129,2.45,100.0,-2.5,4.5,0,0,0,OFFBOARD
1474,OUTBOUND,149.58,72.917,-0.964,1.502,-0.0,0.002,0.0,72.917,-1.164,0.0,1.921,1.695,1,1.784,2.128,2.449,100.0,-2.5,4.5,0,0,0,OFFBOARD
1475,OUTBOUND,149.68,72.917,-0.964,1.502,-0.0,0.002,0.0,72.917,-1.164,0.0,1.921,1.696,1,1.784,2.128,2.449,100.0,-2.5,4.5,0,0,0,OFFBOARD
1476,OUTBOUND,149.78,72.918,-0.964,1.502,-0.0,0.002,0.0,72.918,-1.164,0.0,1.92,1.697,1,1.783,2.127,2.448,100.0,-2.5,4.5,0,0,0,OFFBOARD
1477,OUTBOUND,149.88,72.918,-0.964,1.503,-0.0,0.002,0.0,72.918,-1.164,0.0,1.92,1.698,1,1.783,2.128,2.448,100.0,-2.5,4.5,0,0,0,OFFBOARD
1478,OUTBOUND,149.99,72.918,-0.964,1.503,-0.0,0.002,0.0,72.918,-1.164,0.0,1.919,1.698,1,1.782,2.127,2.447,100.0,-2.5,4.5,0,0,0,OFFBOARD
